{
	"credit": "Credit:  Ontvlambaar",
	"textures": {
		"1": "block/white_concrete",
		"10": "block/black_concrete",
		"particle": "block/white_concrete"
	},
	"elements": [
		{
			"from": [-0.5, 5.5, 7],
			"to": [0, 16, 9.25],
			"faces": {
				"north": {"uv": [3, 3, 4.5, 4.5], "texture": "#10"},
				"east": {"uv": [3, 3, 4.5, 4.5], "texture": "#10"},
				"south": {"uv": [3, 3, 4.5, 4.5], "texture": "#10"},
				"west": {"uv": [3, 3, 4.5, 4.5], "texture": "#10"},
				"up": {"uv": [3, 3, 4.5, 4.5], "texture": "#10"},
				"down": {"uv": [3, 3, 4.5, 4.5], "texture": "#10"}
			}
		},
		{
			"from": [-0.5, 16, 7],
			"to": [16.5, 16.5, 9.25],
			"faces": {
				"north": {"uv": [3, 3, 4.5, 4.5], "texture": "#10"},
				"east": {"uv": [3, 3, 4.5, 4.5], "texture": "#10"},
				"south": {"uv": [3, 3, 4.5, 4.5], "texture": "#10"},
				"west": {"uv": [3, 3, 4.5, 4.5], "texture": "#10"},
				"up": {"uv": [3, 3, 4.5, 4.5], "texture": "#10"},
				"down": {"uv": [3, 3, 4.5, 4.5], "texture": "#10"}
			}
		},
		{
			"from": [16, 5.5, 7],
			"to": [16.5, 16, 9.25],
			"faces": {
				"north": {"uv": [3, 3, 4.5, 4.5], "texture": "#10"},
				"east": {"uv": [3, 3, 4.5, 4.5], "texture": "#10"},
				"south": {"uv": [3, 3, 4.5, 4.5], "texture": "#10"},
				"west": {"uv": [3, 3, 4.5, 4.5], "texture": "#10"},
				"up": {"uv": [3, 3, 4.5, 4.5], "texture": "#10"},
				"down": {"uv": [3, 3, 4.5, 4.5], "texture": "#10"}
			}
		},
		{
			"from": [17.75, 17.625, 7.75],
			"to": [19.125, 20.875, 8.25],
			"faces": {
				"north": {"uv": [3, 3, 4.5, 4.5], "texture": "#10"},
				"east": {"uv": [3, 3, 4.5, 4.5], "texture": "#10"},
				"south": {"uv": [3, 3, 4.5, 4.5], "texture": "#10"},
				"west": {"uv": [3, 3, 4.5, 4.5], "texture": "#10"},
				"up": {"uv": [3, 3, 4.5, 4.5], "texture": "#10"},
				"down": {"uv": [3, 3, 4.5, 4.5], "texture": "#10"}
			}
		},
		{
			"from": [17.625, 10.5, 7.75],
			"to": [19.125, 13.75, 8.25],
			"faces": {
				"north": {"uv": [3, 3, 4.5, 4.5], "texture": "#10"},
				"east": {"uv": [3, 3, 4.5, 4.5], "texture": "#10"},
				"south": {"uv": [3, 3, 4.5, 4.5], "texture": "#10"},
				"west": {"uv": [3, 3, 4.5, 4.5], "texture": "#10"},
				"up": {"uv": [3, 3, 4.5, 4.5], "texture": "#10"},
				"down": {"uv": [3, 3, 4.5, 4.5], "texture": "#10"}
			}
		},
		{
			"from": [16.5, 10.5, 7.75],
			"to": [18, 13.375, 8.25],
			"faces": {
				"north": {"uv": [3, 3, 4.5, 4.5], "texture": "#10"},
				"east": {"uv": [3, 3, 4.5, 4.5], "texture": "#10"},
				"south": {"uv": [3, 3, 4.5, 4.5], "texture": "#10"},
				"west": {"uv": [3, 3, 4.5, 4.5], "texture": "#10"},
				"up": {"uv": [3, 3, 4.5, 4.5], "texture": "#10"},
				"down": {"uv": [3, 3, 4.5, 4.5], "texture": "#10"}
			}
		},
		{
			"from": [13.25, 17, 7.75],
			"to": [14.125, 19.375, 8.25],
			"faces": {
				"north": {"uv": [3, 3, 4.5, 4.5], "texture": "#10"},
				"east": {"uv": [3, 3, 4.5, 4.5], "texture": "#10"},
				"south": {"uv": [3, 3, 4.5, 4.5], "texture": "#10"},
				"west": {"uv": [3, 3, 4.5, 4.5], "texture": "#10"},
				"up": {"uv": [3, 3, 4.5, 4.5], "texture": "#10"},
				"down": {"uv": [3, 3, 4.5, 4.5], "texture": "#10"}
			}
		},
		{
			"from": [16, 17.625, 7.75],
			"to": [16.75, 20.375, 8.25],
			"faces": {
				"north": {"uv": [3, 3, 4.5, 4.5], "texture": "#10"},
				"east": {"uv": [3, 3, 4.5, 4.5], "texture": "#10"},
				"south": {"uv": [3, 3, 4.5, 4.5], "texture": "#10"},
				"west": {"uv": [3, 3, 4.5, 4.5], "texture": "#10"},
				"up": {"uv": [3, 3, 4.5, 4.5], "texture": "#10"},
				"down": {"uv": [3, 3, 4.5, 4.5], "texture": "#10"}
			}
		},
		{
			"from": [14.25, 17.25, 7.75],
			"to": [16.375, 20.25, 8.25],
			"faces": {
				"north": {"uv": [3, 3, 4.5, 4.5], "texture": "#10"},
				"east": {"uv": [3, 3, 4.5, 4.5], "texture": "#10"},
				"south": {"uv": [3, 3, 4.5, 4.5], "texture": "#10"},
				"west": {"uv": [3, 3, 4.5, 4.5], "texture": "#10"},
				"up": {"uv": [3, 3, 4.5, 4.5], "texture": "#10"},
				"down": {"uv": [3, 3, 4.5, 4.5], "texture": "#10"}
			}
		},
		{
			"from": [12.75, 17.25, 7.75],
			"to": [13.625, 18.375, 8.25],
			"faces": {
				"north": {"uv": [3, 3, 4.5, 4.5], "texture": "#10"},
				"east": {"uv": [3, 3, 4.5, 4.5], "texture": "#10"},
				"south": {"uv": [3, 3, 4.5, 4.5], "texture": "#10"},
				"west": {"uv": [3, 3, 4.5, 4.5], "texture": "#10"},
				"up": {"uv": [3, 3, 4.5, 4.5], "texture": "#10"},
				"down": {"uv": [3, 3, 4.5, 4.5], "texture": "#10"}
			}
		},
		{
			"from": [12.25, 16.375, 7.75],
			"to": [15, 17.375, 8.25],
			"faces": {
				"north": {"uv": [3, 3, 4.5, 4.5], "texture": "#10"},
				"east": {"uv": [3, 3, 4.5, 4.5], "texture": "#10"},
				"south": {"uv": [3, 3, 4.5, 4.5], "texture": "#10"},
				"west": {"uv": [3, 3, 4.5, 4.5], "texture": "#10"},
				"up": {"uv": [3, 3, 4.5, 4.5], "texture": "#10"},
				"down": {"uv": [3, 3, 4.5, 4.5], "texture": "#10"}
			}
		},
		{
			"from": [18.75, 17.25, 7.75],
			"to": [20.125, 20.375, 8.25],
			"faces": {
				"north": {"uv": [3, 3, 4.5, 4.5], "texture": "#10"},
				"east": {"uv": [3, 3, 4.5, 4.5], "texture": "#10"},
				"south": {"uv": [3, 3, 4.5, 4.5], "texture": "#10"},
				"west": {"uv": [3, 3, 4.5, 4.5], "texture": "#10"},
				"up": {"uv": [3, 3, 4.5, 4.5], "texture": "#10"},
				"down": {"uv": [3, 3, 4.5, 4.5], "texture": "#10"}
			}
		},
		{
			"from": [18.75, 11.125, 7.75],
			"to": [20.125, 14.25, 8.25],
			"faces": {
				"north": {"uv": [3, 3, 4.5, 4.5], "texture": "#10"},
				"east": {"uv": [3, 3, 4.5, 4.5], "texture": "#10"},
				"south": {"uv": [3, 3, 4.5, 4.5], "texture": "#10"},
				"west": {"uv": [3, 3, 4.5, 4.5], "texture": "#10"},
				"up": {"uv": [3, 3, 4.5, 4.5], "texture": "#10"},
				"down": {"uv": [3, 3, 4.5, 4.5], "texture": "#10"}
			}
		},
		{
			"from": [16.125, 11.125, 7.75],
			"to": [17.25, 13.75, 8.25],
			"faces": {
				"north": {"uv": [3, 3, 4.5, 4.5], "texture": "#10"},
				"east": {"uv": [3, 3, 4.5, 4.5], "texture": "#10"},
				"south": {"uv": [3, 3, 4.5, 4.5], "texture": "#10"},
				"west": {"uv": [3, 3, 4.5, 4.5], "texture": "#10"},
				"up": {"uv": [3, 3, 4.5, 4.5], "texture": "#10"},
				"down": {"uv": [3, 3, 4.5, 4.5], "texture": "#10"}
			}
		},
		{
			"from": [20.25, 11.5, 7.75],
			"to": [21.125, 19.875, 8.25],
			"faces": {
				"north": {"uv": [3, 3, 4.5, 4.5], "texture": "#10"},
				"east": {"uv": [3, 3, 4.5, 4.5], "texture": "#10"},
				"south": {"uv": [3, 3, 4.5, 4.5], "texture": "#10"},
				"west": {"uv": [3, 3, 4.5, 4.5], "texture": "#10"},
				"up": {"uv": [3, 3, 4.5, 4.5], "texture": "#10"},
				"down": {"uv": [3, 3, 4.5, 4.5], "texture": "#10"}
			}
		},
		{
			"from": [19.75, 16.25, 7.75],
			"to": [20.625, 19.875, 8.25],
			"faces": {
				"north": {"uv": [3, 3, 4.5, 4.5], "texture": "#10"},
				"east": {"uv": [3, 3, 4.5, 4.5], "texture": "#10"},
				"south": {"uv": [3, 3, 4.5, 4.5], "texture": "#10"},
				"west": {"uv": [3, 3, 4.5, 4.5], "texture": "#10"},
				"up": {"uv": [3, 3, 4.5, 4.5], "texture": "#10"},
				"down": {"uv": [3, 3, 4.5, 4.5], "texture": "#10"}
			}
		},
		{
			"from": [19.75, 11.5, 7.75],
			"to": [20.625, 15.25, 8.25],
			"faces": {
				"north": {"uv": [3, 3, 4.5, 4.5], "texture": "#10"},
				"east": {"uv": [3, 3, 4.5, 4.5], "texture": "#10"},
				"south": {"uv": [3, 3, 4.5, 4.5], "texture": "#10"},
				"west": {"uv": [3, 3, 4.5, 4.5], "texture": "#10"},
				"up": {"uv": [3, 3, 4.5, 4.5], "texture": "#10"},
				"down": {"uv": [3, 3, 4.5, 4.5], "texture": "#10"}
			}
		},
		{
			"from": [20.75, 12, 7.75],
			"to": [21.625, 19.375, 8.25],
			"faces": {
				"north": {"uv": [3, 3, 4.5, 4.5], "texture": "#10"},
				"east": {"uv": [3, 3, 4.5, 4.5], "texture": "#10"},
				"south": {"uv": [3, 3, 4.5, 4.5], "texture": "#10"},
				"west": {"uv": [3, 3, 4.5, 4.5], "texture": "#10"},
				"up": {"uv": [3, 3, 4.5, 4.5], "texture": "#10"},
				"down": {"uv": [3, 3, 4.5, 4.5], "texture": "#10"}
			}
		},
		{
			"from": [21.75, 14, 7.75],
			"to": [22.625, 17.375, 8.25],
			"faces": {
				"north": {"uv": [3, 3, 4.5, 4.5], "texture": "#10"},
				"east": {"uv": [3, 3, 4.5, 4.5], "texture": "#10"},
				"south": {"uv": [3, 3, 4.5, 4.5], "texture": "#10"},
				"west": {"uv": [3, 3, 4.5, 4.5], "texture": "#10"},
				"up": {"uv": [3, 3, 4.5, 4.5], "texture": "#10"},
				"down": {"uv": [3, 3, 4.5, 4.5], "texture": "#10"}
			}
		},
		{
			"from": [21.25, 13, 7.75],
			"to": [22.125, 18.375, 8.25],
			"faces": {
				"north": {"uv": [3, 3, 4.5, 4.5], "texture": "#10"},
				"east": {"uv": [3, 3, 4.5, 4.5], "texture": "#10"},
				"south": {"uv": [3, 3, 4.5, 4.5], "texture": "#10"},
				"west": {"uv": [3, 3, 4.5, 4.5], "texture": "#10"},
				"up": {"uv": [3, 3, 4.5, 4.5], "texture": "#10"},
				"down": {"uv": [3, 3, 4.5, 4.5], "texture": "#10"}
			}
		},
		{
			"from": [16.625, 10.75, 7.25],
			"to": [18.875, 13, 8.75],
			"faces": {
				"north": {"uv": [3, 3, 4.5, 4.5], "texture": "#10"},
				"east": {"uv": [3, 3, 4.5, 4.5], "texture": "#10"},
				"south": {"uv": [3, 3, 4.5, 4.5], "texture": "#10"},
				"west": {"uv": [3, 3, 4.5, 4.5], "texture": "#10"},
				"up": {"uv": [3, 3, 4.5, 4.5], "texture": "#10"},
				"down": {"uv": [3, 3, 4.5, 4.5], "texture": "#10"}
			}
		},
		{
			"from": [16.125, 11.25, 7.25],
			"to": [17, 13.5, 8.75],
			"faces": {
				"north": {"uv": [3, 3, 4.5, 4.5], "texture": "#10"},
				"east": {"uv": [3, 3, 4.5, 4.5], "texture": "#10"},
				"south": {"uv": [3, 3, 4.5, 4.5], "texture": "#10"},
				"west": {"uv": [3, 3, 4.5, 4.5], "texture": "#10"},
				"up": {"uv": [3, 3, 4.5, 4.5], "texture": "#10"},
				"down": {"uv": [3, 3, 4.5, 4.5], "texture": "#10"}
			}
		},
		{
			"from": [18, 11.25, 7.25],
			"to": [19.875, 13.5, 8.75],
			"faces": {
				"north": {"uv": [3, 3, 4.5, 4.5], "texture": "#10"},
				"east": {"uv": [3, 3, 4.5, 4.5], "texture": "#10"},
				"south": {"uv": [3, 3, 4.5, 4.5], "texture": "#10"},
				"west": {"uv": [3, 3, 4.5, 4.5], "texture": "#10"},
				"up": {"uv": [3, 3, 4.5, 4.5], "texture": "#10"},
				"down": {"uv": [3, 3, 4.5, 4.5], "texture": "#10"}
			}
		},
		{
			"from": [19, 11.75, 7.25],
			"to": [20.875, 14.125, 8.75],
			"faces": {
				"north": {"uv": [3, 3, 4.5, 4.5], "texture": "#10"},
				"east": {"uv": [3, 3, 4.5, 4.5], "texture": "#10"},
				"south": {"uv": [3, 3, 4.5, 4.5], "texture": "#10"},
				"west": {"uv": [3, 3, 4.5, 4.5], "texture": "#10"},
				"up": {"uv": [3, 3, 4.5, 4.5], "texture": "#10"},
				"down": {"uv": [3, 3, 4.5, 4.5], "texture": "#10"}
			}
		},
		{
			"from": [16.5, 12.25, 7.25],
			"to": [21.375, 16, 8.75],
			"faces": {
				"north": {"uv": [3, 3, 4.5, 4.5], "texture": "#10"},
				"east": {"uv": [3, 3, 4.5, 4.5], "texture": "#10"},
				"south": {"uv": [3, 3, 4.5, 4.5], "texture": "#10"},
				"west": {"uv": [3, 3, 4.5, 4.5], "texture": "#10"},
				"up": {"uv": [3, 3, 4.5, 4.5], "texture": "#10"},
				"down": {"uv": [3, 3, 4.5, 4.5], "texture": "#10"}
			}
		},
		{
			"from": [20.5, 13.25, 7.25],
			"to": [21.875, 16.125, 8.75],
			"faces": {
				"north": {"uv": [3, 3, 4.5, 4.5], "texture": "#10"},
				"east": {"uv": [3, 3, 4.5, 4.5], "texture": "#10"},
				"south": {"uv": [3, 3, 4.5, 4.5], "texture": "#10"},
				"west": {"uv": [3, 3, 4.5, 4.5], "texture": "#10"},
				"up": {"uv": [3, 3, 4.5, 4.5], "texture": "#10"},
				"down": {"uv": [3, 3, 4.5, 4.5], "texture": "#10"}
			}
		},
		{
			"from": [21, 14.25, 7.25],
			"to": [22.375, 17.125, 8.75],
			"faces": {
				"north": {"uv": [3, 3, 4.5, 4.5], "texture": "#10"},
				"east": {"uv": [3, 3, 4.5, 4.5], "texture": "#10"},
				"south": {"uv": [3, 3, 4.5, 4.5], "texture": "#10"},
				"west": {"uv": [3, 3, 4.5, 4.5], "texture": "#10"},
				"up": {"uv": [3, 3, 4.5, 4.5], "texture": "#10"},
				"down": {"uv": [3, 3, 4.5, 4.5], "texture": "#10"}
			}
		},
		{
			"from": [14, 16.375, 7.25],
			"to": [16.25, 19.625, 8.75],
			"faces": {
				"north": {"uv": [3, 3, 4.5, 4.5], "texture": "#10"},
				"east": {"uv": [3, 3, 4.5, 4.5], "texture": "#10"},
				"south": {"uv": [3, 3, 4.5, 4.5], "texture": "#10"},
				"west": {"uv": [3, 3, 4.5, 4.5], "texture": "#10"},
				"up": {"uv": [3, 3, 4.5, 4.5], "texture": "#10"},
				"down": {"uv": [3, 3, 4.5, 4.5], "texture": "#10"}
			}
		},
		{
			"from": [14.5, 18, 7.25],
			"to": [16.75, 20.125, 8.75],
			"faces": {
				"north": {"uv": [3, 3, 4.5, 4.5], "texture": "#10"},
				"east": {"uv": [3, 3, 4.5, 4.5], "texture": "#10"},
				"south": {"uv": [3, 3, 4.5, 4.5], "texture": "#10"},
				"west": {"uv": [3, 3, 4.5, 4.5], "texture": "#10"},
				"up": {"uv": [3, 3, 4.5, 4.5], "texture": "#10"},
				"down": {"uv": [3, 3, 4.5, 4.5], "texture": "#10"}
			}
		},
		{
			"from": [16.375, 18.25, 7.25],
			"to": [18.875, 20.625, 8.75],
			"faces": {
				"north": {"uv": [3, 3, 4.5, 4.5], "texture": "#10"},
				"east": {"uv": [3, 3, 4.5, 4.5], "texture": "#10"},
				"south": {"uv": [3, 3, 4.5, 4.5], "texture": "#10"},
				"west": {"uv": [3, 3, 4.5, 4.5], "texture": "#10"},
				"up": {"uv": [3, 3, 4.5, 4.5], "texture": "#10"},
				"down": {"uv": [3, 3, 4.5, 4.5], "texture": "#10"}
			}
		},
		{
			"from": [15.875, 17.25, 7.25],
			"to": [19.875, 20.125, 8.75],
			"faces": {
				"north": {"uv": [3, 3, 4.5, 4.5], "texture": "#10"},
				"east": {"uv": [3, 3, 4.5, 4.5], "texture": "#10"},
				"south": {"uv": [3, 3, 4.5, 4.5], "texture": "#10"},
				"west": {"uv": [3, 3, 4.5, 4.5], "texture": "#10"},
				"up": {"uv": [3, 3, 4.5, 4.5], "texture": "#10"},
				"down": {"uv": [3, 3, 4.5, 4.5], "texture": "#10"}
			}
		},
		{
			"from": [20, 16.375, 7.25],
			"to": [21.375, 19.125, 8.75],
			"faces": {
				"north": {"uv": [3, 3, 4.5, 4.5], "texture": "#10"},
				"east": {"uv": [3, 3, 4.5, 4.5], "texture": "#10"},
				"south": {"uv": [3, 3, 4.5, 4.5], "texture": "#10"},
				"west": {"uv": [3, 3, 4.5, 4.5], "texture": "#10"},
				"up": {"uv": [3, 3, 4.5, 4.5], "texture": "#10"},
				"down": {"uv": [3, 3, 4.5, 4.5], "texture": "#10"}
			}
		},
		{
			"from": [20, 11.375, 7.2],
			"to": [20.1, 20.125, 7.3],
			"faces": {
				"north": {"uv": [3, 3, 4.5, 4.5], "texture": "#1"},
				"east": {"uv": [3, 3, 4.5, 4.5], "texture": "#1"},
				"south": {"uv": [3, 3, 4.5, 4.5], "texture": "#1"},
				"west": {"uv": [3, 3, 4.5, 4.5], "texture": "#1"},
				"up": {"uv": [3, 3, 4.5, 4.5], "texture": "#1"},
				"down": {"uv": [3, 3, 4.5, 4.5], "texture": "#1"}
			}
		},
		{
			"from": [-4.1, 11.375, 7.2],
			"to": [-4, 20.125, 7.3],
			"faces": {
				"north": {"uv": [4.5, 3, 3, 4.5], "texture": "#1"},
				"east": {"uv": [4.5, 3, 3, 4.5], "texture": "#1"},
				"south": {"uv": [4.5, 3, 3, 4.5], "texture": "#1"},
				"west": {"uv": [4.5, 3, 3, 4.5], "texture": "#1"},
				"up": {"uv": [4.5, 3, 3, 4.5], "texture": "#1"},
				"down": {"uv": [4.5, 3, 3, 4.5], "texture": "#1"}
			}
		},
		{
			"from": [19, 10.8, 7.2],
			"to": [19.1, 20.8, 7.3],
			"rotation": {"angle": 0, "axis": "y", "origin": [7, 9, 8]},
			"faces": {
				"north": {"uv": [3, 3, 4.5, 4.5], "texture": "#1"},
				"east": {"uv": [3, 3, 4.5, 4.5], "texture": "#1"},
				"south": {"uv": [3, 3, 4.5, 4.5], "texture": "#1"},
				"west": {"uv": [3, 3, 4.5, 4.5], "texture": "#1"},
				"up": {"uv": [3, 3, 4.5, 4.5], "texture": "#1"},
				"down": {"uv": [3, 3, 4.5, 4.5], "texture": "#1"}
			}
		},
		{
			"from": [-3.1, 10.8, 7.2],
			"to": [-3, 20.8, 7.3],
			"rotation": {"angle": 0, "axis": "y", "origin": [9, 9, 8]},
			"faces": {
				"north": {"uv": [4.5, 3, 3, 4.5], "texture": "#1"},
				"east": {"uv": [4.5, 3, 3, 4.5], "texture": "#1"},
				"south": {"uv": [4.5, 3, 3, 4.5], "texture": "#1"},
				"west": {"uv": [4.5, 3, 3, 4.5], "texture": "#1"},
				"up": {"uv": [4.5, 3, 3, 4.5], "texture": "#1"},
				"down": {"uv": [4.5, 3, 3, 4.5], "texture": "#1"}
			}
		},
		{
			"from": [21, 11.8, 7.2],
			"to": [21.1, 19.8, 7.3],
			"rotation": {"angle": 0, "axis": "y", "origin": [9, 9, 8]},
			"faces": {
				"north": {"uv": [3, 3, 4.5, 4.5], "texture": "#1"},
				"east": {"uv": [3, 3, 4.5, 4.5], "texture": "#1"},
				"south": {"uv": [3, 3, 4.5, 4.5], "texture": "#1"},
				"west": {"uv": [3, 3, 4.5, 4.5], "texture": "#1"},
				"up": {"uv": [3, 3, 4.5, 4.5], "texture": "#1"},
				"down": {"uv": [3, 3, 4.5, 4.5], "texture": "#1"}
			}
		},
		{
			"from": [-5.1, 11.8, 7.2],
			"to": [-5, 19.8, 7.3],
			"rotation": {"angle": 0, "axis": "y", "origin": [7, 9, 8]},
			"faces": {
				"north": {"uv": [4.5, 3, 3, 4.5], "texture": "#1"},
				"east": {"uv": [4.5, 3, 3, 4.5], "texture": "#1"},
				"south": {"uv": [4.5, 3, 3, 4.5], "texture": "#1"},
				"west": {"uv": [4.5, 3, 3, 4.5], "texture": "#1"},
				"up": {"uv": [4.5, 3, 3, 4.5], "texture": "#1"},
				"down": {"uv": [4.5, 3, 3, 4.5], "texture": "#1"}
			}
		},
		{
			"from": [18, 10.8, 7.2],
			"to": [18.1, 20.8, 7.3],
			"rotation": {"angle": 0, "axis": "y", "origin": [6, 9, 8]},
			"faces": {
				"north": {"uv": [3, 3, 4.5, 4.5], "texture": "#1"},
				"east": {"uv": [3, 3, 4.5, 4.5], "texture": "#1"},
				"south": {"uv": [3, 3, 4.5, 4.5], "texture": "#1"},
				"west": {"uv": [3, 3, 4.5, 4.5], "texture": "#1"},
				"up": {"uv": [3, 3, 4.5, 4.5], "texture": "#1"},
				"down": {"uv": [3, 3, 4.5, 4.5], "texture": "#1"}
			}
		},
		{
			"from": [-2.1, 10.8, 7.2],
			"to": [-2, 20.8, 7.3],
			"rotation": {"angle": 0, "axis": "y", "origin": [10, 9, 8]},
			"faces": {
				"north": {"uv": [4.5, 3, 3, 4.5], "texture": "#1"},
				"east": {"uv": [4.5, 3, 3, 4.5], "texture": "#1"},
				"south": {"uv": [4.5, 3, 3, 4.5], "texture": "#1"},
				"west": {"uv": [4.5, 3, 3, 4.5], "texture": "#1"},
				"up": {"uv": [4.5, 3, 3, 4.5], "texture": "#1"},
				"down": {"uv": [4.5, 3, 3, 4.5], "texture": "#1"}
			}
		},
		{
			"from": [17, 10.8, 7.2],
			"to": [17.1, 20.8, 7.3],
			"rotation": {"angle": 0, "axis": "y", "origin": [5, 9, 8]},
			"faces": {
				"north": {"uv": [3, 3, 4.5, 4.5], "texture": "#1"},
				"east": {"uv": [3, 3, 4.5, 4.5], "texture": "#1"},
				"south": {"uv": [3, 3, 4.5, 4.5], "texture": "#1"},
				"west": {"uv": [3, 3, 4.5, 4.5], "texture": "#1"},
				"up": {"uv": [3, 3, 4.5, 4.5], "texture": "#1"},
				"down": {"uv": [3, 3, 4.5, 4.5], "texture": "#1"}
			}
		},
		{
			"from": [-1.1, 10.8, 7.2],
			"to": [-1, 20.8, 7.3],
			"rotation": {"angle": 0, "axis": "y", "origin": [11, 9, 8]},
			"faces": {
				"north": {"uv": [4.5, 3, 3, 4.5], "texture": "#1"},
				"east": {"uv": [4.5, 3, 3, 4.5], "texture": "#1"},
				"south": {"uv": [4.5, 3, 3, 4.5], "texture": "#1"},
				"west": {"uv": [4.5, 3, 3, 4.5], "texture": "#1"},
				"up": {"uv": [4.5, 3, 3, 4.5], "texture": "#1"},
				"down": {"uv": [4.5, 3, 3, 4.5], "texture": "#1"}
			}
		},
		{
			"from": [15, 16.8, 7.2],
			"to": [15.1, 18.8, 7.3],
			"rotation": {"angle": 0, "axis": "y", "origin": [3, 9, 8]},
			"faces": {
				"north": {"uv": [3, 3, 4.5, 4.5], "texture": "#1"},
				"east": {"uv": [3, 3, 4.5, 4.5], "texture": "#1"},
				"south": {"uv": [3, 3, 4.5, 4.5], "texture": "#1"},
				"west": {"uv": [3, 3, 4.5, 4.5], "texture": "#1"},
				"up": {"uv": [3, 3, 4.5, 4.5], "texture": "#1"},
				"down": {"uv": [3, 3, 4.5, 4.5], "texture": "#1"}
			}
		},
		{
			"from": [0.9, 16.8, 7.2],
			"to": [1, 18.8, 7.3],
			"rotation": {"angle": 0, "axis": "y", "origin": [13, 9, 8]},
			"faces": {
				"north": {"uv": [4.5, 3, 3, 4.5], "texture": "#1"},
				"east": {"uv": [4.5, 3, 3, 4.5], "texture": "#1"},
				"south": {"uv": [4.5, 3, 3, 4.5], "texture": "#1"},
				"west": {"uv": [4.5, 3, 3, 4.5], "texture": "#1"},
				"up": {"uv": [4.5, 3, 3, 4.5], "texture": "#1"},
				"down": {"uv": [4.5, 3, 3, 4.5], "texture": "#1"}
			}
		},
		{
			"from": [14, 16.8, 7.2],
			"to": [14.1, 17.8, 7.3],
			"rotation": {"angle": 0, "axis": "y", "origin": [2, 9, 8]},
			"faces": {
				"north": {"uv": [3, 3, 4.5, 4.5], "texture": "#1"},
				"east": {"uv": [3, 3, 4.5, 4.5], "texture": "#1"},
				"south": {"uv": [3, 3, 4.5, 4.5], "texture": "#1"},
				"west": {"uv": [3, 3, 4.5, 4.5], "texture": "#1"},
				"up": {"uv": [3, 3, 4.5, 4.5], "texture": "#1"},
				"down": {"uv": [3, 3, 4.5, 4.5], "texture": "#1"}
			}
		},
		{
			"from": [1.9, 16.8, 7.2],
			"to": [2, 17.8, 7.3],
			"rotation": {"angle": 0, "axis": "y", "origin": [14, 9, 8]},
			"faces": {
				"north": {"uv": [4.5, 3, 3, 4.5], "texture": "#1"},
				"east": {"uv": [4.5, 3, 3, 4.5], "texture": "#1"},
				"south": {"uv": [4.5, 3, 3, 4.5], "texture": "#1"},
				"west": {"uv": [4.5, 3, 3, 4.5], "texture": "#1"},
				"up": {"uv": [4.5, 3, 3, 4.5], "texture": "#1"},
				"down": {"uv": [4.5, 3, 3, 4.5], "texture": "#1"}
			}
		},
		{
			"from": [16, 10.8, 7.2],
			"to": [16.1, 19.8, 7.3],
			"rotation": {"angle": 0, "axis": "y", "origin": [4, 9, 8]},
			"faces": {
				"north": {"uv": [3, 3, 4.5, 4.5], "texture": "#1"},
				"east": {"uv": [3, 3, 4.5, 4.5], "texture": "#1"},
				"south": {"uv": [3, 3, 4.5, 4.5], "texture": "#1"},
				"west": {"uv": [3, 3, 4.5, 4.5], "texture": "#1"},
				"up": {"uv": [3, 3, 4.5, 4.5], "texture": "#1"},
				"down": {"uv": [3, 3, 4.5, 4.5], "texture": "#1"}
			}
		},
		{
			"from": [-0.1, 10.8, 7.2],
			"to": [0, 19.8, 7.3],
			"rotation": {"angle": 0, "axis": "y", "origin": [12, 9, 8]},
			"faces": {
				"north": {"uv": [4.5, 3, 3, 4.5], "texture": "#1"},
				"east": {"uv": [4.5, 3, 3, 4.5], "texture": "#1"},
				"south": {"uv": [4.5, 3, 3, 4.5], "texture": "#1"},
				"west": {"uv": [4.5, 3, 3, 4.5], "texture": "#1"},
				"up": {"uv": [4.5, 3, 3, 4.5], "texture": "#1"},
				"down": {"uv": [4.5, 3, 3, 4.5], "texture": "#1"}
			}
		},
		{
			"from": [19, 17.375, 7.25],
			"to": [20.875, 19.625, 8.75],
			"faces": {
				"north": {"uv": [3, 3, 4.5, 4.5], "texture": "#10"},
				"east": {"uv": [3, 3, 4.5, 4.5], "texture": "#10"},
				"south": {"uv": [3, 3, 4.5, 4.5], "texture": "#10"},
				"west": {"uv": [3, 3, 4.5, 4.5], "texture": "#10"},
				"up": {"uv": [3, 3, 4.5, 4.5], "texture": "#10"},
				"down": {"uv": [3, 3, 4.5, 4.5], "texture": "#10"}
			}
		},
		{
			"from": [21, 14.375, 7.25],
			"to": [22.375, 17.125, 8.75],
			"faces": {
				"north": {"uv": [3, 3, 4.5, 4.5], "texture": "#10"},
				"east": {"uv": [3, 3, 4.5, 4.5], "texture": "#10"},
				"south": {"uv": [3, 3, 4.5, 4.5], "texture": "#10"},
				"west": {"uv": [3, 3, 4.5, 4.5], "texture": "#10"},
				"up": {"uv": [3, 3, 4.5, 4.5], "texture": "#10"},
				"down": {"uv": [3, 3, 4.5, 4.5], "texture": "#10"}
			}
		},
		{
			"from": [16.25, 15.375, 7.25],
			"to": [21.875, 18.125, 8.75],
			"faces": {
				"north": {"uv": [3, 3, 4.5, 4.5], "texture": "#10"},
				"east": {"uv": [3, 3, 4.5, 4.5], "texture": "#10"},
				"south": {"uv": [3, 3, 4.5, 4.5], "texture": "#10"},
				"west": {"uv": [3, 3, 4.5, 4.5], "texture": "#10"},
				"up": {"uv": [3, 3, 4.5, 4.5], "texture": "#10"},
				"down": {"uv": [3, 3, 4.5, 4.5], "texture": "#10"}
			}
		},
		{
			"from": [16.125, 17.875, 7.75],
			"to": [18.125, 20.875, 8.25],
			"faces": {
				"north": {"uv": [3, 3, 4.5, 4.5], "texture": "#10"},
				"east": {"uv": [3, 3, 4.5, 4.5], "texture": "#10"},
				"south": {"uv": [3, 3, 4.5, 4.5], "texture": "#10"},
				"west": {"uv": [3, 3, 4.5, 4.5], "texture": "#10"},
				"up": {"uv": [3, 3, 4.5, 4.5], "texture": "#10"},
				"down": {"uv": [3, 3, 4.5, 4.5], "texture": "#10"}
			}
		},
		{
			"from": [-2.125, 17.875, 7.75],
			"to": [-0.125, 20.875, 8.25],
			"faces": {
				"north": {"uv": [4.5, 3, 3, 4.5], "texture": "#10"},
				"east": {"uv": [4.5, 3, 3, 4.5], "texture": "#10"},
				"south": {"uv": [4.5, 3, 3, 4.5], "texture": "#10"},
				"west": {"uv": [4.5, 3, 3, 4.5], "texture": "#10"},
				"up": {"uv": [4.5, 3, 3, 4.5], "texture": "#10"},
				"down": {"uv": [4.5, 3, 3, 4.5], "texture": "#10"}
			}
		},
		{
			"from": [-2.875, 10.75, 7.25],
			"to": [-0.625, 13, 8.75],
			"faces": {
				"north": {"uv": [4.5, 3, 3, 4.5], "texture": "#10"},
				"east": {"uv": [4.5, 3, 3, 4.5], "texture": "#10"},
				"south": {"uv": [4.5, 3, 3, 4.5], "texture": "#10"},
				"west": {"uv": [4.5, 3, 3, 4.5], "texture": "#10"},
				"up": {"uv": [4.5, 3, 3, 4.5], "texture": "#10"},
				"down": {"uv": [4.5, 3, 3, 4.5], "texture": "#10"}
			}
		},
		{
			"from": [-1, 11.25, 7.25],
			"to": [-0.125, 13.5, 8.75],
			"faces": {
				"north": {"uv": [4.5, 3, 3, 4.5], "texture": "#10"},
				"east": {"uv": [4.5, 3, 3, 4.5], "texture": "#10"},
				"south": {"uv": [4.5, 3, 3, 4.5], "texture": "#10"},
				"west": {"uv": [4.5, 3, 3, 4.5], "texture": "#10"},
				"up": {"uv": [4.5, 3, 3, 4.5], "texture": "#10"},
				"down": {"uv": [4.5, 3, 3, 4.5], "texture": "#10"}
			}
		},
		{
			"from": [-3.875, 11.25, 7.25],
			"to": [-2, 13.5, 8.75],
			"faces": {
				"north": {"uv": [4.5, 3, 3, 4.5], "texture": "#10"},
				"east": {"uv": [4.5, 3, 3, 4.5], "texture": "#10"},
				"south": {"uv": [4.5, 3, 3, 4.5], "texture": "#10"},
				"west": {"uv": [4.5, 3, 3, 4.5], "texture": "#10"},
				"up": {"uv": [4.5, 3, 3, 4.5], "texture": "#10"},
				"down": {"uv": [4.5, 3, 3, 4.5], "texture": "#10"}
			}
		},
		{
			"from": [-4.875, 11.75, 7.25],
			"to": [-3, 14.125, 8.75],
			"faces": {
				"north": {"uv": [4.5, 3, 3, 4.5], "texture": "#10"},
				"east": {"uv": [4.5, 3, 3, 4.5], "texture": "#10"},
				"south": {"uv": [4.5, 3, 3, 4.5], "texture": "#10"},
				"west": {"uv": [4.5, 3, 3, 4.5], "texture": "#10"},
				"up": {"uv": [4.5, 3, 3, 4.5], "texture": "#10"},
				"down": {"uv": [4.5, 3, 3, 4.5], "texture": "#10"}
			}
		},
		{
			"from": [-5.375, 12.25, 7.25],
			"to": [-0.5, 16, 8.75],
			"faces": {
				"north": {"uv": [4.5, 3, 3, 4.5], "texture": "#10"},
				"east": {"uv": [4.5, 3, 3, 4.5], "texture": "#10"},
				"south": {"uv": [4.5, 3, 3, 4.5], "texture": "#10"},
				"west": {"uv": [4.5, 3, 3, 4.5], "texture": "#10"},
				"up": {"uv": [4.5, 3, 3, 4.5], "texture": "#10"},
				"down": {"uv": [4.5, 3, 3, 4.5], "texture": "#10"}
			}
		},
		{
			"from": [-5.875, 13.25, 7.25],
			"to": [-4.5, 16.125, 8.75],
			"faces": {
				"north": {"uv": [4.5, 3, 3, 4.5], "texture": "#10"},
				"east": {"uv": [4.5, 3, 3, 4.5], "texture": "#10"},
				"south": {"uv": [4.5, 3, 3, 4.5], "texture": "#10"},
				"west": {"uv": [4.5, 3, 3, 4.5], "texture": "#10"},
				"up": {"uv": [4.5, 3, 3, 4.5], "texture": "#10"},
				"down": {"uv": [4.5, 3, 3, 4.5], "texture": "#10"}
			}
		},
		{
			"from": [-6.375, 14.25, 7.25],
			"to": [-5, 17.125, 8.75],
			"faces": {
				"north": {"uv": [4.5, 3, 3, 4.5], "texture": "#10"},
				"east": {"uv": [4.5, 3, 3, 4.5], "texture": "#10"},
				"south": {"uv": [4.5, 3, 3, 4.5], "texture": "#10"},
				"west": {"uv": [4.5, 3, 3, 4.5], "texture": "#10"},
				"up": {"uv": [4.5, 3, 3, 4.5], "texture": "#10"},
				"down": {"uv": [4.5, 3, 3, 4.5], "texture": "#10"}
			}
		},
		{
			"from": [-0.25, 16.375, 7.25],
			"to": [2, 19.625, 8.75],
			"faces": {
				"north": {"uv": [4.5, 3, 3, 4.5], "texture": "#10"},
				"east": {"uv": [4.5, 3, 3, 4.5], "texture": "#10"},
				"south": {"uv": [4.5, 3, 3, 4.5], "texture": "#10"},
				"west": {"uv": [4.5, 3, 3, 4.5], "texture": "#10"},
				"up": {"uv": [4.5, 3, 3, 4.5], "texture": "#10"},
				"down": {"uv": [4.5, 3, 3, 4.5], "texture": "#10"}
			}
		},
		{
			"from": [-0.75, 18, 7.25],
			"to": [1.5, 20.125, 8.75],
			"faces": {
				"north": {"uv": [4.5, 3, 3, 4.5], "texture": "#10"},
				"east": {"uv": [4.5, 3, 3, 4.5], "texture": "#10"},
				"south": {"uv": [4.5, 3, 3, 4.5], "texture": "#10"},
				"west": {"uv": [4.5, 3, 3, 4.5], "texture": "#10"},
				"up": {"uv": [4.5, 3, 3, 4.5], "texture": "#10"},
				"down": {"uv": [4.5, 3, 3, 4.5], "texture": "#10"}
			}
		},
		{
			"from": [-2.875, 18.25, 7.25],
			"to": [-0.375, 20.625, 8.75],
			"faces": {
				"north": {"uv": [4.5, 3, 3, 4.5], "texture": "#10"},
				"east": {"uv": [4.5, 3, 3, 4.5], "texture": "#10"},
				"south": {"uv": [4.5, 3, 3, 4.5], "texture": "#10"},
				"west": {"uv": [4.5, 3, 3, 4.5], "texture": "#10"},
				"up": {"uv": [4.5, 3, 3, 4.5], "texture": "#10"},
				"down": {"uv": [4.5, 3, 3, 4.5], "texture": "#10"}
			}
		},
		{
			"from": [-3.875, 17.25, 7.25],
			"to": [0.125, 20.125, 8.75],
			"faces": {
				"north": {"uv": [4.5, 3, 3, 4.5], "texture": "#10"},
				"east": {"uv": [4.5, 3, 3, 4.5], "texture": "#10"},
				"south": {"uv": [4.5, 3, 3, 4.5], "texture": "#10"},
				"west": {"uv": [4.5, 3, 3, 4.5], "texture": "#10"},
				"up": {"uv": [4.5, 3, 3, 4.5], "texture": "#10"},
				"down": {"uv": [4.5, 3, 3, 4.5], "texture": "#10"}
			}
		},
		{
			"from": [-5.375, 16.375, 7.25],
			"to": [-4, 19.125, 8.75],
			"faces": {
				"north": {"uv": [4.5, 3, 3, 4.5], "texture": "#10"},
				"east": {"uv": [4.5, 3, 3, 4.5], "texture": "#10"},
				"south": {"uv": [4.5, 3, 3, 4.5], "texture": "#10"},
				"west": {"uv": [4.5, 3, 3, 4.5], "texture": "#10"},
				"up": {"uv": [4.5, 3, 3, 4.5], "texture": "#10"},
				"down": {"uv": [4.5, 3, 3, 4.5], "texture": "#10"}
			}
		},
		{
			"from": [-4.875, 17.375, 7.25],
			"to": [-3, 19.625, 8.75],
			"faces": {
				"north": {"uv": [4.5, 3, 3, 4.5], "texture": "#10"},
				"east": {"uv": [4.5, 3, 3, 4.5], "texture": "#10"},
				"south": {"uv": [4.5, 3, 3, 4.5], "texture": "#10"},
				"west": {"uv": [4.5, 3, 3, 4.5], "texture": "#10"},
				"up": {"uv": [4.5, 3, 3, 4.5], "texture": "#10"},
				"down": {"uv": [4.5, 3, 3, 4.5], "texture": "#10"}
			}
		},
		{
			"from": [-6.375, 14.375, 7.25],
			"to": [-5, 17.125, 8.75],
			"faces": {
				"north": {"uv": [4.5, 3, 3, 4.5], "texture": "#10"},
				"east": {"uv": [4.5, 3, 3, 4.5], "texture": "#10"},
				"south": {"uv": [4.5, 3, 3, 4.5], "texture": "#10"},
				"west": {"uv": [4.5, 3, 3, 4.5], "texture": "#10"},
				"up": {"uv": [4.5, 3, 3, 4.5], "texture": "#10"},
				"down": {"uv": [4.5, 3, 3, 4.5], "texture": "#10"}
			}
		},
		{
			"from": [-5.875, 15.375, 7.25],
			"to": [-0.25, 18.125, 8.75],
			"faces": {
				"north": {"uv": [4.5, 3, 3, 4.5], "texture": "#10"},
				"east": {"uv": [4.5, 3, 3, 4.5], "texture": "#10"},
				"south": {"uv": [4.5, 3, 3, 4.5], "texture": "#10"},
				"west": {"uv": [4.5, 3, 3, 4.5], "texture": "#10"},
				"up": {"uv": [4.5, 3, 3, 4.5], "texture": "#10"},
				"down": {"uv": [4.5, 3, 3, 4.5], "texture": "#10"}
			}
		},
		{
			"from": [-6.125, 13, 7.75],
			"to": [-5.25, 18.375, 8.25],
			"faces": {
				"north": {"uv": [4.5, 3, 3, 4.5], "texture": "#10"},
				"east": {"uv": [4.5, 3, 3, 4.5], "texture": "#10"},
				"south": {"uv": [4.5, 3, 3, 4.5], "texture": "#10"},
				"west": {"uv": [4.5, 3, 3, 4.5], "texture": "#10"},
				"up": {"uv": [4.5, 3, 3, 4.5], "texture": "#10"},
				"down": {"uv": [4.5, 3, 3, 4.5], "texture": "#10"}
			}
		},
		{
			"from": [-6.625, 14, 7.75],
			"to": [-5.75, 17.375, 8.25],
			"faces": {
				"north": {"uv": [4.5, 3, 3, 4.5], "texture": "#10"},
				"east": {"uv": [4.5, 3, 3, 4.5], "texture": "#10"},
				"south": {"uv": [4.5, 3, 3, 4.5], "texture": "#10"},
				"west": {"uv": [4.5, 3, 3, 4.5], "texture": "#10"},
				"up": {"uv": [4.5, 3, 3, 4.5], "texture": "#10"},
				"down": {"uv": [4.5, 3, 3, 4.5], "texture": "#10"}
			}
		},
		{
			"from": [-5.625, 12, 7.75],
			"to": [-4.75, 19.375, 8.25],
			"faces": {
				"north": {"uv": [4.5, 3, 3, 4.5], "texture": "#10"},
				"east": {"uv": [4.5, 3, 3, 4.5], "texture": "#10"},
				"south": {"uv": [4.5, 3, 3, 4.5], "texture": "#10"},
				"west": {"uv": [4.5, 3, 3, 4.5], "texture": "#10"},
				"up": {"uv": [4.5, 3, 3, 4.5], "texture": "#10"},
				"down": {"uv": [4.5, 3, 3, 4.5], "texture": "#10"}
			}
		},
		{
			"from": [-4.625, 11.5, 7.75],
			"to": [-3.75, 15.25, 8.25],
			"faces": {
				"north": {"uv": [4.5, 3, 3, 4.5], "texture": "#10"},
				"east": {"uv": [4.5, 3, 3, 4.5], "texture": "#10"},
				"south": {"uv": [4.5, 3, 3, 4.5], "texture": "#10"},
				"west": {"uv": [4.5, 3, 3, 4.5], "texture": "#10"},
				"up": {"uv": [4.5, 3, 3, 4.5], "texture": "#10"},
				"down": {"uv": [4.5, 3, 3, 4.5], "texture": "#10"}
			}
		},
		{
			"from": [-4.625, 16.25, 7.75],
			"to": [-3.75, 19.875, 8.25],
			"faces": {
				"north": {"uv": [4.5, 3, 3, 4.5], "texture": "#10"},
				"east": {"uv": [4.5, 3, 3, 4.5], "texture": "#10"},
				"south": {"uv": [4.5, 3, 3, 4.5], "texture": "#10"},
				"west": {"uv": [4.5, 3, 3, 4.5], "texture": "#10"},
				"up": {"uv": [4.5, 3, 3, 4.5], "texture": "#10"},
				"down": {"uv": [4.5, 3, 3, 4.5], "texture": "#10"}
			}
		},
		{
			"from": [-5.125, 11.5, 7.75],
			"to": [-4.25, 19.875, 8.25],
			"faces": {
				"north": {"uv": [4.5, 3, 3, 4.5], "texture": "#10"},
				"east": {"uv": [4.5, 3, 3, 4.5], "texture": "#10"},
				"south": {"uv": [4.5, 3, 3, 4.5], "texture": "#10"},
				"west": {"uv": [4.5, 3, 3, 4.5], "texture": "#10"},
				"up": {"uv": [4.5, 3, 3, 4.5], "texture": "#10"},
				"down": {"uv": [4.5, 3, 3, 4.5], "texture": "#10"}
			}
		},
		{
			"from": [-1.25, 11.125, 7.75],
			"to": [-0.125, 13.75, 8.25],
			"faces": {
				"north": {"uv": [4.5, 3, 3, 4.5], "texture": "#10"},
				"east": {"uv": [4.5, 3, 3, 4.5], "texture": "#10"},
				"south": {"uv": [4.5, 3, 3, 4.5], "texture": "#10"},
				"west": {"uv": [4.5, 3, 3, 4.5], "texture": "#10"},
				"up": {"uv": [4.5, 3, 3, 4.5], "texture": "#10"},
				"down": {"uv": [4.5, 3, 3, 4.5], "texture": "#10"}
			}
		},
		{
			"from": [-4.125, 11.125, 7.75],
			"to": [-2.75, 14.25, 8.25],
			"faces": {
				"north": {"uv": [4.5, 3, 3, 4.5], "texture": "#10"},
				"east": {"uv": [4.5, 3, 3, 4.5], "texture": "#10"},
				"south": {"uv": [4.5, 3, 3, 4.5], "texture": "#10"},
				"west": {"uv": [4.5, 3, 3, 4.5], "texture": "#10"},
				"up": {"uv": [4.5, 3, 3, 4.5], "texture": "#10"},
				"down": {"uv": [4.5, 3, 3, 4.5], "texture": "#10"}
			}
		},
		{
			"from": [-4.125, 17.25, 7.75],
			"to": [-2.75, 20.375, 8.25],
			"faces": {
				"north": {"uv": [4.5, 3, 3, 4.5], "texture": "#10"},
				"east": {"uv": [4.5, 3, 3, 4.5], "texture": "#10"},
				"south": {"uv": [4.5, 3, 3, 4.5], "texture": "#10"},
				"west": {"uv": [4.5, 3, 3, 4.5], "texture": "#10"},
				"up": {"uv": [4.5, 3, 3, 4.5], "texture": "#10"},
				"down": {"uv": [4.5, 3, 3, 4.5], "texture": "#10"}
			}
		},
		{
			"from": [1, 16.375, 7.75],
			"to": [3.75, 17.375, 8.25],
			"faces": {
				"north": {"uv": [4.5, 3, 3, 4.5], "texture": "#10"},
				"east": {"uv": [4.5, 3, 3, 4.5], "texture": "#10"},
				"south": {"uv": [4.5, 3, 3, 4.5], "texture": "#10"},
				"west": {"uv": [4.5, 3, 3, 4.5], "texture": "#10"},
				"up": {"uv": [4.5, 3, 3, 4.5], "texture": "#10"},
				"down": {"uv": [4.5, 3, 3, 4.5], "texture": "#10"}
			}
		},
		{
			"from": [6, 17.375, 7.75],
			"to": [7.75, 18.375, 8.25],
			"rotation": {"angle": 0, "axis": "y", "origin": [12, 9, 8]},
			"faces": {
				"north": {"uv": [4.5, 3, 3, 4.5], "texture": "#10"},
				"east": {"uv": [4.5, 3, 3, 4.5], "texture": "#10"},
				"south": {"uv": [4.5, 3, 3, 4.5], "texture": "#10"},
				"west": {"uv": [4.5, 3, 3, 4.5], "texture": "#10"},
				"up": {"uv": [4.5, 3, 3, 4.5], "texture": "#10"},
				"down": {"uv": [4.5, 3, 3, 4.5], "texture": "#10"}
			}
		},
		{
			"from": [1, 18, 7.75],
			"to": [5.75, 19.5, 8.25],
			"rotation": {"angle": 0, "axis": "y", "origin": [10, 9, 8]},
			"faces": {
				"north": {"uv": [4.5, 3, 3, 4.5], "texture": "#10"},
				"east": {"uv": [4.5, 3, 3, 4.5], "texture": "#10"},
				"south": {"uv": [4.5, 3, 3, 4.5], "texture": "#10"},
				"west": {"uv": [4.5, 3, 3, 4.5], "texture": "#10"},
				"up": {"uv": [4.5, 3, 3, 4.5], "texture": "#10"},
				"down": {"uv": [4.5, 3, 3, 4.5], "texture": "#10"}
			}
		},
		{
			"from": [10, 18, 7.75],
			"to": [16.75, 19.5, 8.25],
			"rotation": {"angle": 0, "axis": "y", "origin": [17, 9, 8]},
			"faces": {
				"north": {"uv": [4.5, 3, 3, 4.5], "texture": "#10"},
				"east": {"uv": [4.5, 3, 3, 4.5], "texture": "#10"},
				"south": {"uv": [4.5, 3, 3, 4.5], "texture": "#10"},
				"west": {"uv": [4.5, 3, 3, 4.5], "texture": "#10"},
				"up": {"uv": [4.5, 3, 3, 4.5], "texture": "#10"},
				"down": {"uv": [4.5, 3, 3, 4.5], "texture": "#10"}
			}
		},
		{
			"from": [-4, 15.375, 7.75],
			"to": [-0.25, 16.375, 8.25],
			"rotation": {"angle": -45, "axis": "z", "origin": [4, 7, 8]},
			"faces": {
				"north": {"uv": [4.5, 3, 3, 4.5], "texture": "#10"},
				"east": {"uv": [4.5, 3, 3, 4.5], "texture": "#10"},
				"south": {"uv": [4.5, 3, 3, 4.5], "texture": "#10"},
				"west": {"uv": [4.5, 3, 3, 4.5], "texture": "#10"},
				"up": {"uv": [4.5, 3, 3, 4.5], "texture": "#10"},
				"down": {"uv": [4.5, 3, 3, 4.5], "texture": "#10"}
			}
		},
		{
			"from": [16.8, 15.5, 7.75],
			"to": [19.3, 16.5, 8.25],
			"rotation": {"angle": 45, "axis": "z", "origin": [12, 7, 8]},
			"faces": {
				"north": {"uv": [3, 3, 4.5, 4.5], "texture": "#10"},
				"east": {"uv": [3, 3, 4.5, 4.5], "texture": "#10"},
				"south": {"uv": [3, 3, 4.5, 4.5], "texture": "#10"},
				"west": {"uv": [3, 3, 4.5, 4.5], "texture": "#10"},
				"up": {"uv": [3, 3, 4.5, 4.5], "texture": "#10"},
				"down": {"uv": [3, 3, 4.5, 4.5], "texture": "#10"}
			}
		},
		{
			"from": [8, 17.375, 7.75],
			"to": [9.75, 18.375, 8.25],
			"rotation": {"angle": 0, "axis": "y", "origin": [16, 9, 8]},
			"faces": {
				"north": {"uv": [4.5, 3, 3, 4.5], "texture": "#10"},
				"east": {"uv": [4.5, 3, 3, 4.5], "texture": "#10"},
				"south": {"uv": [4.5, 3, 3, 4.5], "texture": "#10"},
				"west": {"uv": [4.5, 3, 3, 4.5], "texture": "#10"},
				"up": {"uv": [4.5, 3, 3, 4.5], "texture": "#10"},
				"down": {"uv": [4.5, 3, 3, 4.5], "texture": "#10"}
			}
		},
		{
			"from": [10, 18.375, 7.75],
			"to": [10.75, 21.875, 8.25],
			"rotation": {"angle": 0, "axis": "y", "origin": [16, 10, 8]},
			"faces": {
				"north": {"uv": [4.5, 3, 3, 4.5], "texture": "#10"},
				"east": {"uv": [4.5, 3, 3, 4.5], "texture": "#10"},
				"south": {"uv": [4.5, 3, 3, 4.5], "texture": "#10"},
				"west": {"uv": [4.5, 3, 3, 4.5], "texture": "#10"},
				"up": {"uv": [4.5, 3, 3, 4.5], "texture": "#10"},
				"down": {"uv": [4.5, 3, 3, 4.5], "texture": "#10"}
			}
		},
		{
			"from": [5, 18.375, 7.75],
			"to": [5.75, 21.875, 8.25],
			"rotation": {"angle": 0, "axis": "y", "origin": [11, 10, 8]},
			"faces": {
				"north": {"uv": [4.5, 3, 3, 4.5], "texture": "#10"},
				"east": {"uv": [4.5, 3, 3, 4.5], "texture": "#10"},
				"south": {"uv": [4.5, 3, 3, 4.5], "texture": "#10"},
				"west": {"uv": [4.5, 3, 3, 4.5], "texture": "#10"},
				"up": {"uv": [4.5, 3, 3, 4.5], "texture": "#10"},
				"down": {"uv": [4.5, 3, 3, 4.5], "texture": "#10"}
			}
		},
		{
			"from": [7, 17.375, 7.75],
			"to": [8.75, 19.375, 8.25],
			"rotation": {"angle": 0, "axis": "y", "origin": [13, 10, 8]},
			"faces": {
				"north": {"uv": [4.5, 3, 3, 4.5], "texture": "#10"},
				"east": {"uv": [4.5, 3, 3, 4.5], "texture": "#10"},
				"south": {"uv": [4.5, 3, 3, 4.5], "texture": "#10"},
				"west": {"uv": [4.5, 3, 3, 4.5], "texture": "#10"},
				"up": {"uv": [4.5, 3, 3, 4.5], "texture": "#10"},
				"down": {"uv": [4.5, 3, 3, 4.5], "texture": "#10"}
			}
		},
		{
			"from": [6.5, 16.375, 7.75],
			"to": [9.25, 17.375, 8.25],
			"rotation": {"angle": 0, "axis": "y", "origin": [14, 8, 8]},
			"faces": {
				"north": {"uv": [4.5, 3, 3, 4.5], "texture": "#10"},
				"east": {"uv": [4.5, 3, 3, 4.5], "texture": "#10"},
				"south": {"uv": [4.5, 3, 3, 4.5], "texture": "#10"},
				"west": {"uv": [4.5, 3, 3, 4.5], "texture": "#10"},
				"up": {"uv": [4.5, 3, 3, 4.5], "texture": "#10"},
				"down": {"uv": [4.5, 3, 3, 4.5], "texture": "#10"}
			}
		},
		{
			"from": [5.5, 19.375, 7.75],
			"to": [10.25, 21.375, 8.25],
			"rotation": {"angle": 0, "axis": "y", "origin": [14, 11, 8]},
			"faces": {
				"north": {"uv": [4.5, 3, 3, 4.5], "texture": "#10"},
				"east": {"uv": [4.5, 3, 3, 4.5], "texture": "#10"},
				"south": {"uv": [4.5, 3, 3, 4.5], "texture": "#10"},
				"west": {"uv": [4.5, 3, 3, 4.5], "texture": "#10"},
				"up": {"uv": [4.5, 3, 3, 4.5], "texture": "#10"},
				"down": {"uv": [4.5, 3, 3, 4.5], "texture": "#10"}
			}
		},
		{
			"from": [-3.5, 17.375, 7.75],
			"to": [1.5, 19.375, 8.25],
			"rotation": {"angle": -22.5, "axis": "z", "origin": [5, 10, 8]},
			"faces": {
				"north": {"uv": [4.5, 3, 3, 4.5], "texture": "#10"},
				"east": {"uv": [4.5, 3, 3, 4.5], "texture": "#10"},
				"south": {"uv": [4.5, 3, 3, 4.5], "texture": "#10"},
				"west": {"uv": [4.5, 3, 3, 4.5], "texture": "#10"},
				"up": {"uv": [4.5, 3, 3, 4.5], "texture": "#10"},
				"down": {"uv": [4.5, 3, 3, 4.5], "texture": "#10"}
			}
		},
		{
			"from": [14.3, 17.375, 7.75],
			"to": [19.3, 19.375, 8.25],
			"rotation": {"angle": 22.5, "axis": "z", "origin": [11, 10, 8]},
			"faces": {
				"north": {"uv": [3, 3, 4.5, 4.5], "texture": "#10"},
				"east": {"uv": [3, 3, 4.5, 4.5], "texture": "#10"},
				"south": {"uv": [3, 3, 4.5, 4.5], "texture": "#10"},
				"west": {"uv": [3, 3, 4.5, 4.5], "texture": "#10"},
				"up": {"uv": [3, 3, 4.5, 4.5], "texture": "#10"},
				"down": {"uv": [3, 3, 4.5, 4.5], "texture": "#10"}
			}
		},
		{
			"from": [14.3, 19, 7.7],
			"to": [18.8, 19.1, 8.2],
			"rotation": {"angle": 22.5, "axis": "z", "origin": [11, 11, 8]},
			"faces": {
				"north": {"uv": [3, 3, 4.5, 4.5], "texture": "#1"},
				"east": {"uv": [3, 3, 4.5, 4.5], "texture": "#1"},
				"south": {"uv": [3, 3, 4.5, 4.5], "texture": "#1"},
				"west": {"uv": [3, 3, 4.5, 4.5], "texture": "#1"},
				"up": {"uv": [3, 3, 4.5, 4.5], "texture": "#1"},
				"down": {"uv": [3, 3, 4.5, 4.5], "texture": "#1"}
			}
		},
		{
			"from": [-2.8, 19, 7.7],
			"to": [1.7, 19.1, 8.2],
			"rotation": {"angle": -22.5, "axis": "z", "origin": [5, 11, 8]},
			"faces": {
				"north": {"uv": [4.5, 3, 3, 4.5], "texture": "#1"},
				"east": {"uv": [4.5, 3, 3, 4.5], "texture": "#1"},
				"south": {"uv": [4.5, 3, 3, 4.5], "texture": "#1"},
				"west": {"uv": [4.5, 3, 3, 4.5], "texture": "#1"},
				"up": {"uv": [4.5, 3, 3, 4.5], "texture": "#1"},
				"down": {"uv": [4.5, 3, 3, 4.5], "texture": "#1"}
			}
		},
		{
			"from": [11.3, 19.5, 7.65],
			"to": [16.3, 19.6, 8.15],
			"rotation": {"angle": 0, "axis": "z", "origin": [8, 12, 8]},
			"faces": {
				"north": {"uv": [3, 3, 4.5, 4.5], "texture": "#1"},
				"east": {"uv": [3, 3, 4.5, 4.5], "texture": "#1"},
				"south": {"uv": [3, 3, 4.5, 4.5], "texture": "#1"},
				"west": {"uv": [3, 3, 4.5, 4.5], "texture": "#1"},
				"up": {"uv": [3, 3, 4.5, 4.5], "texture": "#1"},
				"down": {"uv": [3, 3, 4.5, 4.5], "texture": "#1"}
			}
		},
		{
			"from": [-0.3, 19.5, 7.65],
			"to": [4.7, 19.6, 8.15],
			"rotation": {"angle": 0, "axis": "z", "origin": [8, 12, 8]},
			"faces": {
				"north": {"uv": [4.5, 3, 3, 4.5], "texture": "#1"},
				"east": {"uv": [4.5, 3, 3, 4.5], "texture": "#1"},
				"south": {"uv": [4.5, 3, 3, 4.5], "texture": "#1"},
				"west": {"uv": [4.5, 3, 3, 4.5], "texture": "#1"},
				"up": {"uv": [4.5, 3, 3, 4.5], "texture": "#1"},
				"down": {"uv": [4.5, 3, 3, 4.5], "texture": "#1"}
			}
		},
		{
			"from": [8.3, 21.5, 7.65],
			"to": [13.3, 21.6, 8.15],
			"rotation": {"angle": -22.5, "axis": "z", "origin": [5, 14, 8]},
			"faces": {
				"north": {"uv": [3, 3, 4.5, 4.5], "texture": "#1"},
				"east": {"uv": [3, 3, 4.5, 4.5], "texture": "#1"},
				"south": {"uv": [3, 3, 4.5, 4.5], "texture": "#1"},
				"west": {"uv": [3, 3, 4.5, 4.5], "texture": "#1"},
				"up": {"uv": [3, 3, 4.5, 4.5], "texture": "#1"},
				"down": {"uv": [3, 3, 4.5, 4.5], "texture": "#1"}
			}
		},
		{
			"from": [2.7, 21.5, 7.65],
			"to": [7.7, 21.6, 8.15],
			"rotation": {"angle": 22.5, "axis": "z", "origin": [11, 14, 8]},
			"faces": {
				"north": {"uv": [4.5, 3, 3, 4.5], "texture": "#1"},
				"east": {"uv": [4.5, 3, 3, 4.5], "texture": "#1"},
				"south": {"uv": [4.5, 3, 3, 4.5], "texture": "#1"},
				"west": {"uv": [4.5, 3, 3, 4.5], "texture": "#1"},
				"up": {"uv": [4.5, 3, 3, 4.5], "texture": "#1"},
				"down": {"uv": [4.5, 3, 3, 4.5], "texture": "#1"}
			}
		},
		{
			"from": [6.5, 21.375, 7.75],
			"to": [9.25, 21.675, 8.25],
			"rotation": {"angle": 0, "axis": "y", "origin": [14, 13, 8]},
			"faces": {
				"north": {"uv": [4.5, 3, 3, 4.5], "texture": "#10"},
				"east": {"uv": [4.5, 3, 3, 4.5], "texture": "#10"},
				"south": {"uv": [4.5, 3, 3, 4.5], "texture": "#10"},
				"west": {"uv": [4.5, 3, 3, 4.5], "texture": "#10"},
				"up": {"uv": [4.5, 3, 3, 4.5], "texture": "#10"},
				"down": {"uv": [4.5, 3, 3, 4.5], "texture": "#10"}
			}
		},
		{
			"from": [2.375, 17.25, 7.75],
			"to": [3.25, 18.375, 8.25],
			"faces": {
				"north": {"uv": [4.5, 3, 3, 4.5], "texture": "#10"},
				"east": {"uv": [4.5, 3, 3, 4.5], "texture": "#10"},
				"south": {"uv": [4.5, 3, 3, 4.5], "texture": "#10"},
				"west": {"uv": [4.5, 3, 3, 4.5], "texture": "#10"},
				"up": {"uv": [4.5, 3, 3, 4.5], "texture": "#10"},
				"down": {"uv": [4.5, 3, 3, 4.5], "texture": "#10"}
			}
		},
		{
			"from": [-0.375, 17.25, 7.75],
			"to": [1.75, 20.25, 8.25],
			"faces": {
				"north": {"uv": [4.5, 3, 3, 4.5], "texture": "#10"},
				"east": {"uv": [4.5, 3, 3, 4.5], "texture": "#10"},
				"south": {"uv": [4.5, 3, 3, 4.5], "texture": "#10"},
				"west": {"uv": [4.5, 3, 3, 4.5], "texture": "#10"},
				"up": {"uv": [4.5, 3, 3, 4.5], "texture": "#10"},
				"down": {"uv": [4.5, 3, 3, 4.5], "texture": "#10"}
			}
		},
		{
			"from": [-0.75, 17.625, 7.75],
			"to": [0, 20.375, 8.25],
			"faces": {
				"north": {"uv": [4.5, 3, 3, 4.5], "texture": "#10"},
				"east": {"uv": [4.5, 3, 3, 4.5], "texture": "#10"},
				"south": {"uv": [4.5, 3, 3, 4.5], "texture": "#10"},
				"west": {"uv": [4.5, 3, 3, 4.5], "texture": "#10"},
				"up": {"uv": [4.5, 3, 3, 4.5], "texture": "#10"},
				"down": {"uv": [4.5, 3, 3, 4.5], "texture": "#10"}
			}
		},
		{
			"from": [1.875, 17, 7.75],
			"to": [2.75, 19.375, 8.25],
			"faces": {
				"north": {"uv": [4.5, 3, 3, 4.5], "texture": "#10"},
				"east": {"uv": [4.5, 3, 3, 4.5], "texture": "#10"},
				"south": {"uv": [4.5, 3, 3, 4.5], "texture": "#10"},
				"west": {"uv": [4.5, 3, 3, 4.5], "texture": "#10"},
				"up": {"uv": [4.5, 3, 3, 4.5], "texture": "#10"},
				"down": {"uv": [4.5, 3, 3, 4.5], "texture": "#10"}
			}
		},
		{
			"from": [-2, 10.5, 7.75],
			"to": [-0.5, 13.375, 8.25],
			"faces": {
				"north": {"uv": [4.5, 3, 3, 4.5], "texture": "#10"},
				"east": {"uv": [4.5, 3, 3, 4.5], "texture": "#10"},
				"south": {"uv": [4.5, 3, 3, 4.5], "texture": "#10"},
				"west": {"uv": [4.5, 3, 3, 4.5], "texture": "#10"},
				"up": {"uv": [4.5, 3, 3, 4.5], "texture": "#10"},
				"down": {"uv": [4.5, 3, 3, 4.5], "texture": "#10"}
			}
		},
		{
			"from": [-3.125, 10.5, 7.75],
			"to": [-1.625, 13.75, 8.25],
			"faces": {
				"north": {"uv": [4.5, 3, 3, 4.5], "texture": "#10"},
				"east": {"uv": [4.5, 3, 3, 4.5], "texture": "#10"},
				"south": {"uv": [4.5, 3, 3, 4.5], "texture": "#10"},
				"west": {"uv": [4.5, 3, 3, 4.5], "texture": "#10"},
				"up": {"uv": [4.5, 3, 3, 4.5], "texture": "#10"},
				"down": {"uv": [4.5, 3, 3, 4.5], "texture": "#10"}
			}
		},
		{
			"from": [-3.125, 17.625, 7.75],
			"to": [-1.75, 20.875, 8.25],
			"faces": {
				"north": {"uv": [4.5, 3, 3, 4.5], "texture": "#10"},
				"east": {"uv": [4.5, 3, 3, 4.5], "texture": "#10"},
				"south": {"uv": [4.5, 3, 3, 4.5], "texture": "#10"},
				"west": {"uv": [4.5, 3, 3, 4.5], "texture": "#10"},
				"up": {"uv": [4.5, 3, 3, 4.5], "texture": "#10"},
				"down": {"uv": [4.5, 3, 3, 4.5], "texture": "#10"}
			}
		}
	],
	"display": {
		"thirdperson_righthand": {
			"rotation": [16, 0, 0],
			"translation": [0, -1, 0.5],
			"scale": [0.3, 0.3, 0.3]
		},
		"thirdperson_lefthand": {
			"rotation": [16, 0, 0],
			"translation": [0, -1, 0.5],
			"scale": [0.3, 0.3, 0.3]
		},
		"firstperson_righthand": {
			"rotation": [-20, 152, -9],
			"translation": [3, 0.75, 0],
			"scale": [0.3, 0.3, 0.3]
		},
		"firstperson_lefthand": {
			"rotation": [-20, 152, -9],
			"translation": [3, 0.75, 0],
			"scale": [0.3, 0.3, 0.3]
		},
		"ground": {
			"translation": [0, 2, 0],
			"scale": [0.3, 0.3, 0.3]
		},
		"gui": {
			"rotation": [11, 29, 12],
			"translation": [0.5, -1.75, 0],
			"scale": [0.5, 0.5, 0.5]
		},
		"head": {
			"translation": [0, -0.25, 0],
			"scale": [0.85, 0.85, 0.85]
		},
		"fixed": {
			"translation": [0, 0, -1.75],
			"scale": [0.4, 0.4, 0.4]
		}
	},
	"groups": [
		{
			"name": "band",
			"origin": [8, 8, 8],
			"children": [0, 1, 2]
		},
		{
			"name": "ears",
			"origin": [9, 8, 8],
			"children": [3, 4, 5, 6, 7, 8, 9, 10, 11, 12, 13, 14, 15, 16, 17, 18, 19, 20, 21, 22, 23, 24, 25, 26, 27, 28, 29, 30, 31, 32, 33, 34, 35, 36, 37, 38, 39, 40, 41, 42, 43, 44, 45, 46, 47, 48, 49, 50, 51, 52, 53, 54, 55, 56, 57, 58, 59, 60, 61, 62, 63, 64, 65, 66, 67, 68, 69, 70, 71, 72, 73, 74, 75, 76, 77, 78, 79, 80, 81, 82, 83, 84, 85, 86, 87, 88, 89, 90, 91, 92, 93, 94, 95, 96, 97, 98, 99, 100, 101, 102, 103, 104]
		}
	]
}