{
	"credit": "Credit: Oran9eUtan, Ontvlambaar",
	"textures": {
		"0": "block/light_blue_concrete",
		"1": "block/orange_concrete",
		"2": "block/black_concrete",
		"3": "block/brown_concrete",
		"4": "block/white_concrete",
		"particle": "block/light_blue_concrete"
	},
	"elements": [
		{
			"from": [0, 14, 0],
			"to": [16, 15, 16],
			"rotation": {"angle": 0, "axis": "y", "origin": [8, 22, 8]},
			"faces": {
				"north": {"uv": [0, 0, 16, 1], "texture": "#3"},
				"east": {"uv": [0, 0, 16, 1], "texture": "#3"},
				"south": {"uv": [0, 0, 16, 1], "texture": "#3"},
				"west": {"uv": [0, 0, 16, 1], "texture": "#3"},
				"up": {"uv": [0, 0, 16, 16], "texture": "#3"},
				"down": {"uv": [0, 0, 16, 16], "texture": "#3"}
			}
		},
		{
			"from": [3, 15, 3],
			"to": [13, 16, 13],
			"rotation": {"angle": 0, "axis": "y", "origin": [11, 25, 11]},
			"faces": {
				"north": {"uv": [0, 0, 10, 1], "texture": "#2"},
				"east": {"uv": [0, 0, 10, 1], "texture": "#2"},
				"south": {"uv": [0, 0, 10, 1], "texture": "#2"},
				"west": {"uv": [0, 0, 10, 1], "texture": "#2"},
				"up": {"uv": [0, 0, 10, 10], "texture": "#2"},
				"down": {"uv": [0, 0, 10, 10], "texture": "#2"}
			}
		},
		{
			"from": [2, 6, 2],
			"to": [14, 14, 14],
			"rotation": {"angle": 0, "axis": "y", "origin": [10, 21, 10]},
			"faces": {
				"north": {"uv": [0, 0, 12, 8], "texture": "#0"},
				"east": {"uv": [0, 0, 12, 8], "texture": "#0"},
				"south": {"uv": [0, 0, 12, 8], "texture": "#0"},
				"west": {"uv": [0, 0, 12, 8], "texture": "#0"},
				"up": {"uv": [0, 0, 12, 12], "texture": "#0"},
				"down": {"uv": [0, 0, 12, 12], "texture": "#0"}
			}
		},
		{
			"from": [3, 16, 3],
			"to": [13, 18, 13],
			"rotation": {"angle": 0, "axis": "y", "origin": [11, 26, 11]},
			"faces": {
				"north": {"uv": [0, 0, 10, 2], "texture": "#3"},
				"east": {"uv": [0, 0, 10, 2], "texture": "#3"},
				"south": {"uv": [0, 0, 10, 2], "texture": "#3"},
				"west": {"uv": [0, 0, 10, 2], "texture": "#3"},
				"up": {"uv": [0, 0, 10, 10], "texture": "#3"},
				"down": {"uv": [0, 0, 10, 10], "texture": "#3"}
			}
		},
		{
			"from": [3, 18, 3],
			"to": [13, 18.2, 6],
			"rotation": {"angle": 0, "axis": "y", "origin": [11, 28, 11]},
			"faces": {
				"north": {"uv": [0, 0, 10, 0.2], "texture": "#3"},
				"east": {"uv": [0, 0, 3, 0.2], "texture": "#3"},
				"south": {"uv": [0, 0, 10, 0.2], "texture": "#3"},
				"west": {"uv": [0, 0, 3, 0.2], "texture": "#3"},
				"up": {"uv": [0, 0, 10, 3], "texture": "#3"},
				"down": {"uv": [0, 0, 10, 3], "texture": "#3"}
			}
		},
		{
			"from": [3, 18, 10],
			"to": [13, 18.2, 13],
			"rotation": {"angle": 0, "axis": "y", "origin": [11, 28, 18]},
			"faces": {
				"north": {"uv": [0, 0, 10, 0.2], "texture": "#3"},
				"east": {"uv": [0, 0, 3, 0.2], "texture": "#3"},
				"south": {"uv": [0, 0, 10, 0.2], "texture": "#3"},
				"west": {"uv": [0, 0, 3, 0.2], "texture": "#3"},
				"up": {"uv": [0, 0, 10, 3], "texture": "#3"},
				"down": {"uv": [0, 0, 10, 3], "texture": "#3"}
			}
		},
		{
			"from": [-2, 8, 3],
			"to": [2, 9, 13],
			"rotation": {"angle": 0, "axis": "y", "origin": [9, 16, 11]},
			"faces": {
				"north": {"uv": [0, 0, 4, 1], "texture": "#1"},
				"east": {"uv": [0, 0, 10, 1], "texture": "#1"},
				"south": {"uv": [0, 0, 4, 1], "texture": "#1"},
				"west": {"uv": [0, 0, 10, 1], "texture": "#1"},
				"up": {"uv": [0, 0, 4, 10], "texture": "#1"},
				"down": {"uv": [0, 0, 4, 10], "texture": "#1"}
			}
		},
		{
			"from": [-1, 7, 4],
			"to": [2, 8, 12],
			"rotation": {"angle": 0, "axis": "y", "origin": [9, 15, 11]},
			"faces": {
				"north": {"uv": [0, 0, 3, 1], "texture": "#1"},
				"east": {"uv": [0, 0, 8, 1], "texture": "#1"},
				"south": {"uv": [0, 0, 3, 1], "texture": "#1"},
				"west": {"uv": [0, 0, 8, 1], "texture": "#1"},
				"up": {"uv": [0, 0, 3, 8], "texture": "#1"},
				"down": {"uv": [0, 0, 3, 8], "texture": "#1"}
			}
		},
		{
			"from": [-3, 8, 4],
			"to": [-2, 9, 12],
			"rotation": {"angle": 0, "axis": "y", "origin": [5, 16, 11]},
			"faces": {
				"north": {"uv": [0, 0, 1, 1], "texture": "#1"},
				"east": {"uv": [0, 0, 8, 1], "texture": "#1"},
				"south": {"uv": [0, 0, 1, 1], "texture": "#1"},
				"west": {"uv": [0, 0, 8, 1], "texture": "#1"},
				"up": {"uv": [0, 0, 1, 8], "texture": "#1"},
				"down": {"uv": [0, 0, 1, 8], "texture": "#1"}
			}
		},
		{
			"from": [1.7, 10, 3],
			"to": [2, 13, 6],
			"rotation": {"angle": 0, "axis": "y", "origin": [9, 20, 11]},
			"faces": {
				"north": {"uv": [0, 0, 0.3, 3], "texture": "#4"},
				"east": {"uv": [0, 0, 3, 3], "texture": "#4"},
				"south": {"uv": [0, 0, 0.3, 3], "texture": "#4"},
				"west": {"uv": [0, 0, 3, 3], "texture": "#4"},
				"up": {"uv": [0, 0, 0.3, 3], "texture": "#4"},
				"down": {"uv": [0, 0, 0.3, 3], "texture": "#4"}
			}
		},
		{
			"from": [1.7, 10, 10],
			"to": [2.1, 13, 13],
			"rotation": {"angle": 0, "axis": "y", "origin": [9, 20, 18]},
			"faces": {
				"north": {"uv": [0, 0, 0.4, 3], "texture": "#4"},
				"east": {"uv": [0, 0, 3, 3], "texture": "#4"},
				"south": {"uv": [0, 0, 0.4, 3], "texture": "#4"},
				"west": {"uv": [0, 0, 3, 3], "texture": "#4"},
				"up": {"uv": [0, 0, 0.4, 3], "texture": "#4"},
				"down": {"uv": [0, 0, 0.4, 3], "texture": "#4"}
			}
		},
		{
			"from": [1.5, 11, 4],
			"to": [2, 12, 5],
			"rotation": {"angle": 0, "axis": "y", "origin": [9, 19, 12]},
			"faces": {
				"north": {"uv": [0, 0, 0.5, 1], "texture": "#2"},
				"east": {"uv": [0, 0, 1, 1], "texture": "#2"},
				"south": {"uv": [0, 0, 0.5, 1], "texture": "#2"},
				"west": {"uv": [0, 0, 1, 1], "texture": "#2"},
				"up": {"uv": [0, 0, 0.5, 1], "texture": "#2"},
				"down": {"uv": [0, 0, 0.5, 1], "texture": "#2"}
			}
		},
		{
			"from": [1.5, 11, 11],
			"to": [2, 12, 12],
			"rotation": {"angle": 0, "axis": "y", "origin": [9, 19, 19]},
			"faces": {
				"north": {"uv": [0, 0, 0.5, 1], "texture": "#2"},
				"east": {"uv": [0, 0, 1, 1], "texture": "#2"},
				"south": {"uv": [0, 0, 0.5, 1], "texture": "#2"},
				"west": {"uv": [0, 0, 1, 1], "texture": "#2"},
				"up": {"uv": [0, 0, 0.5, 1], "texture": "#2"},
				"down": {"uv": [0, 0, 0.5, 1], "texture": "#2"}
			}
		}
	],
	"display": {
		"thirdperson_righthand": {
			"rotation": [0, -90, 0],
			"scale": [0.3, 0.3, 0.3]
		},
		"thirdperson_lefthand": {
			"rotation": [0, 91, 0],
			"scale": [0.3, 0.3, 0.3]
		},
		"firstperson_righthand": {
			"scale": [0.4, 0.4, 0.41]
		},
		"firstperson_lefthand": {
			"scale": [0.4, 0.4, 0.4]
		},
		"gui": {
			"rotation": [8, 76, 0],
			"translation": [0, -1.75, 0],
			"scale": [0.7, 0.7, 0.7]
		},
		"head": {
			"rotation": [0, -90, 0],
			"translation": [0, -4, 0],
			"scale": [1.3, 1.3, 1.3]
		},
		"fixed": {
			"rotation": [0, -90, 0],
			"translation": [0, -3.5, 0]
		}
	},
	"groups": [0, 1, 2, 3, 4, 5,
		{
			"name": "group",
			"origin": [9, 14, 11],
			"children": [6, 7, 8]
		}, 9, 10, 11, 12]
}