{
	"credit": "Credit:  Ontvlambaar",
	"textures": {
		"0": "block/blue_terracotta",
		"1": "block/light_blue_concrete",
		"3": "block/light_blue_wool",
		"4": "block/black_concrete",
		"5": "block/white_concrete",
		"6": "block/red_nether_bricks",
		"7": "block/red_concrete",
		"8": "block/magenta_terracotta",
		"11": "block/acacia_log",
		"particle": "block/blue_terracotta"
	},
	"elements": [
		{
			"from": [7, 4, 0],
			"to": [9, 4.5, 1],
			"rotation": {"angle": 0, "axis": "y", "origin": [15, 12, 8]},
			"faces": {
				"north": {"uv": [0, 0, 2, 0.5], "texture": "#0"},
				"east": {"uv": [0, 0, 1, 0.5], "texture": "#0"},
				"south": {"uv": [0, 0, 2, 0.5], "texture": "#0"},
				"west": {"uv": [0, 0, 1, 0.5], "texture": "#0"},
				"up": {"uv": [0, 0, 2, 1], "texture": "#0"},
				"down": {"uv": [0, 0, 2, 1], "texture": "#0"}
			}
		},
		{
			"from": [7, 1, -0.2],
			"to": [9, 2, 0.8],
			"rotation": {"angle": 0, "axis": "y", "origin": [15, 9, 8]},
			"faces": {
				"north": {"uv": [0, 0, 2, 1], "texture": "#0"},
				"east": {"uv": [0, 0, 1, 1], "texture": "#0"},
				"south": {"uv": [0, 0, 2, 1], "texture": "#0"},
				"west": {"uv": [0, 0, 1, 1], "texture": "#0"},
				"up": {"uv": [0, 0, 2, 1], "texture": "#0"},
				"down": {"uv": [0, 0, 2, 1], "texture": "#0"}
			}
		},
		{
			"from": [6.5, 1.5, 0],
			"to": [7, 2, 0.5],
			"rotation": {"angle": 0, "axis": "y", "origin": [14, 9, 8]},
			"faces": {
				"north": {"uv": [11, 12, 11.5, 12.5], "texture": "#11"},
				"east": {"uv": [0, 0, 0.5, 0.5], "texture": "#11"},
				"south": {"uv": [0, 0, 0.5, 0.5], "texture": "#11"},
				"west": {"uv": [0, 0, 0.5, 0.5], "texture": "#11"},
				"up": {"uv": [0, 0, 0.5, 0.5], "texture": "#11"},
				"down": {"uv": [0, 0, 0.5, 0.5], "texture": "#11"}
			}
		},
		{
			"from": [9, 1.5, -0.2],
			"to": [9.5, 2, 0.8],
			"rotation": {"angle": 0, "axis": "y", "origin": [17, 9, 8]},
			"faces": {
				"north": {"uv": [11, 12, 11.5, 12.5], "texture": "#11"},
				"east": {"uv": [0, 0, 1, 0.5], "texture": "#11"},
				"south": {"uv": [0, 0, 0.5, 0.5], "texture": "#11"},
				"west": {"uv": [0, 0, 1, 0.5], "texture": "#11"},
				"up": {"uv": [0, 0, 0.5, 1], "texture": "#11"},
				"down": {"uv": [0, 0, 0.5, 1], "texture": "#11"}
			}
		},
		{
			"from": [6, 2, -0.2],
			"to": [10, 4, 1],
			"rotation": {"angle": 0, "axis": "y", "origin": [15, 10, 8]},
			"faces": {
				"north": {"uv": [0, 0, 4, 2], "texture": "#0"},
				"east": {"uv": [0, 0, 1.2, 2], "texture": "#0"},
				"south": {"uv": [0, 0, 4, 2], "texture": "#0"},
				"west": {"uv": [0, 0, 1.2, 2], "texture": "#0"},
				"up": {"uv": [0, 0, 4, 1.2], "texture": "#0"},
				"down": {"uv": [0, 0, 4, 1.2], "texture": "#0"}
			}
		},
		{
			"from": [0, 0, 0.5],
			"to": [16, 2, 1],
			"rotation": {"angle": 0, "axis": "y", "origin": [11, 8, 8]},
			"faces": {
				"north": {"uv": [0, 0, 16, 2], "texture": "#1"},
				"east": {"uv": [0, 0, 0.5, 2], "texture": "#1"},
				"south": {"uv": [0, 0, 16, 2], "texture": "#1"},
				"west": {"uv": [0, 0, 0.5, 2], "texture": "#1"},
				"up": {"uv": [0, 0, 16, 0.5], "texture": "#1"},
				"down": {"uv": [0, 0, 16, 0.5], "texture": "#1"}
			}
		},
		{
			"from": [-2, 4, 0.5],
			"to": [-1, 6, 1],
			"rotation": {"angle": 0, "axis": "y", "origin": [-5, 12, 8]},
			"faces": {
				"north": {"uv": [0, 0, 1, 2], "texture": "#1"},
				"east": {"uv": [0, 0, 0.5, 2], "texture": "#1"},
				"south": {"uv": [0, 0, 1, 2], "texture": "#1"},
				"west": {"uv": [0, 0, 0.5, 2], "texture": "#1"},
				"up": {"uv": [0, 0, 1, 0.5], "texture": "#1"},
				"down": {"uv": [0, 0, 1, 0.5], "texture": "#1"}
			}
		},
		{
			"from": [-3, 2, 0.6],
			"to": [-1, 4, 1],
			"rotation": {"angle": 0, "axis": "y", "origin": [-5, 10, 8]},
			"faces": {
				"north": {"uv": [0, 0, 2, 2], "texture": "#8"},
				"east": {"uv": [0, 0, 0.4, 2], "texture": "#8"},
				"south": {"uv": [0, 0, 2, 2], "texture": "#8"},
				"west": {"uv": [0, 0, 0.4, 2], "texture": "#8"},
				"up": {"uv": [0, 0, 2, 0.4], "texture": "#8"},
				"down": {"uv": [0, 0, 2, 0.4], "texture": "#8"}
			}
		},
		{
			"from": [17, 2, 0.6],
			"to": [19, 4, 1],
			"rotation": {"angle": 0, "axis": "y", "origin": [21, 10, 8]},
			"faces": {
				"north": {"uv": [2, 0, 0, 2], "texture": "#8"},
				"east": {"uv": [0.4, 0, 0, 2], "texture": "#8"},
				"south": {"uv": [2, 0, 0, 2], "texture": "#8"},
				"west": {"uv": [0.4, 0, 0, 2], "texture": "#8"},
				"up": {"uv": [2, 0, 0, 0.4], "texture": "#8"},
				"down": {"uv": [2, 0, 0, 0.4], "texture": "#8"}
			}
		},
		{
			"from": [-5, 5, 0.6],
			"to": [-3, 8, 1],
			"rotation": {"angle": 0, "axis": "y", "origin": [-7, 14, 8]},
			"faces": {
				"north": {"uv": [0, 0, 2, 3], "texture": "#8"},
				"east": {"uv": [0, 0, 0.4, 3], "texture": "#8"},
				"south": {"uv": [0, 0, 2, 3], "texture": "#8"},
				"west": {"uv": [0, 0, 0.4, 3], "texture": "#8"},
				"up": {"uv": [0, 0, 2, 0.4], "texture": "#8"},
				"down": {"uv": [0, 0, 2, 0.4], "texture": "#8"}
			}
		},
		{
			"from": [-6, 6, 0.6],
			"to": [-5, 8, 1],
			"rotation": {"angle": 0, "axis": "y", "origin": [-9, 14, 8]},
			"faces": {
				"north": {"uv": [0, 0, 1, 2], "texture": "#8"},
				"east": {"uv": [0, 0, 0.4, 2], "texture": "#8"},
				"south": {"uv": [0, 0, 1, 2], "texture": "#8"},
				"west": {"uv": [0, 0, 0.4, 2], "texture": "#8"},
				"up": {"uv": [0, 0, 1, 0.4], "texture": "#8"},
				"down": {"uv": [0, 0, 1, 0.4], "texture": "#8"}
			}
		},
		{
			"from": [19, 5, 0.6],
			"to": [22, 8, 1],
			"rotation": {"angle": 0, "axis": "y", "origin": [23, 14, 8]},
			"faces": {
				"north": {"uv": [2, 0, 5, 3], "texture": "#8"},
				"east": {"uv": [0.4, 0, 0.8, 3], "texture": "#8"},
				"south": {"uv": [2, 0, 5, 3], "texture": "#8"},
				"west": {"uv": [0.4, 0, 0.8, 3], "texture": "#8"},
				"up": {"uv": [2, 0, 5, 0.4], "texture": "#8"},
				"down": {"uv": [2, 0, 5, 0.4], "texture": "#8"}
			}
		},
		{
			"from": [-5, 3, 0.6],
			"to": [-2, 6, 1],
			"rotation": {"angle": 0, "axis": "y", "origin": [-6, 12, 8]},
			"faces": {
				"north": {"uv": [0, 0, 3, 3], "texture": "#8"},
				"east": {"uv": [0, 0, 0.4, 3], "texture": "#8"},
				"south": {"uv": [0, 0, 3, 3], "texture": "#8"},
				"west": {"uv": [0, 0, 0.4, 3], "texture": "#8"},
				"up": {"uv": [0, 0, 3, 0.4], "texture": "#8"},
				"down": {"uv": [0, 0, 3, 0.4], "texture": "#8"}
			}
		},
		{
			"from": [-6, 3.5, 0.6],
			"to": [-5, 5.5, 1],
			"rotation": {"angle": 0, "axis": "y", "origin": [-9, 12, 8]},
			"faces": {
				"north": {"uv": [0, 0, 1, 2], "texture": "#8"},
				"east": {"uv": [0, 0, 0.4, 2], "texture": "#8"},
				"south": {"uv": [0, 0, 1, 2], "texture": "#8"},
				"west": {"uv": [0, 0, 0.4, 2], "texture": "#8"},
				"up": {"uv": [0, 0, 1, 0.4], "texture": "#8"},
				"down": {"uv": [0, 0, 1, 0.4], "texture": "#8"}
			}
		},
		{
			"from": [21, 3.5, 0.6],
			"to": [22, 4.5, 1],
			"rotation": {"angle": 0, "axis": "y", "origin": [25, 12, 8]},
			"faces": {
				"north": {"uv": [1, 0, 2, 1], "texture": "#8"},
				"east": {"uv": [0.4, 0, 0.8, 1], "texture": "#8"},
				"south": {"uv": [1, 0, 2, 1], "texture": "#8"},
				"west": {"uv": [0.4, 0, 0.8, 1], "texture": "#8"},
				"up": {"uv": [1, 0, 2, 0.4], "texture": "#8"},
				"down": {"uv": [1, 0, 2, 0.4], "texture": "#8"}
			}
		},
		{
			"from": [18, 3, 0.6],
			"to": [21, 6, 1],
			"rotation": {"angle": 0, "axis": "y", "origin": [22, 12, 8]},
			"faces": {
				"north": {"uv": [2, 0, 5, 3], "texture": "#8"},
				"east": {"uv": [0.4, 0, 0.8, 3], "texture": "#8"},
				"south": {"uv": [2, 0, 5, 3], "texture": "#8"},
				"west": {"uv": [0.4, 0, 0.8, 3], "texture": "#8"},
				"up": {"uv": [2, 0, 5, 0.4], "texture": "#8"},
				"down": {"uv": [2, 0, 5, 0.4], "texture": "#8"}
			}
		},
		{
			"from": [17, 4, 0.5],
			"to": [18, 6, 1],
			"rotation": {"angle": 0, "axis": "y", "origin": [21, 12, 8]},
			"faces": {
				"north": {"uv": [1, 0, 0, 2], "texture": "#1"},
				"east": {"uv": [0.5, 0, 0, 2], "texture": "#1"},
				"south": {"uv": [1, 0, 0, 2], "texture": "#1"},
				"west": {"uv": [0.5, 0, 0, 2], "texture": "#1"},
				"up": {"uv": [1, 0, 0, 0.5], "texture": "#1"},
				"down": {"uv": [1, 0, 0, 0.5], "texture": "#1"}
			}
		},
		{
			"from": [-3, 5, 0.5],
			"to": [-2, 8, 1],
			"rotation": {"angle": 0, "axis": "y", "origin": [-6, 13, 8]},
			"faces": {
				"north": {"uv": [0, 0, 1, 3], "texture": "#1"},
				"east": {"uv": [0, 0, 0.5, 3], "texture": "#1"},
				"south": {"uv": [0, 0, 1, 3], "texture": "#1"},
				"west": {"uv": [0, 0, 0.5, 3], "texture": "#1"},
				"up": {"uv": [0, 0, 1, 0.5], "texture": "#1"},
				"down": {"uv": [0, 0, 1, 0.5], "texture": "#1"}
			}
		},
		{
			"from": [18, 5, 0.5],
			"to": [19, 8, 1],
			"rotation": {"angle": 0, "axis": "y", "origin": [22, 13, 8]},
			"faces": {
				"north": {"uv": [1, 0, 2, 3], "texture": "#1"},
				"east": {"uv": [0.5, 0, 1, 3], "texture": "#1"},
				"south": {"uv": [1, 0, 2, 3], "texture": "#1"},
				"west": {"uv": [0.5, 0, 1, 3], "texture": "#1"},
				"up": {"uv": [1, 0, 2, 0.5], "texture": "#1"},
				"down": {"uv": [1, 0, 2, 0.5], "texture": "#1"}
			}
		},
		{
			"from": [2, -1, 0.5],
			"to": [14, 0, 1],
			"rotation": {"angle": 0, "axis": "y", "origin": [11, 6, 8]},
			"faces": {
				"north": {"uv": [0, 0, 12, 1], "texture": "#1"},
				"east": {"uv": [0, 0, 0.5, 1], "texture": "#1"},
				"south": {"uv": [0, 0, 12, 1], "texture": "#1"},
				"west": {"uv": [0, 0, 0.5, 1], "texture": "#1"},
				"up": {"uv": [0, 0, 12, 0.5], "texture": "#1"},
				"down": {"uv": [0, 0, 12, 0.5], "texture": "#1"}
			}
		},
		{
			"from": [4, -4, 0.5],
			"to": [12, -3, 1],
			"rotation": {"angle": 0, "axis": "y", "origin": [11, 3, 8]},
			"faces": {
				"north": {"uv": [2, 0, 4, 1], "texture": "#3"},
				"east": {"uv": [0, 0, 0.5, 1], "texture": "#3"},
				"south": {"uv": [0, 0, 8, 1], "texture": "#3"},
				"west": {"uv": [0, 0, 0.5, 1], "texture": "#3"},
				"up": {"uv": [0, 0, 8, 0.5], "texture": "#3"},
				"down": {"uv": [0, 0, 8, 0.5], "texture": "#3"}
			}
		},
		{
			"from": [6, -4.3, 0.5],
			"to": [10, -4, 1],
			"rotation": {"angle": 0, "axis": "y", "origin": [11, 2, 8]},
			"faces": {
				"north": {"uv": [2, 0, 4, 1], "texture": "#3"},
				"east": {"uv": [0, 0, 0.5, 1], "texture": "#3"},
				"south": {"uv": [0, 0, 8, 1], "texture": "#3"},
				"west": {"uv": [0, 0, 0.5, 1], "texture": "#3"},
				"up": {"uv": [0, 0, 8, 0.5], "texture": "#3"},
				"down": {"uv": [0, 0, 8, 0.5], "texture": "#3"}
			}
		},
		{
			"from": [2, -3, 0.5],
			"to": [4, -2, 1],
			"rotation": {"angle": 0, "axis": "y", "origin": [3, 4, 8]},
			"faces": {
				"north": {"uv": [2, 0, 4, 1], "texture": "#3"},
				"east": {"uv": [0, 0, 0.5, 1], "texture": "#3"},
				"south": {"uv": [0, 0, 8, 1], "texture": "#3"},
				"west": {"uv": [0, 0, 0.5, 1], "texture": "#3"},
				"up": {"uv": [0, 0, 8, 0.5], "texture": "#3"},
				"down": {"uv": [0, 0, 8, 0.5], "texture": "#3"}
			}
		},
		{
			"from": [3, -3.5, 0.5],
			"to": [4, -3, 1],
			"rotation": {"angle": 0, "axis": "y", "origin": [4, 3, 8]},
			"faces": {
				"north": {"uv": [2, 0, 4, 1], "texture": "#3"},
				"east": {"uv": [0, 0, 0.5, 1], "texture": "#3"},
				"south": {"uv": [0, 0, 8, 1], "texture": "#3"},
				"west": {"uv": [0, 0, 0.5, 1], "texture": "#3"},
				"up": {"uv": [0, 0, 8, 0.5], "texture": "#3"},
				"down": {"uv": [0, 0, 8, 0.5], "texture": "#3"}
			}
		},
		{
			"from": [-1, 0.5, 0.5],
			"to": [0, 1, 1],
			"rotation": {"angle": 0, "axis": "y", "origin": [0, 7, 8]},
			"faces": {
				"north": {"uv": [2, 0, 4, 1], "texture": "#3"},
				"east": {"uv": [0, 0, 0.5, 1], "texture": "#3"},
				"south": {"uv": [0, 0, 8, 1], "texture": "#3"},
				"west": {"uv": [0, 0, 0.5, 1], "texture": "#3"},
				"up": {"uv": [0, 0, 8, 0.5], "texture": "#3"},
				"down": {"uv": [0, 0, 8, 0.5], "texture": "#3"}
			}
		},
		{
			"from": [16, 0.5, 0.5],
			"to": [17, 1, 1],
			"rotation": {"angle": 0, "axis": "y", "origin": [17, 7, 8]},
			"faces": {
				"north": {"uv": [2, 0, 4, 1], "texture": "#3"},
				"east": {"uv": [0, 0, 0.5, 1], "texture": "#3"},
				"south": {"uv": [0, 0, 8, 1], "texture": "#3"},
				"west": {"uv": [0, 0, 0.5, 1], "texture": "#3"},
				"up": {"uv": [0, 0, 8, 0.5], "texture": "#3"},
				"down": {"uv": [0, 0, 8, 0.5], "texture": "#3"}
			}
		},
		{
			"from": [12, -3.5, 0.5],
			"to": [13, -3, 1],
			"rotation": {"angle": 0, "axis": "y", "origin": [13, 3, 8]},
			"faces": {
				"north": {"uv": [2, 0, 4, 1], "texture": "#3"},
				"east": {"uv": [0, 0, 0.5, 1], "texture": "#3"},
				"south": {"uv": [0, 0, 8, 1], "texture": "#3"},
				"west": {"uv": [0, 0, 0.5, 1], "texture": "#3"},
				"up": {"uv": [0, 0, 8, 0.5], "texture": "#3"},
				"down": {"uv": [0, 0, 8, 0.5], "texture": "#3"}
			}
		},
		{
			"from": [1, -2, 0.5],
			"to": [2.5, -1, 1],
			"rotation": {"angle": 0, "axis": "y", "origin": [2, 5, 8]},
			"faces": {
				"north": {"uv": [2, 0, 4, 1], "texture": "#3"},
				"east": {"uv": [0, 0, 0.5, 1], "texture": "#3"},
				"south": {"uv": [0, 0, 8, 1], "texture": "#3"},
				"west": {"uv": [0, 0, 0.5, 1], "texture": "#3"},
				"up": {"uv": [0, 0, 8, 0.5], "texture": "#3"},
				"down": {"uv": [0, 0, 8, 0.5], "texture": "#3"}
			}
		},
		{
			"from": [1, -1, 0.5],
			"to": [2, 0, 1],
			"rotation": {"angle": 0, "axis": "y", "origin": [2, 6, 8]},
			"faces": {
				"north": {"uv": [2, 0, 4, 1], "texture": "#3"},
				"east": {"uv": [0, 0, 0.5, 1], "texture": "#3"},
				"south": {"uv": [0, 0, 8, 1], "texture": "#3"},
				"west": {"uv": [0, 0, 0.5, 1], "texture": "#3"},
				"up": {"uv": [0, 0, 8, 0.5], "texture": "#3"},
				"down": {"uv": [0, 0, 8, 0.5], "texture": "#3"}
			}
		},
		{
			"from": [15, -1, 0.5],
			"to": [15.5, 0, 1],
			"rotation": {"angle": 0, "axis": "y", "origin": [16, 6, 8]},
			"faces": {
				"north": {"uv": [2, 0, 4, 1], "texture": "#3"},
				"east": {"uv": [0, 0, 0.5, 1], "texture": "#3"},
				"south": {"uv": [0, 0, 8, 1], "texture": "#3"},
				"west": {"uv": [0, 0, 0.5, 1], "texture": "#3"},
				"up": {"uv": [0, 0, 8, 0.5], "texture": "#3"},
				"down": {"uv": [0, 0, 8, 0.5], "texture": "#3"}
			}
		},
		{
			"from": [0.5, -1, 0.5],
			"to": [1, 0, 1],
			"rotation": {"angle": 0, "axis": "y", "origin": [0, 6, 8]},
			"faces": {
				"north": {"uv": [4, 0, 2, 1], "texture": "#3"},
				"east": {"uv": [0.5, 0, 0, 1], "texture": "#3"},
				"south": {"uv": [8, 0, 0, 1], "texture": "#3"},
				"west": {"uv": [0.5, 0, 0, 1], "texture": "#3"},
				"up": {"uv": [8, 0, 0, 0.5], "texture": "#3"},
				"down": {"uv": [8, 0, 0, 0.5], "texture": "#3"}
			}
		},
		{
			"from": [14, -1, 0.5],
			"to": [15, 0, 1],
			"rotation": {"angle": 0, "axis": "y", "origin": [15, 6, 8]},
			"faces": {
				"north": {"uv": [2, 0, 4, 1], "texture": "#3"},
				"east": {"uv": [0, 0, 0.5, 1], "texture": "#3"},
				"south": {"uv": [0, 0, 8, 1], "texture": "#3"},
				"west": {"uv": [0, 0, 0.5, 1], "texture": "#3"},
				"up": {"uv": [0, 0, 8, 0.5], "texture": "#3"},
				"down": {"uv": [0, 0, 8, 0.5], "texture": "#3"}
			}
		},
		{
			"from": [13.5, -2, 0.5],
			"to": [15, -1, 1],
			"rotation": {"angle": 0, "axis": "y", "origin": [15, 5, 8]},
			"faces": {
				"north": {"uv": [2, 0, 4, 1], "texture": "#3"},
				"east": {"uv": [0, 0, 0.5, 1], "texture": "#3"},
				"south": {"uv": [0, 0, 8, 1], "texture": "#3"},
				"west": {"uv": [0, 0, 0.5, 1], "texture": "#3"},
				"up": {"uv": [0, 0, 8, 0.5], "texture": "#3"},
				"down": {"uv": [0, 0, 8, 0.5], "texture": "#3"}
			}
		},
		{
			"from": [12, -3, 0.5],
			"to": [14, -2, 1],
			"rotation": {"angle": 0, "axis": "y", "origin": [13, 4, 8]},
			"faces": {
				"north": {"uv": [2, 0, 4, 1], "texture": "#3"},
				"east": {"uv": [0, 0, 0.5, 1], "texture": "#3"},
				"south": {"uv": [0, 0, 8, 1], "texture": "#3"},
				"west": {"uv": [0, 0, 0.5, 1], "texture": "#3"},
				"up": {"uv": [0, 0, 8, 0.5], "texture": "#3"},
				"down": {"uv": [0, 0, 8, 0.5], "texture": "#3"}
			}
		},
		{
			"from": [2, -3, 0.6],
			"to": [14, -1, 1],
			"rotation": {"angle": 0, "axis": "y", "origin": [11, 5, 8]},
			"faces": {
				"north": {"uv": [0, 0, 8, 1], "texture": "#6"},
				"east": {"uv": [0, 0, 0.4, 2], "texture": "#6"},
				"south": {"uv": [0, 0, 8, 2], "texture": "#6"},
				"west": {"uv": [0, 0, 0.4, 2], "texture": "#6"},
				"up": {"uv": [0, 0, 8, 0.4], "texture": "#6"},
				"down": {"uv": [0, 0, 8, 0.4], "texture": "#6"}
			}
		},
		{
			"from": [6, -3, 0.55],
			"to": [10, -2, 1],
			"rotation": {"angle": 0, "axis": "y", "origin": [11, 4, 8]},
			"faces": {
				"north": {"uv": [0, 0, 4, 1], "texture": "#7"},
				"east": {"uv": [0, 0, 0.45, 1], "texture": "#7"},
				"south": {"uv": [0, 0, 4, 1], "texture": "#7"},
				"west": {"uv": [0, 0, 0.45, 1], "texture": "#7"},
				"up": {"uv": [0, 0, 4, 0.45], "texture": "#7"},
				"down": {"uv": [0, 0, 4, 0.45], "texture": "#7"}
			}
		},
		{
			"from": [6.5, -1.4, 0.5],
			"to": [7.5, -1, 1],
			"rotation": {"angle": 0, "axis": "y", "origin": [12, 6, 8]},
			"faces": {
				"north": {"uv": [0, 0, 1, 0.4], "texture": "#5"},
				"east": {"uv": [0, 0, 0.5, 0.4], "texture": "#5"},
				"south": {"uv": [0, 0, 1, 0.4], "texture": "#5"},
				"west": {"uv": [0, 0, 0.5, 0.4], "texture": "#5"},
				"up": {"uv": [0, 0, 1, 0.5], "texture": "#5"},
				"down": {"uv": [0, 0, 1, 0.5], "texture": "#5"}
			}
		},
		{
			"from": [6.5, -3, 0.5],
			"to": [7.5, -2.7, 1],
			"rotation": {"angle": 0, "axis": "y", "origin": [12, 4, 8]},
			"faces": {
				"north": {"uv": [0, 0, 1, 0.3], "texture": "#5"},
				"east": {"uv": [0, 0, 0.5, 0.3], "texture": "#5"},
				"south": {"uv": [0, 0, 1, 0.3], "texture": "#5"},
				"west": {"uv": [0, 0, 0.5, 0.3], "texture": "#5"},
				"up": {"uv": [0, 0, 1, 0.5], "texture": "#5"},
				"down": {"uv": [0, 0, 1, 0.5], "texture": "#5"}
			}
		},
		{
			"from": [8.5, -1.4, 0.5],
			"to": [9.5, -1, 1],
			"rotation": {"angle": 0, "axis": "y", "origin": [12, 6, 8]},
			"faces": {
				"north": {"uv": [0, 0, 1, 0.4], "texture": "#5"},
				"east": {"uv": [0, 0, 0.5, 0.4], "texture": "#5"},
				"south": {"uv": [0, 0, 1, 0.4], "texture": "#5"},
				"west": {"uv": [0, 0, 0.5, 0.4], "texture": "#5"},
				"up": {"uv": [0, 0, 1, 0.5], "texture": "#5"},
				"down": {"uv": [0, 0, 1, 0.5], "texture": "#5"}
			}
		},
		{
			"from": [8.5, -3, 0.5],
			"to": [9.5, -2.7, 1],
			"rotation": {"angle": 0, "axis": "y", "origin": [12, 4, 8]},
			"faces": {
				"north": {"uv": [0, 0, 1, 0.3], "texture": "#5"},
				"east": {"uv": [0, 0, 0.5, 0.3], "texture": "#5"},
				"south": {"uv": [0, 0, 1, 0.3], "texture": "#5"},
				"west": {"uv": [0, 0, 0.5, 0.3], "texture": "#5"},
				"up": {"uv": [0, 0, 1, 0.5], "texture": "#5"},
				"down": {"uv": [0, 0, 1, 0.5], "texture": "#5"}
			}
		},
		{
			"from": [10.5, -1.5, 0.5],
			"to": [11.5, -1, 1],
			"rotation": {"angle": 0, "axis": "y", "origin": [12, 6, 8]},
			"faces": {
				"north": {"uv": [0, 0, 1, 0.5], "texture": "#5"},
				"east": {"uv": [0, 0, 0.5, 0.5], "texture": "#5"},
				"south": {"uv": [0, 0, 1, 0.5], "texture": "#5"},
				"west": {"uv": [0, 0, 0.5, 0.5], "texture": "#5"},
				"up": {"uv": [0, 0, 1, 0.5], "texture": "#5"},
				"down": {"uv": [0, 0, 1, 0.5], "texture": "#5"}
			}
		},
		{
			"from": [10.5, -3, 0.5],
			"to": [11.5, -2.5, 1],
			"rotation": {"angle": 0, "axis": "y", "origin": [12, 4, 8]},
			"faces": {
				"north": {"uv": [0, 0, 1, 0.5], "texture": "#5"},
				"east": {"uv": [0, 0, 0.5, 0.5], "texture": "#5"},
				"south": {"uv": [0, 0, 1, 0.5], "texture": "#5"},
				"west": {"uv": [0, 0, 0.5, 0.5], "texture": "#5"},
				"up": {"uv": [0, 0, 1, 0.5], "texture": "#5"},
				"down": {"uv": [0, 0, 1, 0.5], "texture": "#5"}
			}
		},
		{
			"from": [4.5, -1.5, 0.5],
			"to": [5.5, -1, 1],
			"rotation": {"angle": 0, "axis": "y", "origin": [4, 6, 8]},
			"faces": {
				"north": {"uv": [0, 0, 1, 0.5], "texture": "#5"},
				"east": {"uv": [0, 0, 0.5, 0.5], "texture": "#5"},
				"south": {"uv": [0, 0, 1, 0.5], "texture": "#5"},
				"west": {"uv": [0, 0, 0.5, 0.5], "texture": "#5"},
				"up": {"uv": [0, 0, 1, 0.5], "texture": "#5"},
				"down": {"uv": [0, 0, 1, 0.5], "texture": "#5"}
			}
		},
		{
			"from": [2.5, -1.5, 0.5],
			"to": [3.5, -1, 1],
			"rotation": {"angle": 0, "axis": "y", "origin": [2, 6, 8]},
			"faces": {
				"north": {"uv": [0, 0, 1, 0.5], "texture": "#5"},
				"east": {"uv": [0, 0, 0.5, 0.5], "texture": "#5"},
				"south": {"uv": [0, 0, 1, 0.5], "texture": "#5"},
				"west": {"uv": [0, 0, 0.5, 0.5], "texture": "#5"},
				"up": {"uv": [0, 0, 1, 0.5], "texture": "#5"},
				"down": {"uv": [0, 0, 1, 0.5], "texture": "#5"}
			}
		},
		{
			"from": [12.5, -1.5, 0.5],
			"to": [13.5, -1, 1],
			"rotation": {"angle": 0, "axis": "y", "origin": [12, 6, 8]},
			"faces": {
				"north": {"uv": [0, 0, 1, 0.5], "texture": "#5"},
				"east": {"uv": [0, 0, 0.5, 0.5], "texture": "#5"},
				"south": {"uv": [0, 0, 1, 0.5], "texture": "#5"},
				"west": {"uv": [0, 0, 0.5, 0.5], "texture": "#5"},
				"up": {"uv": [0, 0, 1, 0.5], "texture": "#5"},
				"down": {"uv": [0, 0, 1, 0.5], "texture": "#5"}
			}
		},
		{
			"from": [4.5, -3, 0.5],
			"to": [5.5, -2.5, 1],
			"rotation": {"angle": 0, "axis": "y", "origin": [4, 4, 8]},
			"faces": {
				"north": {"uv": [0, 0, 1, 0.5], "texture": "#5"},
				"east": {"uv": [0, 0, 0.5, 0.5], "texture": "#5"},
				"south": {"uv": [0, 0, 1, 0.5], "texture": "#5"},
				"west": {"uv": [0, 0, 0.5, 0.5], "texture": "#5"},
				"up": {"uv": [0, 0, 1, 0.5], "texture": "#5"},
				"down": {"uv": [0, 0, 1, 0.5], "texture": "#5"}
			}
		},
		{
			"from": [15, 1, 0.5],
			"to": [18, 2, 1],
			"rotation": {"angle": 0, "axis": "y", "origin": [24, 8, 8]},
			"faces": {
				"north": {"uv": [0, 0, 3, 1], "texture": "#1"},
				"east": {"uv": [0, 0, 0.5, 1], "texture": "#1"},
				"south": {"uv": [0, 0, 3, 1], "texture": "#1"},
				"west": {"uv": [0, 0, 0.5, 1], "texture": "#1"},
				"up": {"uv": [0, 0, 3, 0.5], "texture": "#1"},
				"down": {"uv": [0, 0, 3, 0.5], "texture": "#1"}
			}
		},
		{
			"from": [-2, 1, 0.5],
			"to": [1, 2, 1],
			"faces": {
				"north": {"uv": [0, 0, 3, 1], "texture": "#1"},
				"east": {"uv": [0, 0, 0.5, 1], "texture": "#1"},
				"south": {"uv": [0, 0, 3, 1], "texture": "#1"},
				"west": {"uv": [0, 0, 0.5, 1], "texture": "#1"},
				"up": {"uv": [0, 0, 3, 0.5], "texture": "#1"},
				"down": {"uv": [0, 0, 3, 0.5], "texture": "#1"}
			}
		},
		{
			"from": [-5, 8, 0.5],
			"to": [-3, 9, 1],
			"rotation": {"angle": 0, "axis": "y", "origin": [4, 15, 8]},
			"faces": {
				"north": {"uv": [0, 0, 2, 1], "texture": "#1"},
				"east": {"uv": [0, 0, 0.5, 1], "texture": "#1"},
				"south": {"uv": [0, 0, 2, 1], "texture": "#1"},
				"west": {"uv": [0, 0, 0.5, 1], "texture": "#1"},
				"up": {"uv": [0, 0, 2, 0.5], "texture": "#1"},
				"down": {"uv": [0, 0, 2, 0.5], "texture": "#1"}
			}
		},
		{
			"from": [-6, 8, 0.5],
			"to": [-5, 8.5, 1],
			"rotation": {"angle": 0, "axis": "y", "origin": [3, 15, 8]},
			"faces": {
				"north": {"uv": [0, 0, 1, 0.5], "texture": "#1"},
				"east": {"uv": [0, 0, 0.5, 0.5], "texture": "#1"},
				"south": {"uv": [0, 0, 1, 0.5], "texture": "#1"},
				"west": {"uv": [0, 0, 0.5, 0.5], "texture": "#1"},
				"up": {"uv": [0, 0, 1, 0.5], "texture": "#1"},
				"down": {"uv": [0, 0, 1, 0.5], "texture": "#1"}
			}
		},
		{
			"from": [21, 8, 0.5],
			"to": [22, 8.5, 1],
			"rotation": {"angle": 0, "axis": "y", "origin": [30, 15, 8]},
			"faces": {
				"north": {"uv": [0, 0, 1, 0.5], "texture": "#1"},
				"east": {"uv": [0, 0, 0.5, 0.5], "texture": "#1"},
				"south": {"uv": [0, 0, 1, 0.5], "texture": "#1"},
				"west": {"uv": [0, 0, 0.5, 0.5], "texture": "#1"},
				"up": {"uv": [0, 0, 1, 0.5], "texture": "#1"},
				"down": {"uv": [0, 0, 1, 0.5], "texture": "#1"}
			}
		},
		{
			"from": [19, 8, 0.5],
			"to": [21, 9, 1],
			"rotation": {"angle": 0, "axis": "y", "origin": [28, 15, 8]},
			"faces": {
				"north": {"uv": [0, 0, 2, 1], "texture": "#1"},
				"east": {"uv": [0, 0, 0.5, 1], "texture": "#1"},
				"south": {"uv": [0, 0, 2, 1], "texture": "#1"},
				"west": {"uv": [0, 0, 0.5, 1], "texture": "#1"},
				"up": {"uv": [0, 0, 2, 0.5], "texture": "#1"},
				"down": {"uv": [0, 0, 2, 0.5], "texture": "#1"}
			}
		},
		{
			"from": [-1, 1, 0.5],
			"to": [1, 2, 1],
			"faces": {
				"north": {"uv": [0, 0, 2, 1], "texture": "#1"},
				"east": {"uv": [0, 0, 0.5, 1], "texture": "#1"},
				"south": {"uv": [0, 0, 2, 1], "texture": "#1"},
				"west": {"uv": [0, 0, 0.5, 1], "texture": "#1"},
				"up": {"uv": [0, 0, 2, 0.5], "texture": "#1"},
				"down": {"uv": [0, 0, 2, 0.5], "texture": "#1"}
			}
		},
		{
			"from": [-1, 2, 0.5],
			"to": [0, 3, 1],
			"rotation": {"angle": 0, "axis": "y", "origin": [7, 9, 8]},
			"faces": {
				"north": {"uv": [0, 0, 1, 1], "texture": "#1"},
				"east": {"uv": [0, 0, 0.5, 1], "texture": "#1"},
				"south": {"uv": [0, 0, 1, 1], "texture": "#1"},
				"west": {"uv": [0, 0, 0.5, 1], "texture": "#1"},
				"up": {"uv": [0, 0, 1, 0.5], "texture": "#1"},
				"down": {"uv": [0, 0, 1, 0.5], "texture": "#1"}
			}
		},
		{
			"from": [-1, 5, 0.5],
			"to": [0, 5.5, 1],
			"rotation": {"angle": 0, "axis": "y", "origin": [7, 12, 8]},
			"faces": {
				"north": {"uv": [0, 0, 1, 0.5], "texture": "#1"},
				"east": {"uv": [0, 0, 0.5, 0.5], "texture": "#1"},
				"south": {"uv": [0, 0, 1, 0.5], "texture": "#1"},
				"west": {"uv": [0, 0, 0.5, 0.5], "texture": "#1"},
				"up": {"uv": [0, 0, 1, 0.5], "texture": "#1"},
				"down": {"uv": [0, 0, 1, 0.5], "texture": "#1"}
			}
		},
		{
			"from": [16, 5, 0.5],
			"to": [17, 5.5, 1],
			"rotation": {"angle": 0, "axis": "y", "origin": [24, 12, 8]},
			"faces": {
				"north": {"uv": [0, 0, 1, 0.5], "texture": "#1"},
				"east": {"uv": [0, 0, 0.5, 0.5], "texture": "#1"},
				"south": {"uv": [0, 0, 1, 0.5], "texture": "#1"},
				"west": {"uv": [0, 0, 0.5, 0.5], "texture": "#1"},
				"up": {"uv": [0, 0, 1, 0.5], "texture": "#1"},
				"down": {"uv": [0, 0, 1, 0.5], "texture": "#1"}
			}
		},
		{
			"from": [16, 2, 0.5],
			"to": [17, 3, 1],
			"rotation": {"angle": 0, "axis": "y", "origin": [24, 9, 8]},
			"faces": {
				"north": {"uv": [0, 0, 1, 1], "texture": "#1"},
				"east": {"uv": [0, 0, 0.5, 1], "texture": "#1"},
				"south": {"uv": [0, 0, 1, 1], "texture": "#1"},
				"west": {"uv": [0, 0, 0.5, 1], "texture": "#1"},
				"up": {"uv": [0, 0, 1, 0.5], "texture": "#1"},
				"down": {"uv": [0, 0, 1, 0.5], "texture": "#1"}
			}
		},
		{
			"from": [4, 2, 0.5],
			"to": [12, 5, 1],
			"rotation": {"angle": 0, "axis": "y", "origin": [11, 10, 8]},
			"faces": {
				"north": {"uv": [0, 0, 8, 3], "texture": "#1"},
				"east": {"uv": [0, 0, 0.5, 3], "texture": "#1"},
				"south": {"uv": [0, 0, 8, 3], "texture": "#1"},
				"west": {"uv": [0, 0, 0.5, 3], "texture": "#1"},
				"up": {"uv": [0, 0, 8, 0.5], "texture": "#1"},
				"down": {"uv": [0, 0, 8, 0.5], "texture": "#1"}
			}
		},
		{
			"from": [3, 5, 0.5],
			"to": [13, 8, 1],
			"rotation": {"angle": 0, "axis": "y", "origin": [11, 13, 8]},
			"faces": {
				"north": {"uv": [0, 0, 10, 3], "texture": "#1"},
				"east": {"uv": [0, 0, 0.5, 3], "texture": "#1"},
				"south": {"uv": [0, 0, 10, 3], "texture": "#1"},
				"west": {"uv": [0, 0, 0.5, 3], "texture": "#1"},
				"up": {"uv": [0, 0, 10, 0.5], "texture": "#1"},
				"down": {"uv": [0, 0, 10, 0.5], "texture": "#1"}
			}
		},
		{
			"from": [13, 6, 0.5],
			"to": [16, 7, 1],
			"rotation": {"angle": 0, "axis": "y", "origin": [20, 13, 8]},
			"faces": {
				"north": {"uv": [0, 0, 3, 1], "texture": "#1"},
				"east": {"uv": [0, 0, 0.5, 1], "texture": "#1"},
				"south": {"uv": [0, 0, 3, 1], "texture": "#1"},
				"west": {"uv": [0, 0, 0.5, 1], "texture": "#1"},
				"up": {"uv": [0, 0, 3, 0.5], "texture": "#1"},
				"down": {"uv": [0, 0, 3, 0.5], "texture": "#1"}
			}
		},
		{
			"from": [0, 6, 0.5],
			"to": [3, 7, 1],
			"rotation": {"angle": 0, "axis": "y", "origin": [7, 13, 8]},
			"faces": {
				"north": {"uv": [0, 0, 3, 1], "texture": "#1"},
				"east": {"uv": [0, 0, 0.5, 1], "texture": "#1"},
				"south": {"uv": [0, 0, 3, 1], "texture": "#1"},
				"west": {"uv": [0, 0, 0.5, 1], "texture": "#1"},
				"up": {"uv": [0, 0, 3, 0.5], "texture": "#1"},
				"down": {"uv": [0, 0, 3, 0.5], "texture": "#1"}
			}
		},
		{
			"from": [5, 8, 0.5],
			"to": [11, 9, 1],
			"rotation": {"angle": 0, "axis": "y", "origin": [11, 16, 8]},
			"faces": {
				"north": {"uv": [0, 0, 6, 1], "texture": "#1"},
				"east": {"uv": [0, 0, 0.5, 1], "texture": "#1"},
				"south": {"uv": [0, 0, 6, 1], "texture": "#1"},
				"west": {"uv": [0, 0, 0.5, 1], "texture": "#1"},
				"up": {"uv": [0, 0, 6, 0.5], "texture": "#1"},
				"down": {"uv": [0, 0, 6, 0.5], "texture": "#1"}
			}
		},
		{
			"from": [5, 8, 0.5],
			"to": [5.05, 9, 1],
			"rotation": {"angle": 22.5, "axis": "z", "origin": [5, 16, 8]},
			"faces": {
				"north": {"uv": [0, 0, 0.05, 1], "texture": "#1"},
				"east": {"uv": [0, 0, 0.5, 1], "texture": "#1"},
				"south": {"uv": [0, 0, 0.05, 1], "texture": "#1"},
				"west": {"uv": [0, 0, 0.5, 1], "texture": "#1"},
				"up": {"uv": [0, 0, 0.05, 0.5], "texture": "#1"},
				"down": {"uv": [0, 0, 0.05, 0.5], "texture": "#1"}
			}
		},
		{
			"from": [8, 9, 0.5],
			"to": [8.1, 10, 1],
			"rotation": {"angle": 0, "axis": "z", "origin": [8, 17, 8]},
			"faces": {
				"north": {"uv": [0, 0, 0.1, 1], "texture": "#1"},
				"east": {"uv": [0, 0, 0.5, 1], "texture": "#1"},
				"south": {"uv": [0, 0, 0.1, 1], "texture": "#1"},
				"west": {"uv": [0, 0, 0.5, 1], "texture": "#1"},
				"up": {"uv": [0, 0, 0.1, 0.5], "texture": "#1"},
				"down": {"uv": [0, 0, 0.1, 0.5], "texture": "#1"}
			}
		},
		{
			"from": [0, 2, 0.5],
			"to": [1, 3, 1],
			"rotation": {"angle": 0, "axis": "y", "origin": [0, 9, 8]},
			"faces": {
				"north": {"uv": [0, 0, 1, 1], "texture": "#3"},
				"east": {"uv": [0, 0, 0.5, 1], "texture": "#1"},
				"south": {"uv": [0, 0, 1, 1], "texture": "#1"},
				"west": {"uv": [0, 0, 0.5, 1], "texture": "#1"},
				"up": {"uv": [0, 0, 1, 0.5], "texture": "#1"},
				"down": {"uv": [0, 0, 1, 0.5], "texture": "#1"}
			}
		},
		{
			"from": [1, 2, 0.5],
			"to": [3, 2.5, 1],
			"rotation": {"angle": 0, "axis": "y", "origin": [2, 8, 8]},
			"faces": {
				"north": {"uv": [0, 0, 2, 0.5], "texture": "#3"},
				"east": {"uv": [0, 0, 0.5, 0.5], "texture": "#1"},
				"south": {"uv": [0, 0, 2, 0.5], "texture": "#1"},
				"west": {"uv": [0, 0, 0.5, 0.5], "texture": "#1"},
				"up": {"uv": [0, 0, 2, 0.5], "texture": "#1"},
				"down": {"uv": [0, 0, 2, 0.5], "texture": "#1"}
			}
		},
		{
			"from": [3, 2, 0.5],
			"to": [4, 5, 1],
			"rotation": {"angle": 0, "axis": "y", "origin": [3, 10, 8]},
			"faces": {
				"north": {"uv": [0, 0, 1, 3], "texture": "#3"},
				"east": {"uv": [0, 0, 0.5, 3], "texture": "#1"},
				"south": {"uv": [0, 0, 1, 3], "texture": "#1"},
				"west": {"uv": [0, 0, 0.5, 3], "texture": "#1"},
				"up": {"uv": [0, 0, 1, 0.5], "texture": "#1"},
				"down": {"uv": [0, 0, 1, 0.5], "texture": "#1"}
			}
		},
		{
			"from": [2, 4, 0.5],
			"to": [3, 6, 1],
			"rotation": {"angle": 0, "axis": "y", "origin": [2, 11, 8]},
			"faces": {
				"north": {"uv": [0, 0, 1, 2], "texture": "#3"},
				"east": {"uv": [0, 0, 0.5, 2], "texture": "#1"},
				"south": {"uv": [0, 0, 1, 2], "texture": "#1"},
				"west": {"uv": [0, 0, 0.5, 2], "texture": "#1"},
				"up": {"uv": [0, 0, 1, 0.5], "texture": "#1"},
				"down": {"uv": [0, 0, 1, 0.5], "texture": "#1"}
			}
		},
		{
			"from": [0, 5, 0.5],
			"to": [2, 6, 1],
			"rotation": {"angle": 0, "axis": "y", "origin": [1, 11, 8]},
			"faces": {
				"north": {"uv": [0, 0, 2, 1], "texture": "#3"},
				"east": {"uv": [0, 0, 0.5, 1], "texture": "#1"},
				"south": {"uv": [0, 0, 2, 1], "texture": "#1"},
				"west": {"uv": [0, 0, 0.5, 1], "texture": "#1"},
				"up": {"uv": [0, 0, 2, 0.5], "texture": "#1"},
				"down": {"uv": [0, 0, 2, 0.5], "texture": "#1"}
			}
		},
		{
			"from": [-1, 3, 0.5],
			"to": [0, 5, 1],
			"rotation": {"angle": 0, "axis": "y", "origin": [-1, 10, 8]},
			"faces": {
				"north": {"uv": [0, 0, 1, 2], "texture": "#3"},
				"east": {"uv": [0, 0, 0.5, 2], "texture": "#1"},
				"south": {"uv": [0, 0, 1, 2], "texture": "#1"},
				"west": {"uv": [0, 0, 0.5, 2], "texture": "#1"},
				"up": {"uv": [0, 0, 1, 0.5], "texture": "#1"},
				"down": {"uv": [0, 0, 1, 0.5], "texture": "#1"}
			}
		},
		{
			"from": [0.5, 4.25, 0.5],
			"to": [0.75, 4.5, 1],
			"rotation": {"angle": 0, "axis": "y", "origin": [0, 11, 8]},
			"faces": {
				"north": {"uv": [3, 1, 3.25, 1.25], "texture": "#5"},
				"east": {"uv": [0, 0, 0.5, 0.25], "texture": "#5"},
				"south": {"uv": [0, 0, 0.25, 0.25], "texture": "#5"},
				"west": {"uv": [0, 0, 0.5, 0.25], "texture": "#5"},
				"up": {"uv": [0, 0, 0.25, 0.5], "texture": "#5"},
				"down": {"uv": [0, 0, 0.25, 0.5], "texture": "#5"}
			}
		},
		{
			"from": [15.25, 4.25, 0.5],
			"to": [15.5, 4.5, 1],
			"rotation": {"angle": 0, "axis": "y", "origin": [16, 11, 8]},
			"faces": {
				"north": {"uv": [3.25, 1, 3, 1.25], "texture": "#5"},
				"east": {"uv": [0.5, 0, 0, 0.25], "texture": "#5"},
				"south": {"uv": [0.25, 0, 0, 0.25], "texture": "#5"},
				"west": {"uv": [0.5, 0, 0, 0.25], "texture": "#5"},
				"up": {"uv": [0.25, 0, 0, 0.5], "texture": "#5"},
				"down": {"uv": [0.25, 0, 0, 0.5], "texture": "#5"}
			}
		},
		{
			"from": [0, 2, 0.6],
			"to": [3, 5, 1],
			"rotation": {"angle": 0, "axis": "y", "origin": [2, 10, 8]},
			"faces": {
				"north": {"uv": [0, 0, 3, 3], "texture": "#4"},
				"east": {"uv": [0, 0, 0.4, 3], "texture": "#4"},
				"south": {"uv": [0, 0, 3, 3], "texture": "#4"},
				"west": {"uv": [0, 0, 0.4, 3], "texture": "#4"},
				"up": {"uv": [0, 0, 3, 0.4], "texture": "#4"},
				"down": {"uv": [0, 0, 3, 0.4], "texture": "#4"}
			}
		},
		{
			"from": [1, 2, 1],
			"to": [2, 4, 14],
			"rotation": {"angle": 0, "axis": "y", "origin": [9, 11, 9]},
			"faces": {
				"north": {"uv": [0, 0, 1, 2], "texture": "#0"},
				"east": {"uv": [0, 0, 13, 2], "texture": "#0"},
				"south": {"uv": [0, 0, 1, 2], "texture": "#0"},
				"west": {"uv": [0, 0, 13, 2], "texture": "#0"},
				"up": {"uv": [0, 0, 1, 13], "texture": "#0"},
				"down": {"uv": [0, 0, 1, 13], "texture": "#0"}
			}
		},
		{
			"from": [14, 2, 1],
			"to": [15, 4, 14],
			"rotation": {"angle": 0, "axis": "y", "origin": [22, 11, 9]},
			"faces": {
				"north": {"uv": [0, 0, 1, 2], "texture": "#0"},
				"east": {"uv": [0, 0, 13, 2], "texture": "#0"},
				"south": {"uv": [0, 0, 1, 2], "texture": "#0"},
				"west": {"uv": [0, 0, 13, 2], "texture": "#0"},
				"up": {"uv": [0, 0, 1, 13], "texture": "#0"},
				"down": {"uv": [0, 0, 1, 13], "texture": "#0"}
			}
		},
		{
			"from": [2, 2, 13],
			"to": [14, 4, 14],
			"rotation": {"angle": 0, "axis": "y", "origin": [22, 11, 9]},
			"faces": {
				"north": {"uv": [0, 0, 12, 2], "texture": "#0"},
				"east": {"uv": [0, 0, 1, 2], "texture": "#0"},
				"south": {"uv": [0, 0, 12, 2], "texture": "#0"},
				"west": {"uv": [0, 0, 1, 2], "texture": "#0"},
				"up": {"uv": [0, 0, 12, 1], "texture": "#0"},
				"down": {"uv": [0, 0, 12, 1], "texture": "#0"}
			}
		},
		{
			"from": [15, 2, 0.5],
			"to": [16, 3, 1],
			"rotation": {"angle": 0, "axis": "y", "origin": [16, 9, 8]},
			"faces": {
				"north": {"uv": [1, 0, 2, 1], "texture": "#3"},
				"east": {"uv": [0.5, 0, 1, 1], "texture": "#1"},
				"south": {"uv": [1, 0, 2, 1], "texture": "#1"},
				"west": {"uv": [0.5, 0, 1, 1], "texture": "#1"},
				"up": {"uv": [1, 0, 2, 0.5], "texture": "#1"},
				"down": {"uv": [1, 0, 2, 0.5], "texture": "#1"}
			}
		},
		{
			"from": [13, 2, 0.5],
			"to": [15, 2.5, 1],
			"rotation": {"angle": 0, "axis": "y", "origin": [14, 8, 8]},
			"faces": {
				"north": {"uv": [2, 0, 4, 0.5], "texture": "#3"},
				"east": {"uv": [0.5, 0, 1, 0.5], "texture": "#1"},
				"south": {"uv": [2, 0, 4, 0.5], "texture": "#1"},
				"west": {"uv": [0.5, 0, 1, 0.5], "texture": "#1"},
				"up": {"uv": [2, 0, 4, 0.5], "texture": "#1"},
				"down": {"uv": [2, 0, 4, 0.5], "texture": "#1"}
			}
		},
		{
			"from": [12, 2, 0.5],
			"to": [13, 5, 1],
			"rotation": {"angle": 0, "axis": "y", "origin": [13, 10, 8]},
			"faces": {
				"north": {"uv": [1, 0, 0, 3], "texture": "#3"},
				"east": {"uv": [0.5, 0, 0, 3], "texture": "#1"},
				"south": {"uv": [1, 0, 0, 3], "texture": "#1"},
				"west": {"uv": [0.5, 0, 0, 3], "texture": "#1"},
				"up": {"uv": [1, 0, 0, 0.5], "texture": "#1"},
				"down": {"uv": [1, 0, 0, 0.5], "texture": "#1"}
			}
		},
		{
			"from": [13, 4, 0.5],
			"to": [14, 6, 1],
			"rotation": {"angle": 0, "axis": "y", "origin": [14, 11, 8]},
			"faces": {
				"north": {"uv": [1, 0, 0, 2], "texture": "#3"},
				"east": {"uv": [0.5, 0, 0, 2], "texture": "#1"},
				"south": {"uv": [1, 0, 0, 2], "texture": "#1"},
				"west": {"uv": [0.5, 0, 0, 2], "texture": "#1"},
				"up": {"uv": [1, 0, 0, 0.5], "texture": "#1"},
				"down": {"uv": [1, 0, 0, 0.5], "texture": "#1"}
			}
		},
		{
			"from": [14, 5, 0.5],
			"to": [16, 6, 1],
			"rotation": {"angle": 0, "axis": "y", "origin": [15, 11, 8]},
			"faces": {
				"north": {"uv": [2, 0, 0, 1], "texture": "#3"},
				"east": {"uv": [0.5, 0, 0, 1], "texture": "#1"},
				"south": {"uv": [2, 0, 0, 1], "texture": "#1"},
				"west": {"uv": [0.5, 0, 0, 1], "texture": "#1"},
				"up": {"uv": [2, 0, 0, 0.5], "texture": "#1"},
				"down": {"uv": [2, 0, 0, 0.5], "texture": "#1"}
			}
		},
		{
			"from": [16, 3, 0.5],
			"to": [17, 5, 1],
			"rotation": {"angle": 0, "axis": "y", "origin": [17, 10, 8]},
			"faces": {
				"north": {"uv": [1, 0, 0, 2], "texture": "#3"},
				"east": {"uv": [0.5, 0, 0, 2], "texture": "#1"},
				"south": {"uv": [1, 0, 0, 2], "texture": "#1"},
				"west": {"uv": [0.5, 0, 0, 2], "texture": "#1"},
				"up": {"uv": [1, 0, 0, 0.5], "texture": "#1"},
				"down": {"uv": [1, 0, 0, 0.5], "texture": "#1"}
			}
		},
		{
			"from": [13, 2, 0.6],
			"to": [16, 5, 1],
			"rotation": {"angle": 0, "axis": "y", "origin": [14, 10, 8]},
			"faces": {
				"north": {"uv": [3, 0, 6, 3], "texture": "#4"},
				"east": {"uv": [0.4, 0, 0.8, 3], "texture": "#4"},
				"south": {"uv": [3, 0, 6, 3], "texture": "#4"},
				"west": {"uv": [0.4, 0, 0.8, 3], "texture": "#4"},
				"up": {"uv": [3, 0, 6, 0.4], "texture": "#4"},
				"down": {"uv": [3, 0, 6, 0.4], "texture": "#4"}
			}
		}
	],
	"display": {
		"thirdperson_righthand": {
			"scale": [0.4, 0.4, 0.2125]
		},
		"thirdperson_lefthand": {
			"scale": [0.4, 0.4, 0.2125]
		},
		"firstperson_righthand": {
			"rotation": [9, 19, 0],
			"translation": [6, 0, 0],
			"scale": [0.7, 0.7, 0.7]
		},
		"firstperson_lefthand": {
			"rotation": [9, 19, 0],
			"translation": [6, 0, 0],
			"scale": [0.7, 0.7, 0.7]
		},
		"ground": {
			"rotation": [27, 0, 0],
			"translation": [0, 2, 0],
			"scale": [0.7, 0.7, 0.7]
		},
		"gui": {
			"rotation": [16, 157, 0],
			"translation": [2, 5.25, 0],
			"scale": [0.7, 0.7, 0.7]
		},
		"head": {
			"translation": [0, 5.25, 0.75]
		},
		"fixed": {
			"rotation": [-66, 0, 0],
			"translation": [0, -2.5, -6.5]
		}
	},
	"groups": [
		{
			"name": "Nose",
			"origin": [15, 9, 8],
			"children": [0, 1, 2, 3, 4]
		},
		{
			"name": "face",
			"origin": [11, 8, 8],
			"children": [5, 6, 7, 8, 9, 10, 11, 12, 13, 14, 15, 16, 17, 18, 19, 20, 21, 22, 23, 24, 25, 26, 27, 28, 29, 30, 31, 32, 33, 34, 35, 36, 37, 38, 39, 40, 41, 42, 43, 44, 45, 46, 47, 48, 49, 50, 51, 52, 53, 54, 55, 56, 57, 58, 59, 60, 61, 62, 63]
		},
		{
			"name": "eye",
			"origin": [2, 10, 8],
			"children": [64, 65, 66, 67, 68, 69, 70, 71, 72, 73, 74, 75]
		},
		{
			"name": "eye",
			"origin": [2, 10, 8],
			"children": [76, 77, 78, 79, 80, 81, 82]
		}
	]
}