{
	"credit": "Credit:  Ontvlambaar",
	"textures": {
		"texture": "block/black_terracotta",
		"texture1": "block/spruce_planks"
	},
	"elements": [
		{
			"from": [7.25, 1.5, 15.5],
			"to": [8.75, 3, 16.5],
			"faces": {
				"north": {"uv": [7.25, 13, 8.75, 14.5], "texture": "#texture"},
				"east": {"uv": [0.5, 13, 1.5, 14.5], "texture": "#texture"},
				"south": {"uv": [7.25, 13, 8.75, 14.5], "texture": "#texture"},
				"west": {"uv": [14.5, 13, 15.5, 14.5], "texture": "#texture"},
				"up": {"uv": [7.25, 14.5, 8.75, 15.5], "texture": "#texture"},
				"down": {"uv": [7.25, 0.5, 8.75, 1.5], "texture": "#texture"}
			}
		},
		{
			"from": [7.25, 2.5, 15],
			"to": [8.75, 4, 16],
			"faces": {
				"north": {"uv": [7.25, 12, 8.75, 13.5], "texture": "#texture"},
				"east": {"uv": [1, 12, 2, 13.5], "texture": "#texture"},
				"south": {"uv": [7.25, 12, 8.75, 13.5], "texture": "#texture"},
				"west": {"uv": [14, 12, 15, 13.5], "texture": "#texture"},
				"up": {"uv": [7.25, 14, 8.75, 15], "texture": "#texture"},
				"down": {"uv": [7.25, 1, 8.75, 2], "texture": "#texture"}
			}
		},
		{
			"from": [7.25, 3.5, 14.5],
			"to": [8.75, 5, 15.5],
			"faces": {
				"north": {"uv": [7.25, 11, 8.75, 12.5], "texture": "#texture"},
				"east": {"uv": [1.5, 11, 2.5, 12.5], "texture": "#texture"},
				"south": {"uv": [7.25, 11, 8.75, 12.5], "texture": "#texture"},
				"west": {"uv": [13.5, 11, 14.5, 12.5], "texture": "#texture"},
				"up": {"uv": [7.25, 13.5, 8.75, 14.5], "texture": "#texture"},
				"down": {"uv": [7.25, 1.5, 8.75, 2.5], "texture": "#texture"}
			}
		},
		{
			"from": [7.25, 4.5, 12.5],
			"to": [8.75, 6, 15],
			"faces": {
				"north": {"uv": [7.25, 10, 8.75, 11.5], "texture": "#texture"},
				"east": {"uv": [2, 10, 4.5, 11.5], "texture": "#texture"},
				"south": {"uv": [7.25, 10, 8.75, 11.5], "texture": "#texture"},
				"west": {"uv": [11.5, 10, 14, 11.5], "texture": "#texture"},
				"up": {"uv": [7.25, 11.5, 8.75, 14], "texture": "#texture"},
				"down": {"uv": [7.25, 2, 8.75, 4.5], "texture": "#texture"}
			}
		},
		{
			"from": [7.5, 3.5, 6],
			"to": [8.5, 4, 12],
			"faces": {
				"north": {"uv": [7.5, 12, 8.5, 12.5], "texture": "#texture"},
				"east": {"uv": [4, 12, 10, 12.5], "texture": "#texture"},
				"south": {"uv": [7.5, 12, 8.5, 12.5], "texture": "#texture"},
				"west": {"uv": [6, 12, 12, 12.5], "texture": "#texture"},
				"up": {"uv": [7.5, 6, 8.5, 12], "texture": "#texture"},
				"down": {"uv": [7.5, 4, 8.5, 10], "texture": "#texture"}
			}
		},
		{
			"from": [7.5, 4, 5.5],
			"to": [8.5, 4.5, 9.5],
			"faces": {
				"north": {"uv": [7.5, 11.5, 8.5, 12], "texture": "#texture"},
				"east": {"uv": [6.5, 11.5, 10.5, 12], "texture": "#texture"},
				"south": {"uv": [7.5, 11.5, 8.5, 12], "texture": "#texture"},
				"west": {"uv": [5.5, 11.5, 9.5, 12], "texture": "#texture"},
				"up": {"uv": [7.5, 5.5, 8.5, 9.5], "texture": "#texture"},
				"down": {"uv": [7.5, 6.5, 8.5, 10.5], "texture": "#texture"}
			}
		},
		{
			"from": [7.5, 4.5, 1.5],
			"to": [8.5, 5, 9],
			"faces": {
				"north": {"uv": [7.5, 10, 8.5, 10.5], "texture": "#texture"},
				"east": {"uv": [7, 10, 14.5, 10.5], "texture": "#texture"},
				"south": {"uv": [7.5, 10, 8.5, 10.5], "texture": "#texture"},
				"west": {"uv": [1.5, 10, 9, 10.5], "texture": "#texture"},
				"up": {"uv": [7.5, 1.5, 8.5, 9], "texture": "#texture"},
				"down": {"uv": [7.5, 7, 8.5, 14.5], "texture": "#texture"}
			}
		},
		{
			"from": [7, 6, 7.5],
			"to": [9, 6.5, 14.5],
			"faces": {
				"north": {"uv": [7, 9.5, 9, 10], "texture": "#texture"},
				"east": {"uv": [1.5, 9.5, 8.5, 10], "texture": "#texture"},
				"south": {"uv": [7, 9.5, 9, 10], "texture": "#texture"},
				"west": {"uv": [7.5, 9.5, 14.5, 10], "texture": "#texture"},
				"up": {"uv": [7, 7.5, 9, 14.5], "texture": "#texture"},
				"down": {"uv": [7, 1.5, 9, 8.5], "texture": "#texture"}
			}
		},
		{
			"from": [7.25, 1, 15],
			"to": [8.75, 1.5, 16],
			"faces": {
				"north": {"uv": [7.25, 14.5, 8.75, 15], "texture": "#texture"},
				"east": {"uv": [1, 14.5, 2, 15], "texture": "#texture"},
				"south": {"uv": [7.25, 14.5, 8.75, 15], "texture": "#texture"},
				"west": {"uv": [14, 14.5, 15, 15], "texture": "#texture"},
				"up": {"uv": [7.25, 14, 8.75, 15], "texture": "#texture"},
				"down": {"uv": [7.25, 1, 8.75, 2], "texture": "#texture"}
			}
		},
		{
			"from": [7.25, 1.5, 14.5],
			"to": [8.75, 2.5, 15.5],
			"faces": {
				"north": {"uv": [7.25, 13.5, 8.75, 14.5], "texture": "#texture1"},
				"east": {"uv": [1.5, 13.5, 2.5, 14.5], "texture": "#texture1"},
				"south": {"uv": [7.25, 13.5, 8.75, 14.5], "texture": "#texture1"},
				"west": {"uv": [13.5, 13.5, 14.5, 14.5], "texture": "#texture1"},
				"up": {"uv": [7.25, 13.5, 8.75, 14.5], "texture": "#texture1"},
				"down": {"uv": [7.25, 1.5, 8.75, 2.5], "texture": "#texture1"}
			}
		},
		{
			"from": [7.25, 2, 14],
			"to": [8.75, 3.5, 15],
			"faces": {
				"north": {"uv": [7.25, 12.5, 8.75, 14], "texture": "#texture1"},
				"east": {"uv": [1, 12.5, 2, 14], "texture": "#texture1"},
				"south": {"uv": [7.25, 12.5, 8.75, 14], "texture": "#texture1"},
				"west": {"uv": [14, 12.5, 15, 14], "texture": "#texture1"},
				"up": {"uv": [7.25, 14, 8.75, 15], "texture": "#texture1"},
				"down": {"uv": [7.25, 1, 8.75, 2], "texture": "#texture1"}
			}
		},
		{
			"from": [7.25, 3, 13.5],
			"to": [8.75, 4.5, 14.5],
			"faces": {
				"north": {"uv": [7.25, 11.5, 8.75, 13], "texture": "#texture1"},
				"east": {"uv": [2.5, 11.5, 3.5, 13], "texture": "#texture1"},
				"south": {"uv": [7.25, 11.5, 8.75, 13], "texture": "#texture1"},
				"west": {"uv": [12.5, 11.5, 13.5, 13], "texture": "#texture1"},
				"up": {"uv": [7.25, 12.5, 8.75, 13.5], "texture": "#texture1"},
				"down": {"uv": [7.25, 2.5, 8.75, 3.5], "texture": "#texture1"}
			}
		},
		{
			"from": [8, 5, 11.5],
			"to": [8.5, 5.5, 12],
			"faces": {
				"north": {"uv": [7.75, 9.75, 8.25, 10.25], "texture": "#texture1"},
				"east": {"uv": [4.5, 9.75, 5, 10.25], "texture": "#texture1"},
				"south": {"uv": [7.75, 9.75, 8.25, 10.25], "texture": "#texture1"},
				"west": {"uv": [11, 9.75, 11.5, 10.25], "texture": "#texture1"},
				"up": {"uv": [7.75, 11, 8.25, 11.5], "texture": "#texture1"},
				"down": {"uv": [7.75, 4.5, 8.25, 5], "texture": "#texture1"}
			}
		},
		{
			"from": [8, 4.5, 11],
			"to": [8.5, 5, 11.5],
			"faces": {
				"north": {"uv": [7.5, 11, 8, 11.5], "texture": "#texture1"},
				"east": {"uv": [4.5, 11, 5, 11.5], "texture": "#texture1"},
				"south": {"uv": [8, 11, 8.5, 11.5], "texture": "#texture1"},
				"west": {"uv": [11, 11, 11.5, 11.5], "texture": "#texture1"},
				"up": {"uv": [8, 11, 8.5, 11.5], "texture": "#texture1"},
				"down": {"uv": [8, 4.5, 8.5, 5], "texture": "#texture1"}
			}
		},
		{
			"from": [7.5, 6.5, -5],
			"to": [8.5, 8.5, 8.5],
			"faces": {
				"north": {"uv": [7.5, 7.5, 8.5, 9.5], "texture": "#texture1"},
				"east": {"uv": [7.5, 7.5, 16, 9.5], "texture": "#texture1"},
				"south": {"uv": [7.5, 7.5, 8.5, 9.5], "texture": "#texture1"},
				"west": {"uv": [0, 7.5, 8.5, 9.5], "texture": "#texture1"},
				"up": {"uv": [7.5, 0, 8.5, 8.5], "texture": "#texture1"},
				"down": {"uv": [7.5, 7.5, 8.5, 16], "texture": "#texture1"}
			}
		},
		{
			"from": [7, 7, -4.5],
			"to": [9, 8, 8.5],
			"faces": {
				"north": {"uv": [7, 8, 9, 9], "texture": "#texture1"},
				"east": {"uv": [7.5, 8, 16, 9], "texture": "#texture1"},
				"south": {"uv": [7, 8, 9, 9], "texture": "#texture1"},
				"west": {"uv": [0, 8, 8.5, 9], "texture": "#texture1"},
				"up": {"uv": [7, 0, 9, 8.5], "texture": "#texture1"},
				"down": {"uv": [7, 7.5, 9, 16], "texture": "#texture1"}
			}
		},
		{
			"from": [7.5, 6.5, 8.5],
			"to": [8.5, 8.5, 9],
			"faces": {
				"north": {"uv": [7.5, 7.5, 8.5, 9.5], "texture": "#texture"},
				"east": {"uv": [7, 7.5, 7.5, 9.5], "texture": "#texture"},
				"south": {"uv": [7.5, 7.5, 8.5, 9.5], "texture": "#texture"},
				"west": {"uv": [8.5, 7.5, 9, 9.5], "texture": "#texture"},
				"up": {"uv": [7.5, 8.5, 8.5, 9], "texture": "#texture"},
				"down": {"uv": [7.5, 7, 8.5, 7.5], "texture": "#texture"}
			}
		},
		{
			"from": [7, 7, 8.5],
			"to": [9, 8, 9],
			"faces": {
				"north": {"uv": [7, 8, 9, 9], "texture": "#texture"},
				"east": {"uv": [7, 8, 7.5, 9], "texture": "#texture"},
				"south": {"uv": [7, 8, 9, 9], "texture": "#texture"},
				"west": {"uv": [8.5, 8, 9, 9], "texture": "#texture"},
				"up": {"uv": [7, 8.5, 9, 9], "texture": "#texture"},
				"down": {"uv": [7, 7, 9, 7.5], "texture": "#texture"}
			}
		},
		{
			"from": [7, 6.5, 9],
			"to": [9, 8.5, 11],
			"faces": {
				"north": {"uv": [7, 7.5, 9, 9.5], "texture": "#texture"},
				"east": {"uv": [5, 7.5, 7, 9.5], "texture": "#texture"},
				"south": {"uv": [7, 7.5, 9, 9.5], "texture": "#texture"},
				"west": {"uv": [9, 7.5, 11, 9.5], "texture": "#texture"},
				"up": {"uv": [7, 9, 9, 11], "texture": "#texture"},
				"down": {"uv": [7, 5, 9, 7], "texture": "#texture"}
			}
		},
		{
			"from": [7.5, 7, 9],
			"to": [8.5, 9, 14],
			"faces": {
				"north": {"uv": [7.5, 7, 8.5, 9], "texture": "#texture"},
				"east": {"uv": [2, 7, 7, 9], "texture": "#texture"},
				"south": {"uv": [7.5, 7, 8.5, 9], "texture": "#texture"},
				"west": {"uv": [9, 7, 14, 9], "texture": "#texture"},
				"up": {"uv": [7.5, 9, 8.5, 14], "texture": "#texture"},
				"down": {"uv": [7.5, 2, 8.5, 7], "texture": "#texture"}
			}
		},
		{
			"from": [7, 6.5, 11],
			"to": [9, 8.5, 14],
			"faces": {
				"north": {"uv": [7, 7.5, 9, 9.5], "texture": "#texture1"},
				"east": {"uv": [2, 7.5, 5, 9.5], "texture": "#texture1"},
				"south": {"uv": [7, 7.5, 9, 9.5], "texture": "#texture1"},
				"west": {"uv": [11, 7.5, 14, 9.5], "texture": "#texture1"},
				"up": {"uv": [7, 11, 9, 14], "texture": "#texture1"},
				"down": {"uv": [7, 2, 9, 5], "texture": "#texture1"}
			}
		},
		{
			"from": [7, 8.5, 10.5],
			"to": [7.5, 9, 13.5],
			"faces": {
				"north": {"uv": [8.5, 7, 9, 7.5], "texture": "#texture1"},
				"east": {"uv": [2.5, 7, 5.5, 7.5], "texture": "#texture1"},
				"south": {"uv": [7, 7, 7.5, 7.5], "texture": "#texture1"},
				"west": {"uv": [10.5, 7, 13.5, 7.5], "texture": "#texture1"},
				"up": {"uv": [7, 10.5, 7.5, 13.5], "texture": "#texture1"},
				"down": {"uv": [7, 2.5, 7.5, 5.5], "texture": "#texture1"}
			}
		},
		{
			"from": [8.5, 8.5, 10.5],
			"to": [9, 9, 13.5],
			"faces": {
				"north": {"uv": [7, 7, 7.5, 7.5], "texture": "#texture1"},
				"east": {"uv": [2.5, 7, 5.5, 7.5], "texture": "#texture1"},
				"south": {"uv": [8.5, 7, 9, 7.5], "texture": "#texture1"},
				"west": {"uv": [10.5, 7, 13.5, 7.5], "texture": "#texture1"},
				"up": {"uv": [8.5, 10.5, 9, 13.5], "texture": "#texture1"},
				"down": {"uv": [8.5, 2.5, 9, 5.5], "texture": "#texture1"}
			}
		},
		{
			"from": [7, 7, -11.5],
			"to": [9, 8, -9],
			"faces": {
				"north": {"uv": [7, 8, 9, 9], "texture": "#texture"},
				"east": {"uv": [9, 8, 11.5, 9], "texture": "#texture"},
				"south": {"uv": [7, 8, 9, 9], "texture": "#texture"},
				"west": {"uv": [4.5, 8, 7, 9], "texture": "#texture"},
				"up": {"uv": [7, 4.5, 9, 7], "texture": "#texture"},
				"down": {"uv": [7, 9, 9, 11.5], "texture": "#texture"}
			}
		},
		{
			"from": [7.5, 6.5, -11.5],
			"to": [8.5, 8.5, -9],
			"faces": {
				"north": {"uv": [7.5, 7.5, 8.5, 9.5], "texture": "#texture"},
				"east": {"uv": [7.5, 7.5, 10, 9.5], "texture": "#texture"},
				"south": {"uv": [7.5, 7.5, 8.5, 9.5], "texture": "#texture"},
				"west": {"uv": [6, 7.5, 8.5, 9.5], "texture": "#texture"},
				"up": {"uv": [7.5, 6, 8.5, 8.5], "texture": "#texture"},
				"down": {"uv": [7.5, 7.5, 8.5, 10], "texture": "#texture"}
			}
		},
		{
			"from": [7.5, 7, -9.5],
			"to": [8.5, 8, 0.5],
			"faces": {
				"north": {"uv": [7.5, 8, 8.5, 9], "texture": "#texture1"},
				"east": {"uv": [15.5, 8, 16, 9], "texture": "#texture1"},
				"south": {"uv": [7.5, 8, 8.5, 9], "texture": "#texture1"},
				"west": {"uv": [0, 8, 0.5, 9], "texture": "#texture1"},
				"up": {"uv": [7.5, 0, 8.5, 0.5], "texture": "#texture1"},
				"down": {"uv": [7.5, 15.5, 8.5, 16], "texture": "#texture1"}
			}
		},
		{
			"from": [7.5, 9, 11.5],
			"to": [8.5, 10, 12],
			"faces": {
				"north": {"uv": [7.5, 6, 8.5, 7], "texture": "#texture"},
				"east": {"uv": [4, 6, 4.5, 7], "texture": "#texture"},
				"south": {"uv": [7.5, 6, 8.5, 7], "texture": "#texture"},
				"west": {"uv": [11.5, 6, 12, 7], "texture": "#texture"},
				"up": {"uv": [7.5, 11.5, 8.5, 12], "texture": "#texture"},
				"down": {"uv": [7.5, 4, 8.5, 4.5], "texture": "#texture"}
			}
		},
		{
			"from": [7.5, 9, 13.5],
			"to": [8.5, 10, 14],
			"faces": {
				"north": {"uv": [7.5, 6, 8.5, 7], "texture": "#texture"},
				"east": {"uv": [2, 6, 2.5, 7], "texture": "#texture"},
				"south": {"uv": [7.5, 6, 8.5, 7], "texture": "#texture"},
				"west": {"uv": [13.5, 6, 14, 7], "texture": "#texture"},
				"up": {"uv": [7.5, 13.5, 8.5, 14], "texture": "#texture"},
				"down": {"uv": [7.5, 2, 8.5, 2.5], "texture": "#texture"}
			}
		},
		{
			"from": [7.5, 9.5, 12],
			"to": [8.5, 10, 13.5],
			"faces": {
				"north": {"uv": [7.5, 6, 8.5, 6.5], "texture": "#texture"},
				"east": {"uv": [2.5, 6, 4, 6.5], "texture": "#texture"},
				"south": {"uv": [7.5, 6, 8.5, 6.5], "texture": "#texture"},
				"west": {"uv": [12, 6, 13.5, 6.5], "texture": "#texture"},
				"up": {"uv": [7.5, 12, 8.5, 13.5], "texture": "#texture"},
				"down": {"uv": [7.5, 2.5, 8.5, 4], "texture": "#texture"}
			}
		},
		{
			"from": [7.5, 10, 12],
			"to": [8.5, 11, 13.5],
			"faces": {
				"north": {"uv": [7.5, 5, 8.5, 6], "texture": "#texture"},
				"east": {"uv": [2.5, 5, 4, 6], "texture": "#texture"},
				"south": {"uv": [7.5, 5, 8.5, 6], "texture": "#texture"},
				"west": {"uv": [12, 5, 13.5, 6], "texture": "#texture"},
				"up": {"uv": [7.5, 12, 8.5, 13.5], "texture": "#texture"},
				"down": {"uv": [7.5, 2.5, 8.5, 4], "texture": "#texture"}
			}
		},
		{
			"from": [7.5, 10, 10],
			"to": [8.5, 11, 12],
			"faces": {
				"north": {"uv": [7.5, 5, 8.5, 6], "texture": "#texture1"},
				"east": {"uv": [4, 5, 6, 6], "texture": "#texture1"},
				"south": {"uv": [7.5, 5, 8.5, 6], "texture": "#texture1"},
				"west": {"uv": [10, 5, 12, 6], "texture": "#texture1"},
				"up": {"uv": [7.5, 10, 8.5, 12], "texture": "#texture1"},
				"down": {"uv": [7.5, 4, 8.5, 6], "texture": "#texture1"}
			}
		},
		{
			"from": [7.5, 10, 9.5],
			"to": [8.5, 11, 10],
			"faces": {
				"north": {"uv": [7.5, 5, 8.5, 6], "texture": "#texture1"},
				"east": {"uv": [6, 5, 6.5, 6], "texture": "#texture1"},
				"south": {"uv": [7.5, 5, 8.5, 6], "texture": "#texture1"},
				"west": {"uv": [9.5, 5, 10, 6], "texture": "#texture1"},
				"up": {"uv": [7.5, 9.5, 8.5, 10], "texture": "#texture1"},
				"down": {"uv": [7.5, 6, 8.5, 6.5], "texture": "#texture1"}
			}
		},
		{
			"from": [7.75, 11, 12.5],
			"to": [8.25, 11.5, 13],
			"faces": {
				"north": {"uv": [7.75, 4.5, 8.25, 5], "texture": "#texture1"},
				"east": {"uv": [3, 4.5, 3.5, 5], "texture": "#texture1"},
				"south": {"uv": [7.75, 4.5, 8.25, 5], "texture": "#texture1"},
				"west": {"uv": [12.5, 4.5, 13, 5], "texture": "#texture1"},
				"up": {"uv": [7.75, 12.5, 8.25, 13], "texture": "#texture1"},
				"down": {"uv": [7.75, 3, 8.25, 3.5], "texture": "#texture1"}
			}
		},
		{
			"from": [7.5, 10, 13.5],
			"to": [8.5, 11, 15.5],
			"faces": {
				"north": {"uv": [7.5, 5, 8.5, 6], "texture": "#texture1"},
				"east": {"uv": [0.5, 5, 2.5, 6], "texture": "#texture1"},
				"south": {"uv": [7.5, 5, 8.5, 6], "texture": "#texture1"},
				"west": {"uv": [13.5, 5, 15.5, 6], "texture": "#texture1"},
				"up": {"uv": [7.5, 13.5, 8.5, 15.5], "texture": "#texture1"},
				"down": {"uv": [7.5, 0.5, 8.5, 2.5], "texture": "#texture1"}
			}
		},
		{
			"from": [7.5, 10, 15.5],
			"to": [8.5, 11, 16],
			"faces": {
				"north": {"uv": [7.5, 5, 8.5, 6], "texture": "#texture"},
				"east": {"uv": [0, 5, 0.5, 6], "texture": "#texture"},
				"south": {"uv": [7.5, 5, 8.5, 6], "texture": "#texture"},
				"west": {"uv": [15.5, 5, 16, 6], "texture": "#texture"},
				"up": {"uv": [7.5, 15.5, 8.5, 16], "texture": "#texture"},
				"down": {"uv": [7.5, 0, 8.5, 0.5], "texture": "#texture"}
			}
		},
		{
			"from": [7, 7, 14],
			"to": [9, 8, 16.5],
			"faces": {
				"north": {"uv": [7, 8, 9, 9], "texture": "#texture"},
				"east": {"uv": [0, 8, 2, 9], "texture": "#texture"},
				"south": {"uv": [7, 8, 9, 9], "texture": "#texture"},
				"west": {"uv": [14, 8, 16, 9], "texture": "#texture"},
				"up": {"uv": [7, 14, 9, 16], "texture": "#texture"},
				"down": {"uv": [7, 0, 9, 2], "texture": "#texture"}
			}
		},
		{
			"from": [7.5, 6.5, 14],
			"to": [8.5, 8.5, 16.5],
			"faces": {
				"north": {"uv": [7.5, 7.5, 8.5, 9.5], "texture": "#texture"},
				"east": {"uv": [0, 7.5, 2, 9.5], "texture": "#texture"},
				"south": {"uv": [7.5, 7.5, 8.5, 9.5], "texture": "#texture"},
				"west": {"uv": [14, 7.5, 16, 9.5], "texture": "#texture"},
				"up": {"uv": [7.5, 14, 8.5, 16], "texture": "#texture"},
				"down": {"uv": [7.5, 0, 8.5, 2], "texture": "#texture"}
			}
		},
		{
			"from": [7.5, 7, 14.5],
			"to": [8.5, 8, 17],
			"faces": {
				"north": {"uv": [7.5, 8, 8.5, 9], "texture": "#texture1"},
				"east": {"uv": [0, 8, 1.5, 9], "texture": "#texture1"},
				"south": {"uv": [7.5, 8, 8.5, 9], "texture": "#texture1"},
				"west": {"uv": [14.5, 8, 16, 9], "texture": "#texture1"},
				"up": {"uv": [7.5, 14.5, 8.5, 16], "texture": "#texture1"},
				"down": {"uv": [7.5, 0, 8.5, 1.5], "texture": "#texture1"}
			}
		},
		{
			"from": [7.75, 6, 14.5],
			"to": [8.25, 6.5, 15.5],
			"faces": {
				"north": {"uv": [7.75, 9.5, 8.25, 10], "texture": "#texture"},
				"east": {"uv": [0.5, 9.5, 1.5, 10], "texture": "#texture"},
				"south": {"uv": [7.75, 9.5, 8.25, 10], "texture": "#texture"},
				"west": {"uv": [14.5, 9.5, 15.5, 10], "texture": "#texture"},
				"up": {"uv": [7.75, 14.5, 8.25, 15.5], "texture": "#texture"},
				"down": {"uv": [7.75, 0.5, 8.25, 1.5], "texture": "#texture"}
			}
		},
		{
			"from": [7.5, 5, -8.5],
			"to": [8.5, 5.5, 2.5],
			"faces": {
				"north": {"uv": [7.5, 10.5, 8.5, 11], "texture": "#texture"},
				"east": {"uv": [13.5, 10.5, 16, 11], "texture": "#texture"},
				"south": {"uv": [7.5, 10.5, 8.5, 11], "texture": "#texture"},
				"west": {"uv": [0, 10.5, 2.5, 11], "texture": "#texture"},
				"up": {"uv": [7.5, 0, 8.5, 2.5], "texture": "#texture"},
				"down": {"uv": [7.5, 13.5, 8.5, 16], "texture": "#texture"}
			}
		},
		{
			"from": [7.25, 4, 11.5],
			"to": [8.75, 4.5, 12.5],
			"faces": {
				"north": {"uv": [7.25, 11.5, 8.75, 12], "texture": "#texture"},
				"east": {"uv": [3.5, 11.5, 4.5, 12], "texture": "#texture"},
				"south": {"uv": [7.25, 11.5, 8.75, 12], "texture": "#texture"},
				"west": {"uv": [11.5, 11.5, 12.5, 12], "texture": "#texture"},
				"up": {"uv": [7.25, 11.5, 8.75, 12.5], "texture": "#texture"},
				"down": {"uv": [7.25, 3.5, 8.75, 4.5], "texture": "#texture"}
			}
		},
		{
			"from": [7.5, 5, 7],
			"to": [8.5, 5.5, 10],
			"faces": {
				"north": {"uv": [7.5, 10.5, 8.5, 11], "texture": "#texture"},
				"east": {"uv": [6, 10.5, 9, 11], "texture": "#texture"},
				"south": {"uv": [7.5, 10.5, 8.5, 11], "texture": "#texture"},
				"west": {"uv": [7, 10.5, 10, 11], "texture": "#texture"},
				"up": {"uv": [7.5, 7, 8.5, 10], "texture": "#texture"},
				"down": {"uv": [7.5, 6, 8.5, 9], "texture": "#texture"}
			}
		},
		{
			"from": [7.5, 5.5, 7.5],
			"to": [8.5, 6, 12.5],
			"faces": {
				"north": {"uv": [7.5, 10, 8.5, 10.5], "texture": "#texture"},
				"east": {"uv": [4.5, 10, 9.5, 10.5], "texture": "#texture"},
				"south": {"uv": [7.5, 10, 8.5, 10.5], "texture": "#texture"},
				"west": {"uv": [6.5, 10, 11.5, 10.5], "texture": "#texture"},
				"up": {"uv": [7.5, 6.5, 8.5, 11.5], "texture": "#texture"},
				"down": {"uv": [7.5, 4.5, 8.5, 9.5], "texture": "#texture"}
			}
		},
		{
			"from": [9.5, 10, 15.5],
			"to": [10.5, 11, 16],
			"faces": {
				"north": {"uv": [5.5, 5, 6.5, 6], "texture": "#texture"},
				"east": {"uv": [0, 5, 0.5, 6], "texture": "#texture"},
				"south": {"uv": [9.5, 5, 10.5, 6], "texture": "#texture"},
				"west": {"uv": [15.5, 5, 16, 6], "texture": "#texture"},
				"up": {"uv": [9.5, 15.5, 10.5, 16], "texture": "#texture"},
				"down": {"uv": [9.5, 0, 10.5, 0.5], "texture": "#texture"}
			}
		},
		{
			"from": [9.5, 10, 13.5],
			"to": [10.5, 11, 15.5],
			"faces": {
				"north": {"uv": [7.5, 5, 8.5, 6], "texture": "#texture1"},
				"east": {"uv": [0.5, 5, 2.5, 6], "texture": "#texture1"},
				"south": {"uv": [7.5, 5, 8.5, 6], "texture": "#texture1"},
				"west": {"uv": [13.5, 5, 15.5, 6], "texture": "#texture1"},
				"up": {"uv": [7.5, 13.5, 8.5, 15.5], "texture": "#texture1"},
				"down": {"uv": [7.5, 0.5, 8.5, 2.5], "texture": "#texture1"}
			}
		},
		{
			"from": [9.5, 10, 12],
			"to": [10.5, 11, 13.5],
			"faces": {
				"north": {"uv": [7.5, 5, 8.5, 6], "texture": "#texture"},
				"east": {"uv": [2.5, 5, 4, 6], "texture": "#texture"},
				"south": {"uv": [7.5, 5, 8.5, 6], "texture": "#texture"},
				"west": {"uv": [12, 5, 13.5, 6], "texture": "#texture"},
				"up": {"uv": [7.5, 12, 8.5, 13.5], "texture": "#texture"},
				"down": {"uv": [7.5, 2.5, 8.5, 4], "texture": "#texture"}
			}
		},
		{
			"from": [9.5, 10, 10],
			"to": [10.5, 11, 12],
			"faces": {
				"north": {"uv": [7.5, 5, 8.5, 6], "texture": "#texture1"},
				"east": {"uv": [4, 5, 6, 6], "texture": "#texture1"},
				"south": {"uv": [7.5, 5, 8.5, 6], "texture": "#texture1"},
				"west": {"uv": [10, 5, 12, 6], "texture": "#texture1"},
				"up": {"uv": [7.5, 10, 8.5, 12], "texture": "#texture1"},
				"down": {"uv": [7.5, 4, 8.5, 6], "texture": "#texture1"}
			}
		},
		{
			"from": [9.5, 10, 9.5],
			"to": [10.5, 11, 10],
			"faces": {
				"north": {"uv": [7.5, 5, 8.5, 6], "texture": "#texture"},
				"east": {"uv": [6, 5, 6.5, 6], "texture": "#texture"},
				"south": {"uv": [7.5, 5, 8.5, 6], "texture": "#texture"},
				"west": {"uv": [9.5, 5, 10, 6], "texture": "#texture"},
				"up": {"uv": [7.5, 9.5, 8.5, 10], "texture": "#texture"},
				"down": {"uv": [7.5, 6, 8.5, 6.5], "texture": "#texture"}
			}
		},
		{
			"from": [5.5, 10, 15.5],
			"to": [6.5, 11, 16],
			"faces": {
				"north": {"uv": [9.5, 5, 10.5, 6], "texture": "#texture"},
				"east": {"uv": [0, 5, 0.5, 6], "texture": "#texture"},
				"south": {"uv": [5.5, 5, 6.5, 6], "texture": "#texture"},
				"west": {"uv": [15.5, 5, 16, 6], "texture": "#texture"},
				"up": {"uv": [5.5, 15.5, 6.5, 16], "texture": "#texture"},
				"down": {"uv": [5.5, 0, 6.5, 0.5], "texture": "#texture"}
			}
		},
		{
			"from": [5.5, 10, 13.5],
			"to": [6.5, 11, 15.5],
			"faces": {
				"north": {"uv": [5.5, 5, 6.5, 6], "texture": "#texture1"},
				"east": {"uv": [0.5, 5, 2.5, 6], "texture": "#texture1"},
				"south": {"uv": [9.5, 5, 10.5, 6], "texture": "#texture1"},
				"west": {"uv": [13.5, 5, 15.5, 6], "texture": "#texture1"},
				"up": {"uv": [9.5, 13.5, 10.5, 15.5], "texture": "#texture1"},
				"down": {"uv": [9.5, 0.5, 10.5, 2.5], "texture": "#texture1"}
			}
		},
		{
			"from": [5.5, 10, 12],
			"to": [6.5, 11, 13.5],
			"faces": {
				"north": {"uv": [5.5, 5, 6.5, 6], "texture": "#texture"},
				"east": {"uv": [2.5, 5, 4, 6], "texture": "#texture"},
				"south": {"uv": [9.5, 5, 10.5, 6], "texture": "#texture"},
				"west": {"uv": [12, 5, 13.5, 6], "texture": "#texture"},
				"up": {"uv": [9.5, 12, 10.5, 13.5], "texture": "#texture"},
				"down": {"uv": [9.5, 2.5, 10.5, 4], "texture": "#texture"}
			}
		},
		{
			"from": [5.5, 10, 10],
			"to": [6.5, 11, 12],
			"faces": {
				"north": {"uv": [5.5, 5, 6.5, 6], "texture": "#texture1"},
				"east": {"uv": [4, 5, 6, 6], "texture": "#texture1"},
				"south": {"uv": [9.5, 5, 10.5, 6], "texture": "#texture1"},
				"west": {"uv": [10, 5, 12, 6], "texture": "#texture1"},
				"up": {"uv": [9.5, 10, 10.5, 12], "texture": "#texture1"},
				"down": {"uv": [9.5, 4, 10.5, 6], "texture": "#texture1"}
			}
		},
		{
			"from": [5.5, 10, 9.5],
			"to": [6.5, 11, 10],
			"faces": {
				"north": {"uv": [5.5, 5, 6.5, 6], "texture": "#texture"},
				"east": {"uv": [6, 5, 6.5, 6], "texture": "#texture"},
				"south": {"uv": [9.5, 5, 10.5, 6], "texture": "#texture"},
				"west": {"uv": [9.5, 5, 10, 6], "texture": "#texture"},
				"up": {"uv": [9.5, 9.5, 10.5, 10], "texture": "#texture"},
				"down": {"uv": [9.5, 6, 10.5, 6.5], "texture": "#texture"}
			}
		},
		{
			"from": [6, 9.5, 12],
			"to": [10, 10, 13.5],
			"faces": {
				"north": {"uv": [6, 6, 10, 6.5], "texture": "#texture"},
				"east": {"uv": [2.5, 6, 4, 6.5], "texture": "#texture"},
				"south": {"uv": [6, 6, 10, 6.5], "texture": "#texture"},
				"west": {"uv": [12, 6, 13.5, 6.5], "texture": "#texture"},
				"up": {"uv": [6, 12, 10, 13.5], "texture": "#texture"},
				"down": {"uv": [6, 2.5, 10, 4], "texture": "#texture"}
			}
		},
		{
			"from": [7, 5.5, -7],
			"to": [9, 7.5, -4.5],
			"faces": {
				"north": {"uv": [7, 8.5, 9, 10.5], "texture": "#texture"},
				"east": {"uv": [4.5, 8.5, 7, 10.5], "texture": "#texture"},
				"south": {"uv": [7, 8.5, 9, 10.5], "texture": "#texture"},
				"west": {"uv": [9, 8.5, 11.5, 10.5], "texture": "#texture"},
				"up": {"uv": [7, 9, 9, 11.5], "texture": "#texture"},
				"down": {"uv": [7, 4.5, 9, 7], "texture": "#texture"}
			}
		},
		{
			"from": [7, 7.5, -7],
			"to": [9, 8, -5.5],
			"faces": {
				"north": {"uv": [7, 8, 9, 8.5], "texture": "#texture"},
				"east": {"uv": [5.5, 8, 7, 8.5], "texture": "#texture"},
				"south": {"uv": [7, 8, 9, 8.5], "texture": "#texture"},
				"west": {"uv": [9, 8, 10.5, 8.5], "texture": "#texture"},
				"up": {"uv": [7, 9, 9, 10.5], "texture": "#texture"},
				"down": {"uv": [7, 5.5, 9, 7], "texture": "#texture"}
			}
		},
		{
			"from": [7, 8.5, -7],
			"to": [7.5, 10, -5.5],
			"faces": {
				"north": {"uv": [8.5, 6, 9, 7.5], "texture": "#texture"},
				"east": {"uv": [5.5, 6, 7, 7.5], "texture": "#texture"},
				"south": {"uv": [7, 6, 7.5, 7.5], "texture": "#texture"},
				"west": {"uv": [9, 6, 10.5, 7.5], "texture": "#texture"},
				"up": {"uv": [7, 9, 7.5, 10.5], "texture": "#texture"},
				"down": {"uv": [7, 5.5, 7.5, 7], "texture": "#texture"}
			}
		},
		{
			"from": [8.5, 8.5, -7],
			"to": [9, 10, -5.5],
			"faces": {
				"north": {"uv": [7, 6, 7.5, 7.5], "texture": "#texture"},
				"east": {"uv": [5.5, 6, 7, 7.5], "texture": "#texture"},
				"south": {"uv": [8.5, 6, 9, 7.5], "texture": "#texture"},
				"west": {"uv": [9, 6, 10.5, 7.5], "texture": "#texture"},
				"up": {"uv": [8.5, 9, 9, 10.5], "texture": "#texture"},
				"down": {"uv": [8.5, 5.5, 9, 7], "texture": "#texture"}
			}
		},
		{
			"from": [7.5, 8, -7],
			"to": [8.5, 8.5, -5.5],
			"faces": {
				"north": {"uv": [7.5, 7.5, 8.5, 8], "texture": "#texture"},
				"east": {"uv": [5.5, 7.5, 7, 8], "texture": "#texture"},
				"south": {"uv": [7.5, 7.5, 8.5, 8], "texture": "#texture"},
				"west": {"uv": [9, 7.5, 10.5, 8], "texture": "#texture"},
				"up": {"uv": [7.5, 9, 8.5, 10.5], "texture": "#texture"},
				"down": {"uv": [7.5, 5.5, 8.5, 7], "texture": "#texture"}
			}
		},
		{
			"from": [9, 5.5, -5],
			"to": [11, 7, -4.5],
			"faces": {
				"north": {"uv": [5, 9, 7, 10.5], "texture": "#texture"},
				"east": {"uv": [6, 9, 6.5, 10.5], "texture": "#texture"},
				"south": {"uv": [9, 9, 11, 10.5], "texture": "#texture"},
				"west": {"uv": [9.5, 9, 10, 10.5], "texture": "#texture"},
				"up": {"uv": [9, 9.5, 11, 10], "texture": "#texture"},
				"down": {"uv": [9, 6, 11, 6.5], "texture": "#texture"}
			}
		},
		{
			"from": [5, 5.5, -5],
			"to": [7, 7, -4.5],
			"faces": {
				"north": {"uv": [9, 9, 11, 10.5], "texture": "#texture"},
				"east": {"uv": [4.5, 9, 5, 10.5], "texture": "#texture"},
				"south": {"uv": [5, 9, 7, 10.5], "texture": "#texture"},
				"west": {"uv": [11, 9, 11.5, 10.5], "texture": "#texture"},
				"up": {"uv": [5, 11, 7, 11.5], "texture": "#texture"},
				"down": {"uv": [5, 4.5, 7, 5], "texture": "#texture"}
			}
		},
		{
			"from": [11, 5.5, -4.5],
			"to": [12.5, 7, -4],
			"faces": {
				"north": {"uv": [3.5, 9, 5, 10.5], "texture": "#texture"},
				"east": {"uv": [4, 9, 4.5, 10.5], "texture": "#texture"},
				"south": {"uv": [11, 9, 12.5, 10.5], "texture": "#texture"},
				"west": {"uv": [11.5, 9, 12, 10.5], "texture": "#texture"},
				"up": {"uv": [11, 11.5, 12.5, 12], "texture": "#texture"},
				"down": {"uv": [11, 4, 12.5, 4.5], "texture": "#texture"}
			}
		},
		{
			"from": [12.5, 5.5, -4],
			"to": [13.5, 7, -3.5],
			"faces": {
				"north": {"uv": [2.5, 8.5, 3.5, 10], "texture": "#texture"},
				"east": {"uv": [5, 8.5, 5.5, 10], "texture": "#texture"},
				"south": {"uv": [12.5, 8.5, 13.5, 10], "texture": "#texture"},
				"west": {"uv": [10.5, 8.5, 11, 10], "texture": "#texture"},
				"up": {"uv": [12.5, 10.5, 13.5, 11], "texture": "#texture"},
				"down": {"uv": [12.5, 5, 13.5, 5.5], "texture": "#texture"}
			}
		},
		{
			"from": [13.5, 5.5, -3.5],
			"to": [14.5, 7, -3],
			"faces": {
				"north": {"uv": [1.5, 8.5, 2.5, 10], "texture": "#texture"},
				"east": {"uv": [4.5, 8.5, 5, 10], "texture": "#texture"},
				"south": {"uv": [13.5, 8.5, 14.5, 10], "texture": "#texture"},
				"west": {"uv": [11, 8.5, 11.5, 10], "texture": "#texture"},
				"up": {"uv": [13.5, 11, 14.5, 11.5], "texture": "#texture"},
				"down": {"uv": [13.5, 4.5, 14.5, 5], "texture": "#texture"}
			}
		},
		{
			"from": [15, 5.5, -2.5],
			"to": [16, 7, -2],
			"faces": {
				"north": {"uv": [0, 8.5, 1, 10], "texture": "#texture"},
				"east": {"uv": [3.5, 8.5, 4, 10], "texture": "#texture"},
				"south": {"uv": [15, 8.5, 16, 10], "texture": "#texture"},
				"west": {"uv": [12, 8.5, 12.5, 10], "texture": "#texture"},
				"up": {"uv": [15, 12, 16, 12.5], "texture": "#texture"},
				"down": {"uv": [15, 3.5, 16, 4], "texture": "#texture"}
			}
		},
		{
			"from": [3.5, 5.5, -4.5],
			"to": [5, 7, -4],
			"faces": {
				"north": {"uv": [11, 8.5, 12.5, 10], "texture": "#texture"},
				"east": {"uv": [5.5, 8.5, 6, 10], "texture": "#texture"},
				"south": {"uv": [3.5, 8.5, 5, 10], "texture": "#texture"},
				"west": {"uv": [10, 8.5, 10.5, 10], "texture": "#texture"},
				"up": {"uv": [3.5, 10, 5, 10.5], "texture": "#texture"},
				"down": {"uv": [3.5, 5.5, 5, 6], "texture": "#texture"}
			}
		},
		{
			"from": [2.5, 5.5, -4],
			"to": [3.5, 7, -3.5],
			"faces": {
				"north": {"uv": [12.5, 8.5, 13.5, 10], "texture": "#texture"},
				"east": {"uv": [5, 8.5, 5.5, 10], "texture": "#texture"},
				"south": {"uv": [2.5, 8.5, 3.5, 10], "texture": "#texture"},
				"west": {"uv": [10.5, 8.5, 11, 10], "texture": "#texture"},
				"up": {"uv": [2.5, 10.5, 3.5, 11], "texture": "#texture"},
				"down": {"uv": [2.5, 5, 3.5, 5.5], "texture": "#texture"}
			}
		},
		{
			"from": [1.5, 5.5, -3.5],
			"to": [2.5, 7, -3],
			"faces": {
				"north": {"uv": [13.5, 8.5, 14.5, 10], "texture": "#texture"},
				"east": {"uv": [4.5, 8.5, 5, 10], "texture": "#texture"},
				"south": {"uv": [1.5, 8.5, 2.5, 10], "texture": "#texture"},
				"west": {"uv": [11, 8.5, 11.5, 10], "texture": "#texture"},
				"up": {"uv": [1.5, 11, 2.5, 11.5], "texture": "#texture"},
				"down": {"uv": [1.5, 4.5, 2.5, 5], "texture": "#texture"}
			}
		},
		{
			"from": [14.5, 5.5, -3],
			"to": [15, 7, -2.5],
			"faces": {
				"north": {"uv": [1, 8.5, 1.5, 10], "texture": "#texture"},
				"east": {"uv": [4, 8.5, 4.5, 10], "texture": "#texture"},
				"south": {"uv": [14.5, 8.5, 15, 10], "texture": "#texture"},
				"west": {"uv": [11.5, 8.5, 12, 10], "texture": "#texture"},
				"up": {"uv": [14.5, 11.5, 15, 12], "texture": "#texture"},
				"down": {"uv": [14.5, 4, 15, 4.5], "texture": "#texture"}
			}
		},
		{
			"from": [1, 5.5, -3],
			"to": [1.5, 7, -2.5],
			"faces": {
				"north": {"uv": [14.5, 8.5, 15, 10], "texture": "#texture"},
				"east": {"uv": [4, 8.5, 4.5, 10], "texture": "#texture"},
				"south": {"uv": [1, 8.5, 1.5, 10], "texture": "#texture"},
				"west": {"uv": [11.5, 8.5, 12, 10], "texture": "#texture"},
				"up": {"uv": [1, 11.5, 1.5, 12], "texture": "#texture"},
				"down": {"uv": [1, 4, 1.5, 4.5], "texture": "#texture"}
			}
		},
		{
			"from": [0, 5.5, -2.5],
			"to": [1, 7, -2],
			"faces": {
				"north": {"uv": [15, 8.5, 16, 10], "texture": "#texture"},
				"east": {"uv": [3.5, 8.5, 4, 10], "texture": "#texture"},
				"south": {"uv": [0, 8.5, 1, 10], "texture": "#texture"},
				"west": {"uv": [12, 8.5, 12.5, 10], "texture": "#texture"},
				"up": {"uv": [0, 12, 1, 12.5], "texture": "#texture"},
				"down": {"uv": [0, 3.5, 1, 4], "texture": "#texture"}
			}
		},
		{
			"from": [7.5, 6, 2],
			"to": [8.5, 6.5, 3.5],
			"faces": {
				"north": {"uv": [7.5, 9.5, 8.5, 10], "texture": "#texture"},
				"east": {"uv": [12.5, 9.5, 14, 10], "texture": "#texture"},
				"south": {"uv": [7.5, 9.5, 8.5, 10], "texture": "#texture"},
				"west": {"uv": [2, 9.5, 3.5, 10], "texture": "#texture"},
				"up": {"uv": [7.5, 2, 8.5, 3.5], "texture": "#texture"},
				"down": {"uv": [7.5, 12.5, 8.5, 14], "texture": "#texture"}
			}
		},
		{
			"from": [16, 5.5, -2],
			"to": [16.5, 7, -1.5],
			"faces": {
				"north": {"uv": [15.5, 8.5, 16, 10], "texture": "#texture"},
				"east": {"uv": [3, 8.5, 3.5, 10], "texture": "#texture"},
				"south": {"uv": [0, 8.5, 0.5, 10], "texture": "#texture"},
				"west": {"uv": [12.5, 8.5, 13, 10], "texture": "#texture"},
				"up": {"uv": [0, 12.5, 0.5, 13], "texture": "#texture"},
				"down": {"uv": [0, 3, 0.5, 3.5], "texture": "#texture"}
			}
		},
		{
			"from": [16.5, 5.5, -1.5],
			"to": [17.5, 7, -1],
			"faces": {
				"north": {"uv": [0, 8.5, 1, 10], "texture": "#texture"},
				"east": {"uv": [3.5, 8.5, 4, 10], "texture": "#texture"},
				"south": {"uv": [15, 8.5, 16, 10], "texture": "#texture"},
				"west": {"uv": [12, 8.5, 12.5, 10], "texture": "#texture"},
				"up": {"uv": [15, 12, 16, 12.5], "texture": "#texture"},
				"down": {"uv": [15, 3.5, 16, 4], "texture": "#texture"}
			}
		},
		{
			"from": [-0.5, 5.5, -2],
			"to": [0, 7, -1.5],
			"faces": {
				"north": {"uv": [0, 8.5, 0.5, 10], "texture": "#texture"},
				"east": {"uv": [3, 8.5, 3.5, 10], "texture": "#texture"},
				"south": {"uv": [15.5, 8.5, 16, 10], "texture": "#texture"},
				"west": {"uv": [12.5, 8.5, 13, 10], "texture": "#texture"},
				"up": {"uv": [15.5, 12.5, 16, 13], "texture": "#texture"},
				"down": {"uv": [15.5, 3, 16, 3.5], "texture": "#texture"}
			}
		},
		{
			"from": [-1.5, 5.5, -1.5],
			"to": [-0.5, 7, -1],
			"faces": {
				"north": {"uv": [15, 8.5, 16, 10], "texture": "#texture"},
				"east": {"uv": [3.5, 8.5, 4, 10], "texture": "#texture"},
				"south": {"uv": [0, 8.5, 1, 10], "texture": "#texture"},
				"west": {"uv": [12, 8.5, 12.5, 10], "texture": "#texture"},
				"up": {"uv": [0, 12, 1, 12.5], "texture": "#texture"},
				"down": {"uv": [0, 3.5, 1, 4], "texture": "#texture"}
			}
		},
		{
			"from": [17.5, 5.5, -1],
			"to": [18.5, 7, -0.5],
			"faces": {
				"north": {"uv": [13.5, 8.5, 14.5, 10], "texture": "#texture"},
				"east": {"uv": [2, 8.5, 2.5, 10], "texture": "#texture"},
				"south": {"uv": [1.5, 8.5, 2.5, 10], "texture": "#texture"},
				"west": {"uv": [13.5, 8.5, 14, 10], "texture": "#texture"},
				"up": {"uv": [1.5, 13.5, 2.5, 14], "texture": "#texture"},
				"down": {"uv": [1.5, 2, 2.5, 2.5], "texture": "#texture"}
			}
		},
		{
			"from": [-2.5, 5.5, -1],
			"to": [-1.5, 7, -0.5],
			"faces": {
				"north": {"uv": [1.5, 9, 2.5, 10.5], "texture": "#texture"},
				"east": {"uv": [2, 9, 2.5, 10.5], "texture": "#texture"},
				"south": {"uv": [13.5, 9, 14.5, 10.5], "texture": "#texture"},
				"west": {"uv": [13.5, 9, 14, 10.5], "texture": "#texture"},
				"up": {"uv": [13.5, 13.5, 14.5, 14], "texture": "#texture"},
				"down": {"uv": [13.5, 2, 14.5, 2.5], "texture": "#texture"}
			}
		},
		{
			"from": [-4, 5.5, -0.5],
			"to": [-2.5, 7, 0],
			"faces": {
				"north": {"uv": [2.5, 8.5, 4, 10], "texture": "#texture"},
				"east": {"uv": [1.5, 8.5, 2, 10], "texture": "#texture"},
				"south": {"uv": [12, 8.5, 13.5, 10], "texture": "#texture"},
				"west": {"uv": [14, 8.5, 14.5, 10], "texture": "#texture"},
				"up": {"uv": [12, 14, 13.5, 14.5], "texture": "#texture"},
				"down": {"uv": [12, 1.5, 13.5, 2], "texture": "#texture"}
			}
		},
		{
			"from": [18.5, 5.5, -0.5],
			"to": [20, 7, 0],
			"faces": {
				"north": {"uv": [12, 9, 13.5, 10.5], "texture": "#texture"},
				"east": {"uv": [1.5, 9, 2, 10.5], "texture": "#texture"},
				"south": {"uv": [2.5, 9, 4, 10.5], "texture": "#texture"},
				"west": {"uv": [14, 9, 14.5, 10.5], "texture": "#texture"},
				"up": {"uv": [2.5, 14, 4, 14.5], "texture": "#texture"},
				"down": {"uv": [2.5, 1.5, 4, 2], "texture": "#texture"}
			}
		},
		{
			"from": [19.5, 5.5, 0],
			"to": [21.5, 6.5, 1],
			"faces": {
				"north": {"uv": [10, 9, 12, 10], "texture": "#texture"},
				"east": {"uv": [1, 9, 2, 10], "texture": "#texture"},
				"south": {"uv": [4, 9, 6, 10], "texture": "#texture"},
				"west": {"uv": [14, 9, 15, 10], "texture": "#texture"},
				"up": {"uv": [4, 14, 6, 15], "texture": "#texture"},
				"down": {"uv": [4, 1, 6, 2], "texture": "#texture"}
			}
		},
		{
			"from": [20, 5.5, -0.5],
			"to": [21, 6.5, 1.5],
			"faces": {
				"north": {"uv": [10.5, 9, 11.5, 10], "texture": "#texture"},
				"east": {"uv": [0.5, 9, 2.5, 10], "texture": "#texture"},
				"south": {"uv": [4.5, 9, 5.5, 10], "texture": "#texture"},
				"west": {"uv": [13.5, 9, 15.5, 10], "texture": "#texture"},
				"up": {"uv": [4.5, 13.5, 5.5, 15.5], "texture": "#texture"},
				"down": {"uv": [4.5, 0.5, 5.5, 2.5], "texture": "#texture"}
			}
		},
		{
			"from": [20, 5, 0],
			"to": [21, 7, 1],
			"faces": {
				"north": {"uv": [11, 8.5, 12, 10.5], "texture": "#texture"},
				"east": {"uv": [0.5, 8.5, 1.5, 10.5], "texture": "#texture"},
				"south": {"uv": [4, 8.5, 5, 10.5], "texture": "#texture"},
				"west": {"uv": [14.5, 8.5, 15.5, 10.5], "texture": "#texture"},
				"up": {"uv": [4, 14.5, 5, 15.5], "texture": "#texture"},
				"down": {"uv": [4, 0.5, 5, 1.5], "texture": "#texture"}
			}
		},
		{
			"from": [-5, 5, 0],
			"to": [-4, 7, 1],
			"faces": {
				"north": {"uv": [4, 8.5, 5, 10.5], "texture": "#texture"},
				"east": {"uv": [0.5, 8.5, 1.5, 10.5], "texture": "#texture"},
				"south": {"uv": [11, 8.5, 12, 10.5], "texture": "#texture"},
				"west": {"uv": [14.5, 8.5, 15.5, 10.5], "texture": "#texture"},
				"up": {"uv": [11, 14.5, 12, 15.5], "texture": "#texture"},
				"down": {"uv": [11, 0.5, 12, 1.5], "texture": "#texture"}
			}
		},
		{
			"from": [-5, 5.5, -0.5],
			"to": [-4, 6.5, 1.5],
			"faces": {
				"north": {"uv": [11, 9, 12, 10], "texture": "#texture"},
				"east": {"uv": [0, 9, 2, 10], "texture": "#texture"},
				"south": {"uv": [4, 9, 5, 10], "texture": "#texture"},
				"west": {"uv": [14, 9, 16, 10], "texture": "#texture"},
				"up": {"uv": [4, 14, 5, 16], "texture": "#texture"},
				"down": {"uv": [4, 0, 5, 2], "texture": "#texture"}
			}
		},
		{
			"from": [-5.5, 5.5, 0],
			"to": [-3.5, 6.5, 1],
			"faces": {
				"north": {"uv": [10.5, 9, 12.5, 10], "texture": "#texture"},
				"east": {"uv": [0.5, 9, 1.5, 10], "texture": "#texture"},
				"south": {"uv": [3.5, 9, 5.5, 10], "texture": "#texture"},
				"west": {"uv": [14.5, 9, 15.5, 10], "texture": "#texture"},
				"up": {"uv": [3.5, 14.5, 5.5, 15.5], "texture": "#texture"},
				"down": {"uv": [3.5, 0.5, 5.5, 1.5], "texture": "#texture"}
			}
		},
		{
			"from": [-3.5, 5.5, 0.5],
			"to": [20, 6, 1],
			"faces": {
				"north": {"uv": [0, 10, 16, 10.5], "texture": "#texture1"},
				"east": {"uv": [15, 10, 15.5, 10.5], "texture": "#texture1"},
				"south": {"uv": [0, 10, 16, 10.5], "texture": "#texture1"},
				"west": {"uv": [0.5, 10, 1, 10.5], "texture": "#texture1"},
				"up": {"uv": [0, 0.5, 16, 1], "texture": "#texture1"},
				"down": {"uv": [0, 15, 16, 15.5], "texture": "#texture1"}
			}
		}
	],
	"display": {
		"thirdperson_righthand": {
			"translation": [0, 1.7, 0.0009],
			"scale": [0.6, 0.6, 0.6]
		},
		"thirdperson_lefthand": {
			"translation": [0, 1.7, 0.0009],
			"scale": [0.6, 0.6, 0.6]
		},
		"firstperson_righthand": {
			"translation": [-0.695, 5.5652, 0],
			"scale": [0.6, 0.6, 0.6]
		},
		"firstperson_lefthand": {
			"translation": [-0.695, 5.5652, 0],
			"scale": [0.6, 0.6, 0.6]
		},
		"ground": {
			"translation": [0, 9.0434, 0]
		},
		"gui": {
			"rotation": [20, -139, 0],
			"translation": [-2.9, 0, 0],
			"scale": [0.7, 0.7, 0.7]
		},
		"head": {
			"rotation": [91, 132, 0],
			"translation": [4.25, -8, 8.75],
			"scale": [1.2, 1.2, 1.2]
		},
		"fixed": {
			"rotation": [0, 90, 0],
			"translation": [0, 0, -2.086]
		}
	}
}