{
	"credit": "Credit:  Ontvlambaar",
	"textures": {
		"2": "block/stone",
		"texture": "block/quartz_block_bottom",
		"texture1": "block/black_concrete",
		"particle": "block/stone"
	},
	"elements": [
		{
			"from": [7.25, 1.5, 14.5],
			"to": [8.75, 3, 15.5],
			"faces": {
				"north": {"uv": [7.5, 13, 9, 14.5], "texture": "#texture"},
				"east": {"uv": [0.5, 13, 1.5, 14.5], "texture": "#texture"},
				"south": {"uv": [7, 13, 8.5, 14.5], "texture": "#texture"},
				"west": {"uv": [14.5, 13, 15.5, 14.5], "texture": "#texture"},
				"up": {"uv": [7, 14.5, 8.5, 15.5], "texture": "#texture"},
				"down": {"uv": [7, 0.5, 8.5, 1.5], "texture": "#texture"}
			}
		},
		{
			"from": [7.25, 2.5, 14],
			"to": [8.75, 4, 15],
			"faces": {
				"north": {"uv": [7.5, 12, 9, 13.5], "texture": "#texture"},
				"east": {"uv": [1, 12, 2, 13.5], "texture": "#texture"},
				"south": {"uv": [7, 12, 8.5, 13.5], "texture": "#texture"},
				"west": {"uv": [14, 12, 15, 13.5], "texture": "#texture"},
				"up": {"uv": [7, 14, 8.5, 15], "texture": "#texture"},
				"down": {"uv": [7, 1, 8.5, 2], "texture": "#texture"}
			}
		},
		{
			"from": [7.25, 0.2, 13.1],
			"to": [8.75, 3.7, 14.1],
			"rotation": {"angle": -22.5, "axis": "x", "origin": [8, 5, 8]},
			"faces": {
				"north": {"uv": [7.5, 11, 9, 12.5], "texture": "#texture"},
				"east": {"uv": [1.5, 11, 2.5, 12.5], "texture": "#texture"},
				"south": {"uv": [7, 11, 8.5, 12.5], "texture": "#texture"},
				"west": {"uv": [13.5, 11, 14.5, 12.5], "texture": "#texture"},
				"up": {"uv": [7, 13.5, 8.5, 14.5], "texture": "#texture"},
				"down": {"uv": [7, 1.5, 8.5, 2.5], "texture": "#texture"}
			}
		},
		{
			"from": [7.25, 3.5, 13.5],
			"to": [8.75, 5, 14.5],
			"faces": {
				"north": {"uv": [7.5, 11, 9, 12.5], "texture": "#texture"},
				"east": {"uv": [1.5, 11, 2.5, 12.5], "texture": "#texture"},
				"south": {"uv": [7, 11, 8.5, 12.5], "texture": "#texture"},
				"west": {"uv": [13.5, 11, 14.5, 12.5], "texture": "#texture"},
				"up": {"uv": [7, 13.5, 8.5, 14.5], "texture": "#texture"},
				"down": {"uv": [7, 1.5, 8.5, 2.5], "texture": "#texture"}
			}
		},
		{
			"from": [7.25, 4.5, 11.5],
			"to": [8.75, 6, 14],
			"faces": {
				"north": {"uv": [7.25, 10, 8.75, 11.5], "texture": "#texture"},
				"east": {"uv": [2, 10, 4.5, 11.5], "texture": "#texture"},
				"south": {"uv": [7.25, 10, 8.75, 11.5], "texture": "#texture"},
				"west": {"uv": [11.5, 10, 14, 11.5], "texture": "#texture"},
				"up": {"uv": [7.25, 11.5, 8.75, 14], "texture": "#texture"},
				"down": {"uv": [7.25, 2, 8.75, 4.5], "texture": "#texture"}
			}
		},
		{
			"from": [7.5, 4.5, 9.2],
			"to": [8.5, 5, 11.2],
			"faces": {
				"north": {"uv": [7.5, 11, 8.5, 11.5], "texture": "#texture"},
				"east": {"uv": [5.5, 11, 6.5, 11.5], "texture": "#texture"},
				"south": {"uv": [7.5, 11, 8.5, 11.5], "texture": "#texture"},
				"west": {"uv": [9.5, 11, 10.5, 11.5], "texture": "#texture"},
				"up": {"uv": [7.5, 9.5, 8.5, 10.5], "texture": "#texture"},
				"down": {"uv": [7.5, 5.5, 8.5, 6.5], "texture": "#texture"}
			}
		},
		{
			"from": [7.25, 4.5, 10.5],
			"to": [8.75, 5, 11.5],
			"faces": {
				"north": {"uv": [7.5, 11, 9, 11.5], "texture": "#texture"},
				"east": {"uv": [4.5, 11, 5.5, 11.5], "texture": "#texture"},
				"south": {"uv": [7, 11, 8.5, 11.5], "texture": "#texture"},
				"west": {"uv": [10.5, 11, 11.5, 11.5], "texture": "#texture"},
				"up": {"uv": [7, 10.5, 8.5, 11.5], "texture": "#texture"},
				"down": {"uv": [7, 4.5, 8.5, 5.5], "texture": "#texture"}
			}
		},
		{
			"from": [7.5, 5, 9.3],
			"to": [8.5, 5.5, 11.8],
			"rotation": {"angle": 45, "axis": "x", "origin": [8, 8, 10]},
			"faces": {
				"north": {"uv": [7.5, 10.5, 8.5, 11], "texture": "#texture"},
				"east": {"uv": [6.5, 10.5, 7, 11], "texture": "#texture"},
				"south": {"uv": [7.5, 10.5, 8.5, 11], "texture": "#texture"},
				"west": {"uv": [9, 10.5, 9.5, 11], "texture": "#texture"},
				"up": {"uv": [7.5, 9, 8.5, 9.5], "texture": "#texture"},
				"down": {"uv": [7.5, 6.5, 8.5, 7], "texture": "#texture"}
			}
		},
		{
			"from": [7, 6, 7.5],
			"to": [9, 6.5, 14.5],
			"faces": {
				"north": {"uv": [7, 9.5, 9, 10], "texture": "#texture"},
				"east": {"uv": [1.5, 9.5, 8.5, 10], "texture": "#texture"},
				"south": {"uv": [7, 9.5, 9, 10], "texture": "#texture"},
				"west": {"uv": [7.5, 9.5, 14.5, 10], "texture": "#texture"},
				"up": {"uv": [7, 7.5, 9, 14.5], "texture": "#texture"},
				"down": {"uv": [7, 1.5, 9, 8.5], "texture": "#texture"}
			}
		},
		{
			"from": [7.25, 1, 14],
			"to": [8.75, 1.5, 15],
			"faces": {
				"north": {"uv": [7.25, 14.5, 8.75, 15], "texture": "#texture"},
				"east": {"uv": [1, 14.5, 2, 15], "texture": "#texture"},
				"south": {"uv": [7.25, 14.5, 8.75, 15], "texture": "#texture"},
				"west": {"uv": [14, 14.5, 15, 15], "texture": "#texture"},
				"up": {"uv": [7.25, 14, 8.75, 15], "texture": "#texture"},
				"down": {"uv": [7.25, 1, 8.75, 2], "texture": "#texture"}
			}
		},
		{
			"from": [7.25, -2.1, 12.5],
			"to": [8.75, -1.6, 13.5],
			"rotation": {"angle": -22.5, "axis": "x", "origin": [8, 5, 6]},
			"faces": {
				"north": {"uv": [7.25, 14.5, 8.75, 15], "texture": "#texture"},
				"east": {"uv": [1, 14.5, 2, 15], "texture": "#texture"},
				"south": {"uv": [7.25, 14.5, 8.75, 15], "texture": "#texture"},
				"west": {"uv": [14, 14.5, 15, 15], "texture": "#texture"},
				"up": {"uv": [7.25, 14, 8.75, 15], "texture": "#texture"},
				"down": {"uv": [7.25, 1, 8.75, 2], "texture": "#texture"}
			}
		},
		{
			"from": [7.25, 1.5, 13.5],
			"to": [8.75, 2.5, 14.5],
			"faces": {
				"north": {"uv": [7.5, 13.5, 9, 14.5], "texture": "#texture1"},
				"east": {"uv": [1.5, 13.5, 2.5, 14.5], "texture": "#texture1"},
				"south": {"uv": [7, 13.5, 8.5, 14.5], "texture": "#texture1"},
				"west": {"uv": [13.5, 13.5, 14.5, 14.5], "texture": "#texture1"},
				"up": {"uv": [7, 13.5, 8.5, 14.5], "texture": "#texture1"},
				"down": {"uv": [7, 1.5, 8.5, 2.5], "texture": "#texture1"}
			}
		},
		{
			"from": [7.25, 2, 13],
			"to": [8.75, 3.5, 14],
			"faces": {
				"north": {"uv": [7.5, 12.5, 9, 14], "texture": "#texture1"},
				"east": {"uv": [2, 12.5, 3, 14], "texture": "#texture1"},
				"south": {"uv": [7, 12.5, 8.5, 14], "texture": "#texture1"},
				"west": {"uv": [13, 12.5, 14, 14], "texture": "#texture1"},
				"up": {"uv": [7, 13, 8.5, 14], "texture": "#texture1"},
				"down": {"uv": [7, 2, 8.5, 3], "texture": "#texture1"}
			}
		},
		{
			"from": [7.25, 3, 12.5],
			"to": [8.75, 4.5, 13.5],
			"faces": {
				"north": {"uv": [7.5, 11.5, 9, 13], "texture": "#texture1"},
				"east": {"uv": [2.5, 11.5, 3.5, 13], "texture": "#texture1"},
				"south": {"uv": [7, 11.5, 8.5, 13], "texture": "#texture1"},
				"west": {"uv": [12.5, 11.5, 13.5, 13], "texture": "#texture1"},
				"up": {"uv": [7, 12.5, 8.5, 13.5], "texture": "#texture1"},
				"down": {"uv": [7, 2.5, 8.5, 3.5], "texture": "#texture1"}
			}
		},
		{
			"from": [7.75, 6.3, 11.5],
			"to": [8.25, 7.3, 11.7],
			"rotation": {"angle": 22.5, "axis": "x", "origin": [8, 9, 8]},
			"faces": {
				"north": {"uv": [8, 10, 8.5, 10.5], "texture": "#texture1"},
				"east": {"uv": [4.5, 10, 5, 10.5], "texture": "#texture1"},
				"south": {"uv": [7.5, 10, 8, 10.5], "texture": "#texture1"},
				"west": {"uv": [11, 10, 11.5, 10.5], "texture": "#texture1"},
				"up": {"uv": [7.5, 11, 8, 11.5], "texture": "#texture1"},
				"down": {"uv": [7.5, 4.5, 8, 5], "texture": "#texture1"}
			}
		},
		{
			"from": [7.25, 6, -1],
			"to": [8.75, 6.5, 7.5],
			"faces": {
				"north": {"uv": [7.25, 9.5, 8.75, 10], "texture": "#texture"},
				"east": {"uv": [8.5, 9.5, 16, 10], "texture": "#texture"},
				"south": {"uv": [7.25, 9.5, 8.75, 10], "texture": "#texture"},
				"west": {"uv": [0, 9.5, 7.5, 10], "texture": "#texture"},
				"up": {"uv": [7.25, 0, 8.75, 7.5], "texture": "#texture"},
				"down": {"uv": [7.25, 8.5, 8.75, 16], "texture": "#texture"}
			}
		},
		{
			"from": [7.5, 6.5, -0.5],
			"to": [8.5, 8.5, 8.5],
			"faces": {
				"north": {"uv": [7.5, 7.5, 8.5, 9.5], "texture": "#texture1"},
				"east": {"uv": [7.5, 7.5, 16, 9.5], "texture": "#texture1"},
				"south": {"uv": [7.5, 7.5, 8.5, 9.5], "texture": "#texture1"},
				"west": {"uv": [0, 7.5, 8.5, 9.5], "texture": "#texture1"},
				"up": {"uv": [7.5, 0, 8.5, 8.5], "texture": "#texture1"},
				"down": {"uv": [7.5, 7.5, 8.5, 16], "texture": "#texture1"}
			}
		},
		{
			"from": [7, 7, -0.5],
			"to": [9, 8, 8.5],
			"faces": {
				"north": {"uv": [7, 8, 9, 9], "texture": "#texture1"},
				"east": {"uv": [7.5, 8, 16, 9], "texture": "#texture1"},
				"south": {"uv": [7, 8, 9, 9], "texture": "#texture1"},
				"west": {"uv": [0, 8, 8.5, 9], "texture": "#texture1"},
				"up": {"uv": [7, 0, 9, 8.5], "texture": "#texture1"},
				"down": {"uv": [7, 7.5, 9, 16], "texture": "#texture1"}
			}
		},
		{
			"from": [7.5, 6.5, 8.5],
			"to": [8.5, 8.5, 9],
			"faces": {
				"north": {"uv": [7.5, 7.5, 8.5, 9.5], "texture": "#texture"},
				"east": {"uv": [7, 7.5, 7.5, 9.5], "texture": "#texture"},
				"south": {"uv": [7.5, 7.5, 8.5, 9.5], "texture": "#texture"},
				"west": {"uv": [8.5, 7.5, 9, 9.5], "texture": "#texture"},
				"up": {"uv": [7.5, 8.5, 8.5, 9], "texture": "#texture"},
				"down": {"uv": [7.5, 7, 8.5, 7.5], "texture": "#texture"}
			}
		},
		{
			"from": [7, 7, 8.5],
			"to": [9, 8, 9],
			"faces": {
				"north": {"uv": [7, 8, 9, 9], "texture": "#texture"},
				"east": {"uv": [7, 8, 7.5, 9], "texture": "#texture"},
				"south": {"uv": [7, 8, 9, 9], "texture": "#texture"},
				"west": {"uv": [8.5, 8, 9, 9], "texture": "#texture"},
				"up": {"uv": [7, 8.5, 9, 9], "texture": "#texture"},
				"down": {"uv": [7, 7, 9, 7.5], "texture": "#texture"}
			}
		},
		{
			"from": [7, 6.5, 9],
			"to": [9, 8.5, 11],
			"faces": {
				"north": {"uv": [7, 7.5, 9, 9.5], "texture": "#texture"},
				"east": {"uv": [5, 7.5, 7, 9.5], "texture": "#texture"},
				"south": {"uv": [7, 7.5, 9, 9.5], "texture": "#texture"},
				"west": {"uv": [9, 7.5, 11, 9.5], "texture": "#texture"},
				"up": {"uv": [7, 9, 9, 11], "texture": "#texture"},
				"down": {"uv": [7, 5, 9, 7], "texture": "#texture"}
			}
		},
		{
			"from": [7.5, 7, 9],
			"to": [8.5, 9, 14],
			"faces": {
				"north": {"uv": [7.5, 7, 8.5, 9], "texture": "#texture"},
				"east": {"uv": [2, 7, 7, 9], "texture": "#texture"},
				"south": {"uv": [7.5, 7, 8.5, 9], "texture": "#texture"},
				"west": {"uv": [9, 7, 14, 9], "texture": "#texture"},
				"up": {"uv": [7.5, 9, 8.5, 14], "texture": "#texture"},
				"down": {"uv": [7.5, 2, 8.5, 7], "texture": "#texture"}
			}
		},
		{
			"from": [7, 6.5, 11],
			"to": [9, 8.5, 14],
			"faces": {
				"north": {"uv": [7, 7.5, 9, 9.5], "texture": "#texture1"},
				"east": {"uv": [2, 7.5, 5, 9.5], "texture": "#texture1"},
				"south": {"uv": [7, 7.5, 9, 9.5], "texture": "#texture1"},
				"west": {"uv": [11, 7.5, 14, 9.5], "texture": "#texture1"},
				"up": {"uv": [7, 11, 9, 14], "texture": "#texture1"},
				"down": {"uv": [7, 2, 9, 5], "texture": "#texture1"}
			}
		},
		{
			"from": [7, 8.5, 10.5],
			"to": [7.5, 9, 13.5],
			"faces": {
				"north": {"uv": [8.5, 7, 9, 7.5], "texture": "#texture1"},
				"east": {"uv": [2.5, 7, 5.5, 7.5], "texture": "#texture1"},
				"south": {"uv": [7, 7, 7.5, 7.5], "texture": "#texture1"},
				"west": {"uv": [10.5, 7, 13.5, 7.5], "texture": "#texture1"},
				"up": {"uv": [7, 10.5, 7.5, 13.5], "texture": "#texture1"},
				"down": {"uv": [7, 2.5, 7.5, 5.5], "texture": "#texture1"}
			}
		},
		{
			"from": [8.5, 8.5, 10.5],
			"to": [9, 9, 13.5],
			"faces": {
				"north": {"uv": [7, 7, 7.5, 7.5], "texture": "#texture1"},
				"east": {"uv": [2.5, 7, 5.5, 7.5], "texture": "#texture1"},
				"south": {"uv": [8.5, 7, 9, 7.5], "texture": "#texture1"},
				"west": {"uv": [10.5, 7, 13.5, 7.5], "texture": "#texture1"},
				"up": {"uv": [8.5, 10.5, 9, 13.5], "texture": "#texture1"},
				"down": {"uv": [8.5, 2.5, 9, 5.5], "texture": "#texture1"}
			}
		},
		{
			"from": [7.75, 8.5, -0.5],
			"to": [8.25, 9, 0.5],
			"faces": {
				"north": {"uv": [7.75, 7, 8.25, 7.5], "texture": "#texture1"},
				"east": {"uv": [15.5, 7, 16, 7.5], "texture": "#texture1"},
				"south": {"uv": [7.75, 7, 8.25, 7.5], "texture": "#texture1"},
				"west": {"uv": [0, 7, 0.5, 7.5], "texture": "#texture1"},
				"up": {"uv": [7.75, 0, 8.25, 0.5], "texture": "#texture1"},
				"down": {"uv": [7.75, 15.5, 8.25, 16], "texture": "#texture1"}
			}
		},
		{
			"from": [7.75, 9, 0],
			"to": [8.25, 9.5, 0.5],
			"faces": {
				"north": {"uv": [8, 6.5, 8.5, 7], "texture": "#texture1"},
				"east": {"uv": [15.5, 6.5, 16, 7], "texture": "#texture1"},
				"south": {"uv": [7.5, 6.5, 8, 7], "texture": "#texture1"},
				"west": {"uv": [0, 6.5, 0.5, 7], "texture": "#texture1"},
				"up": {"uv": [7.5, 0, 8, 0.5], "texture": "#texture1"},
				"down": {"uv": [7.5, 15.5, 8, 16], "texture": "#texture1"}
			}
		},
		{
			"from": [7, 7, -1],
			"to": [9, 8, -0.5],
			"faces": {
				"north": {"uv": [7, 8, 9, 9], "texture": "#texture"},
				"east": {"uv": [0.5, 8, 1, 9], "texture": "#texture"},
				"south": {"uv": [7, 8, 9, 9], "texture": "#texture"},
				"west": {"uv": [15, 8, 15.5, 9], "texture": "#texture"},
				"up": {"uv": [7, 15, 9, 15.5], "texture": "#texture"},
				"down": {"uv": [7, 0.5, 9, 1], "texture": "#texture"}
			}
		},
		{
			"from": [7.5, 6.5, -1],
			"to": [8.5, 8.5, -0.5],
			"faces": {
				"north": {"uv": [7.5, 7.5, 8.5, 9.5], "texture": "#texture"},
				"east": {"uv": [1.5, 7.5, 2, 9.5], "texture": "#texture"},
				"south": {"uv": [7.5, 7.5, 8.5, 9.5], "texture": "#texture"},
				"west": {"uv": [14, 7.5, 14.5, 9.5], "texture": "#texture"},
				"up": {"uv": [7.5, 14, 8.5, 14.5], "texture": "#texture"},
				"down": {"uv": [7.5, 1.5, 8.5, 2], "texture": "#texture"}
			}
		},
		{
			"from": [7.5, 7, -1.5],
			"to": [8.5, 8, -1],
			"faces": {
				"north": {"uv": [7.5, 8, 8.5, 9], "texture": "#texture1"},
				"east": {"uv": [1, 8, 1.5, 9], "texture": "#texture1"},
				"south": {"uv": [7.5, 8, 8.5, 9], "texture": "#texture1"},
				"west": {"uv": [14.5, 8, 15, 9], "texture": "#texture1"},
				"up": {"uv": [7.5, 14.5, 8.5, 15], "texture": "#texture1"},
				"down": {"uv": [7.5, 1, 8.5, 1.5], "texture": "#texture1"}
			}
		},
		{
			"from": [7.5, 9, 11.5],
			"to": [8.5, 10, 12],
			"faces": {
				"north": {"uv": [7.5, 6, 8.5, 7], "texture": "#texture"},
				"east": {"uv": [4, 6, 4.5, 7], "texture": "#texture"},
				"south": {"uv": [7.5, 6, 8.5, 7], "texture": "#texture"},
				"west": {"uv": [11.5, 6, 12, 7], "texture": "#texture"},
				"up": {"uv": [7.5, 11.5, 8.5, 12], "texture": "#texture"},
				"down": {"uv": [7.5, 4, 8.5, 4.5], "texture": "#texture"}
			}
		},
		{
			"from": [7.5, 9, 13.5],
			"to": [8.5, 10, 14],
			"faces": {
				"north": {"uv": [7.5, 6, 8.5, 7], "texture": "#texture"},
				"east": {"uv": [2, 6, 2.5, 7], "texture": "#texture"},
				"south": {"uv": [7.5, 6, 8.5, 7], "texture": "#texture"},
				"west": {"uv": [13.5, 6, 14, 7], "texture": "#texture"},
				"up": {"uv": [7.5, 13.5, 8.5, 14], "texture": "#texture"},
				"down": {"uv": [7.5, 2, 8.5, 2.5], "texture": "#texture"}
			}
		},
		{
			"from": [7.5, 9.5, 12],
			"to": [8.5, 10, 13.5],
			"faces": {
				"north": {"uv": [7.5, 6, 8.5, 6.5], "texture": "#texture"},
				"east": {"uv": [2.5, 6, 4, 6.5], "texture": "#texture"},
				"south": {"uv": [7.5, 6, 8.5, 6.5], "texture": "#texture"},
				"west": {"uv": [12, 6, 13.5, 6.5], "texture": "#texture"},
				"up": {"uv": [7.5, 12, 8.5, 13.5], "texture": "#texture"},
				"down": {"uv": [7.5, 2.5, 8.5, 4], "texture": "#texture"}
			}
		},
		{
			"from": [7.5, 9.4, 12],
			"to": [8.5, 9.5, 13.5],
			"faces": {
				"north": {"uv": [7.5, 6, 8.5, 6.5], "texture": "#texture1"},
				"east": {"uv": [2.5, 6, 4, 6.5], "texture": "#texture1"},
				"south": {"uv": [7.5, 6, 8.5, 6.5], "texture": "#texture1"},
				"west": {"uv": [12, 6, 13.5, 6.5], "texture": "#texture1"},
				"up": {"uv": [7.5, 12, 8.5, 13.5], "texture": "#texture1"},
				"down": {"uv": [7.5, 2.5, 8.5, 4], "texture": "#texture1"}
			}
		},
		{
			"from": [7.5, 10, 9],
			"to": [8.5, 11, 12.5],
			"faces": {
				"north": {"uv": [7.5, 5, 8.5, 6], "texture": "#texture1"},
				"east": {"uv": [2.5, 5, 4, 6], "texture": "#texture1"},
				"south": {"uv": [7.5, 5, 8.5, 6], "texture": "#texture1"},
				"west": {"uv": [12, 5, 13.5, 6], "texture": "#texture1"},
				"up": {"uv": [7.5, 12, 8.5, 13.5], "texture": "#texture1"},
				"down": {"uv": [7.5, 2.5, 8.5, 4], "texture": "#texture1"}
			}
		},
		{
			"from": [7.5, 10, 13],
			"to": [8.5, 11, 16.5],
			"rotation": {"angle": 0, "axis": "y", "origin": [8, 8, 12]},
			"faces": {
				"north": {"uv": [7.5, 5, 8.5, 6], "texture": "#texture1"},
				"east": {"uv": [2.5, 5, 4, 6], "texture": "#texture1"},
				"south": {"uv": [7.5, 5, 8.5, 6], "texture": "#texture1"},
				"west": {"uv": [12, 5, 13.5, 6], "texture": "#texture1"},
				"up": {"uv": [7.5, 12, 8.5, 13.5], "texture": "#texture1"},
				"down": {"uv": [7.5, 2.5, 8.5, 4], "texture": "#texture1"}
			}
		},
		{
			"from": [7.5, 10, 16.5],
			"to": [8.5, 11, 16.8],
			"rotation": {"angle": 0, "axis": "y", "origin": [8, 8, 15]},
			"faces": {
				"north": {"uv": [7.5, 5, 8.5, 6], "texture": "#2"},
				"east": {"uv": [2.5, 5, 4, 6], "texture": "#2"},
				"south": {"uv": [7.5, 5, 8.5, 6], "texture": "#2"},
				"west": {"uv": [12, 5, 13.5, 6], "texture": "#2"},
				"up": {"uv": [7.5, 12, 8.5, 13.5], "texture": "#2"},
				"down": {"uv": [7.5, 2.5, 8.5, 4], "texture": "#2"}
			}
		},
		{
			"from": [7.5, 10, 8.9],
			"to": [8.5, 11, 9],
			"rotation": {"angle": 0, "axis": "y", "origin": [8, 8, 7]},
			"faces": {
				"north": {"uv": [7.5, 5, 8.5, 6], "texture": "#2"},
				"east": {"uv": [2.5, 5, 4, 6], "texture": "#2"},
				"south": {"uv": [7.5, 5, 8.5, 6], "texture": "#2"},
				"west": {"uv": [12, 5, 13.5, 6], "texture": "#2"},
				"up": {"uv": [7.5, 12, 8.5, 13.5], "texture": "#2"},
				"down": {"uv": [7.5, 2.5, 8.5, 4], "texture": "#2"}
			}
		},
		{
			"from": [7.45, 10, 12],
			"to": [8.55, 11.1, 13.5],
			"rotation": {"angle": 0, "axis": "y", "origin": [8, 8, 11]},
			"faces": {
				"north": {"uv": [7.5, 5, 8.5, 6], "texture": "#2"},
				"east": {"uv": [2.5, 3, 5, 6], "texture": "#2"},
				"south": {"uv": [7.5, 5, 8.5, 6], "texture": "#2"},
				"west": {"uv": [11, 3, 13.5, 6], "texture": "#2"},
				"up": {"uv": [7.5, 12, 8.5, 13.5], "texture": "#2"},
				"down": {"uv": [7.5, 2.5, 8.5, 4], "texture": "#2"}
			}
		},
		{
			"from": [7.45, 9.95, 11],
			"to": [8.55, 10.05, 14.5],
			"rotation": {"angle": 0, "axis": "y", "origin": [8, 7, 11]},
			"faces": {
				"north": {"uv": [7.5, 5, 8.5, 6], "texture": "#2"},
				"east": {"uv": [2.5, 3, 5, 6], "texture": "#2"},
				"south": {"uv": [7.5, 5, 8.5, 6], "texture": "#2"},
				"west": {"uv": [11, 3, 13.5, 6], "texture": "#2"},
				"up": {"uv": [7.5, 12, 8.5, 13.5], "texture": "#2"},
				"down": {"uv": [7.5, 2.5, 8.5, 4], "texture": "#2"}
			}
		},
		{
			"from": [7.75, 11, 12.5],
			"to": [8.25, 11.5, 13],
			"faces": {
				"north": {"uv": [7.75, 4.5, 8.25, 5], "texture": "#texture1"},
				"east": {"uv": [3, 4.5, 3.5, 5], "texture": "#texture1"},
				"south": {"uv": [7.75, 4.5, 8.25, 5], "texture": "#texture1"},
				"west": {"uv": [12.5, 4.5, 13, 5], "texture": "#texture1"},
				"up": {"uv": [7.75, 12.5, 8.25, 13], "texture": "#texture1"},
				"down": {"uv": [7.75, 3, 8.25, 3.5], "texture": "#texture1"}
			}
		},
		{
			"from": [7, 7, 14],
			"to": [9, 8, 17.5],
			"faces": {
				"north": {"uv": [7, 8, 9, 9], "texture": "#texture1"},
				"east": {"uv": [0, 8, 2, 9], "texture": "#texture1"},
				"south": {"uv": [7, 8, 9, 9], "texture": "#texture1"},
				"west": {"uv": [14, 8, 16, 9], "texture": "#texture1"},
				"up": {"uv": [7, 14, 9, 16], "texture": "#texture1"},
				"down": {"uv": [7, 0, 9, 2], "texture": "#texture1"}
			}
		},
		{
			"from": [7.5, 6.5, 14],
			"to": [8.5, 8.5, 17.5],
			"faces": {
				"north": {"uv": [7.5, 7.5, 8.5, 9.5], "texture": "#texture1"},
				"east": {"uv": [0, 7.5, 2, 9.5], "texture": "#texture1"},
				"south": {"uv": [7.5, 7.5, 8.5, 9.5], "texture": "#texture1"},
				"west": {"uv": [14, 7.5, 16, 9.5], "texture": "#texture1"},
				"up": {"uv": [7.5, 14, 8.5, 16], "texture": "#texture1"},
				"down": {"uv": [7.5, 0, 8.5, 2], "texture": "#texture1"}
			}
		},
		{
			"from": [7.75, 6, 16.5],
			"to": [8.25, 6.5, 17.5],
			"faces": {
				"north": {"uv": [7.75, 9.5, 8.25, 10], "texture": "#texture1"},
				"east": {"uv": [14.5, 9.5, 15.5, 10], "texture": "#texture1"},
				"south": {"uv": [7.75, 9.5, 8.25, 10], "texture": "#texture1"},
				"west": {"uv": [0.5, 9.5, 1.5, 10], "texture": "#texture1"},
				"up": {"uv": [7.75, 0.5, 8.25, 1.5], "texture": "#texture1"},
				"down": {"uv": [7.75, 14.5, 8.25, 15.5], "texture": "#texture1"}
			}
		},
		{
			"from": [7.75, 8.5, 16.5],
			"to": [8.25, 9, 17.5],
			"faces": {
				"north": {"uv": [7.75, 7, 8.25, 7.5], "texture": "#texture1"},
				"east": {"uv": [14.5, 7, 15.5, 7.5], "texture": "#texture1"},
				"south": {"uv": [7.75, 7, 8.25, 7.5], "texture": "#texture1"},
				"west": {"uv": [0.5, 7, 1.5, 7.5], "texture": "#texture1"},
				"up": {"uv": [7.75, 0.5, 8.25, 1.5], "texture": "#texture1"},
				"down": {"uv": [7.75, 14.5, 8.25, 15.5], "texture": "#texture1"}
			}
		},
		{
			"from": [7.75, 8.5, 14],
			"to": [8.25, 9, 16.5],
			"faces": {
				"north": {"uv": [7.75, 7, 8.25, 7.5], "texture": "#texture1"},
				"east": {"uv": [0, 7, 2, 7.5], "texture": "#texture1"},
				"south": {"uv": [7.75, 7, 8.25, 7.5], "texture": "#texture1"},
				"west": {"uv": [14, 7, 16, 7.5], "texture": "#texture1"},
				"up": {"uv": [7.75, 14, 8.25, 16], "texture": "#texture1"},
				"down": {"uv": [7.75, 0, 8.25, 2], "texture": "#texture1"}
			}
		},
		{
			"from": [7, 7, 17.5],
			"to": [9, 8, 18.5],
			"faces": {
				"north": {"uv": [7, 8, 9, 9], "texture": "#texture"},
				"east": {"uv": [13.5, 8, 14.5, 9], "texture": "#texture"},
				"south": {"uv": [7, 8, 9, 9], "texture": "#texture"},
				"west": {"uv": [1.5, 8, 2.5, 9], "texture": "#texture"},
				"up": {"uv": [7, 1.5, 9, 2.5], "texture": "#texture"},
				"down": {"uv": [7, 13.5, 9, 14.5], "texture": "#texture"}
			}
		},
		{
			"from": [7.5, 6.5, 17.5],
			"to": [8.5, 8.5, 18.5],
			"faces": {
				"north": {"uv": [7.5, 7.5, 8.5, 9.5], "texture": "#texture"},
				"east": {"uv": [13.5, 7.5, 14.5, 9.5], "texture": "#texture"},
				"south": {"uv": [7.5, 7.5, 8.5, 9.5], "texture": "#texture"},
				"west": {"uv": [1.5, 7.5, 2.5, 9.5], "texture": "#texture"},
				"up": {"uv": [7.5, 1.5, 8.5, 2.5], "texture": "#texture"},
				"down": {"uv": [7.5, 13.5, 8.5, 14.5], "texture": "#texture"}
			}
		},
		{
			"from": [7.5, 7, 18],
			"to": [8.5, 8, 19],
			"faces": {
				"north": {"uv": [7.5, 8, 8.5, 9], "texture": "#texture1"},
				"east": {"uv": [13, 8, 14, 9], "texture": "#texture1"},
				"south": {"uv": [7.5, 8, 8.5, 9], "texture": "#texture1"},
				"west": {"uv": [2, 8, 3, 9], "texture": "#texture1"},
				"up": {"uv": [7.5, 2, 8.5, 3], "texture": "#texture1"},
				"down": {"uv": [7.5, 13, 8.5, 14], "texture": "#texture1"}
			}
		},
		{
			"from": [7.75, 6, 18],
			"to": [8.25, 6.5, 18.5],
			"faces": {
				"north": {"uv": [7.75, 9.5, 8.25, 10], "texture": "#texture"},
				"east": {"uv": [13.5, 9.5, 14, 10], "texture": "#texture"},
				"south": {"uv": [7.75, 9.5, 8.25, 10], "texture": "#texture"},
				"west": {"uv": [2, 9.5, 2.5, 10], "texture": "#texture"},
				"up": {"uv": [7.75, 2, 8.25, 2.5], "texture": "#texture"},
				"down": {"uv": [7.75, 13.5, 8.25, 14], "texture": "#texture"}
			}
		},
		{
			"from": [7.5, 6, -1.5],
			"to": [8.5, 6.5, -1],
			"faces": {
				"north": {"uv": [6.5, 8.5, 7.5, 10], "texture": "#2"},
				"east": {"uv": [1, 9.5, 1.5, 10], "texture": "#2"},
				"south": {"uv": [7.5, 9.5, 8.5, 10], "texture": "#2"},
				"west": {"uv": [14.5, 9.5, 15, 10], "texture": "#2"},
				"up": {"uv": [7.5, 14.5, 8.5, 15], "texture": "#2"},
				"down": {"uv": [7.5, 1, 8.5, 1.5], "texture": "#2"}
			}
		}
	],
	"display": {
		"thirdperson_righthand": {
			"translation": [0, 1.7, -0.999],
			"scale": [0.7, 0.7, 0.7]
		},
		"thirdperson_lefthand": {
			"translation": [0, 1.7, -0.999],
			"scale": [0.7, 0.7, 0.7]
		},
		"firstperson_righthand": {
			"translation": [-0.695, 5.5652, 0],
			"scale": [0.6, 0.6, 0.6]
		},
		"firstperson_lefthand": {
			"translation": [-0.695, 5.5652, 0],
			"scale": [0.6, 0.6, 0.6]
		},
		"ground": {
			"translation": [0, 9.0434, 0]
		},
		"gui": {
			"rotation": [20, -139, 0],
			"translation": [0.55, 0, 0],
			"scale": [1.1, 1.1, 1.1]
		},
		"head": {
			"rotation": [-67, 0, 0],
			"translation": [7.25, -26.5, -1]
		},
		"fixed": {
			"rotation": [0, 90, 0],
			"translation": [0, 0, -2.086]
		}
	}
}