{
	"credit": "Credit:  Ontvlambaar",
	"textures": {
		"0": "block/lime_concrete",
		"1": "block/white_concrete",
		"2": "block/black_concrete",
		"particle": "block/lime_concrete"
	},
	"elements": [
		{
			"from": [14.75, 8.625, 8],
			"to": [15.75, 16.625, 9.25],
			"faces": {
				"north": {"uv": [0, 0, 1, 8], "texture": "#0"},
				"east": {"uv": [0, 0, 1.25, 8], "texture": "#0"},
				"south": {"uv": [0, 0, 1, 8], "texture": "#0"},
				"west": {"uv": [0, 0, 1.25, 8], "texture": "#0"},
				"up": {"uv": [0, 0, 1, 1.25], "texture": "#0"},
				"down": {"uv": [0, 0, 1, 1.25], "texture": "#0"}
			}
		},
		{
			"from": [3.625, 18, 8],
			"to": [4.5, 24.375, 9.25],
			"rotation": {"angle": 22.5, "axis": "z", "origin": [8.125, 8, 8]},
			"faces": {
				"north": {"uv": [0, 0, 0.875, 1.375], "texture": "#0"},
				"east": {"uv": [0, 0, 1.25, 1.375], "texture": "#0"},
				"south": {"uv": [0, 0, 0.875, 1.375], "texture": "#0"},
				"west": {"uv": [0, 0, 1.25, 1.375], "texture": "#0"},
				"up": {"uv": [0, 0, 0.875, 1.25], "texture": "#0"},
				"down": {"uv": [0, 0, 0.875, 1.25], "texture": "#0"}
			}
		},
		{
			"from": [7.625, 23, 8],
			"to": [8.5, 28.375, 9.25],
			"rotation": {"angle": 45, "axis": "z", "origin": [12.125, 13, 8]},
			"faces": {
				"north": {"uv": [0, 0, 0.875, 1.375], "texture": "#0"},
				"east": {"uv": [0, 0, 1.25, 1.375], "texture": "#0"},
				"south": {"uv": [0, 0, 0.875, 1.375], "texture": "#0"},
				"west": {"uv": [0, 0, 1.25, 1.375], "texture": "#0"},
				"up": {"uv": [0, 0, 0.875, 1.25], "texture": "#0"},
				"down": {"uv": [0, 0, 0.875, 1.25], "texture": "#0"}
			}
		},
		{
			"from": [6.625, 23, 8.1],
			"to": [8.5, 26.375, 9.1],
			"rotation": {"angle": 45, "axis": "z", "origin": [12.125, 13, 8]},
			"faces": {
				"north": {"uv": [0, 0, 0.875, 1.375], "texture": "#0"},
				"east": {"uv": [0, 0, 1.25, 1.375], "texture": "#0"},
				"south": {"uv": [0, 0, 0.875, 1.375], "texture": "#0"},
				"west": {"uv": [0, 0, 1.25, 1.375], "texture": "#0"},
				"up": {"uv": [0, 0, 0.875, 1.25], "texture": "#0"},
				"down": {"uv": [0, 0, 0.875, 1.25], "texture": "#0"}
			}
		},
		{
			"from": [11.625, 17, 8],
			"to": [12.5, 24.375, 9.25],
			"rotation": {"angle": -22.5, "axis": "z", "origin": [7.875, 8, 9.25]},
			"faces": {
				"north": {"uv": [0, 0, 0.875, 1.375], "texture": "#0"},
				"east": {"uv": [0, 0, 1.25, 1.375], "texture": "#0"},
				"south": {"uv": [0, 0, 0.875, 1.375], "texture": "#0"},
				"west": {"uv": [0, 0, 1.25, 1.375], "texture": "#0"},
				"up": {"uv": [0, 0, 0.875, 1.25], "rotation": 180, "texture": "#0"},
				"down": {"uv": [0, 0, 0.875, 1.25], "rotation": 180, "texture": "#0"}
			}
		},
		{
			"from": [7.625, 23, 8.1],
			"to": [9.5, 26.375, 9.1],
			"rotation": {"angle": -45, "axis": "z", "origin": [3.875, 13, 9.25]},
			"faces": {
				"north": {"uv": [0, 0, 0.875, 1.375], "texture": "#0"},
				"east": {"uv": [0, 0, 1.25, 1.375], "texture": "#0"},
				"south": {"uv": [0, 0, 0.875, 1.375], "texture": "#0"},
				"west": {"uv": [0, 0, 1.25, 1.375], "texture": "#0"},
				"up": {"uv": [0, 0, 0.875, 1.25], "rotation": 180, "texture": "#0"},
				"down": {"uv": [0, 0, 0.875, 1.25], "rotation": 180, "texture": "#0"}
			}
		},
		{
			"from": [7.625, 23, 8],
			"to": [8.5, 28.375, 9.25],
			"rotation": {"angle": -45, "axis": "z", "origin": [3.875, 13, 9.25]},
			"faces": {
				"north": {"uv": [0, 0, 0.875, 1.375], "texture": "#0"},
				"east": {"uv": [0, 0, 1.25, 1.375], "texture": "#0"},
				"south": {"uv": [0, 0, 0.875, 1.375], "texture": "#0"},
				"west": {"uv": [0, 0, 1.25, 1.375], "texture": "#0"},
				"up": {"uv": [0, 0, 0.875, 1.25], "rotation": 180, "texture": "#0"},
				"down": {"uv": [0, 0, 0.875, 1.25], "rotation": 180, "texture": "#0"}
			}
		},
		{
			"from": [0.75, 16.625, 8],
			"to": [15.125, 17.625, 9.25],
			"faces": {
				"north": {"uv": [0, 0, 14.375, 1], "texture": "#0"},
				"east": {"uv": [0, 0, 1.25, 1], "texture": "#0"},
				"south": {"uv": [0, 0, 14.375, 1], "texture": "#0"},
				"west": {"uv": [0, 0, 1.25, 1], "texture": "#0"},
				"up": {"uv": [0, 0, 14.375, 1.25], "texture": "#0"},
				"down": {"uv": [0, 0, 14.375, 1.25], "texture": "#0"}
			}
		},
		{
			"from": [10.625, 17.375, 7.625],
			"to": [13.625, 20.375, 10.25],
			"faces": {
				"north": {"uv": [0, 0, 3, 3], "texture": "#1"},
				"east": {"uv": [0, 0, 2.625, 3], "texture": "#1"},
				"south": {"uv": [0, 0, 3, 3], "texture": "#1"},
				"west": {"uv": [0, 0, 2.625, 3], "texture": "#1"},
				"up": {"uv": [0, 0, 3, 2.625], "texture": "#1"},
				"down": {"uv": [0, 0, 3, 2.625], "texture": "#1"}
			}
		},
		{
			"from": [2.625, 17.375, 7.625],
			"to": [5.625, 20.375, 10.25],
			"faces": {
				"north": {"uv": [0, 0, 3, 3], "texture": "#1"},
				"east": {"uv": [0, 0, 2.625, 3], "texture": "#1"},
				"south": {"uv": [0, 0, 3, 3], "texture": "#1"},
				"west": {"uv": [0, 0, 2.625, 3], "texture": "#1"},
				"up": {"uv": [0, 0, 3, 2.625], "texture": "#1"},
				"down": {"uv": [0, 0, 3, 2.625], "texture": "#1"}
			}
		},
		{
			"from": [6.625, 17.7, 7.625],
			"to": [9.625, 20.7, 10.25],
			"faces": {
				"north": {"uv": [0, 0, 3, 3], "texture": "#1"},
				"east": {"uv": [0, 0, 2.625, 3], "texture": "#1"},
				"south": {"uv": [0, 0, 3, 3], "texture": "#1"},
				"west": {"uv": [0, 0, 2.625, 3], "texture": "#1"},
				"up": {"uv": [0, 0, 3, 2.625], "texture": "#1"},
				"down": {"uv": [0, 0, 3, 2.625], "texture": "#1"}
			}
		},
		{
			"from": [11.625, 18.75, 10.25],
			"to": [12.5, 19.625, 10.375],
			"faces": {
				"north": {"uv": [0, 0, 0.875, 0.875], "texture": "#2"},
				"east": {"uv": [0, 0, 0.125, 0.875], "texture": "#2"},
				"south": {"uv": [0, 0, 0.875, 0.875], "texture": "#2"},
				"west": {"uv": [0, 0, 0.125, 0.875], "texture": "#2"},
				"up": {"uv": [0, 0, 0.875, 0.125], "texture": "#2"},
				"down": {"uv": [0, 0, 0.875, 0.125], "texture": "#2"}
			}
		},
		{
			"from": [3.625, 18.75, 10.25],
			"to": [4.5, 19.625, 10.375],
			"faces": {
				"north": {"uv": [0, 0, 0.875, 0.875], "texture": "#2"},
				"east": {"uv": [0, 0, 0.125, 0.875], "texture": "#2"},
				"south": {"uv": [0, 0, 0.875, 0.875], "texture": "#2"},
				"west": {"uv": [0, 0, 0.125, 0.875], "texture": "#2"},
				"up": {"uv": [0, 0, 0.875, 0.125], "texture": "#2"},
				"down": {"uv": [0, 0, 0.875, 0.125], "texture": "#2"}
			}
		},
		{
			"from": [7.625, 19, 10.25],
			"to": [8.5, 19.875, 10.375],
			"faces": {
				"north": {"uv": [0, 0, 0.875, 0.875], "texture": "#2"},
				"east": {"uv": [0, 0, 0.125, 0.875], "texture": "#2"},
				"south": {"uv": [0, 0, 0.875, 0.875], "texture": "#2"},
				"west": {"uv": [0, 0, 0.125, 0.875], "texture": "#2"},
				"up": {"uv": [0, 0, 0.875, 0.125], "texture": "#2"},
				"down": {"uv": [0, 0, 0.875, 0.125], "texture": "#2"}
			}
		},
		{
			"from": [10.375, 17.125, 7.25],
			"to": [13.875, 20.75, 9.875],
			"faces": {
				"north": {"uv": [0, 0, 3.5, 3.625], "texture": "#0"},
				"east": {"uv": [0, 0, 2.625, 3.625], "texture": "#0"},
				"south": {"uv": [0, 0, 3.5, 3.625], "texture": "#0"},
				"west": {"uv": [0, 0, 2.625, 3.625], "texture": "#0"},
				"up": {"uv": [0, 0, 3.5, 2.625], "texture": "#0"},
				"down": {"uv": [0, 0, 3.5, 2.625], "texture": "#0"}
			}
		},
		{
			"from": [2.375, 17.125, 7.25],
			"to": [5.875, 20.75, 9.875],
			"faces": {
				"north": {"uv": [0, 0, 3.5, 3.625], "texture": "#0"},
				"east": {"uv": [0, 0, 2.625, 3.625], "texture": "#0"},
				"south": {"uv": [0, 0, 3.5, 3.625], "texture": "#0"},
				"west": {"uv": [0, 0, 2.625, 3.625], "texture": "#0"},
				"up": {"uv": [0, 0, 3.5, 2.625], "texture": "#0"},
				"down": {"uv": [0, 0, 3.5, 2.625], "texture": "#0"}
			}
		},
		{
			"from": [1.375, 17.125, 7.5],
			"to": [14.875, 21.75, 9.5],
			"rotation": {"angle": 0, "axis": "y", "origin": [7, 8, 8]},
			"faces": {
				"north": {"uv": [0, 0, 3.5, 3.625], "texture": "#0"},
				"east": {"uv": [0, 0, 2.625, 3.625], "texture": "#0"},
				"south": {"uv": [0, 0, 3.5, 3.625], "texture": "#0"},
				"west": {"uv": [0, 0, 2.625, 3.625], "texture": "#0"},
				"up": {"uv": [0, 0, 3.5, 2.625], "texture": "#0"},
				"down": {"uv": [0, 0, 3.5, 2.625], "texture": "#0"}
			}
		},
		{
			"from": [2.375, 21.7, 7.5],
			"to": [13.875, 22.2, 9.5],
			"rotation": {"angle": 0, "axis": "y", "origin": [7, 12, 8]},
			"faces": {
				"north": {"uv": [0, 0, 3.5, 3.625], "texture": "#0"},
				"east": {"uv": [0, 0, 2.625, 3.625], "texture": "#0"},
				"south": {"uv": [0, 0, 3.5, 3.625], "texture": "#0"},
				"west": {"uv": [0, 0, 2.625, 3.625], "texture": "#0"},
				"up": {"uv": [0, 0, 3.5, 2.625], "texture": "#0"},
				"down": {"uv": [0, 0, 3.5, 2.625], "texture": "#0"}
			}
		},
		{
			"from": [6.375, 17.5, 7.25],
			"to": [9.875, 21.125, 9.875],
			"faces": {
				"north": {"uv": [0, 0, 3.5, 3.625], "texture": "#0"},
				"east": {"uv": [0, 0, 2.625, 3.625], "texture": "#0"},
				"south": {"uv": [0, 0, 3.5, 3.625], "texture": "#0"},
				"west": {"uv": [0, 0, 2.625, 3.625], "texture": "#0"},
				"up": {"uv": [0, 0, 3.5, 2.625], "texture": "#0"},
				"down": {"uv": [0, 0, 3.5, 2.625], "texture": "#0"}
			}
		},
		{
			"from": [7.5, 17.125, 7.375],
			"to": [8.625, 23.125, 8.125],
			"faces": {
				"north": {"uv": [0, 0, 1.125, 6], "texture": "#0"},
				"east": {"uv": [0, 0, 0.75, 6], "texture": "#0"},
				"south": {"uv": [0, 0, 1.125, 6], "texture": "#0"},
				"west": {"uv": [0, 0, 0.75, 6], "texture": "#0"},
				"up": {"uv": [0, 0, 1.125, 0.75], "texture": "#0"},
				"down": {"uv": [0, 0, 1.125, 0.75], "texture": "#0"}
			}
		},
		{
			"from": [7.625, 23.125, 7.375],
			"to": [8.5, 25, 8.125],
			"faces": {
				"north": {"uv": [0, 0, 0.875, 1.875], "texture": "#0"},
				"east": {"uv": [0, 0, 0.75, 1.875], "texture": "#0"},
				"south": {"uv": [0, 0, 0.875, 1.875], "texture": "#0"},
				"west": {"uv": [0, 0, 0.75, 1.875], "texture": "#0"},
				"up": {"uv": [0, 0, 0.875, 0.75], "texture": "#0"},
				"down": {"uv": [0, 0, 0.875, 0.75], "texture": "#0"}
			}
		},
		{
			"from": [7.75, 25, 7.375],
			"to": [8.375, 25.875, 8.125],
			"faces": {
				"north": {"uv": [0, 0, 0.625, 0.875], "texture": "#0"},
				"east": {"uv": [0, 0, 0.75, 0.875], "texture": "#0"},
				"south": {"uv": [0, 0, 0.625, 0.875], "texture": "#0"},
				"west": {"uv": [0, 0, 0.75, 0.875], "texture": "#0"},
				"up": {"uv": [0, 0, 0.625, 0.75], "texture": "#0"},
				"down": {"uv": [0, 0, 0.625, 0.75], "texture": "#0"}
			}
		},
		{
			"from": [7.5, 25.875, 7.125],
			"to": [8.625, 26.875, 8.375],
			"faces": {
				"north": {"uv": [0, 0, 1.125, 1], "texture": "#0"},
				"east": {"uv": [0, 0, 1.25, 1], "texture": "#0"},
				"south": {"uv": [0, 0, 1.125, 1], "texture": "#0"},
				"west": {"uv": [0, 0, 1.25, 1], "texture": "#0"},
				"up": {"uv": [0, 0, 1.125, 1.25], "texture": "#0"},
				"down": {"uv": [0, 0, 1.125, 1.25], "texture": "#0"}
			}
		},
		{
			"from": [0.25, 8.625, 8],
			"to": [1.25, 16.625, 9.25],
			"faces": {
				"north": {"uv": [0, 0, 1, 8], "texture": "#0"},
				"east": {"uv": [0, 0, 1.25, 8], "texture": "#0"},
				"south": {"uv": [0, 0, 1, 8], "texture": "#0"},
				"west": {"uv": [0, 0, 1.25, 8], "texture": "#0"},
				"up": {"uv": [0, 0, 1, 1.25], "texture": "#0"},
				"down": {"uv": [0, 0, 1, 1.25], "texture": "#0"}
			}
		}
	],
	"display": {
		"thirdperson_righthand": {
			"rotation": [-33, 0, 0],
			"translation": [0, -1.25, 0.5],
			"scale": [0.3, 0.3, 0.3]
		},
		"thirdperson_lefthand": {
			"rotation": [-33, 0, 0],
			"translation": [0, -1.25, 0.5],
			"scale": [0.3, 0.3, 0.3]
		},
		"firstperson_righthand": {
			"rotation": [-21, 4, 24],
			"translation": [4, -1.25, 0.5],
			"scale": [0.5, 0.5, 0.5]
		},
		"firstperson_lefthand": {
			"rotation": [-21, 4, 24],
			"translation": [4, -1.25, 0.5],
			"scale": [0.5, 0.5, 0.5]
		},
		"ground": {
			"scale": [0.6, 0.6, 0.6]
		},
		"gui": {
			"rotation": [5, -23, 0],
			"translation": [0, -5, 0],
			"scale": [0.6, 0.6, 0.6]
		},
		"head": {
			"rotation": [0, 180, 0],
			"translation": [0, -2, 0]
		},
		"fixed": {
			"rotation": [0, -180, 0],
			"translation": [0, -4.5, 0.5],
			"scale": [0.8, 0.8, 0.8]
		}
	},
	"groups": [0,
		{
			"name": "group",
			"origin": [8, 8, 8],
			"children": [1, 2, 3]
		},
		{
			"name": "group2",
			"origin": [8, 8, 8],
			"children": [4, 5, 6]
		}, 7,
		{
			"name": "group",
			"origin": [8, 8, 8],
			"children": [8, 9, 10]
		},
		{
			"name": "group4",
			"origin": [8, 8, 8],
			"children": [11, 12, 13]
		},
		{
			"name": "group3",
			"origin": [8, 8, 8],
			"children": [14, 15, 16, 17, 18]
		}, 19, 20, 21, 22, 23]
}