{
	"credit": "Credit: Ontvlambaar, Sammie_gaga",
	"textures": {
		"4": "loungefly/loungefly",
		"5": "loungefly/boo",
		"12": "block/white_concrete",
		"particle": "loungefly/loungefly",
		"texture1": "block/black_wool",
		"texture2": "block/stone",
		"texture3": "loungefly/ghostmickey"
	},
	"elements": [
		{
			"from": [1, 11, 9.5],
			"to": [1.5, 12, 10.5],
			"faces": {
				"north": {"uv": [14.5, 4, 15, 5], "texture": "#texture1"},
				"east": {"uv": [5.5, 4, 6.5, 5], "texture": "#texture1"},
				"south": {"uv": [1, 4, 1.5, 5], "texture": "#texture1"},
				"west": {"uv": [9.5, 4, 10.5, 5], "texture": "#texture1"},
				"up": {"uv": [1, 9.5, 1.5, 10.5], "texture": "#texture1"},
				"down": {"uv": [1, 5.5, 1.5, 6.5], "texture": "#texture1"}
			}
		},
		{
			"from": [0.5, 4.5, 9.5],
			"to": [1, 11, 10.5],
			"faces": {
				"north": {"uv": [15, 5, 15.5, 11.5], "texture": "#texture1"},
				"east": {"uv": [5.5, 5, 6.5, 11.5], "texture": "#texture1"},
				"south": {"uv": [0.5, 5, 1, 11.5], "texture": "#texture1"},
				"west": {"uv": [9.5, 5, 10.5, 11.5], "texture": "#texture1"},
				"up": {"uv": [0.5, 9.5, 1, 10.5], "texture": "#texture1"},
				"down": {"uv": [0.5, 5.5, 1, 6.5], "texture": "#texture1"}
			}
		},
		{
			"from": [1, 3.5, 9.5],
			"to": [1.5, 4.5, 10.5],
			"faces": {
				"north": {"uv": [14.5, 11.5, 15, 12.5], "texture": "#texture1"},
				"east": {"uv": [5.5, 11.5, 6.5, 12.5], "texture": "#texture1"},
				"south": {"uv": [1, 11.5, 1.5, 12.5], "texture": "#texture1"},
				"west": {"uv": [9.5, 11.5, 10.5, 12.5], "texture": "#texture1"},
				"up": {"uv": [1, 9.5, 1.5, 10.5], "texture": "#texture1"},
				"down": {"uv": [1, 5.5, 1.5, 6.5], "texture": "#texture1"}
			}
		},
		{
			"from": [1, 11, 5],
			"to": [1.5, 12, 6],
			"faces": {
				"north": {"uv": [14.5, 4, 15, 5], "texture": "#texture1"},
				"east": {"uv": [10, 4, 11, 5], "texture": "#texture1"},
				"south": {"uv": [1, 4, 1.5, 5], "texture": "#texture1"},
				"west": {"uv": [5, 4, 6, 5], "texture": "#texture1"},
				"up": {"uv": [1, 5, 1.5, 6], "texture": "#texture1"},
				"down": {"uv": [1, 10, 1.5, 11], "texture": "#texture1"}
			}
		},
		{
			"from": [0.5, 4.5, 5],
			"to": [1, 11, 6],
			"faces": {
				"north": {"uv": [15, 5, 15.5, 11.5], "texture": "#texture1"},
				"east": {"uv": [10, 5, 11, 11.5], "texture": "#texture1"},
				"south": {"uv": [0.5, 5, 1, 11.5], "texture": "#texture1"},
				"west": {"uv": [5, 5, 6, 11.5], "texture": "#texture1"},
				"up": {"uv": [0.5, 5, 1, 6], "texture": "#texture1"},
				"down": {"uv": [0.5, 10, 1, 11], "texture": "#texture1"}
			}
		},
		{
			"from": [1, 3.5, 5],
			"to": [1.5, 4.5, 6],
			"faces": {
				"north": {"uv": [14.5, 11.5, 15, 12.5], "texture": "#texture1"},
				"east": {"uv": [10, 11.5, 11, 12.5], "texture": "#texture1"},
				"south": {"uv": [1, 11.5, 1.5, 12.5], "texture": "#texture1"},
				"west": {"uv": [5, 11.5, 6, 12.5], "texture": "#texture1"},
				"up": {"uv": [1, 5, 1.5, 6], "texture": "#texture1"},
				"down": {"uv": [1, 10, 1.5, 11], "texture": "#texture1"}
			}
		},
		{
			"from": [2, 14, 8.5],
			"to": [2.5, 15.5, 9],
			"faces": {
				"north": {"uv": [13.5, 0.5, 14, 2], "texture": "#texture1"},
				"east": {"uv": [7, 0.5, 7.5, 2], "texture": "#texture1"},
				"south": {"uv": [2, 0.5, 2.5, 2], "texture": "#texture1"},
				"west": {"uv": [8.5, 0.5, 9, 2], "texture": "#texture1"},
				"up": {"uv": [2, 8.5, 2.5, 9], "texture": "#texture1"},
				"down": {"uv": [2, 7, 2.5, 7.5], "texture": "#texture1"}
			}
		},
		{
			"from": [2, 15.5, 7],
			"to": [2.5, 16, 8.5],
			"faces": {
				"north": {"uv": [13.5, 0, 14, 0.5], "texture": "#texture1"},
				"east": {"uv": [7.5, 0, 9, 0.5], "texture": "#texture1"},
				"south": {"uv": [2, 0, 2.5, 0.5], "texture": "#texture1"},
				"west": {"uv": [7, 0, 8.5, 0.5], "texture": "#texture1"},
				"up": {"uv": [2, 7, 2.5, 8.5], "texture": "#texture1"},
				"down": {"uv": [2, 7.5, 2.5, 9], "texture": "#texture1"}
			}
		},
		{
			"from": [2, 14, 6.5],
			"to": [2.5, 15.5, 7],
			"faces": {
				"north": {"uv": [13.5, 0.5, 14, 2], "texture": "#texture1"},
				"east": {"uv": [9, 0.5, 9.5, 2], "texture": "#texture1"},
				"south": {"uv": [2, 0.5, 2.5, 2], "texture": "#texture1"},
				"west": {"uv": [6.5, 0.5, 7, 2], "texture": "#texture1"},
				"up": {"uv": [2, 6.5, 2.5, 7], "texture": "#texture1"},
				"down": {"uv": [2, 9, 2.5, 9.5], "texture": "#texture1"}
			}
		},
		{
			"name": "Background",
			"from": [6.1, 3.9, 5],
			"to": [7.1, 4.9, 6.5],
			"faces": {
				"north": {"uv": [9, 11.5, 10, 12.5], "texture": "#12"},
				"east": {"uv": [9.5, 11.5, 11, 12.5], "texture": "#12"},
				"south": {"uv": [6, 11.5, 7, 12.5], "texture": "#12"},
				"west": {"uv": [5, 11.5, 6.5, 12.5], "texture": "#12"},
				"up": {"uv": [6, 5, 7, 6.5], "texture": "#12"},
				"down": {"uv": [6, 9.5, 7, 11], "texture": "#12"}
			}
		},
		{
			"name": "Background",
			"from": [7, 3.9, 5],
			"to": [7.1, 4.9, 6.5],
			"rotation": {"angle": 0, "axis": "y", "origin": [9, 8, 8]},
			"faces": {
				"north": {"uv": [9, 11.5, 10, 12.5], "texture": "#4"},
				"east": {"uv": [0, 4.544, 15.996, 11.687], "texture": "#4"},
				"south": {"uv": [6, 11.5, 7, 12.5], "texture": "#4"},
				"west": {"uv": [5, 11.5, 6.5, 12.5], "texture": "#4"},
				"up": {"uv": [6, 5, 7, 6.5], "texture": "#4"},
				"down": {"uv": [6, 9.5, 7, 11], "texture": "#4"}
			}
		},
		{
			"from": [6, 3.5, 4],
			"to": [7, 6, 11.5],
			"rotation": {"angle": 0, "axis": "y", "origin": [8, 7, 8]},
			"faces": {
				"north": {"uv": [9, 11, 10, 11.5], "texture": "#12"},
				"east": {"uv": [4.5, 11, 7, 11.5], "texture": "#12"},
				"south": {"uv": [6, 11, 7, 11.5], "texture": "#12"},
				"west": {"uv": [9, 11, 11.5, 11.5], "texture": "#12"},
				"up": {"uv": [6, 9, 7, 11.5], "texture": "#12"},
				"down": {"uv": [6, 4.5, 7, 7], "texture": "#12"}
			}
		},
		{
			"from": [6, 6, 4],
			"to": [7, 6.5, 11.5],
			"rotation": {"angle": 0, "axis": "y", "origin": [10, 8, 8]},
			"faces": {
				"north": {"uv": [9, 8.5, 10, 9], "texture": "#texture2"},
				"east": {"uv": [4.5, 8.5, 12, 9], "texture": "#texture2"},
				"south": {"uv": [6, 8.5, 7, 9], "texture": "#texture2"},
				"west": {"uv": [4, 8.5, 11.5, 9], "texture": "#texture2"},
				"up": {"uv": [6, 4, 7, 11.5], "texture": "#texture2"},
				"down": {"uv": [6, 4.5, 7, 12], "texture": "#texture2"}
			}
		},
		{
			"from": [6, 6.5, 4],
			"to": [7, 7.5, 11.5],
			"faces": {
				"north": {"uv": [9, 7.5, 10, 8.5], "texture": "#12"},
				"east": {"uv": [4.5, 7.5, 12, 8.5], "texture": "#12"},
				"south": {"uv": [6, 7.5, 7, 8.5], "texture": "#12"},
				"west": {"uv": [4, 7.5, 11.5, 8.5], "texture": "#12"},
				"up": {"uv": [6, 4, 7, 11.5], "texture": "#12"},
				"down": {"uv": [6, 4.5, 7, 12], "texture": "#12"}
			}
		},
		{
			"from": [6.5, 8, 4.5],
			"to": [6.51, 12.5, 11],
			"rotation": {"angle": 0, "axis": "y", "origin": [9, 10, 9]},
			"faces": {
				"north": {"uv": [9, 7.5, 10, 8.5], "texture": "#texture3"},
				"east": {"uv": [0, 0, 15.5, 16], "texture": "#texture3"},
				"south": {"uv": [6, 7.5, 7, 8.5], "texture": "#texture3"},
				"west": {"uv": [4, 7.5, 11.5, 8.5], "texture": "#texture3"},
				"up": {"uv": [6, 4, 7, 11.5], "texture": "#texture3"},
				"down": {"uv": [6, 4.5, 7, 12], "texture": "#texture3"}
			}
		},
		{
			"from": [6, 3.5, 8.5],
			"to": [7.1, 4, 10.5],
			"rotation": {"angle": 0, "axis": "y", "origin": [8, 8, 9]},
			"faces": {
				"north": {"uv": [9, 11.5, 10, 12], "texture": "#texture1"},
				"east": {"uv": [4.5, 11.5, 5.5, 12], "texture": "#texture1"},
				"south": {"uv": [6, 11.5, 7, 12], "texture": "#texture1"},
				"west": {"uv": [10.5, 11.5, 11.5, 12], "texture": "#texture1"},
				"up": {"uv": [6, 10.5, 7, 11.5], "texture": "#texture1"},
				"down": {"uv": [6, 4.5, 7, 5.5], "texture": "#texture1"}
			}
		},
		{
			"from": [6, 3.5, 6],
			"to": [7.1, 3.85, 7],
			"rotation": {"angle": 0, "axis": "y", "origin": [8, 8, 7]},
			"faces": {
				"north": {"uv": [9, 11.5, 10, 12], "texture": "#texture1"},
				"east": {"uv": [4.5, 11.5, 5.5, 12], "texture": "#texture1"},
				"south": {"uv": [6, 11.5, 7, 12], "texture": "#texture1"},
				"west": {"uv": [10.5, 11.5, 11.5, 12], "texture": "#texture1"},
				"up": {"uv": [6, 10.5, 7, 11.5], "texture": "#texture1"},
				"down": {"uv": [6, 4.5, 7, 5.5], "texture": "#texture1"}
			}
		},
		{
			"from": [6, 3.5, 7.5],
			"to": [7.1, 3.6, 8.5],
			"faces": {
				"north": {"uv": [9, 11.5, 10, 12], "texture": "#texture1"},
				"east": {"uv": [4.5, 11.5, 5.5, 12], "texture": "#texture1"},
				"south": {"uv": [6, 11.5, 7, 12], "texture": "#texture1"},
				"west": {"uv": [10.5, 11.5, 11.5, 12], "texture": "#texture1"},
				"up": {"uv": [6, 10.5, 7, 11.5], "texture": "#texture1"},
				"down": {"uv": [6, 4.5, 7, 5.5], "texture": "#texture1"}
			}
		},
		{
			"from": [6, 3.5, 4.5],
			"to": [7.1, 3.6, 5.5],
			"rotation": {"angle": 0, "axis": "y", "origin": [8, 8, 5]},
			"faces": {
				"north": {"uv": [9, 11.5, 10, 12], "texture": "#texture1"},
				"east": {"uv": [4.5, 11.5, 5.5, 12], "texture": "#texture1"},
				"south": {"uv": [6, 11.5, 7, 12], "texture": "#texture1"},
				"west": {"uv": [10.5, 11.5, 11.5, 12], "texture": "#texture1"},
				"up": {"uv": [6, 10.5, 7, 11.5], "texture": "#texture1"},
				"down": {"uv": [6, 4.5, 7, 5.5], "texture": "#texture1"}
			}
		},
		{
			"from": [6, 3.5, 5.5],
			"to": [7.1, 3.8, 7.5],
			"rotation": {"angle": 0, "axis": "y", "origin": [8, 8, 6]},
			"faces": {
				"north": {"uv": [9, 11.5, 10, 12], "texture": "#texture1"},
				"east": {"uv": [4.5, 11.5, 5.5, 12], "texture": "#texture1"},
				"south": {"uv": [6, 11.5, 7, 12], "texture": "#texture1"},
				"west": {"uv": [10.5, 11.5, 11.5, 12], "texture": "#texture1"},
				"up": {"uv": [6, 10.5, 7, 11.5], "texture": "#texture1"},
				"down": {"uv": [6, 4.5, 7, 5.5], "texture": "#texture1"}
			}
		},
		{
			"from": [6, 3.5, 8.2],
			"to": [7.1, 3.8, 10.9],
			"rotation": {"angle": 0, "axis": "y", "origin": [8, 8, 9]},
			"faces": {
				"north": {"uv": [9, 11.5, 10, 12], "texture": "#texture1"},
				"east": {"uv": [4.5, 11.5, 5.5, 12], "texture": "#texture1"},
				"south": {"uv": [6, 11.5, 7, 12], "texture": "#texture1"},
				"west": {"uv": [10.5, 11.5, 11.5, 12], "texture": "#texture1"},
				"up": {"uv": [6, 10.5, 7, 11.5], "texture": "#texture1"},
				"down": {"uv": [6, 4.5, 7, 5.5], "texture": "#texture1"}
			}
		},
		{
			"from": [6, 3.5, 3.95],
			"to": [7.1, 3.8, 4.45],
			"rotation": {"angle": 0, "axis": "y", "origin": [8, 8, 4]},
			"faces": {
				"north": {"uv": [9, 11.5, 10, 12], "texture": "#texture1"},
				"east": {"uv": [4.5, 11.5, 5.5, 12], "texture": "#texture1"},
				"south": {"uv": [6, 11.5, 7, 12], "texture": "#texture1"},
				"west": {"uv": [10.5, 11.5, 11.5, 12], "texture": "#texture1"},
				"up": {"uv": [6, 10.5, 7, 11.5], "texture": "#texture1"},
				"down": {"uv": [6, 4.5, 7, 5.5], "texture": "#texture1"}
			}
		},
		{
			"from": [6, 3, 6.5],
			"to": [7.1, 3.5, 11.5],
			"faces": {
				"north": {"uv": [9, 11.5, 10, 12], "texture": "#texture1"},
				"east": {"uv": [4.5, 11.5, 5.5, 12], "texture": "#texture1"},
				"south": {"uv": [6, 11.5, 7, 12], "texture": "#texture1"},
				"west": {"uv": [10.5, 11.5, 11.5, 12], "texture": "#texture1"},
				"up": {"uv": [6, 10.5, 7, 11.5], "texture": "#texture1"},
				"down": {"uv": [6, 4.5, 7, 5.5], "texture": "#texture1"}
			}
		},
		{
			"from": [6, 3, 3.95],
			"to": [7.1, 3.5, 6.45],
			"faces": {
				"north": {"uv": [9, 12.5, 10, 13], "texture": "#texture1"},
				"east": {"uv": [3.5, 9.5, 12, 13], "texture": "#texture1"},
				"south": {"uv": [6, 12.5, 7, 13], "texture": "#texture1"},
				"west": {"uv": [4, 12.5, 9.5, 13], "texture": "#texture1"},
				"up": {"uv": [6, 4, 7, 9.5], "texture": "#texture1"},
				"down": {"uv": [6, 6.5, 7, 12], "texture": "#texture1"}
			}
		},
		{
			"from": [4, 7.5, 3],
			"to": [4.5, 9.5, 12.5],
			"faces": {
				"north": {"uv": [11.5, 6.5, 12, 8.5], "texture": "#texture2"},
				"east": {"uv": [3.5, 6.5, 13, 8.5], "texture": "#texture2"},
				"south": {"uv": [4, 6.5, 4.5, 8.5], "texture": "#texture2"},
				"west": {"uv": [3, 6.5, 12.5, 8.5], "texture": "#texture2"},
				"up": {"uv": [4, 3, 4.5, 12.5], "texture": "#texture2"},
				"down": {"uv": [4, 3.5, 4.5, 13], "texture": "#texture2"}
			}
		},
		{
			"from": [4, 9.5, 3.5],
			"to": [4.5, 11.5, 12],
			"faces": {
				"north": {"uv": [11.5, 4.5, 12, 6.5], "texture": "#texture2"},
				"east": {"uv": [4, 4.5, 12.5, 6.5], "texture": "#texture2"},
				"south": {"uv": [4, 4.5, 4.5, 6.5], "texture": "#texture2"},
				"west": {"uv": [3.5, 4.5, 12, 6.5], "texture": "#texture2"},
				"up": {"uv": [4, 3.5, 4.5, 12], "texture": "#texture2"},
				"down": {"uv": [4, 4, 4.5, 12.5], "texture": "#texture2"}
			}
		},
		{
			"from": [4, 11.5, 4],
			"to": [4.5, 12.5, 11.5],
			"faces": {
				"north": {"uv": [11.5, 3.5, 12, 4.5], "texture": "#texture2"},
				"east": {"uv": [4.5, 3.5, 12, 4.5], "texture": "#texture2"},
				"south": {"uv": [4, 3.5, 4.5, 4.5], "texture": "#texture2"},
				"west": {"uv": [4, 3.5, 11.5, 4.5], "texture": "#texture2"},
				"up": {"uv": [4, 4, 4.5, 11.5], "texture": "#texture2"},
				"down": {"uv": [4, 4.5, 4.5, 12], "texture": "#texture2"}
			}
		},
		{
			"from": [4, 12.5, 4.5],
			"to": [4.5, 13, 11],
			"faces": {
				"north": {"uv": [11.5, 3, 12, 3.5], "texture": "#texture2"},
				"east": {"uv": [5, 3, 11.5, 3.5], "texture": "#texture2"},
				"south": {"uv": [4, 3, 4.5, 3.5], "texture": "#texture2"},
				"west": {"uv": [4.5, 3, 11, 3.5], "texture": "#texture2"},
				"up": {"uv": [4, 4.5, 4.5, 11], "texture": "#texture2"},
				"down": {"uv": [4, 5, 4.5, 11.5], "texture": "#texture2"}
			}
		},
		{
			"from": [4, 13, 5],
			"to": [4.5, 13.5, 10.5],
			"faces": {
				"north": {"uv": [11.5, 2.5, 12, 3], "texture": "#texture2"},
				"east": {"uv": [5.5, 2.5, 11, 3], "texture": "#texture2"},
				"south": {"uv": [4, 2.5, 4.5, 3], "texture": "#texture2"},
				"west": {"uv": [5, 2.5, 10.5, 3], "texture": "#texture2"},
				"up": {"uv": [4, 5, 4.5, 10.5], "texture": "#texture2"},
				"down": {"uv": [4, 5.5, 4.5, 11], "texture": "#texture2"}
			}
		},
		{
			"from": [4, 13.5, 5.5],
			"to": [4.5, 14, 10],
			"faces": {
				"north": {"uv": [11.5, 2, 12, 2.5], "texture": "#texture2"},
				"east": {"uv": [6, 2, 10.5, 2.5], "texture": "#texture2"},
				"south": {"uv": [4, 2, 4.5, 2.5], "texture": "#texture2"},
				"west": {"uv": [5.5, 2, 10, 2.5], "texture": "#texture2"},
				"up": {"uv": [4, 5.5, 4.5, 10], "texture": "#texture2"},
				"down": {"uv": [4, 6, 4.5, 10.5], "texture": "#texture2"}
			}
		},
		{
			"from": [5.5, 10, 6.5],
			"to": [6.5, 14, 9],
			"faces": {
				"north": {"uv": [9.5, 2, 10.5, 6.5], "texture": "#12"},
				"east": {"uv": [8, 2, 8.5, 6.5], "texture": "#12"},
				"south": {"uv": [5.5, 2, 6.5, 6.5], "texture": "#12"},
				"west": {"uv": [7.5, 2, 8, 6.5], "texture": "#12"},
				"up": {"uv": [5.5, 7.5, 6.5, 8], "texture": "#12"},
				"down": {"uv": [5.5, 8, 6.5, 8.5], "texture": "#12"}
			}
		},
		{
			"from": [5.5, 10.5, 4],
			"to": [6.5, 11.5, 6.5],
			"faces": {
				"north": {"uv": [9.5, 5, 10.5, 6], "texture": "#12"},
				"east": {"uv": [9.5, 5, 12, 6], "texture": "#12"},
				"south": {"uv": [5.5, 5, 6.5, 6], "texture": "#12"},
				"west": {"uv": [4, 5, 6.5, 6], "texture": "#12"},
				"up": {"uv": [5.5, 4, 6.5, 6.5], "texture": "#12"},
				"down": {"uv": [5.5, 9.5, 6.5, 12], "texture": "#12"}
			}
		},
		{
			"from": [5.5, 11.5, 4.5],
			"to": [6.5, 12.5, 6.5],
			"faces": {
				"north": {"uv": [9.5, 3.5, 10.5, 4.5], "texture": "#12"},
				"east": {"uv": [9.5, 3.5, 11.5, 4.5], "texture": "#12"},
				"south": {"uv": [5.5, 3.5, 6.5, 4.5], "texture": "#12"},
				"west": {"uv": [4.5, 3.5, 6.5, 4.5], "texture": "#12"},
				"up": {"uv": [5.5, 4.5, 6.5, 6.5], "texture": "#12"},
				"down": {"uv": [5.5, 9.5, 6.5, 11.5], "texture": "#12"}
			}
		},
		{
			"from": [5.5, 13, 5.5],
			"to": [6.5, 13.5, 6.5],
			"faces": {
				"north": {"uv": [9.5, 2.5, 10.5, 3], "texture": "#12"},
				"east": {"uv": [9.5, 2.5, 10.5, 3], "texture": "#12"},
				"south": {"uv": [5.5, 2.5, 6.5, 3], "texture": "#12"},
				"west": {"uv": [5.5, 2.5, 6.5, 3], "texture": "#12"},
				"up": {"uv": [5.5, 5.5, 6.5, 6.5], "texture": "#12"},
				"down": {"uv": [5.5, 9.5, 6.5, 10.5], "texture": "#12"}
			}
		},
		{
			"from": [5.5, 12.5, 5],
			"to": [6.5, 13, 6.5],
			"faces": {
				"north": {"uv": [9.5, 3, 10.5, 3.5], "texture": "#12"},
				"east": {"uv": [9.5, 3, 11, 3.5], "texture": "#12"},
				"south": {"uv": [5.5, 3, 6.5, 3.5], "texture": "#12"},
				"west": {"uv": [5, 3, 6.5, 3.5], "texture": "#12"},
				"up": {"uv": [5.5, 5, 6.5, 6.5], "texture": "#12"},
				"down": {"uv": [5.5, 9.5, 6.5, 11], "texture": "#12"}
			}
		},
		{
			"from": [5.5, 13, 9],
			"to": [6.5, 13.5, 10],
			"faces": {
				"north": {"uv": [9.5, 2.5, 10.5, 3], "texture": "#12"},
				"east": {"uv": [6, 2.5, 7, 3], "texture": "#12"},
				"south": {"uv": [5.5, 2.5, 6.5, 3], "texture": "#12"},
				"west": {"uv": [9, 2.5, 10, 3], "texture": "#12"},
				"up": {"uv": [5.5, 9, 6.5, 10], "texture": "#12"},
				"down": {"uv": [5.5, 6, 6.5, 7], "texture": "#12"}
			}
		},
		{
			"from": [5.5, 12.5, 9],
			"to": [6.5, 13, 10.5],
			"faces": {
				"north": {"uv": [9.5, 3, 10.5, 3.5], "texture": "#12"},
				"east": {"uv": [5.5, 3, 7, 3.5], "texture": "#12"},
				"south": {"uv": [5.5, 3, 6.5, 3.5], "texture": "#12"},
				"west": {"uv": [9, 3, 10.5, 3.5], "texture": "#12"},
				"up": {"uv": [5.5, 9, 6.5, 10.5], "texture": "#12"},
				"down": {"uv": [5.5, 5.5, 6.5, 7], "texture": "#12"}
			}
		},
		{
			"from": [5.5, 11.5, 9],
			"to": [6.5, 12.5, 11],
			"faces": {
				"north": {"uv": [9.5, 3.5, 10.5, 4.5], "texture": "#12"},
				"east": {"uv": [5, 3.5, 7, 4.5], "texture": "#12"},
				"south": {"uv": [5.5, 3.5, 6.5, 4.5], "texture": "#12"},
				"west": {"uv": [9, 3.5, 11, 4.5], "texture": "#12"},
				"up": {"uv": [5.5, 9, 6.5, 11], "texture": "#12"},
				"down": {"uv": [5.5, 5, 6.5, 7], "texture": "#12"}
			}
		},
		{
			"from": [5.5, 10.5, 9],
			"to": [6.5, 11.5, 11.5],
			"faces": {
				"north": {"uv": [9.5, 4.5, 10.5, 5.5], "texture": "#12"},
				"east": {"uv": [4.5, 4.5, 7, 5.5], "texture": "#12"},
				"south": {"uv": [5.5, 4.5, 6.5, 5.5], "texture": "#12"},
				"west": {"uv": [9, 4.5, 11.5, 5.5], "texture": "#12"},
				"up": {"uv": [5.5, 9, 6.5, 11.5], "texture": "#12"},
				"down": {"uv": [5.5, 4.5, 6.5, 7], "texture": "#12"}
			}
		},
		{
			"from": [5.5, 10, 9],
			"to": [6.5, 10.5, 11.5],
			"faces": {
				"north": {"uv": [9.5, 5.5, 10.5, 6], "texture": "#12"},
				"east": {"uv": [4.5, 5.5, 7, 6], "texture": "#12"},
				"south": {"uv": [5.5, 5.5, 6.5, 6], "texture": "#12"},
				"west": {"uv": [9, 5.5, 11.5, 6], "texture": "#12"},
				"up": {"uv": [5.5, 9, 6.5, 11.5], "texture": "#12"},
				"down": {"uv": [5.5, 4.5, 6.5, 7], "texture": "#12"}
			}
		},
		{
			"from": [5.5, 3, 3.5],
			"to": [6.5, 10, 12],
			"faces": {
				"north": {"uv": [9.5, 7, 10.5, 8.5], "texture": "#12"},
				"east": {"uv": [4, 7, 12.5, 11.5], "texture": "#12"},
				"south": {"uv": [5.5, 7, 6.5, 8.5], "texture": "#12"},
				"west": {"uv": [3.5, 7, 12, 8.5], "texture": "#12"},
				"up": {"uv": [5.5, 3.5, 6.5, 12], "texture": "#12"},
				"down": {"uv": [5.5, 4, 6.5, 12.5], "texture": "#12"}
			}
		},
		{
			"from": [5.5, 10, 4],
			"to": [6.5, 10.5, 6.5],
			"faces": {
				"north": {"uv": [9.5, 5.5, 10.5, 6], "texture": "#12"},
				"east": {"uv": [9.5, 5.5, 12, 6], "texture": "#12"},
				"south": {"uv": [5.5, 5.5, 6.5, 6], "texture": "#12"},
				"west": {"uv": [4, 5.5, 6.5, 6], "texture": "#12"},
				"up": {"uv": [5.5, 4, 6.5, 6.5], "texture": "#12"},
				"down": {"uv": [5.5, 9.5, 6.5, 12], "texture": "#12"}
			}
		},
		{
			"from": [4.5, 3, 3],
			"to": [5.5, 7, 12.5],
			"faces": {
				"north": {"uv": [10.5, 9, 13.5, 13], "texture": "#12"},
				"east": {"uv": [3.5, 9, 13, 13], "texture": "#12"},
				"south": {"uv": [2.5, 9, 5.5, 13], "texture": "#12"},
				"west": {"uv": [3, 9, 12.5, 13], "texture": "#12"},
				"up": {"uv": [2.5, 3, 5.5, 12.5], "texture": "#12"},
				"down": {"uv": [2.5, 3.5, 5.5, 13], "texture": "#12"}
			}
		},
		{
			"from": [4.5, 9.5, 3.5],
			"to": [5.5, 11.5, 12],
			"faces": {
				"north": {"uv": [10.5, 4.5, 11.5, 6.5], "texture": "#12"},
				"east": {"uv": [4, 4.5, 12.5, 6.5], "texture": "#12"},
				"south": {"uv": [4.5, 4.5, 5.5, 6.5], "texture": "#12"},
				"west": {"uv": [3.5, 4.5, 12, 6.5], "texture": "#12"},
				"up": {"uv": [4.5, 3.5, 5.5, 12], "texture": "#12"},
				"down": {"uv": [4.5, 4, 5.5, 12.5], "texture": "#12"}
			}
		},
		{
			"from": [4.5, 7.5, 3],
			"to": [5.5, 9.5, 12.5],
			"faces": {
				"north": {"uv": [10.5, 6.5, 11.5, 8.5], "texture": "#12"},
				"east": {"uv": [3.5, 6.5, 13, 8.5], "texture": "#12"},
				"south": {"uv": [4.5, 6.5, 5.5, 8.5], "texture": "#12"},
				"west": {"uv": [3, 6.5, 12.5, 8.5], "texture": "#12"},
				"up": {"uv": [4.5, 3, 5.5, 12.5], "texture": "#12"},
				"down": {"uv": [4.5, 3.5, 5.5, 13], "texture": "#12"}
			}
		},
		{
			"from": [4.5, 11.5, 4],
			"to": [5.5, 12.5, 11.5],
			"faces": {
				"north": {"uv": [10.5, 3.5, 11.5, 4.5], "texture": "#12"},
				"east": {"uv": [4.5, 3.5, 12, 4.5], "texture": "#12"},
				"south": {"uv": [4.5, 3.5, 5.5, 4.5], "texture": "#12"},
				"west": {"uv": [4, 3.5, 11.5, 4.5], "texture": "#12"},
				"up": {"uv": [4.5, 4, 5.5, 11.5], "texture": "#12"},
				"down": {"uv": [4.5, 4.5, 5.5, 12], "texture": "#12"}
			}
		},
		{
			"from": [4.5, 12.5, 4.5],
			"to": [5.5, 13, 11],
			"faces": {
				"north": {"uv": [10.5, 3, 11.5, 3.5], "texture": "#12"},
				"east": {"uv": [5, 3, 11.5, 3.5], "texture": "#12"},
				"south": {"uv": [4.5, 3, 5.5, 3.5], "texture": "#12"},
				"west": {"uv": [4.5, 3, 11, 3.5], "texture": "#12"},
				"up": {"uv": [4.5, 4.5, 5.5, 11], "texture": "#12"},
				"down": {"uv": [4.5, 5, 5.5, 11.5], "texture": "#12"}
			}
		},
		{
			"from": [4.5, 13, 5],
			"to": [5.5, 13.5, 10.5],
			"faces": {
				"north": {"uv": [10.5, 2.5, 11.5, 3], "texture": "#12"},
				"east": {"uv": [5.5, 2.5, 11, 3], "texture": "#12"},
				"south": {"uv": [4.5, 2.5, 5.5, 3], "texture": "#12"},
				"west": {"uv": [5, 2.5, 10.5, 3], "texture": "#12"},
				"up": {"uv": [4.5, 5, 5.5, 10.5], "texture": "#12"},
				"down": {"uv": [4.5, 5.5, 5.5, 11], "texture": "#12"}
			}
		},
		{
			"from": [4.5, 13.5, 5.5],
			"to": [5.5, 14, 10],
			"faces": {
				"north": {"uv": [10.5, 2, 11.5, 2.5], "texture": "#12"},
				"east": {"uv": [6, 2, 10.5, 2.5], "texture": "#12"},
				"south": {"uv": [4.5, 2, 5.5, 2.5], "texture": "#12"},
				"west": {"uv": [5.5, 2, 10, 2.5], "texture": "#12"},
				"up": {"uv": [4.5, 5.5, 5.5, 10], "texture": "#12"},
				"down": {"uv": [4.5, 6, 5.5, 10.5], "texture": "#12"}
			}
		},
		{
			"from": [1.5, 7, 3.5],
			"to": [2.5, 7.5, 12],
			"faces": {
				"north": {"uv": [13.5, 8.5, 14.5, 9], "texture": "#texture1"},
				"east": {"uv": [4, 8.5, 12.5, 9], "texture": "#12"},
				"south": {"uv": [1.5, 8.5, 2.5, 9], "texture": "#texture1"},
				"west": {"uv": [3.5, 8.5, 12, 9], "texture": "#texture1"},
				"up": {"uv": [1.5, 3.5, 2.5, 12], "texture": "#12"},
				"down": {"uv": [1.5, 4, 2.5, 12.5], "texture": "#12"}
			}
		},
		{
			"from": [2.5, 7, 3],
			"to": [5.5, 7.5, 12.5],
			"faces": {
				"north": {"uv": [10.5, 8.5, 13.5, 9], "texture": "#12"},
				"east": {"uv": [3.5, 8.5, 13, 9], "texture": "#12"},
				"south": {"uv": [2.5, 8.5, 5.5, 9], "texture": "#12"},
				"west": {"uv": [3, 8.5, 12.5, 9], "texture": "#12"},
				"up": {"uv": [2.5, 3, 5.5, 12.5], "texture": "#12"},
				"down": {"uv": [2.5, 3.5, 5.5, 13], "texture": "#12"}
			}
		},
		{
			"from": [2.5, 3, 3],
			"to": [4.5, 7, 12.5],
			"rotation": {"angle": 0, "axis": "y", "origin": [7, 8, 8]},
			"faces": {
				"north": {"uv": [10.5, 9, 13.5, 13], "texture": "#12"},
				"east": {"uv": [3.5, 9, 13, 13], "texture": "#12"},
				"south": {"uv": [2.5, 9, 5.5, 13], "texture": "#12"},
				"west": {"uv": [3, 9, 12.5, 13], "texture": "#12"},
				"up": {"uv": [2.5, 3, 5.5, 12.5], "texture": "#12"},
				"down": {"uv": [2.5, 3.5, 5.5, 13], "texture": "#12"}
			}
		},
		{
			"from": [2.5, 7.5, 3],
			"to": [4, 9.5, 12.5],
			"faces": {
				"north": {"uv": [12, 6.5, 13.5, 8.5], "texture": "#12"},
				"east": {"uv": [3.5, 6.5, 13, 8.5], "texture": "#12"},
				"south": {"uv": [2.5, 6.5, 4, 8.5], "texture": "#12"},
				"west": {"uv": [3, 6.5, 12.5, 8.5], "texture": "#12"},
				"up": {"uv": [2.5, 3, 4, 12.5], "texture": "#12"},
				"down": {"uv": [2.5, 3.5, 4, 13], "texture": "#12"}
			}
		},
		{
			"from": [2.5, 9.5, 3.5],
			"to": [4, 11.5, 12],
			"faces": {
				"north": {"uv": [12, 4.5, 13.5, 6.5], "texture": "#12"},
				"east": {"uv": [4, 4.5, 12.5, 6.5], "texture": "#12"},
				"south": {"uv": [2.5, 4.5, 4, 6.5], "texture": "#12"},
				"west": {"uv": [3.5, 4.5, 12, 6.5], "texture": "#12"},
				"up": {"uv": [2.5, 3.5, 4, 12], "texture": "#12"},
				"down": {"uv": [2.5, 4, 4, 12.5], "texture": "#12"}
			}
		},
		{
			"from": [2.5, 11.5, 4],
			"to": [4, 12.5, 11.5],
			"faces": {
				"north": {"uv": [12, 3.5, 13.5, 4.5], "texture": "#12"},
				"east": {"uv": [4.5, 3.5, 12, 4.5], "texture": "#12"},
				"south": {"uv": [2.5, 3.5, 4, 4.5], "texture": "#12"},
				"west": {"uv": [4, 3.5, 11.5, 4.5], "texture": "#12"},
				"up": {"uv": [2.5, 4, 4, 11.5], "texture": "#12"},
				"down": {"uv": [2.5, 4.5, 4, 12], "texture": "#12"}
			}
		},
		{
			"from": [2.5, 12.5, 4.5],
			"to": [4, 13, 11],
			"faces": {
				"north": {"uv": [12, 3, 13.5, 3.5], "texture": "#12"},
				"east": {"uv": [5, 3, 11.5, 3.5], "texture": "#12"},
				"south": {"uv": [2.5, 3, 4, 3.5], "texture": "#12"},
				"west": {"uv": [4.5, 3, 11, 3.5], "texture": "#12"},
				"up": {"uv": [2.5, 4.5, 4, 11], "texture": "#12"},
				"down": {"uv": [2.5, 5, 4, 11.5], "texture": "#12"}
			}
		},
		{
			"from": [2.5, 13.5, 5.5],
			"to": [4, 14, 10],
			"faces": {
				"north": {"uv": [12, 2, 13.5, 2.5], "texture": "#12"},
				"east": {"uv": [6, 2, 10.5, 2.5], "texture": "#12"},
				"south": {"uv": [2.5, 2, 4, 2.5], "texture": "#12"},
				"west": {"uv": [5.5, 2, 10, 2.5], "texture": "#12"},
				"up": {"uv": [2.5, 5.5, 4, 10], "texture": "#12"},
				"down": {"uv": [2.5, 6, 4, 10.5], "texture": "#12"}
			}
		},
		{
			"from": [2.5, 13, 5],
			"to": [4, 13.5, 10.5],
			"faces": {
				"north": {"uv": [12, 2.5, 13.5, 3], "texture": "#12"},
				"east": {"uv": [5.5, 2.5, 11, 3], "texture": "#12"},
				"south": {"uv": [2.5, 2.5, 4, 3], "texture": "#12"},
				"west": {"uv": [5, 2.5, 10.5, 3], "texture": "#12"},
				"up": {"uv": [2.5, 5, 4, 10.5], "texture": "#12"},
				"down": {"uv": [2.5, 5.5, 4, 11], "texture": "#12"}
			}
		},
		{
			"from": [1.5, 3, 3.5],
			"to": [2.5, 7, 12],
			"faces": {
				"north": {"uv": [13.5, 9, 14.5, 13], "texture": "#texture1"},
				"east": {"uv": [4, 9, 12.5, 13], "texture": "#texture1"},
				"south": {"uv": [1.5, 9, 2.5, 13], "texture": "#texture1"},
				"west": {"uv": [3.5, 9, 12, 13], "texture": "#texture1"},
				"up": {"uv": [1.5, 3.5, 2.5, 12], "texture": "#texture1"},
				"down": {"uv": [1.5, 4, 2.5, 12.5], "texture": "#texture1"}
			}
		},
		{
			"from": [1.4, 3, 8.5],
			"to": [1.41, 5, 12],
			"rotation": {"angle": 0, "axis": "y", "origin": [7, 8, 8]},
			"faces": {
				"north": {"uv": [13.5, 9, 14.5, 13], "texture": "#5"},
				"east": {"uv": [4, 9, 12.5, 13], "texture": "#5"},
				"south": {"uv": [1.5, 9, 2.5, 13], "texture": "#5"},
				"west": {"uv": [0.041, 0.063, 16, 16], "texture": "#5"},
				"up": {"uv": [1.5, 3.5, 2.5, 12], "texture": "#5"},
				"down": {"uv": [1.5, 4, 2.5, 12.5], "texture": "#5"}
			}
		},
		{
			"from": [1.5, 7.5, 3.5],
			"to": [2.5, 10, 12],
			"faces": {
				"north": {"uv": [13.5, 6, 14.5, 8.5], "texture": "#texture1"},
				"east": {"uv": [4, 6, 12.5, 8.5], "texture": "#texture1"},
				"south": {"uv": [1.5, 6, 2.5, 8.5], "texture": "#texture1"},
				"west": {"uv": [3.5, 6, 12, 8.5], "texture": "#texture1"},
				"up": {"uv": [1.5, 3.5, 2.5, 12], "texture": "#texture1"},
				"down": {"uv": [1.5, 4, 2.5, 12.5], "texture": "#texture1"}
			}
		},
		{
			"from": [1.5, 10, 4],
			"to": [2.5, 11.5, 11.5],
			"faces": {
				"north": {"uv": [13.5, 4.5, 14.5, 6], "texture": "#texture1"},
				"east": {"uv": [4.5, 4.5, 12, 6], "texture": "#texture1"},
				"south": {"uv": [1.5, 4.5, 2.5, 6], "texture": "#texture1"},
				"west": {"uv": [4, 4.5, 11.5, 6], "texture": "#texture1"},
				"up": {"uv": [1.5, 4, 2.5, 11.5], "texture": "#texture1"},
				"down": {"uv": [1.5, 4.5, 2.5, 12], "texture": "#texture1"}
			}
		},
		{
			"from": [1.5, 11.5, 4.5],
			"to": [2.5, 12.5, 11],
			"faces": {
				"north": {"uv": [13.5, 3.5, 14.5, 4.5], "texture": "#texture1"},
				"east": {"uv": [5, 3.5, 11.5, 4.5], "texture": "#texture1"},
				"south": {"uv": [1.5, 3.5, 2.5, 4.5], "texture": "#texture1"},
				"west": {"uv": [4.5, 3.5, 11, 4.5], "texture": "#texture1"},
				"up": {"uv": [1.5, 4.5, 2.5, 11], "texture": "#texture1"},
				"down": {"uv": [1.5, 5, 2.5, 11.5], "texture": "#texture1"}
			}
		},
		{
			"from": [1.5, 12.5, 5],
			"to": [2.5, 13, 10.5],
			"faces": {
				"north": {"uv": [13.5, 3, 14.5, 3.5], "texture": "#texture1"},
				"east": {"uv": [5.5, 3, 11, 3.5], "texture": "#texture1"},
				"south": {"uv": [1.5, 3, 2.5, 3.5], "texture": "#texture1"},
				"west": {"uv": [5, 3, 10.5, 3.5], "texture": "#texture1"},
				"up": {"uv": [1.5, 5, 2.5, 10.5], "texture": "#texture1"},
				"down": {"uv": [1.5, 5.5, 2.5, 11], "texture": "#texture1"}
			}
		},
		{
			"from": [1.5, 13, 5.5],
			"to": [2.5, 13.5, 10],
			"faces": {
				"north": {"uv": [13.5, 2.5, 14.5, 3], "texture": "#texture1"},
				"east": {"uv": [6, 2.5, 10.5, 3], "texture": "#texture1"},
				"south": {"uv": [1.5, 2.5, 2.5, 3], "texture": "#texture1"},
				"west": {"uv": [5.5, 2.5, 10, 3], "texture": "#texture1"},
				"up": {"uv": [1.5, 5.5, 2.5, 10], "texture": "#texture1"},
				"down": {"uv": [1.5, 6, 2.5, 10.5], "texture": "#texture1"}
			}
		},
		{
			"from": [1.5, 13.5, 6.5],
			"to": [2.5, 14, 9],
			"faces": {
				"north": {"uv": [13.5, 2, 14.5, 2.5], "texture": "#texture1"},
				"east": {"uv": [7, 2, 9.5, 2.5], "texture": "#texture1"},
				"south": {"uv": [1.5, 2, 2.5, 2.5], "texture": "#texture1"},
				"west": {"uv": [6.5, 2, 9, 2.5], "texture": "#texture1"},
				"up": {"uv": [1.5, 6.5, 2.5, 9], "texture": "#texture1"},
				"down": {"uv": [1.5, 7, 2.5, 9.5], "texture": "#texture1"}
			}
		},
		{
			"from": [5.5, 2.5, 3.5],
			"to": [6.5, 3, 12],
			"rotation": {"angle": 0, "axis": "y", "origin": [12, 8, 8]},
			"faces": {
				"north": {"uv": [13.5, 13, 14.5, 13.5], "texture": "#texture1"},
				"east": {"uv": [4, 13, 12.5, 13.5], "texture": "#texture1"},
				"south": {"uv": [1.5, 13, 2.5, 13.5], "texture": "#texture1"},
				"west": {"uv": [3.5, 13, 12, 13.5], "texture": "#texture1"},
				"up": {"uv": [1.5, 3.5, 2.5, 12], "texture": "#texture1"},
				"down": {"uv": [1.5, 4, 2.5, 12.5], "texture": "#texture1"}
			}
		},
		{
			"from": [2.5, 2.5, 3],
			"to": [5.5, 3, 12.5],
			"faces": {
				"north": {"uv": [10.5, 13, 13.5, 13.5], "texture": "#texture1"},
				"east": {"uv": [3.5, 13, 13, 13.5], "texture": "#texture1"},
				"south": {"uv": [2.5, 13, 5.5, 13.5], "texture": "#texture1"},
				"west": {"uv": [3, 13, 12.5, 13.5], "texture": "#texture1"},
				"up": {"uv": [2.5, 3, 5.5, 12.5], "texture": "#texture1"},
				"down": {"uv": [2.5, 3.5, 5.5, 13], "texture": "#texture1"}
			}
		},
		{
			"from": [1.5, 2.5, 3.5],
			"to": [2.5, 3, 12],
			"faces": {
				"north": {"uv": [13.5, 13, 14.5, 13.5], "texture": "#texture1"},
				"east": {"uv": [4, 13, 12.5, 13.5], "texture": "#texture1"},
				"south": {"uv": [1.5, 13, 2.5, 13.5], "texture": "#texture1"},
				"west": {"uv": [3.5, 13, 12, 13.5], "texture": "#texture1"},
				"up": {"uv": [1.5, 3.5, 2.5, 12], "texture": "#texture1"},
				"down": {"uv": [1.5, 4, 2.5, 12.5], "texture": "#texture1"}
			}
		},
		{
			"from": [3, 10.05, 10.2],
			"to": [4, 15.3, 10.9],
			"rotation": {"angle": 0, "axis": "y", "origin": [7, 11.8, 14.4]},
			"faces": {
				"north": {"uv": [4, 5, 2.5, 10.5], "texture": "#12"},
				"east": {"uv": [5.5, 3, 11, 2.5], "rotation": 270, "texture": "#12"},
				"south": {"uv": [4, 5.5, 2.5, 11], "rotation": 180, "texture": "#12"},
				"west": {"uv": [5, 3, 10.5, 2.5], "rotation": 90, "texture": "#12"},
				"up": {"uv": [12, 3, 13.5, 2.5], "rotation": 180, "texture": "#12"},
				"down": {"uv": [2.5, 3, 4, 2.5], "texture": "#12"}
			}
		},
		{
			"from": [3, 15.3, 10.55],
			"to": [4, 15.65, 13],
			"rotation": {"angle": 0, "axis": "y", "origin": [7, 11.8, 8.8]},
			"faces": {
				"north": {"uv": [4, 2.5, 2.5, 3], "texture": "#12"},
				"east": {"uv": [11, 2.5, 5.5, 3], "texture": "#12"},
				"south": {"uv": [13.5, 2.5, 12, 3], "texture": "#12"},
				"west": {"uv": [10.5, 2.5, 5, 3], "texture": "#12"},
				"up": {"uv": [2.5, 10.5, 4, 5], "texture": "#12"},
				"down": {"uv": [2.5, 11, 4, 5.5], "texture": "#12"}
			}
		},
		{
			"from": [3, 15.65, 11.25],
			"to": [4, 16, 13],
			"rotation": {"angle": 0, "axis": "y", "origin": [7, 11.8, 9.5]},
			"faces": {
				"north": {"uv": [4, 2.5, 2.5, 3], "texture": "#12"},
				"east": {"uv": [11, 2.5, 5.5, 3], "texture": "#12"},
				"south": {"uv": [13.5, 2.5, 12, 3], "texture": "#12"},
				"west": {"uv": [10.5, 2.5, 5, 3], "texture": "#12"},
				"up": {"uv": [2.5, 10.5, 4, 5], "texture": "#12"},
				"down": {"uv": [2.5, 11, 4, 5.5], "texture": "#12"}
			}
		},
		{
			"from": [3, 12.15, 10.55],
			"to": [4, 15.3, 13],
			"rotation": {"angle": 0, "axis": "y", "origin": [7, 9, 8.8]},
			"faces": {
				"north": {"uv": [4, 2.5, 2.5, 3], "texture": "#12"},
				"east": {"uv": [11, 2.5, 5.5, 3], "texture": "#12"},
				"south": {"uv": [13.5, 2.5, 12, 3], "texture": "#12"},
				"west": {"uv": [10.5, 2.5, 5, 3], "texture": "#12"},
				"up": {"uv": [2.5, 10.5, 4, 5], "texture": "#12"},
				"down": {"uv": [2.5, 11, 4, 5.5], "texture": "#12"}
			}
		},
		{
			"from": [3, 12.5, 12.65],
			"to": [4, 15.65, 13.7],
			"rotation": {"angle": 0, "axis": "y", "origin": [7, 9, 10.9]},
			"faces": {
				"north": {"uv": [4, 2.5, 2.5, 3], "texture": "#12"},
				"east": {"uv": [11, 2.5, 5.5, 3], "texture": "#12"},
				"south": {"uv": [13.5, 2.5, 12, 3], "texture": "#12"},
				"west": {"uv": [10.5, 2.5, 5, 3], "texture": "#12"},
				"up": {"uv": [2.5, 10.5, 4, 5], "texture": "#12"},
				"down": {"uv": [2.5, 11, 4, 5.5], "texture": "#12"}
			}
		},
		{
			"from": [3, 13.2, 13.35],
			"to": [4, 15.3, 14.05],
			"rotation": {"angle": 0, "axis": "y", "origin": [7, 9, 11.6]},
			"faces": {
				"north": {"uv": [4, 2.5, 2.5, 3], "texture": "#12"},
				"east": {"uv": [11, 2.5, 5.5, 3], "texture": "#12"},
				"south": {"uv": [13.5, 2.5, 12, 3], "texture": "#12"},
				"west": {"uv": [10.5, 2.5, 5, 3], "texture": "#12"},
				"up": {"uv": [2.5, 10.5, 4, 5], "texture": "#12"},
				"down": {"uv": [2.5, 11, 4, 5.5], "texture": "#12"}
			}
		},
		{
			"from": [3, 10.05, 5.1],
			"to": [4, 15.3, 5.8],
			"rotation": {"angle": 0, "axis": "y", "origin": [7, 11.8, 1.6]},
			"faces": {
				"north": {"uv": [2.5, 5.5, 4, 11], "rotation": 180, "texture": "#12"},
				"east": {"uv": [5.5, 2.5, 11, 3], "rotation": 270, "texture": "#12"},
				"south": {"uv": [2.5, 5, 4, 10.5], "texture": "#12"},
				"west": {"uv": [5, 2.5, 10.5, 3], "rotation": 90, "texture": "#12"},
				"up": {"uv": [12, 2.5, 13.5, 3], "rotation": 180, "texture": "#12"},
				"down": {"uv": [2.5, 2.5, 4, 3], "texture": "#12"}
			}
		},
		{
			"from": [3, 15.3, 3],
			"to": [4, 15.65, 5.45],
			"rotation": {"angle": 0, "axis": "y", "origin": [7, 11.8, 7.2]},
			"faces": {
				"north": {"uv": [12, 2.5, 13.5, 3], "texture": "#12"},
				"east": {"uv": [5.5, 2.5, 11, 3], "texture": "#12"},
				"south": {"uv": [2.5, 2.5, 4, 3], "texture": "#12"},
				"west": {"uv": [5, 2.5, 10.5, 3], "texture": "#12"},
				"up": {"uv": [2.5, 5, 4, 10.5], "texture": "#12"},
				"down": {"uv": [2.5, 5.5, 4, 11], "texture": "#12"}
			}
		},
		{
			"from": [3, 15.65, 3],
			"to": [4, 16, 4.75],
			"rotation": {"angle": 0, "axis": "y", "origin": [7, 11.8, 6.5]},
			"faces": {
				"north": {"uv": [12, 2.5, 13.5, 3], "texture": "#12"},
				"east": {"uv": [5.5, 2.5, 11, 3], "texture": "#12"},
				"south": {"uv": [2.5, 2.5, 4, 3], "texture": "#12"},
				"west": {"uv": [5, 2.5, 10.5, 3], "texture": "#12"},
				"up": {"uv": [2.5, 5, 4, 10.5], "texture": "#12"},
				"down": {"uv": [2.5, 5.5, 4, 11], "texture": "#12"}
			}
		},
		{
			"from": [3, 12.15, 3],
			"to": [4, 15.3, 5.45],
			"rotation": {"angle": 0, "axis": "y", "origin": [7, 9, 7.2]},
			"faces": {
				"north": {"uv": [12, 2.5, 13.5, 3], "texture": "#12"},
				"east": {"uv": [5.5, 2.5, 11, 3], "texture": "#12"},
				"south": {"uv": [2.5, 2.5, 4, 3], "texture": "#12"},
				"west": {"uv": [5, 2.5, 10.5, 3], "texture": "#12"},
				"up": {"uv": [2.5, 5, 4, 10.5], "texture": "#12"},
				"down": {"uv": [2.5, 5.5, 4, 11], "texture": "#12"}
			}
		},
		{
			"from": [3, 12.5, 2.3],
			"to": [4, 15.65, 3.35],
			"rotation": {"angle": 0, "axis": "y", "origin": [7, 9, 5.1]},
			"faces": {
				"north": {"uv": [12, 2.5, 13.5, 3], "texture": "#12"},
				"east": {"uv": [5.5, 2.5, 11, 3], "texture": "#12"},
				"south": {"uv": [2.5, 2.5, 4, 3], "texture": "#12"},
				"west": {"uv": [5, 2.5, 10.5, 3], "texture": "#12"},
				"up": {"uv": [2.5, 5, 4, 10.5], "texture": "#12"},
				"down": {"uv": [2.5, 5.5, 4, 11], "texture": "#12"}
			}
		},
		{
			"from": [3, 13.2, 1.95],
			"to": [4, 15.3, 2.65],
			"rotation": {"angle": 0, "axis": "y", "origin": [7, 9, 4.4]},
			"faces": {
				"north": {"uv": [12, 2.5, 13.5, 3], "texture": "#12"},
				"east": {"uv": [5.5, 2.5, 11, 3], "texture": "#12"},
				"south": {"uv": [2.5, 2.5, 4, 3], "texture": "#12"},
				"west": {"uv": [5, 2.5, 10.5, 3], "texture": "#12"},
				"up": {"uv": [2.5, 5, 4, 10.5], "texture": "#12"},
				"down": {"uv": [2.5, 5.5, 4, 11], "texture": "#12"}
			}
		}
	],
	"display": {
		"thirdperson_righthand": {
			"rotation": [90, 90, 0],
			"translation": [0.7065, 5.8, 3],
			"scale": [0.8, 0.8, 0.8]
		},
		"thirdperson_lefthand": {
			"rotation": [75, 90, 0],
			"translation": [-6.25, -10, 7.5],
			"scale": [0.7, 0.7, 0.7]
		},
		"firstperson_righthand": {
			"rotation": [0, -110, 0],
			"translation": [0, 3.4782, 0],
			"scale": [0.5, 0.5, 0.5]
		},
		"firstperson_lefthand": {
			"rotation": [0, -110, 0],
			"translation": [0, -7.652, 0],
			"scale": [0.1, 0.1, 0.1]
		},
		"ground": {
			"translation": [4.1739, 2, 0]
		},
		"gui": {
			"rotation": [11, -70, 0],
			"translation": [1, -1.5, 0]
		},
		"fixed": {
			"rotation": [0, 90, 0],
			"translation": [0, -1, -10.43],
			"scale": [1.5, 1.5, 1.5]
		}
	},
	"groups": [
		{
			"name": "Straps",
			"origin": [8, 8, 8],
			"children": [
				{
					"name": "Left_strap",
					"origin": [8, 8, 8],
					"children": [0, 1, 2]
				},
				{
					"name": "Right_strap",
					"origin": [8, 8, 8],
					"children": [3, 4, 5]
				}
			]
		},
		{
			"name": "Handle",
			"origin": [8, 8, 8],
			"children": [6, 7, 8]
		},
		{
			"name": "Logo",
			"origin": [8, 8, 8],
			"children": [9, 10]
		},
		{
			"name": "Front pocket",
			"origin": [8, 8, 8],
			"children": [11, 12, 13, 14, 15, 16, 17, 18, 19, 20, 21, 22, 23]
		},
		{
			"name": "Zipper",
			"origin": [8, 8, 8],
			"children": [24, 25, 26, 27, 28, 29]
		},
		{
			"name": "red area",
			"origin": [8, 8, 8],
			"children": [30, 31, 32, 33, 34, 35, 36, 37, 38, 39, 40, 41]
		},
		{
			"name": "Blue area",
			"origin": [8, 8, 8],
			"children": [42, 43, 44, 45, 46, 47, 48]
		},
		{
			"name": "Gray line",
			"origin": [8, 8, 8],
			"children": [49, 50]
		},
		{
			"name": "Purple",
			"origin": [8, 8, 8],
			"children": [51, 52, 53, 54, 55, 56, 57]
		},
		{
			"name": "Brown back",
			"origin": [8, 8, 8],
			"children": [58, 59, 60, 61, 62, 63, 64, 65]
		},
		{
			"name": "Bottom",
			"origin": [8, 8, 8],
			"children": [66, 67, 68]
		},
		{
			"name": "ear",
			"origin": [8, 6, 4],
			"children": [69, 70, 71, 72, 73, 74]
		},
		{
			"name": "ear",
			"origin": [8, 6, 4],
			"children": [75, 76, 77, 78, 79, 80]
		}
	]
}