{
	"credit": "Credit: Ontvlambaar, Sammie_gaga",
	"textures": {
		"5": "block/black_concrete",
		"6": "block/andesite",
		"particle": "block/black_concrete",
		"texture": "block/orange_terracotta",
		"texture1": "block/orange_wool",
		"texture2": "block/yellow_wool",
		"texture3": "block/green_concrete_powder",
		"texture5": "loungefly/loungefly"
	},
	"elements": [
		{
			"from": [5.2, 13.5, 6.5],
			"to": [5.7, 14.5, 9],
			"rotation": {"angle": 0, "axis": "y", "origin": [7.7, 8, 8]},
			"faces": {
				"north": {"uv": [9.5, 1.5, 10.5, 2.5], "texture": "#texture3"},
				"east": {"uv": [7, 1.5, 9.5, 2.5], "texture": "#texture3"},
				"south": {"uv": [5.5, 1.5, 6.5, 2.5], "texture": "#texture3"},
				"west": {"uv": [6.5, 1.5, 9, 2.5], "texture": "#texture3"},
				"up": {"uv": [5.5, 6.5, 6.5, 9], "texture": "#texture3"},
				"down": {"uv": [5.5, 7, 6.5, 9.5], "texture": "#texture3"}
			}
		},
		{
			"from": [5.5, 13, 7.5],
			"to": [6.5, 13.5, 7.501],
			"faces": {
				"north": {"uv": [9.5, 2.5, 10.5, 3], "texture": "#texture5"},
				"east": {"uv": [8.499, 2.5, 8.5, 3], "texture": "#texture5"},
				"south": {"uv": [5.5, 2.5, 6.5, 3], "texture": "#texture5"},
				"west": {"uv": [7.5, 2.5, 7.501, 3], "texture": "#texture5"},
				"up": {"uv": [5.5, 7.5, 6.5, 7.501], "texture": "#texture5"},
				"down": {"uv": [5.5, 8.499, 6.5, 8.5], "texture": "#texture5"}
			}
		},
		{
			"from": [5.5, 13, 5.5],
			"to": [6.5, 13.5, 10],
			"faces": {
				"north": {"uv": [9.5, 2.5, 10.5, 3], "texture": "#texture1"},
				"east": {"uv": [1, 1, 16, 5], "texture": "#texture1"},
				"south": {"uv": [5.5, 2.5, 6.5, 3], "texture": "#texture1"},
				"west": {"uv": [5.5, 2.5, 10, 3], "texture": "#texture1"},
				"up": {"uv": [5.5, 5.5, 6.5, 10], "texture": "#texture1"},
				"down": {"uv": [5.5, 6, 6.5, 10.5], "texture": "#texture1"}
			}
		},
		{
			"from": [5.5, 12.5, 5],
			"to": [6.5, 13, 10.5],
			"faces": {
				"north": {"uv": [9.5, 3, 10.5, 3.5], "texture": "#texture1"},
				"east": {"uv": [1, 1, 16, 5], "texture": "#texture1"},
				"south": {"uv": [5.5, 3, 6.5, 3.5], "texture": "#texture1"},
				"west": {"uv": [5, 3, 10.5, 3.5], "texture": "#texture1"},
				"up": {"uv": [5.5, 5, 6.5, 10.5], "texture": "#texture1"},
				"down": {"uv": [5.5, 5.5, 6.5, 11], "texture": "#texture1"}
			}
		},
		{
			"from": [5.5, 9, 4],
			"to": [6.5, 11.5, 11.5],
			"faces": {
				"north": {"uv": [9.5, 4.5, 10.5, 7], "texture": "#texture1"},
				"east": {"uv": [1, 1, 16, 5], "texture": "#texture1"},
				"south": {"uv": [5.5, 4.5, 6.5, 7], "texture": "#texture1"},
				"west": {"uv": [4, 4.5, 11.5, 7], "texture": "#texture1"},
				"up": {"uv": [5.5, 4, 6.5, 11.5], "texture": "#texture1"},
				"down": {"uv": [5.5, 4.5, 6.5, 12], "texture": "#texture1"}
			}
		},
		{
			"from": [5.5, 7, 3.5],
			"to": [6.5, 9, 12],
			"faces": {
				"north": {"uv": [9.5, 7, 10.5, 9], "texture": "#texture1"},
				"east": {"uv": [0, 3, 15.5, 8], "texture": "#texture1"},
				"south": {"uv": [5.5, 7, 6.5, 9], "texture": "#texture1"},
				"west": {"uv": [3.5, 7, 12, 9], "texture": "#texture1"},
				"up": {"uv": [5.5, 3.5, 6.5, 12], "texture": "#texture1"},
				"down": {"uv": [5.5, 4, 6.5, 12.5], "texture": "#texture1"}
			}
		},
		{
			"from": [6, 7, 4],
			"to": [7, 7.5, 11.5],
			"faces": {
				"north": {"uv": [9, 8.5, 10, 9], "texture": "#texture1"},
				"east": {"uv": [1, 10, 16, 12.5], "texture": "#texture1"},
				"south": {"uv": [6, 8.5, 7, 9], "texture": "#texture1"},
				"west": {"uv": [4, 8.5, 11.5, 9], "texture": "#texture1"},
				"up": {"uv": [6, 4, 7, 11.5], "texture": "#texture1"},
				"down": {"uv": [6, 4.5, 7, 12], "texture": "#texture1"}
			}
		},
		{
			"from": [6, 6.5, 4],
			"to": [7, 7, 11.5],
			"faces": {
				"north": {"uv": [9, 9, 10, 9.5], "texture": "#5"},
				"east": {"uv": [4.5, 9, 12, 9.5], "texture": "#5"},
				"south": {"uv": [6, 9, 7, 9.5], "texture": "#5"},
				"west": {"uv": [4, 9, 11.5, 9.5], "texture": "#5"},
				"up": {"uv": [6, 4, 7, 11.5], "texture": "#5"},
				"down": {"uv": [6, 4.5, 7, 12], "texture": "#5"}
			}
		},
		{
			"from": [7, 6, 10.3],
			"to": [7, 6.5, 10.8],
			"rotation": {"angle": 0, "axis": "y", "origin": [9, 7.5, 8]},
			"faces": {
				"north": {"uv": [9, 9, 10, 9.5], "texture": "#6"},
				"east": {"uv": [4.5, 9, 4.5, 10.5], "texture": "#6"},
				"south": {"uv": [6, 9, 7, 9.5], "texture": "#6"},
				"west": {"uv": [4, 9, 11.5, 9.5], "texture": "#6"},
				"up": {"uv": [6, 4, 7, 11.5], "texture": "#6"},
				"down": {"uv": [6, 4.5, 7, 12], "texture": "#6"}
			}
		},
		{
			"from": [7, 5.9, 10.3],
			"to": [7, 6, 10.4],
			"rotation": {"angle": 0, "axis": "y", "origin": [9, 7.4, 8]},
			"faces": {
				"north": {"uv": [9, 9, 10, 9.5], "texture": "#6"},
				"east": {"uv": [4.5, 9, 4.5, 10.5], "texture": "#6"},
				"south": {"uv": [6, 9, 7, 9.5], "texture": "#6"},
				"west": {"uv": [4, 9, 11.5, 9.5], "texture": "#6"},
				"up": {"uv": [6, 4, 7, 11.5], "texture": "#6"},
				"down": {"uv": [6, 4.5, 7, 12], "texture": "#6"}
			}
		},
		{
			"from": [7, 5.9, 10.7],
			"to": [7, 6, 10.8],
			"rotation": {"angle": 0, "axis": "y", "origin": [9, 7.4, 8.4]},
			"faces": {
				"north": {"uv": [9, 9, 10, 9.5], "texture": "#6"},
				"east": {"uv": [4.5, 9, 4.5, 10.5], "texture": "#6"},
				"south": {"uv": [6, 9, 7, 9.5], "texture": "#6"},
				"west": {"uv": [4, 9, 11.5, 9.5], "texture": "#6"},
				"up": {"uv": [6, 4, 7, 11.5], "texture": "#6"},
				"down": {"uv": [6, 4.5, 7, 12], "texture": "#6"}
			}
		},
		{
			"from": [7, 5.8, 10.3],
			"to": [7, 5.9, 10.8],
			"rotation": {"angle": 0, "axis": "y", "origin": [9, 6.9, 8]},
			"faces": {
				"north": {"uv": [9, 9, 10, 9.5], "texture": "#6"},
				"east": {"uv": [4.5, 9, 4.5, 10.5], "texture": "#6"},
				"south": {"uv": [6, 9, 7, 9.5], "texture": "#6"},
				"west": {"uv": [4, 9, 11.5, 9.5], "texture": "#6"},
				"up": {"uv": [6, 4, 7, 11.5], "texture": "#6"},
				"down": {"uv": [6, 4.5, 7, 12], "texture": "#6"}
			}
		},
		{
			"from": [5.5, 3, 3.5],
			"to": [6.5, 7, 12],
			"faces": {
				"north": {"uv": [9.5, 9, 10.5, 13], "texture": "#texture1"},
				"east": {"uv": [1.5, 3, 13, 13], "texture": "#texture1"},
				"south": {"uv": [5.5, 9, 6.5, 13], "texture": "#texture1"},
				"west": {"uv": [3.5, 9, 12, 13], "texture": "#texture1"},
				"up": {"uv": [5.5, 3.5, 6.5, 12], "texture": "#texture1"},
				"down": {"uv": [5.5, 4, 6.5, 12.5], "texture": "#texture1"}
			}
		},
		{
			"from": [2.5, 3, 3],
			"to": [5.5, 7, 12.5],
			"faces": {
				"north": {"uv": [10.5, 9, 13.5, 13], "texture": "#texture1"},
				"east": {"uv": [1.5, 3, 13, 13], "texture": "#texture1"},
				"south": {"uv": [2.5, 9, 5.5, 13], "texture": "#texture1"},
				"west": {"uv": [3, 9, 12.5, 13], "texture": "#texture1"},
				"up": {"uv": [2.5, 3, 5.5, 12.5], "texture": "#texture1"},
				"down": {"uv": [2.5, 3.5, 5.5, 13], "texture": "#texture1"}
			}
		},
		{
			"from": [2.5, 7, 3],
			"to": [4, 9.5, 12.5],
			"faces": {
				"north": {"uv": [12, 6.5, 13.5, 9], "texture": "#texture1"},
				"east": {"uv": [3.5, 6.5, 13, 9], "texture": "#texture1"},
				"south": {"uv": [2.5, 6.5, 4, 9], "texture": "#texture1"},
				"west": {"uv": [3, 6.5, 12.5, 9], "texture": "#texture1"},
				"up": {"uv": [2.5, 3, 4, 12.5], "texture": "#texture1"},
				"down": {"uv": [2.5, 3.5, 4, 13], "texture": "#texture1"}
			}
		},
		{
			"from": [4.5, 7, 3],
			"to": [5.5, 9.5, 12.5],
			"faces": {
				"north": {"uv": [10.5, 6.5, 11.5, 9], "texture": "#texture1"},
				"east": {"uv": [1.5, 3, 13, 13], "texture": "#texture1"},
				"south": {"uv": [4.5, 6.5, 5.5, 9], "texture": "#texture1"},
				"west": {"uv": [3, 6.5, 12.5, 9], "texture": "#texture1"},
				"up": {"uv": [4.5, 3, 5.5, 12.5], "texture": "#texture1"},
				"down": {"uv": [4.5, 3.5, 5.5, 13], "texture": "#texture1"}
			}
		},
		{
			"from": [4.5, 9.5, 3.5],
			"to": [5.5, 11.5, 12],
			"faces": {
				"north": {"uv": [10.5, 4.5, 11.5, 6.5], "texture": "#texture1"},
				"east": {"uv": [4, 4.5, 12.5, 6.5], "texture": "#texture1"},
				"south": {"uv": [4.5, 4.5, 5.5, 6.5], "texture": "#texture1"},
				"west": {"uv": [3.5, 4.5, 12, 6.5], "texture": "#texture1"},
				"up": {"uv": [4.5, 3.5, 5.5, 12], "texture": "#texture1"},
				"down": {"uv": [4.5, 4, 5.5, 12.5], "texture": "#texture1"}
			}
		},
		{
			"from": [4.5, 11.5, 4],
			"to": [5.5, 12.5, 11.5],
			"faces": {
				"north": {"uv": [10.5, 3.5, 11.5, 4.5], "texture": "#texture1"},
				"east": {"uv": [4.5, 3.5, 12, 4.5], "texture": "#texture1"},
				"south": {"uv": [4.5, 3.5, 5.5, 4.5], "texture": "#texture1"},
				"west": {"uv": [4, 3.5, 11.5, 4.5], "texture": "#texture1"},
				"up": {"uv": [4.5, 4, 5.5, 11.5], "texture": "#texture1"},
				"down": {"uv": [4.5, 4.5, 5.5, 12], "texture": "#texture1"}
			}
		},
		{
			"from": [4.5, 12.5, 4.5],
			"to": [5.5, 13, 11],
			"faces": {
				"north": {"uv": [10.5, 3, 11.5, 3.5], "texture": "#texture1"},
				"east": {"uv": [5, 3, 11.5, 3.5], "texture": "#texture1"},
				"south": {"uv": [4.5, 3, 5.5, 3.5], "texture": "#texture1"},
				"west": {"uv": [4.5, 3, 11, 3.5], "texture": "#texture1"},
				"up": {"uv": [4.5, 4.5, 5.5, 11], "texture": "#texture1"},
				"down": {"uv": [4.5, 5, 5.5, 11.5], "texture": "#texture1"}
			}
		},
		{
			"from": [4.5, 13, 5],
			"to": [5.5, 13.5, 10.5],
			"faces": {
				"north": {"uv": [10.5, 2.5, 11.5, 3], "texture": "#texture1"},
				"east": {"uv": [5.5, 2.5, 11, 3], "texture": "#texture1"},
				"south": {"uv": [4.5, 2.5, 5.5, 3], "texture": "#texture1"},
				"west": {"uv": [5, 2.5, 10.5, 3], "texture": "#texture1"},
				"up": {"uv": [4.5, 5, 5.5, 10.5], "texture": "#texture1"},
				"down": {"uv": [4.5, 5.5, 5.5, 11], "texture": "#texture1"}
			}
		},
		{
			"from": [4.5, 13.5, 5.5],
			"to": [5.5, 14, 10],
			"faces": {
				"north": {"uv": [10.5, 2, 11.5, 2.5], "texture": "#texture1"},
				"east": {"uv": [6, 2, 10.5, 2.5], "texture": "#texture1"},
				"south": {"uv": [4.5, 2, 5.5, 2.5], "texture": "#texture1"},
				"west": {"uv": [5.5, 2, 10, 2.5], "texture": "#texture1"},
				"up": {"uv": [4.5, 5.5, 5.5, 10], "texture": "#texture1"},
				"down": {"uv": [4.5, 6, 5.5, 10.5], "texture": "#texture1"}
			}
		},
		{
			"from": [2.5, 9.5, 3.5],
			"to": [4, 11.5, 12],
			"faces": {
				"north": {"uv": [12, 4.5, 13.5, 6.5], "texture": "#texture1"},
				"east": {"uv": [4, 4.5, 12.5, 6.5], "texture": "#texture1"},
				"south": {"uv": [2.5, 4.5, 4, 6.5], "texture": "#texture1"},
				"west": {"uv": [3.5, 4.5, 12, 6.5], "texture": "#texture1"},
				"up": {"uv": [2.5, 3.5, 4, 12], "texture": "#texture1"},
				"down": {"uv": [2.5, 4, 4, 12.5], "texture": "#texture1"}
			}
		},
		{
			"from": [2.5, 11.5, 4],
			"to": [4, 12.5, 11.5],
			"faces": {
				"north": {"uv": [12, 3.5, 13.5, 4.5], "texture": "#texture1"},
				"east": {"uv": [4.5, 3.5, 12, 4.5], "texture": "#texture1"},
				"south": {"uv": [2.5, 3.5, 4, 4.5], "texture": "#texture1"},
				"west": {"uv": [4, 3.5, 11.5, 4.5], "texture": "#texture1"},
				"up": {"uv": [2.5, 4, 4, 11.5], "texture": "#texture1"},
				"down": {"uv": [2.5, 4.5, 4, 12], "texture": "#texture1"}
			}
		},
		{
			"from": [2.5, 12.5, 4.5],
			"to": [4, 13, 11],
			"faces": {
				"north": {"uv": [12, 3, 13.5, 3.5], "texture": "#texture1"},
				"east": {"uv": [5, 3, 11.5, 3.5], "texture": "#texture1"},
				"south": {"uv": [2.5, 3, 4, 3.5], "texture": "#texture1"},
				"west": {"uv": [4.5, 3, 11, 3.5], "texture": "#texture1"},
				"up": {"uv": [2.5, 4.5, 4, 11], "texture": "#texture1"},
				"down": {"uv": [2.5, 5, 4, 11.5], "texture": "#texture1"}
			}
		},
		{
			"from": [2.5, 13, 5],
			"to": [4, 13.5, 10.5],
			"faces": {
				"north": {"uv": [12, 2.5, 13.5, 3], "texture": "#texture1"},
				"east": {"uv": [5.5, 2.5, 11, 3], "texture": "#texture1"},
				"south": {"uv": [2.5, 2.5, 4, 3], "texture": "#texture1"},
				"west": {"uv": [5, 2.5, 10.5, 3], "texture": "#texture1"},
				"up": {"uv": [2.5, 5, 4, 10.5], "texture": "#texture1"},
				"down": {"uv": [2.5, 5.5, 4, 11], "texture": "#texture1"}
			}
		},
		{
			"from": [2.5, 13.5, 5.5],
			"to": [4, 14, 10],
			"faces": {
				"north": {"uv": [12, 2, 13.5, 2.5], "texture": "#texture1"},
				"east": {"uv": [6, 2, 10.5, 2.5], "texture": "#texture1"},
				"south": {"uv": [2.5, 2, 4, 2.5], "texture": "#texture1"},
				"west": {"uv": [5.5, 2, 10, 2.5], "texture": "#texture1"},
				"up": {"uv": [2.5, 5.5, 4, 10], "texture": "#texture1"},
				"down": {"uv": [2.5, 6, 4, 10.5], "texture": "#texture1"}
			}
		},
		{
			"from": [1.5, 3, 3.5],
			"to": [2.5, 7, 12],
			"faces": {
				"north": {"uv": [13.5, 9, 14.5, 13], "texture": "#texture"},
				"east": {"uv": [4, 9, 12.5, 13], "texture": "#texture"},
				"south": {"uv": [1.5, 9, 2.5, 13], "texture": "#texture"},
				"west": {"uv": [3.5, 9, 12, 13], "texture": "#texture"},
				"up": {"uv": [1.5, 3.5, 2.5, 12], "texture": "#texture"},
				"down": {"uv": [1.5, 4, 2.5, 12.5], "texture": "#texture"}
			}
		},
		{
			"from": [1.5, 7, 3.5],
			"to": [2.5, 10, 12],
			"faces": {
				"north": {"uv": [13.5, 6, 14.5, 9], "texture": "#texture"},
				"east": {"uv": [4, 6, 12.5, 9], "texture": "#texture"},
				"south": {"uv": [1.5, 6, 2.5, 9], "texture": "#texture"},
				"west": {"uv": [3.5, 6, 12, 9], "texture": "#texture"},
				"up": {"uv": [1.5, 3.5, 2.5, 12], "texture": "#texture"},
				"down": {"uv": [1.5, 4, 2.5, 12.5], "texture": "#texture"}
			}
		},
		{
			"from": [1.5, 10, 4],
			"to": [2.5, 11.5, 11.5],
			"faces": {
				"north": {"uv": [13.5, 4.5, 14.5, 6], "texture": "#texture"},
				"east": {"uv": [4.5, 4.5, 12, 6], "texture": "#texture"},
				"south": {"uv": [1.5, 4.5, 2.5, 6], "texture": "#texture"},
				"west": {"uv": [4, 4.5, 11.5, 6], "texture": "#texture"},
				"up": {"uv": [1.5, 4, 2.5, 11.5], "texture": "#texture"},
				"down": {"uv": [1.5, 4.5, 2.5, 12], "texture": "#texture"}
			}
		},
		{
			"from": [1.5, 11.5, 4.5],
			"to": [2.5, 12.5, 11],
			"faces": {
				"north": {"uv": [13.5, 3.5, 14.5, 4.5], "texture": "#texture"},
				"east": {"uv": [5, 3.5, 11.5, 4.5], "texture": "#texture"},
				"south": {"uv": [1.5, 3.5, 2.5, 4.5], "texture": "#texture"},
				"west": {"uv": [4.5, 3.5, 11, 4.5], "texture": "#texture"},
				"up": {"uv": [1.5, 4.5, 2.5, 11], "texture": "#texture"},
				"down": {"uv": [1.5, 5, 2.5, 11.5], "texture": "#texture"}
			}
		},
		{
			"from": [1.5, 12.5, 5],
			"to": [2.5, 13, 10.5],
			"faces": {
				"north": {"uv": [13.5, 3, 14.5, 3.5], "texture": "#texture"},
				"east": {"uv": [5.5, 3, 11, 3.5], "texture": "#texture"},
				"south": {"uv": [1.5, 3, 2.5, 3.5], "texture": "#texture"},
				"west": {"uv": [5, 3, 10.5, 3.5], "texture": "#texture"},
				"up": {"uv": [1.5, 5, 2.5, 10.5], "texture": "#texture"},
				"down": {"uv": [1.5, 5.5, 2.5, 11], "texture": "#texture"}
			}
		},
		{
			"from": [1.5, 13, 5.5],
			"to": [2.5, 13.5, 10],
			"faces": {
				"north": {"uv": [13.5, 2.5, 14.5, 3], "texture": "#texture"},
				"east": {"uv": [6, 2.5, 10.5, 3], "texture": "#texture"},
				"south": {"uv": [1.5, 2.5, 2.5, 3], "texture": "#texture"},
				"west": {"uv": [5.5, 2.5, 10, 3], "texture": "#texture"},
				"up": {"uv": [1.5, 5.5, 2.5, 10], "texture": "#texture"},
				"down": {"uv": [1.5, 6, 2.5, 10.5], "texture": "#texture"}
			}
		},
		{
			"from": [1.5, 13.5, 6.5],
			"to": [2.5, 14, 9],
			"faces": {
				"north": {"uv": [13.5, 2, 14.5, 2.5], "texture": "#texture"},
				"east": {"uv": [7, 2, 9.5, 2.5], "texture": "#texture"},
				"south": {"uv": [1.5, 2, 2.5, 2.5], "texture": "#texture"},
				"west": {"uv": [6.5, 2, 9, 2.5], "texture": "#texture"},
				"up": {"uv": [1.5, 6.5, 2.5, 9], "texture": "#texture"},
				"down": {"uv": [1.5, 7, 2.5, 9.5], "texture": "#texture"}
			}
		},
		{
			"from": [5.5, 11.5, 4.5],
			"to": [6.5, 12.5, 11],
			"faces": {
				"north": {"uv": [9.5, 3.5, 10.5, 4.5], "texture": "#texture1"},
				"east": {"uv": [1, 1, 16, 5], "texture": "#texture1"},
				"south": {"uv": [5.5, 3.5, 6.5, 4.5], "texture": "#texture1"},
				"west": {"uv": [4.5, 3.5, 11, 4.5], "texture": "#texture1"},
				"up": {"uv": [5.5, 4.5, 6.5, 11], "texture": "#texture1"},
				"down": {"uv": [5.5, 5, 6.5, 11.5], "texture": "#texture1"}
			}
		},
		{
			"from": [5.5, 9, 11.5],
			"to": [6.5, 9.5, 12],
			"faces": {
				"north": {"uv": [9.5, 6.5, 10.5, 7], "texture": "#texture1"},
				"east": {"uv": [1, 1, 16, 5], "texture": "#texture1"},
				"south": {"uv": [5.5, 6.5, 6.5, 7], "texture": "#texture1"},
				"west": {"uv": [11.5, 6.5, 12, 7], "texture": "#texture1"},
				"up": {"uv": [5.5, 11.5, 6.5, 12], "texture": "#texture1"},
				"down": {"uv": [5.5, 4, 6.5, 4.5], "texture": "#texture1"}
			}
		},
		{
			"from": [5.5, 9, 3.5],
			"to": [6.5, 9.5, 4],
			"faces": {
				"north": {"uv": [9.5, 6.5, 10.5, 7], "texture": "#texture1"},
				"east": {"uv": [1, 1, 16, 5], "texture": "#texture1"},
				"south": {"uv": [5.5, 6.5, 6.5, 7], "texture": "#texture1"},
				"west": {"uv": [3.5, 6.5, 4, 7], "texture": "#texture1"},
				"up": {"uv": [5.5, 3.5, 6.5, 4], "texture": "#texture1"},
				"down": {"uv": [5.5, 12, 6.5, 12.5], "texture": "#texture1"}
			}
		},
		{
			"from": [5.2, 14.5, 6],
			"to": [5.7, 15, 8.5],
			"rotation": {"angle": 0, "axis": "y", "origin": [7.7, 8, 8]},
			"faces": {
				"north": {"uv": [10, 1, 10.5, 1.5], "texture": "#texture3"},
				"east": {"uv": [7.5, 1, 10, 1.5], "texture": "#texture3"},
				"south": {"uv": [5.5, 1, 6, 1.5], "texture": "#texture3"},
				"west": {"uv": [6, 1, 8.5, 1.5], "texture": "#texture3"},
				"up": {"uv": [5.5, 6, 6, 8.5], "texture": "#texture3"},
				"down": {"uv": [5.5, 7.5, 6, 10], "texture": "#texture3"}
			}
		},
		{
			"from": [5.2, 15, 6],
			"to": [5.7, 15.5, 7.5],
			"rotation": {"angle": 0, "axis": "y", "origin": [7.7, 8, 8]},
			"faces": {
				"north": {"uv": [10, 0.5, 10.5, 1], "texture": "#texture3"},
				"east": {"uv": [8.5, 0.5, 10, 1], "texture": "#texture3"},
				"south": {"uv": [5.5, 0.5, 6, 1], "texture": "#texture3"},
				"west": {"uv": [6, 0.5, 7.5, 1], "texture": "#texture3"},
				"up": {"uv": [5.5, 6, 6, 7.5], "texture": "#texture3"},
				"down": {"uv": [5.5, 8.5, 6, 10], "texture": "#texture3"}
			}
		},
		{
			"from": [5.2, 15.5, 6.2],
			"to": [5.7, 16, 8.2],
			"rotation": {"angle": 0, "axis": "y", "origin": [7.7, 8, 7.7]},
			"faces": {
				"north": {"uv": [10, 0, 10.5, 0.5], "texture": "#texture3"},
				"east": {"uv": [7.5, 0, 9.5, 0.5], "texture": "#texture3"},
				"south": {"uv": [5.5, 0, 6, 0.5], "texture": "#texture3"},
				"west": {"uv": [6.5, 0, 8.5, 0.5], "texture": "#texture3"},
				"up": {"uv": [5.5, 6.5, 6, 8.5], "texture": "#texture3"},
				"down": {"uv": [5.5, 7.5, 6, 9.5], "texture": "#texture3"}
			}
		},
		{
			"from": [5.2, 15.7, 7.9],
			"to": [5.7, 16.5, 8.4],
			"rotation": {"angle": 0, "axis": "y", "origin": [7.7, 8, 8.4]},
			"faces": {
				"north": {"uv": [10, 15.5, 10.5, 16], "texture": "#texture3"},
				"east": {"uv": [8, 15.5, 8.5, 16], "texture": "#texture3"},
				"south": {"uv": [5.5, 15.5, 6, 16], "texture": "#texture3"},
				"west": {"uv": [7.5, 15.5, 8, 16], "texture": "#texture3"},
				"up": {"uv": [5.5, 7.5, 6, 8], "texture": "#texture3"},
				"down": {"uv": [5.5, 8, 6, 8.5], "texture": "#texture3"}
			}
		},
		{
			"from": [5.2, 16.5, 7.9],
			"to": [5.7, 16.7, 8.2],
			"rotation": {"angle": 0, "axis": "y", "origin": [7.7, 8.8, 8.4]},
			"faces": {
				"north": {"uv": [10, 15.5, 10.5, 16], "texture": "#texture3"},
				"east": {"uv": [8, 15.5, 8.5, 16], "texture": "#texture3"},
				"south": {"uv": [5.5, 15.5, 6, 16], "texture": "#texture3"},
				"west": {"uv": [7.5, 15.5, 8, 16], "texture": "#texture3"},
				"up": {"uv": [5.5, 7.5, 6, 8], "texture": "#texture3"},
				"down": {"uv": [5.5, 8, 6, 8.5], "texture": "#texture3"}
			}
		},
		{
			"from": [5.2, 16, 6.4],
			"to": [5.7, 16.2, 7.3],
			"rotation": {"angle": 0, "axis": "y", "origin": [7.7, 8, 6.9]},
			"faces": {
				"north": {"uv": [10, 15.5, 10.5, 16], "texture": "#texture3"},
				"east": {"uv": [8, 15.5, 8.5, 16], "texture": "#texture3"},
				"south": {"uv": [5.5, 15.5, 6, 16], "texture": "#texture3"},
				"west": {"uv": [7.5, 15.5, 8, 16], "texture": "#texture3"},
				"up": {"uv": [5.5, 7.5, 6, 8], "texture": "#texture3"},
				"down": {"uv": [5.5, 8, 6, 8.5], "texture": "#texture3"}
			}
		},
		{
			"from": [5.2, 16, 7.7],
			"to": [5.7, 16.2, 7.9],
			"rotation": {"angle": 0, "axis": "y", "origin": [7.7, 8, 7.5]},
			"faces": {
				"north": {"uv": [10, 15.5, 10.5, 16], "texture": "#texture3"},
				"east": {"uv": [8, 15.5, 8.5, 16], "texture": "#texture3"},
				"south": {"uv": [5.5, 15.5, 6, 16], "texture": "#texture3"},
				"west": {"uv": [7.5, 15.5, 8, 16], "texture": "#texture3"},
				"up": {"uv": [5.5, 7.5, 6, 8], "texture": "#texture3"},
				"down": {"uv": [5.5, 8, 6, 8.5], "texture": "#texture3"}
			}
		},
		{
			"from": [7.1, 3.5, 4.5],
			"to": [7.1, 4.5, 6],
			"rotation": {"angle": 0, "axis": "y", "origin": [8.1, 8, 8]},
			"faces": {
				"north": {"uv": [8.5, 11.5, 9.5, 12.5], "texture": "#texture5"},
				"east": {"uv": [0, 3.776, 15.996, 12.327], "texture": "#texture5"},
				"south": {"uv": [6.5, 11.5, 7.5, 12.5], "texture": "#texture5"},
				"west": {"uv": [4.5, 11.5, 6, 12.5], "texture": "#texture5"},
				"up": {"uv": [6.5, 4.5, 7.5, 6], "texture": "#texture5"},
				"down": {"uv": [6.5, 10, 7.5, 11.5], "texture": "#texture5"}
			}
		},
		{
			"from": [7, 3.5, 4.5],
			"to": [7.1, 4.5, 6],
			"faces": {
				"north": {"uv": [8.5, 11.5, 9.5, 12.5], "texture": "#5"},
				"east": {"uv": [0, 3.776, 15.996, 12.327], "texture": "#5"},
				"south": {"uv": [6.5, 11.5, 7.5, 12.5], "texture": "#5"},
				"west": {"uv": [4.5, 11.5, 6, 12.5], "texture": "#5"},
				"up": {"uv": [6.5, 4.5, 7.5, 6], "texture": "#5"},
				"down": {"uv": [6.5, 10, 7.5, 11.5], "texture": "#5"}
			}
		},
		{
			"from": [2, 14, 8.5],
			"to": [2.5, 15.5, 9],
			"faces": {
				"north": {"uv": [13.5, 0.5, 14, 2], "texture": "#5"},
				"east": {"uv": [7, 0.5, 7.5, 2], "texture": "#5"},
				"south": {"uv": [2, 0.5, 2.5, 2], "texture": "#5"},
				"west": {"uv": [8.5, 0.5, 9, 2], "texture": "#5"},
				"up": {"uv": [2, 8.5, 2.5, 9], "texture": "#5"},
				"down": {"uv": [2, 7, 2.5, 7.5], "texture": "#5"}
			}
		},
		{
			"from": [2, 15.5, 7],
			"to": [2.5, 16, 8.5],
			"faces": {
				"north": {"uv": [13.5, 0, 14, 0.5], "texture": "#5"},
				"east": {"uv": [7.5, 0, 9, 0.5], "texture": "#5"},
				"south": {"uv": [2, 0, 2.5, 0.5], "texture": "#5"},
				"west": {"uv": [7, 0, 8.5, 0.5], "texture": "#5"},
				"up": {"uv": [2, 7, 2.5, 8.5], "texture": "#5"},
				"down": {"uv": [2, 7.5, 2.5, 9], "texture": "#5"}
			}
		},
		{
			"from": [2, 14, 6.5],
			"to": [2.5, 15.5, 7],
			"faces": {
				"north": {"uv": [13.5, 0.5, 14, 2], "texture": "#5"},
				"east": {"uv": [9, 0.5, 9.5, 2], "texture": "#5"},
				"south": {"uv": [2, 0.5, 2.5, 2], "texture": "#5"},
				"west": {"uv": [6.5, 0.5, 7, 2], "texture": "#5"},
				"up": {"uv": [2, 6.5, 2.5, 7], "texture": "#5"},
				"down": {"uv": [2, 9, 2.5, 9.5], "texture": "#5"}
			}
		},
		{
			"from": [0.5, 4.5, 9.5],
			"to": [1, 11, 10.5],
			"faces": {
				"north": {"uv": [15, 5, 15.5, 11.5], "texture": "#5"},
				"east": {"uv": [5.5, 5, 6.5, 11.5], "texture": "#5"},
				"south": {"uv": [0.5, 5, 1, 11.5], "texture": "#5"},
				"west": {"uv": [9.5, 5, 10.5, 11.5], "texture": "#5"},
				"up": {"uv": [0.5, 9.5, 1, 10.5], "texture": "#5"},
				"down": {"uv": [0.5, 5.5, 1, 6.5], "texture": "#5"}
			}
		},
		{
			"from": [1, 11, 9.5],
			"to": [1.5, 12, 10.5],
			"faces": {
				"north": {"uv": [14.5, 4, 15, 5], "texture": "#5"},
				"east": {"uv": [5.5, 4, 6.5, 5], "texture": "#5"},
				"south": {"uv": [1, 4, 1.5, 5], "texture": "#5"},
				"west": {"uv": [9.5, 4, 10.5, 5], "texture": "#5"},
				"up": {"uv": [1, 9.5, 1.5, 10.5], "texture": "#5"},
				"down": {"uv": [1, 5.5, 1.5, 6.5], "texture": "#5"}
			}
		},
		{
			"from": [1, 3.5, 9.5],
			"to": [1.5, 4.5, 10.5],
			"faces": {
				"north": {"uv": [14.5, 11.5, 15, 12.5], "texture": "#5"},
				"east": {"uv": [5.5, 11.5, 6.5, 12.5], "texture": "#5"},
				"south": {"uv": [1, 11.5, 1.5, 12.5], "texture": "#5"},
				"west": {"uv": [9.5, 11.5, 10.5, 12.5], "texture": "#5"},
				"up": {"uv": [1, 9.5, 1.5, 10.5], "texture": "#5"},
				"down": {"uv": [1, 5.5, 1.5, 6.5], "texture": "#5"}
			}
		},
		{
			"from": [0.5, 4.5, 5],
			"to": [1, 11, 6],
			"faces": {
				"north": {"uv": [15, 5, 15.5, 11.5], "texture": "#5"},
				"east": {"uv": [10, 5, 11, 11.5], "texture": "#5"},
				"south": {"uv": [0.5, 5, 1, 11.5], "texture": "#5"},
				"west": {"uv": [5, 5, 6, 11.5], "texture": "#5"},
				"up": {"uv": [0.5, 5, 1, 6], "texture": "#5"},
				"down": {"uv": [0.5, 10, 1, 11], "texture": "#5"}
			}
		},
		{
			"from": [1, 11, 5],
			"to": [1.5, 12, 6],
			"faces": {
				"north": {"uv": [14.5, 4, 15, 5], "texture": "#5"},
				"east": {"uv": [10, 4, 11, 5], "texture": "#5"},
				"south": {"uv": [1, 4, 1.5, 5], "texture": "#5"},
				"west": {"uv": [5, 4, 6, 5], "texture": "#5"},
				"up": {"uv": [1, 5, 1.5, 6], "texture": "#5"},
				"down": {"uv": [1, 10, 1.5, 11], "texture": "#5"}
			}
		},
		{
			"from": [1, 3.5, 5],
			"to": [1.5, 4.5, 6],
			"faces": {
				"north": {"uv": [14.5, 11.5, 15, 12.5], "texture": "#5"},
				"east": {"uv": [10, 11.5, 11, 12.5], "texture": "#5"},
				"south": {"uv": [1, 11.5, 1.5, 12.5], "texture": "#5"},
				"west": {"uv": [5, 11.5, 6, 12.5], "texture": "#5"},
				"up": {"uv": [1, 5, 1.5, 6], "texture": "#5"},
				"down": {"uv": [1, 10, 1.5, 11], "texture": "#5"}
			}
		},
		{
			"from": [4, 9.5, 3.5],
			"to": [4.5, 11.5, 12],
			"faces": {
				"north": {"uv": [0, 0, 2, 16], "texture": "#6"},
				"east": {"uv": [4, 4.5, 12.5, 6.5], "texture": "#6"},
				"south": {"uv": [0, 0, 2, 16], "texture": "#6"},
				"west": {"uv": [3.5, 4.5, 12, 6.5], "texture": "#6"},
				"up": {"uv": [0, 0, 16, 2], "rotation": 90, "texture": "#6"},
				"down": {"uv": [4, 4, 4.5, 12.5], "texture": "#6"}
			}
		},
		{
			"from": [4, 7, 3],
			"to": [4.5, 9.5, 12.5],
			"faces": {
				"north": {"uv": [0, 0, 2, 16], "texture": "#6"},
				"east": {"uv": [3.5, 6.5, 13, 9], "texture": "#6"},
				"south": {"uv": [0, 0, 2, 16], "texture": "#6"},
				"west": {"uv": [3, 6.5, 12.5, 9], "texture": "#6"},
				"up": {"uv": [0, 0, 16, 2], "rotation": 90, "texture": "#6"},
				"down": {"uv": [4, 3.5, 4.5, 13], "texture": "#6"}
			}
		},
		{
			"from": [4, 11.5, 4],
			"to": [4.5, 12.5, 11.5],
			"faces": {
				"north": {"uv": [0, 0, 2, 16], "texture": "#6"},
				"east": {"uv": [4.5, 3.5, 12, 4.5], "texture": "#6"},
				"south": {"uv": [0, 0, 2, 16], "texture": "#6"},
				"west": {"uv": [4, 3.5, 11.5, 4.5], "texture": "#6"},
				"up": {"uv": [0, 0, 16, 2], "rotation": 90, "texture": "#6"},
				"down": {"uv": [4, 4.5, 4.5, 12], "texture": "#6"}
			}
		},
		{
			"from": [4, 12.5, 4.5],
			"to": [4.5, 13, 11],
			"faces": {
				"north": {"uv": [0, 0, 2, 16], "texture": "#6"},
				"east": {"uv": [5, 3, 11.5, 3.5], "texture": "#6"},
				"south": {"uv": [0, 0, 2, 16], "texture": "#6"},
				"west": {"uv": [4.5, 3, 11, 3.5], "texture": "#6"},
				"up": {"uv": [0, 0, 16, 2], "rotation": 90, "texture": "#6"},
				"down": {"uv": [4, 5, 4.5, 11.5], "texture": "#6"}
			}
		},
		{
			"from": [4, 13, 5],
			"to": [4.5, 13.5, 10.5],
			"faces": {
				"north": {"uv": [0, 0, 2, 16], "texture": "#6"},
				"east": {"uv": [5.5, 2.5, 11, 3], "texture": "#6"},
				"south": {"uv": [0, 0, 2, 16], "texture": "#6"},
				"west": {"uv": [5, 2.5, 10.5, 3], "texture": "#6"},
				"up": {"uv": [0, 0, 16, 2], "rotation": 90, "texture": "#6"},
				"down": {"uv": [4, 5.5, 4.5, 11], "texture": "#6"}
			}
		},
		{
			"from": [4, 13.5, 5.5],
			"to": [4.5, 14, 10],
			"faces": {
				"north": {"uv": [0, 0, 2, 16], "texture": "#6"},
				"east": {"uv": [6, 2, 10.5, 2.5], "texture": "#6"},
				"south": {"uv": [0, 0, 2, 16], "texture": "#6"},
				"west": {"uv": [5.5, 2, 10, 2.5], "texture": "#6"},
				"up": {"uv": [0, 0, 16, 2], "rotation": 90, "texture": "#6"},
				"down": {"uv": [4, 6, 4.5, 10.5], "texture": "#6"}
			}
		},
		{
			"from": [3, 12, 1],
			"to": [3.5, 13, 6],
			"faces": {
				"north": {"uv": [12.5, 3, 13, 4], "texture": "#texture1"},
				"east": {"uv": [1, 1, 16, 5], "texture": "#texture1"},
				"south": {"uv": [3, 3, 3.5, 4], "texture": "#texture1"},
				"west": {"uv": [1, 3, 6, 4], "texture": "#texture1"},
				"up": {"uv": [3, 1, 3.5, 6], "texture": "#texture1"},
				"down": {"uv": [3, 10, 3.5, 15], "texture": "#texture1"}
			}
		},
		{
			"from": [3, 11.5, 1.5],
			"to": [3.5, 12, 5.5],
			"faces": {
				"north": {"uv": [12.5, 4, 13, 4.5], "texture": "#texture1"},
				"east": {"uv": [1, 1, 16, 5], "texture": "#texture1"},
				"south": {"uv": [3, 4, 3.5, 4.5], "texture": "#texture1"},
				"west": {"uv": [1.5, 4, 5.5, 4.5], "texture": "#texture1"},
				"up": {"uv": [3, 1.5, 3.5, 5.5], "texture": "#texture1"},
				"down": {"uv": [3, 10.5, 3.5, 14.5], "texture": "#texture1"}
			}
		},
		{
			"from": [3, 13, 0.5],
			"to": [3.5, 15, 6.5],
			"faces": {
				"north": {"uv": [12.5, 1, 13, 3], "texture": "#texture1"},
				"east": {"uv": [1, 1, 16, 5], "texture": "#texture1"},
				"south": {"uv": [3, 1, 3.5, 3], "texture": "#texture1"},
				"west": {"uv": [0.5, 1, 6.5, 3], "texture": "#texture1"},
				"up": {"uv": [3, 0.5, 3.5, 6.5], "texture": "#texture1"},
				"down": {"uv": [3, 9.5, 3.5, 15.5], "texture": "#texture1"}
			}
		},
		{
			"from": [3, 15, 1],
			"to": [3.5, 16, 6],
			"faces": {
				"north": {"uv": [12.5, 0, 13, 1], "texture": "#texture1"},
				"east": {"uv": [1, 1, 16, 5], "texture": "#texture1"},
				"south": {"uv": [3, 0, 3.5, 1], "texture": "#texture1"},
				"west": {"uv": [1, 0, 6, 1], "texture": "#texture1"},
				"up": {"uv": [3, 1, 3.5, 6], "texture": "#texture1"},
				"down": {"uv": [3, 10, 3.5, 15], "texture": "#texture1"}
			}
		},
		{
			"from": [3, 16, 1.5],
			"to": [3.5, 16.5, 5.5],
			"faces": {
				"north": {"uv": [12.5, 15.5, 13, 16], "texture": "#texture1"},
				"east": {"uv": [1, 1, 16, 5], "texture": "#texture1"},
				"south": {"uv": [3, 15.5, 3.5, 16], "texture": "#texture1"},
				"west": {"uv": [1.5, 15.5, 5.5, 16], "texture": "#texture1"},
				"up": {"uv": [3, 1.5, 3.5, 5.5], "texture": "#texture1"},
				"down": {"uv": [3, 10.5, 3.5, 14.5], "texture": "#texture1"}
			}
		},
		{
			"from": [3, 16.5, 2.5],
			"to": [3.5, 17, 4.5],
			"faces": {
				"north": {"uv": [12.5, 15, 13, 15.5], "texture": "#texture1"},
				"east": {"uv": [1, 1, 16, 5], "texture": "#texture1"},
				"south": {"uv": [3, 15, 3.5, 15.5], "texture": "#texture1"},
				"west": {"uv": [2.5, 15, 4.5, 15.5], "texture": "#texture1"},
				"up": {"uv": [3, 2.5, 3.5, 4.5], "texture": "#texture1"},
				"down": {"uv": [3, 11.5, 3.5, 13.5], "texture": "#texture1"}
			}
		},
		{
			"from": [3, 11, 2.5],
			"to": [3.5, 11.5, 4.5],
			"faces": {
				"north": {"uv": [12.5, 4.5, 13, 5], "texture": "#texture1"},
				"east": {"uv": [1, 1, 16, 5], "texture": "#texture1"},
				"south": {"uv": [3, 4.5, 3.5, 5], "texture": "#texture1"},
				"west": {"uv": [2.5, 4.5, 4.5, 5], "texture": "#texture1"},
				"up": {"uv": [3, 2.5, 3.5, 4.5], "texture": "#texture1"},
				"down": {"uv": [3, 11.5, 3.5, 13.5], "texture": "#texture1"}
			}
		},
		{
			"from": [3, 11, 11],
			"to": [3.5, 11.5, 13],
			"faces": {
				"north": {"uv": [12.5, 4.5, 13, 5], "texture": "#texture1"},
				"east": {"uv": [1, 1, 16, 5], "texture": "#texture1"},
				"south": {"uv": [3, 4.5, 3.5, 5], "texture": "#texture1"},
				"west": {"uv": [11, 4.5, 13, 5], "texture": "#texture1"},
				"up": {"uv": [3, 11, 3.5, 13], "texture": "#texture1"},
				"down": {"uv": [3, 3, 3.5, 5], "texture": "#texture1"}
			}
		},
		{
			"from": [3, 11.5, 10],
			"to": [3.5, 12, 14],
			"faces": {
				"north": {"uv": [12.5, 4, 13, 4.5], "texture": "#texture1"},
				"east": {"uv": [1, 1, 16, 5], "texture": "#texture1"},
				"south": {"uv": [3, 4, 3.5, 4.5], "texture": "#texture1"},
				"west": {"uv": [10, 4, 14, 4.5], "texture": "#texture1"},
				"up": {"uv": [3, 10, 3.5, 14], "texture": "#texture1"},
				"down": {"uv": [3, 2, 3.5, 6], "texture": "#texture1"}
			}
		},
		{
			"from": [3, 12, 9.5],
			"to": [3.5, 13, 14.5],
			"faces": {
				"north": {"uv": [12.5, 3, 13, 4], "texture": "#texture1"},
				"east": {"uv": [1, 1, 16, 5], "texture": "#texture1"},
				"south": {"uv": [3, 3, 3.5, 4], "texture": "#texture1"},
				"west": {"uv": [9.5, 3, 14.5, 4], "texture": "#texture1"},
				"up": {"uv": [3, 9.5, 3.5, 14.5], "texture": "#texture1"},
				"down": {"uv": [3, 1.5, 3.5, 6.5], "texture": "#texture1"}
			}
		},
		{
			"from": [3, 13, 9],
			"to": [3.5, 15, 15],
			"faces": {
				"north": {"uv": [12.5, 1, 13, 3], "texture": "#texture1"},
				"east": {"uv": [1, 1, 16, 5], "texture": "#texture1"},
				"south": {"uv": [3, 1, 3.5, 3], "texture": "#texture1"},
				"west": {"uv": [9, 1, 15, 3], "texture": "#texture1"},
				"up": {"uv": [3, 9, 3.5, 15], "texture": "#texture1"},
				"down": {"uv": [3, 1, 3.5, 7], "texture": "#texture1"}
			}
		},
		{
			"from": [3, 15, 9.5],
			"to": [3.5, 16, 14.5],
			"faces": {
				"north": {"uv": [12.5, 0, 13, 1], "texture": "#texture1"},
				"east": {"uv": [1, 1, 16, 5], "texture": "#texture1"},
				"south": {"uv": [3, 0, 3.5, 1], "texture": "#texture1"},
				"west": {"uv": [9.5, 0, 14.5, 1], "texture": "#texture1"},
				"up": {"uv": [3, 9.5, 3.5, 14.5], "texture": "#texture1"},
				"down": {"uv": [3, 1.5, 3.5, 6.5], "texture": "#texture1"}
			}
		},
		{
			"from": [3, 16, 10],
			"to": [3.5, 16.5, 14],
			"faces": {
				"north": {"uv": [12.5, 15.5, 13, 16], "texture": "#texture1"},
				"east": {"uv": [1, 1, 16, 5], "texture": "#texture1"},
				"south": {"uv": [3, 15.5, 3.5, 16], "texture": "#texture1"},
				"west": {"uv": [10, 15.5, 14, 16], "texture": "#texture1"},
				"up": {"uv": [3, 10, 3.5, 14], "texture": "#texture1"},
				"down": {"uv": [3, 2, 3.5, 6], "texture": "#texture1"}
			}
		},
		{
			"from": [3, 16.5, 11],
			"to": [3.5, 17, 13],
			"faces": {
				"north": {"uv": [12.5, 15, 13, 15.5], "texture": "#texture1"},
				"east": {"uv": [1, 1, 16, 5], "texture": "#texture1"},
				"south": {"uv": [3, 15, 3.5, 15.5], "texture": "#texture1"},
				"west": {"uv": [11, 15, 13, 15.5], "texture": "#texture1"},
				"up": {"uv": [3, 11, 3.5, 13], "texture": "#texture1"},
				"down": {"uv": [3, 3, 3.5, 5], "texture": "#texture1"}
			}
		},
		{
			"from": [6, 3, 4],
			"to": [7, 6.5, 11.5],
			"faces": {
				"north": {"uv": [9, 9.5, 10, 13], "texture": "#texture1"},
				"east": {"uv": [0, 6, 15.5, 16], "texture": "#texture1"},
				"south": {"uv": [6, 9.5, 7, 13], "texture": "#texture1"},
				"west": {"uv": [4, 9.5, 11.5, 13], "texture": "#texture1"},
				"up": {"uv": [6, 4, 7, 11.5], "texture": "#texture1"},
				"down": {"uv": [6, 4.5, 7, 12], "texture": "#texture1"}
			}
		},
		{
			"from": [6.5, 10.5, 4.3],
			"to": [6.6, 10.8, 5.5],
			"rotation": {"angle": -22.5, "axis": "x", "origin": [8.4, 9.3, 7.9]},
			"faces": {
				"north": {"uv": [9, 6.5, 9.5, 7], "texture": "#texture2"},
				"east": {"uv": [10.5, 6.5, 11.5, 7], "texture": "#texture2"},
				"south": {"uv": [6.5, 6.5, 7, 7], "texture": "#texture2"},
				"west": {"uv": [4.5, 6.5, 5.5, 7], "texture": "#texture2"},
				"up": {"uv": [6.5, 4.5, 7, 5.5], "texture": "#texture2"},
				"down": {"uv": [6.5, 10.5, 7, 11.5], "texture": "#texture2"}
			}
		},
		{
			"from": [6.5, 9, 4.5],
			"to": [6.6, 9.3, 5.5],
			"rotation": {"angle": 0, "axis": "y", "origin": [8.4, 8, 8]},
			"faces": {
				"north": {"uv": [9, 6.5, 9.5, 7], "texture": "#texture2"},
				"east": {"uv": [10.5, 6.5, 11.5, 7], "texture": "#texture2"},
				"south": {"uv": [6.5, 6.5, 7, 7], "texture": "#texture2"},
				"west": {"uv": [4.5, 6.5, 5.5, 7], "texture": "#texture2"},
				"up": {"uv": [6.5, 4.5, 7, 5.5], "texture": "#texture2"},
				"down": {"uv": [6.5, 10.5, 7, 11.5], "texture": "#texture2"}
			}
		},
		{
			"from": [6.5, 8.5, 4.5],
			"to": [6.6, 9, 6.5],
			"rotation": {"angle": 0, "axis": "y", "origin": [8.4, 8, 8]},
			"faces": {
				"north": {"uv": [9, 7, 9.5, 7.5], "texture": "#texture2"},
				"east": {"uv": [9.5, 7, 11.5, 7.5], "texture": "#texture2"},
				"south": {"uv": [6.5, 7, 7, 7.5], "texture": "#texture2"},
				"west": {"uv": [4.5, 7, 6.5, 7.5], "texture": "#texture2"},
				"up": {"uv": [6.5, 4.5, 7, 6.5], "texture": "#texture2"},
				"down": {"uv": [6.5, 9.5, 7, 11.5], "texture": "#texture2"}
			}
		},
		{
			"from": [6.5, 8, 5],
			"to": [6.6, 8.5, 10.5],
			"rotation": {"angle": 0, "axis": "y", "origin": [8.4, 8, 8]},
			"faces": {
				"north": {"uv": [9, 7.5, 9.5, 8], "texture": "#texture2"},
				"east": {"uv": [5.5, 7.5, 11, 8], "texture": "#texture2"},
				"south": {"uv": [6.5, 7.5, 7, 8], "texture": "#texture2"},
				"west": {"uv": [5, 7.5, 10.5, 8], "texture": "#texture2"},
				"up": {"uv": [6.5, 5, 7, 10.5], "texture": "#texture2"},
				"down": {"uv": [6.5, 5.5, 7, 11], "texture": "#texture2"}
			}
		},
		{
			"from": [6.5, 8.5, 7],
			"to": [6.6, 9, 8.5],
			"rotation": {"angle": 0, "axis": "y", "origin": [8.4, 8, 8]},
			"faces": {
				"north": {"uv": [9, 7, 9.5, 7.5], "texture": "#texture2"},
				"east": {"uv": [7.5, 7, 9, 7.5], "texture": "#texture2"},
				"south": {"uv": [6.5, 7, 7, 7.5], "texture": "#texture2"},
				"west": {"uv": [7, 7, 8.5, 7.5], "texture": "#texture2"},
				"up": {"uv": [6.5, 7, 7, 8.5], "texture": "#texture2"},
				"down": {"uv": [6.5, 7.5, 7, 9], "texture": "#texture2"}
			}
		},
		{
			"from": [6.5, 9, 10],
			"to": [6.6, 9.3, 11],
			"rotation": {"angle": 0, "axis": "y", "origin": [8.4, 8, 8]},
			"faces": {
				"north": {"uv": [9.4, 6.5, 9.9, 7], "texture": "#texture2"},
				"east": {"uv": [5, 6.5, 6, 7], "texture": "#texture2"},
				"south": {"uv": [6.1, 6.5, 6.6, 7], "texture": "#texture2"},
				"west": {"uv": [10, 6.5, 11, 7], "texture": "#texture2"},
				"up": {"uv": [6.1, 10, 6.6, 11], "texture": "#texture2"},
				"down": {"uv": [6.1, 5, 6.6, 6], "texture": "#texture2"}
			}
		},
		{
			"from": [6.5, 10.5, 10.1],
			"to": [6.6, 10.8, 11.3],
			"rotation": {"angle": 22.5, "axis": "x", "origin": [8.4, 9.3, 7.7]},
			"faces": {
				"north": {"uv": [7, 6.5, 6.5, 7], "texture": "#texture2"},
				"east": {"uv": [11.5, 6.5, 10.5, 7], "texture": "#texture2"},
				"south": {"uv": [9.5, 6.5, 9, 7], "texture": "#texture2"},
				"west": {"uv": [5.5, 6.5, 4.5, 7], "texture": "#texture2"},
				"up": {"uv": [6.5, 5.5, 7, 4.5], "texture": "#texture2"},
				"down": {"uv": [6.5, 11.5, 7, 10.5], "texture": "#texture2"}
			}
		},
		{
			"from": [6.5, 8.5, 9],
			"to": [6.6, 9, 11],
			"rotation": {"angle": 0, "axis": "y", "origin": [8.4, 8, 8]},
			"faces": {
				"north": {"uv": [9, 7, 9.5, 7.5], "texture": "#texture2"},
				"east": {"uv": [5, 7, 7, 7.5], "texture": "#texture2"},
				"south": {"uv": [6.5, 7, 7, 7.5], "texture": "#texture2"},
				"west": {"uv": [9, 7, 11, 7.5], "texture": "#texture2"},
				"up": {"uv": [6.5, 9, 7, 11], "texture": "#texture2"},
				"down": {"uv": [6.5, 5, 7, 7], "texture": "#texture2"}
			}
		},
		{
			"from": [6.5, 7.5, 8.5],
			"to": [6.6, 8, 9.5],
			"rotation": {"angle": 0, "axis": "y", "origin": [8.4, 8, 8]},
			"faces": {
				"north": {"uv": [9, 8, 9.5, 8.5], "texture": "#texture2"},
				"east": {"uv": [6.5, 8, 7.5, 8.5], "texture": "#texture2"},
				"south": {"uv": [6.5, 8, 7, 8.5], "texture": "#texture2"},
				"west": {"uv": [8.5, 8, 9.5, 8.5], "texture": "#texture2"},
				"up": {"uv": [6.5, 8.5, 7, 9.5], "texture": "#texture2"},
				"down": {"uv": [6.5, 6.5, 7, 7.5], "texture": "#texture2"}
			}
		},
		{
			"from": [6.5, 7.5, 6],
			"to": [6.6, 8, 7],
			"rotation": {"angle": 0, "axis": "y", "origin": [8.4, 8, 8]},
			"faces": {
				"north": {"uv": [9, 8, 9.5, 8.5], "texture": "#texture2"},
				"east": {"uv": [9, 8, 10, 8.5], "texture": "#texture2"},
				"south": {"uv": [6.5, 8, 7, 8.5], "texture": "#texture2"},
				"west": {"uv": [6, 8, 7, 8.5], "texture": "#texture2"},
				"up": {"uv": [6.5, 6, 7, 7], "texture": "#texture2"},
				"down": {"uv": [6.5, 9, 7, 10], "texture": "#texture2"}
			}
		},
		{
			"from": [6.5, 9.65, 8],
			"to": [6.6, 10.35, 8.5],
			"rotation": {"angle": 0, "axis": "y", "origin": [8.4, 8, 8]},
			"faces": {
				"north": {"uv": [9, 5.75, 9.5, 6.25], "texture": "#texture2"},
				"east": {"uv": [7.5, 5.75, 8, 6.25], "texture": "#texture2"},
				"south": {"uv": [6.5, 5.75, 7, 6.25], "texture": "#texture2"},
				"west": {"uv": [8, 5.75, 8.5, 6.25], "texture": "#texture2"},
				"up": {"uv": [6.5, 8, 7, 8.5], "texture": "#texture2"},
				"down": {"uv": [6.5, 7.5, 7, 8], "texture": "#texture2"}
			}
		},
		{
			"from": [6.5, 9.5, 7.5],
			"to": [6.6, 10.5, 8],
			"rotation": {"angle": 0, "axis": "y", "origin": [8.4, 8, 8]},
			"faces": {
				"north": {"uv": [9, 5.5, 9.5, 6.5], "texture": "#texture2"},
				"east": {"uv": [8, 5.5, 8.5, 6.5], "texture": "#texture2"},
				"south": {"uv": [6.5, 5.5, 7, 6.5], "texture": "#texture2"},
				"west": {"uv": [7.5, 5.5, 8, 6.5], "texture": "#texture2"},
				"up": {"uv": [6.5, 7.5, 7, 8], "texture": "#texture2"},
				"down": {"uv": [6.5, 8, 7, 8.5], "texture": "#texture2"}
			}
		},
		{
			"from": [6.5, 9.65, 7],
			"to": [6.6, 10.35, 7.5],
			"rotation": {"angle": 0, "axis": "y", "origin": [8.4, 8, 8]},
			"faces": {
				"north": {"uv": [9, 5.75, 9.5, 6.25], "texture": "#texture2"},
				"east": {"uv": [8.5, 5.75, 9, 6.25], "texture": "#texture2"},
				"south": {"uv": [6.5, 5.75, 7, 6.25], "texture": "#texture2"},
				"west": {"uv": [7, 5.75, 7.5, 6.25], "texture": "#texture2"},
				"up": {"uv": [6.5, 7, 7, 7.5], "texture": "#texture2"},
				"down": {"uv": [6.5, 8.5, 7, 9], "texture": "#texture2"}
			}
		},
		{
			"from": [6.5, 10.6, 6.5],
			"to": [6.6, 11.3, 7],
			"rotation": {"angle": 0, "axis": "y", "origin": [8.4, 7.8, 8]},
			"faces": {
				"north": {"uv": [9, 4.5, 9.5, 5.5], "texture": "#texture"},
				"east": {"uv": [9, 4.5, 9.5, 5.5], "texture": "#texture"},
				"south": {"uv": [6.5, 4.5, 7, 5.5], "texture": "#texture"},
				"west": {"uv": [6.5, 4.5, 7, 5.5], "texture": "#texture"},
				"up": {"uv": [6.5, 6.5, 7, 7], "texture": "#texture"},
				"down": {"uv": [6.5, 9, 7, 9.5], "texture": "#texture"}
			}
		},
		{
			"from": [6.5, 10.5, 6],
			"to": [6.6, 12.5, 6.5],
			"rotation": {"angle": 0, "axis": "y", "origin": [8.4, 8, 8]},
			"faces": {
				"north": {"uv": [9, 3.5, 9.5, 5.5], "texture": "#texture2"},
				"east": {"uv": [9.5, 3.5, 10, 5.5], "texture": "#texture2"},
				"south": {"uv": [6.5, 3.5, 7, 5.5], "texture": "#texture2"},
				"west": {"uv": [6, 3.5, 6.5, 5.5], "texture": "#texture2"},
				"up": {"uv": [6.5, 6, 7, 6.5], "texture": "#texture2"},
				"down": {"uv": [6.5, 9.5, 7, 10], "texture": "#texture2"}
			}
		},
		{
			"from": [6.5, 11.3, 6.5],
			"to": [6.6, 12, 7],
			"rotation": {"angle": 0, "axis": "y", "origin": [8.4, 8, 8]},
			"faces": {
				"north": {"uv": [9, 4, 9.5, 4.5], "texture": "#texture2"},
				"east": {"uv": [9, 4, 9.5, 4.5], "texture": "#texture2"},
				"south": {"uv": [6.5, 4, 7, 4.5], "texture": "#texture2"},
				"west": {"uv": [6.5, 4, 7, 4.5], "texture": "#texture2"},
				"up": {"uv": [6.5, 6.5, 7, 7], "texture": "#texture2"},
				"down": {"uv": [6.5, 9, 7, 9.5], "texture": "#texture2"}
			}
		},
		{
			"from": [6.5, 11, 5.5],
			"to": [6.6, 12, 6],
			"rotation": {"angle": 0, "axis": "y", "origin": [8.4, 8, 8]},
			"faces": {
				"north": {"uv": [9, 4, 9.5, 5], "texture": "#texture2"},
				"east": {"uv": [10, 4, 10.5, 5], "texture": "#texture2"},
				"south": {"uv": [6.5, 4, 7, 5], "texture": "#texture2"},
				"west": {"uv": [5.5, 4, 6, 5], "texture": "#texture2"},
				"up": {"uv": [6.5, 5.5, 7, 6], "texture": "#texture2"},
				"down": {"uv": [6.5, 10, 7, 10.5], "texture": "#texture2"}
			}
		},
		{
			"from": [6.5, 10.6, 8.5],
			"to": [6.6, 11.3, 9],
			"rotation": {"angle": 0, "axis": "y", "origin": [8.4, 7.8, 8]},
			"faces": {
				"north": {"uv": [9, 4.5, 9.5, 5.5], "texture": "#texture"},
				"east": {"uv": [7, 4.5, 7.5, 5.5], "texture": "#texture"},
				"south": {"uv": [6.5, 4.5, 7, 5.5], "texture": "#texture"},
				"west": {"uv": [8.5, 4.5, 9, 5.5], "texture": "#texture"},
				"up": {"uv": [6.5, 8.5, 7, 9], "texture": "#texture"},
				"down": {"uv": [6.5, 7, 7, 7.5], "texture": "#texture"}
			}
		},
		{
			"from": [6.5, 10.5, 9],
			"to": [6.6, 12.5, 9.5],
			"rotation": {"angle": 0, "axis": "y", "origin": [8.4, 8, 8]},
			"faces": {
				"north": {"uv": [9, 3.5, 9.5, 5.5], "texture": "#texture2"},
				"east": {"uv": [6.5, 3.5, 7, 5.5], "texture": "#texture2"},
				"south": {"uv": [6.5, 3.5, 7, 5.5], "texture": "#texture2"},
				"west": {"uv": [9, 3.5, 9.5, 5.5], "texture": "#texture2"},
				"up": {"uv": [6.5, 9, 7, 9.5], "texture": "#texture2"},
				"down": {"uv": [6.5, 6.5, 7, 7], "texture": "#texture2"}
			}
		},
		{
			"from": [6.5, 11.3, 8.5],
			"to": [6.6, 12, 9],
			"rotation": {"angle": 0, "axis": "y", "origin": [8.4, 8, 8]},
			"faces": {
				"north": {"uv": [9, 4, 9.5, 4.5], "texture": "#texture2"},
				"east": {"uv": [7, 4, 7.5, 4.5], "texture": "#texture2"},
				"south": {"uv": [6.5, 4, 7, 4.5], "texture": "#texture2"},
				"west": {"uv": [8.5, 4, 9, 4.5], "texture": "#texture2"},
				"up": {"uv": [6.5, 8.5, 7, 9], "texture": "#texture2"},
				"down": {"uv": [6.5, 7, 7, 7.5], "texture": "#texture2"}
			}
		},
		{
			"from": [6.5, 11, 9.5],
			"to": [6.6, 12, 10],
			"rotation": {"angle": 0, "axis": "y", "origin": [8.4, 8, 8]},
			"faces": {
				"north": {"uv": [9, 4, 9.5, 5], "texture": "#texture2"},
				"east": {"uv": [6, 4, 6.5, 5], "texture": "#texture2"},
				"south": {"uv": [6.5, 4, 7, 5], "texture": "#texture2"},
				"west": {"uv": [9.5, 4, 10, 5], "texture": "#texture2"},
				"up": {"uv": [6.5, 9.5, 7, 10], "texture": "#texture2"},
				"down": {"uv": [6.5, 6, 7, 6.5], "texture": "#texture2"}
			}
		},
		{
			"from": [5.5, 2.5, 3.5],
			"to": [6.5, 3, 12],
			"faces": {
				"north": {"uv": [9.5, 13, 10.5, 13.5], "texture": "#texture"},
				"east": {"uv": [4, 13, 12.5, 13.5], "texture": "#texture"},
				"south": {"uv": [5.5, 13, 6.5, 13.5], "texture": "#texture"},
				"west": {"uv": [3.5, 13, 12, 13.5], "texture": "#texture"},
				"up": {"uv": [5.5, 3.5, 6.5, 12], "texture": "#texture"},
				"down": {"uv": [5.5, 4, 6.5, 12.5], "texture": "#texture"}
			}
		},
		{
			"from": [2.5, 2.5, 3],
			"to": [5.5, 3, 12.5],
			"faces": {
				"north": {"uv": [10.5, 13, 13.5, 13.5], "texture": "#texture"},
				"east": {"uv": [3.5, 13, 13, 13.5], "texture": "#texture"},
				"south": {"uv": [2.5, 13, 5.5, 13.5], "texture": "#texture"},
				"west": {"uv": [3, 13, 12.5, 13.5], "texture": "#texture"},
				"up": {"uv": [2.5, 3, 5.5, 12.5], "texture": "#texture"},
				"down": {"uv": [2.5, 3.5, 5.5, 13], "texture": "#texture"}
			}
		},
		{
			"from": [1.5, 2.5, 3.5],
			"to": [2.5, 3, 12],
			"faces": {
				"north": {"uv": [13.5, 13, 14.5, 13.5], "texture": "#texture"},
				"east": {"uv": [4, 13, 12.5, 13.5], "texture": "#texture"},
				"south": {"uv": [1.5, 13, 2.5, 13.5], "texture": "#texture"},
				"west": {"uv": [3.5, 13, 12, 13.5], "texture": "#texture"},
				"up": {"uv": [1.5, 3.5, 2.5, 12], "texture": "#texture"},
				"down": {"uv": [1.5, 4, 2.5, 12.5], "texture": "#texture"}
			}
		}
	],
	"display": {
		"thirdperson_righthand": {
			"rotation": [70, 90, 0],
			"translation": [0.7065, 1.3, -7.25],
			"scale": [0.8, 0.8, 0.8]
		},
		"thirdperson_lefthand": {
			"rotation": [75, 90, 0],
			"translation": [-6.25, -10, 7.5],
			"scale": [0.7, 0.7, 0.7]
		},
		"firstperson_righthand": {
			"rotation": [0, -110, 0],
			"translation": [0, 3.4782, 0],
			"scale": [0.5, 0.5, 0.5]
		},
		"firstperson_lefthand": {
			"rotation": [0, -110, 0],
			"translation": [0, -7.652, 0],
			"scale": [0.1, 0.1, 0.1]
		},
		"ground": {
			"translation": [4.1739, 2, 0]
		},
		"gui": {
			"rotation": [11, -70, 0],
			"translation": [1, -1.5, 0]
		},
		"head": {
			"rotation": [0, -90, 0],
			"translation": [0, -15.75, 9.75]
		},
		"fixed": {
			"rotation": [0, 90, 0],
			"translation": [0, -1, -10.43],
			"scale": [1.5, 1.5, 1.5]
		}
	},
	"groups": [0, 1, 2, 3, 4, 5, 6, 7, 8, 9, 10, 11, 12, 13, 14, 15, 16, 17, 18, 19, 20, 21, 22, 23, 24, 25, 26, 27, 28, 29, 30, 31, 32, 33, 34, 35, 36, 37, 38, 39, 40, 41, 42,
		{
			"name": "Logo",
			"origin": [8, 8, 8],
			"children": [43, 44]
		},
		{
			"name": "Handle",
			"origin": [8, 8, 8],
			"children": [45, 46, 47]
		},
		{
			"name": "Straps",
			"origin": [8, 8, 8],
			"children": [48, 49, 50, 51, 52, 53]
		},
		{
			"name": "Zipper",
			"origin": [8, 8, 8],
			"children": [54, 55, 56, 57, 58, 59]
		},
		{
			"name": "ears",
			"origin": [8, 8, 8],
			"children": [60, 61, 62, 63, 64, 65, 66, 67, 68, 69, 70, 71, 72, 73]
		},
		{
			"name": "Face",
			"origin": [8.4, 8, 8],
			"children": [74, 75, 76, 77, 78, 79, 80, 81, 82, 83, 84, 85, 86, 87, 88, 89, 90, 91, 92, 93, 94, 95]
		},
		{
			"name": "Bottom",
			"origin": [8, 8, 8],
			"children": [96, 97, 98]
		}
	]
}