{
	"credit": "Credit:  Ontvlambaar",
	"textures": {
		"1": "block/orange_concrete",
		"2": "block/yellow_concrete",
		"3": "block/white_concrete",
		"4": "block/purple_concrete",
		"10": "block/black_concrete",
		"particle": "block/orange_concrete"
	},
	"elements": [
		{
			"from": [-0.5, 5.5, 7],
			"to": [0, 16, 9.25],
			"faces": {
				"north": {"uv": [3, 3, 4.5, 4.5], "texture": "#10"},
				"east": {"uv": [3, 3, 4.5, 4.5], "texture": "#10"},
				"south": {"uv": [3, 3, 4.5, 4.5], "texture": "#10"},
				"west": {"uv": [3, 3, 4.5, 4.5], "texture": "#10"},
				"up": {"uv": [3, 3, 4.5, 4.5], "texture": "#10"},
				"down": {"uv": [3, 3, 4.5, 4.5], "texture": "#10"}
			}
		},
		{
			"from": [-0.5, 16, 7],
			"to": [16.5, 16.5, 9.25],
			"faces": {
				"north": {"uv": [3, 3, 4.5, 4.5], "texture": "#10"},
				"east": {"uv": [3, 3, 4.5, 4.5], "texture": "#10"},
				"south": {"uv": [3, 3, 4.5, 4.5], "texture": "#10"},
				"west": {"uv": [3, 3, 4.5, 4.5], "texture": "#10"},
				"up": {"uv": [3, 3, 4.5, 4.5], "texture": "#10"},
				"down": {"uv": [3, 3, 4.5, 4.5], "texture": "#10"}
			}
		},
		{
			"from": [16, 5.5, 7],
			"to": [16.5, 16, 9.25],
			"faces": {
				"north": {"uv": [3, 3, 4.5, 4.5], "texture": "#10"},
				"east": {"uv": [3, 3, 4.5, 4.5], "texture": "#10"},
				"south": {"uv": [3, 3, 4.5, 4.5], "texture": "#10"},
				"west": {"uv": [3, 3, 4.5, 4.5], "texture": "#10"},
				"up": {"uv": [3, 3, 4.5, 4.5], "texture": "#10"},
				"down": {"uv": [3, 3, 4.5, 4.5], "texture": "#10"}
			}
		},
		{
			"from": [17.75, 17.625, 7.75],
			"to": [19.125, 20.875, 8.25],
			"faces": {
				"north": {"uv": [3, 3, 4.5, 4.5], "texture": "#10"},
				"east": {"uv": [3, 3, 4.5, 4.5], "texture": "#10"},
				"south": {"uv": [3, 3, 4.5, 4.5], "texture": "#10"},
				"west": {"uv": [3, 3, 4.5, 4.5], "texture": "#10"},
				"up": {"uv": [3, 3, 4.5, 4.5], "texture": "#10"},
				"down": {"uv": [3, 3, 4.5, 4.5], "texture": "#10"}
			}
		},
		{
			"from": [17.625, 10.5, 7.75],
			"to": [19.125, 13.75, 8.25],
			"faces": {
				"north": {"uv": [3, 3, 4.5, 4.5], "texture": "#10"},
				"east": {"uv": [3, 3, 4.5, 4.5], "texture": "#10"},
				"south": {"uv": [3, 3, 4.5, 4.5], "texture": "#10"},
				"west": {"uv": [3, 3, 4.5, 4.5], "texture": "#10"},
				"up": {"uv": [3, 3, 4.5, 4.5], "texture": "#10"},
				"down": {"uv": [3, 3, 4.5, 4.5], "texture": "#10"}
			}
		},
		{
			"from": [16.5, 10.5, 7.75],
			"to": [18, 13.375, 8.25],
			"faces": {
				"north": {"uv": [3, 3, 4.5, 4.5], "texture": "#10"},
				"east": {"uv": [3, 3, 4.5, 4.5], "texture": "#10"},
				"south": {"uv": [3, 3, 4.5, 4.5], "texture": "#10"},
				"west": {"uv": [3, 3, 4.5, 4.5], "texture": "#10"},
				"up": {"uv": [3, 3, 4.5, 4.5], "texture": "#10"},
				"down": {"uv": [3, 3, 4.5, 4.5], "texture": "#10"}
			}
		},
		{
			"from": [13.25, 17, 7.75],
			"to": [14.125, 19.375, 8.25],
			"faces": {
				"north": {"uv": [3, 3, 4.5, 4.5], "texture": "#10"},
				"east": {"uv": [3, 3, 4.5, 4.5], "texture": "#10"},
				"south": {"uv": [3, 3, 4.5, 4.5], "texture": "#10"},
				"west": {"uv": [3, 3, 4.5, 4.5], "texture": "#10"},
				"up": {"uv": [3, 3, 4.5, 4.5], "texture": "#10"},
				"down": {"uv": [3, 3, 4.5, 4.5], "texture": "#10"}
			}
		},
		{
			"from": [16, 17.625, 7.75],
			"to": [16.75, 20.375, 8.25],
			"faces": {
				"north": {"uv": [3, 3, 4.5, 4.5], "texture": "#10"},
				"east": {"uv": [3, 3, 4.5, 4.5], "texture": "#10"},
				"south": {"uv": [3, 3, 4.5, 4.5], "texture": "#10"},
				"west": {"uv": [3, 3, 4.5, 4.5], "texture": "#10"},
				"up": {"uv": [3, 3, 4.5, 4.5], "texture": "#10"},
				"down": {"uv": [3, 3, 4.5, 4.5], "texture": "#10"}
			}
		},
		{
			"from": [14.25, 17.25, 7.75],
			"to": [16.375, 20.25, 8.25],
			"faces": {
				"north": {"uv": [3, 3, 4.5, 4.5], "texture": "#10"},
				"east": {"uv": [3, 3, 4.5, 4.5], "texture": "#10"},
				"south": {"uv": [3, 3, 4.5, 4.5], "texture": "#10"},
				"west": {"uv": [3, 3, 4.5, 4.5], "texture": "#10"},
				"up": {"uv": [3, 3, 4.5, 4.5], "texture": "#10"},
				"down": {"uv": [3, 3, 4.5, 4.5], "texture": "#10"}
			}
		},
		{
			"from": [12.75, 17.25, 7.75],
			"to": [13.625, 18.375, 8.25],
			"faces": {
				"north": {"uv": [3, 3, 4.5, 4.5], "texture": "#10"},
				"east": {"uv": [3, 3, 4.5, 4.5], "texture": "#10"},
				"south": {"uv": [3, 3, 4.5, 4.5], "texture": "#10"},
				"west": {"uv": [3, 3, 4.5, 4.5], "texture": "#10"},
				"up": {"uv": [3, 3, 4.5, 4.5], "texture": "#10"},
				"down": {"uv": [3, 3, 4.5, 4.5], "texture": "#10"}
			}
		},
		{
			"from": [12.25, 16.375, 7.75],
			"to": [15, 17.375, 8.25],
			"faces": {
				"north": {"uv": [3, 3, 4.5, 4.5], "texture": "#10"},
				"east": {"uv": [3, 3, 4.5, 4.5], "texture": "#10"},
				"south": {"uv": [3, 3, 4.5, 4.5], "texture": "#10"},
				"west": {"uv": [3, 3, 4.5, 4.5], "texture": "#10"},
				"up": {"uv": [3, 3, 4.5, 4.5], "texture": "#10"},
				"down": {"uv": [3, 3, 4.5, 4.5], "texture": "#10"}
			}
		},
		{
			"from": [18.75, 17.25, 7.75],
			"to": [20.125, 20.375, 8.25],
			"faces": {
				"north": {"uv": [3, 3, 4.5, 4.5], "texture": "#10"},
				"east": {"uv": [3, 3, 4.5, 4.5], "texture": "#10"},
				"south": {"uv": [3, 3, 4.5, 4.5], "texture": "#10"},
				"west": {"uv": [3, 3, 4.5, 4.5], "texture": "#10"},
				"up": {"uv": [3, 3, 4.5, 4.5], "texture": "#10"},
				"down": {"uv": [3, 3, 4.5, 4.5], "texture": "#10"}
			}
		},
		{
			"from": [18.75, 11.125, 7.75],
			"to": [20.125, 14.25, 8.25],
			"faces": {
				"north": {"uv": [3, 3, 4.5, 4.5], "texture": "#10"},
				"east": {"uv": [3, 3, 4.5, 4.5], "texture": "#10"},
				"south": {"uv": [3, 3, 4.5, 4.5], "texture": "#10"},
				"west": {"uv": [3, 3, 4.5, 4.5], "texture": "#10"},
				"up": {"uv": [3, 3, 4.5, 4.5], "texture": "#10"},
				"down": {"uv": [3, 3, 4.5, 4.5], "texture": "#10"}
			}
		},
		{
			"from": [16.125, 11.125, 7.75],
			"to": [17.25, 13.75, 8.25],
			"faces": {
				"north": {"uv": [3, 3, 4.5, 4.5], "texture": "#10"},
				"east": {"uv": [3, 3, 4.5, 4.5], "texture": "#10"},
				"south": {"uv": [3, 3, 4.5, 4.5], "texture": "#10"},
				"west": {"uv": [3, 3, 4.5, 4.5], "texture": "#10"},
				"up": {"uv": [3, 3, 4.5, 4.5], "texture": "#10"},
				"down": {"uv": [3, 3, 4.5, 4.5], "texture": "#10"}
			}
		},
		{
			"from": [20.25, 11.5, 7.75],
			"to": [21.125, 19.875, 8.25],
			"faces": {
				"north": {"uv": [3, 3, 4.5, 4.5], "texture": "#10"},
				"east": {"uv": [3, 3, 4.5, 4.5], "texture": "#10"},
				"south": {"uv": [3, 3, 4.5, 4.5], "texture": "#10"},
				"west": {"uv": [3, 3, 4.5, 4.5], "texture": "#10"},
				"up": {"uv": [3, 3, 4.5, 4.5], "texture": "#10"},
				"down": {"uv": [3, 3, 4.5, 4.5], "texture": "#10"}
			}
		},
		{
			"from": [19.75, 16.25, 7.75],
			"to": [20.625, 19.875, 8.25],
			"faces": {
				"north": {"uv": [3, 3, 4.5, 4.5], "texture": "#10"},
				"east": {"uv": [3, 3, 4.5, 4.5], "texture": "#10"},
				"south": {"uv": [3, 3, 4.5, 4.5], "texture": "#10"},
				"west": {"uv": [3, 3, 4.5, 4.5], "texture": "#10"},
				"up": {"uv": [3, 3, 4.5, 4.5], "texture": "#10"},
				"down": {"uv": [3, 3, 4.5, 4.5], "texture": "#10"}
			}
		},
		{
			"from": [19.75, 11.5, 7.75],
			"to": [20.625, 15.25, 8.25],
			"faces": {
				"north": {"uv": [3, 3, 4.5, 4.5], "texture": "#10"},
				"east": {"uv": [3, 3, 4.5, 4.5], "texture": "#10"},
				"south": {"uv": [3, 3, 4.5, 4.5], "texture": "#10"},
				"west": {"uv": [3, 3, 4.5, 4.5], "texture": "#10"},
				"up": {"uv": [3, 3, 4.5, 4.5], "texture": "#10"},
				"down": {"uv": [3, 3, 4.5, 4.5], "texture": "#10"}
			}
		},
		{
			"from": [20.75, 12, 7.75],
			"to": [21.625, 19.375, 8.25],
			"faces": {
				"north": {"uv": [3, 3, 4.5, 4.5], "texture": "#10"},
				"east": {"uv": [3, 3, 4.5, 4.5], "texture": "#10"},
				"south": {"uv": [3, 3, 4.5, 4.5], "texture": "#10"},
				"west": {"uv": [3, 3, 4.5, 4.5], "texture": "#10"},
				"up": {"uv": [3, 3, 4.5, 4.5], "texture": "#10"},
				"down": {"uv": [3, 3, 4.5, 4.5], "texture": "#10"}
			}
		},
		{
			"from": [21.75, 14, 7.75],
			"to": [22.625, 17.375, 8.25],
			"faces": {
				"north": {"uv": [3, 3, 4.5, 4.5], "texture": "#10"},
				"east": {"uv": [3, 3, 4.5, 4.5], "texture": "#10"},
				"south": {"uv": [3, 3, 4.5, 4.5], "texture": "#10"},
				"west": {"uv": [3, 3, 4.5, 4.5], "texture": "#10"},
				"up": {"uv": [3, 3, 4.5, 4.5], "texture": "#10"},
				"down": {"uv": [3, 3, 4.5, 4.5], "texture": "#10"}
			}
		},
		{
			"from": [21.25, 13, 7.75],
			"to": [22.125, 18.375, 8.25],
			"faces": {
				"north": {"uv": [3, 3, 4.5, 4.5], "texture": "#10"},
				"east": {"uv": [3, 3, 4.5, 4.5], "texture": "#10"},
				"south": {"uv": [3, 3, 4.5, 4.5], "texture": "#10"},
				"west": {"uv": [3, 3, 4.5, 4.5], "texture": "#10"},
				"up": {"uv": [3, 3, 4.5, 4.5], "texture": "#10"},
				"down": {"uv": [3, 3, 4.5, 4.5], "texture": "#10"}
			}
		},
		{
			"from": [16.625, 10.75, 7.25],
			"to": [18.875, 13, 8.75],
			"faces": {
				"north": {"uv": [3, 3, 4.5, 4.5], "texture": "#10"},
				"east": {"uv": [3, 3, 4.5, 4.5], "texture": "#10"},
				"south": {"uv": [3, 3, 4.5, 4.5], "texture": "#10"},
				"west": {"uv": [3, 3, 4.5, 4.5], "texture": "#10"},
				"up": {"uv": [3, 3, 4.5, 4.5], "texture": "#10"},
				"down": {"uv": [3, 3, 4.5, 4.5], "texture": "#10"}
			}
		},
		{
			"from": [16.125, 11.25, 7.25],
			"to": [17, 13.5, 8.75],
			"faces": {
				"north": {"uv": [3, 3, 4.5, 4.5], "texture": "#10"},
				"east": {"uv": [3, 3, 4.5, 4.5], "texture": "#10"},
				"south": {"uv": [3, 3, 4.5, 4.5], "texture": "#10"},
				"west": {"uv": [3, 3, 4.5, 4.5], "texture": "#10"},
				"up": {"uv": [3, 3, 4.5, 4.5], "texture": "#10"},
				"down": {"uv": [3, 3, 4.5, 4.5], "texture": "#10"}
			}
		},
		{
			"from": [18, 11.25, 7.25],
			"to": [19.875, 13.5, 8.75],
			"faces": {
				"north": {"uv": [3, 3, 4.5, 4.5], "texture": "#10"},
				"east": {"uv": [3, 3, 4.5, 4.5], "texture": "#10"},
				"south": {"uv": [3, 3, 4.5, 4.5], "texture": "#10"},
				"west": {"uv": [3, 3, 4.5, 4.5], "texture": "#10"},
				"up": {"uv": [3, 3, 4.5, 4.5], "texture": "#10"},
				"down": {"uv": [3, 3, 4.5, 4.5], "texture": "#10"}
			}
		},
		{
			"from": [19, 11.75, 7.25],
			"to": [20.875, 14.125, 8.75],
			"faces": {
				"north": {"uv": [3, 3, 4.5, 4.5], "texture": "#10"},
				"east": {"uv": [3, 3, 4.5, 4.5], "texture": "#10"},
				"south": {"uv": [3, 3, 4.5, 4.5], "texture": "#10"},
				"west": {"uv": [3, 3, 4.5, 4.5], "texture": "#10"},
				"up": {"uv": [3, 3, 4.5, 4.5], "texture": "#10"},
				"down": {"uv": [3, 3, 4.5, 4.5], "texture": "#10"}
			}
		},
		{
			"from": [16.5, 12.25, 7.25],
			"to": [21.375, 16, 8.75],
			"faces": {
				"north": {"uv": [3, 3, 4.5, 4.5], "texture": "#10"},
				"east": {"uv": [3, 3, 4.5, 4.5], "texture": "#10"},
				"south": {"uv": [3, 3, 4.5, 4.5], "texture": "#10"},
				"west": {"uv": [3, 3, 4.5, 4.5], "texture": "#10"},
				"up": {"uv": [3, 3, 4.5, 4.5], "texture": "#10"},
				"down": {"uv": [3, 3, 4.5, 4.5], "texture": "#10"}
			}
		},
		{
			"from": [20.5, 13.25, 7.25],
			"to": [21.875, 16.125, 8.75],
			"faces": {
				"north": {"uv": [3, 3, 4.5, 4.5], "texture": "#10"},
				"east": {"uv": [3, 3, 4.5, 4.5], "texture": "#10"},
				"south": {"uv": [3, 3, 4.5, 4.5], "texture": "#10"},
				"west": {"uv": [3, 3, 4.5, 4.5], "texture": "#10"},
				"up": {"uv": [3, 3, 4.5, 4.5], "texture": "#10"},
				"down": {"uv": [3, 3, 4.5, 4.5], "texture": "#10"}
			}
		},
		{
			"from": [21, 14.25, 7.25],
			"to": [22.375, 17.125, 8.75],
			"faces": {
				"north": {"uv": [3, 3, 4.5, 4.5], "texture": "#10"},
				"east": {"uv": [3, 3, 4.5, 4.5], "texture": "#10"},
				"south": {"uv": [3, 3, 4.5, 4.5], "texture": "#10"},
				"west": {"uv": [3, 3, 4.5, 4.5], "texture": "#10"},
				"up": {"uv": [3, 3, 4.5, 4.5], "texture": "#10"},
				"down": {"uv": [3, 3, 4.5, 4.5], "texture": "#10"}
			}
		},
		{
			"from": [14, 16.375, 7.25],
			"to": [16.25, 19.625, 8.75],
			"faces": {
				"north": {"uv": [3, 3, 4.5, 4.5], "texture": "#10"},
				"east": {"uv": [3, 3, 4.5, 4.5], "texture": "#10"},
				"south": {"uv": [3, 3, 4.5, 4.5], "texture": "#10"},
				"west": {"uv": [3, 3, 4.5, 4.5], "texture": "#10"},
				"up": {"uv": [3, 3, 4.5, 4.5], "texture": "#10"},
				"down": {"uv": [3, 3, 4.5, 4.5], "texture": "#10"}
			}
		},
		{
			"from": [14.5, 18, 7.25],
			"to": [16.75, 20.125, 8.75],
			"faces": {
				"north": {"uv": [3, 3, 4.5, 4.5], "texture": "#10"},
				"east": {"uv": [3, 3, 4.5, 4.5], "texture": "#10"},
				"south": {"uv": [3, 3, 4.5, 4.5], "texture": "#10"},
				"west": {"uv": [3, 3, 4.5, 4.5], "texture": "#10"},
				"up": {"uv": [3, 3, 4.5, 4.5], "texture": "#10"},
				"down": {"uv": [3, 3, 4.5, 4.5], "texture": "#10"}
			}
		},
		{
			"from": [16.375, 18.25, 7.25],
			"to": [18.875, 20.625, 8.75],
			"faces": {
				"north": {"uv": [3, 3, 4.5, 4.5], "texture": "#10"},
				"east": {"uv": [3, 3, 4.5, 4.5], "texture": "#10"},
				"south": {"uv": [3, 3, 4.5, 4.5], "texture": "#10"},
				"west": {"uv": [3, 3, 4.5, 4.5], "texture": "#10"},
				"up": {"uv": [3, 3, 4.5, 4.5], "texture": "#10"},
				"down": {"uv": [3, 3, 4.5, 4.5], "texture": "#10"}
			}
		},
		{
			"from": [15.875, 17.25, 7.25],
			"to": [19.875, 20.125, 8.75],
			"faces": {
				"north": {"uv": [3, 3, 4.5, 4.5], "texture": "#10"},
				"east": {"uv": [3, 3, 4.5, 4.5], "texture": "#10"},
				"south": {"uv": [3, 3, 4.5, 4.5], "texture": "#10"},
				"west": {"uv": [3, 3, 4.5, 4.5], "texture": "#10"},
				"up": {"uv": [3, 3, 4.5, 4.5], "texture": "#10"},
				"down": {"uv": [3, 3, 4.5, 4.5], "texture": "#10"}
			}
		},
		{
			"from": [20, 16.375, 7.25],
			"to": [21.375, 19.125, 8.75],
			"faces": {
				"north": {"uv": [3, 3, 4.5, 4.5], "texture": "#10"},
				"east": {"uv": [3, 3, 4.5, 4.5], "texture": "#10"},
				"south": {"uv": [3, 3, 4.5, 4.5], "texture": "#10"},
				"west": {"uv": [3, 3, 4.5, 4.5], "texture": "#10"},
				"up": {"uv": [3, 3, 4.5, 4.5], "texture": "#10"},
				"down": {"uv": [3, 3, 4.5, 4.5], "texture": "#10"}
			}
		},
		{
			"from": [19, 17.375, 7.25],
			"to": [20.875, 19.625, 8.75],
			"faces": {
				"north": {"uv": [3, 3, 4.5, 4.5], "texture": "#10"},
				"east": {"uv": [3, 3, 4.5, 4.5], "texture": "#10"},
				"south": {"uv": [3, 3, 4.5, 4.5], "texture": "#10"},
				"west": {"uv": [3, 3, 4.5, 4.5], "texture": "#10"},
				"up": {"uv": [3, 3, 4.5, 4.5], "texture": "#10"},
				"down": {"uv": [3, 3, 4.5, 4.5], "texture": "#10"}
			}
		},
		{
			"from": [21, 14.375, 7.25],
			"to": [22.375, 17.125, 8.75],
			"faces": {
				"north": {"uv": [3, 3, 4.5, 4.5], "texture": "#10"},
				"east": {"uv": [3, 3, 4.5, 4.5], "texture": "#10"},
				"south": {"uv": [3, 3, 4.5, 4.5], "texture": "#10"},
				"west": {"uv": [3, 3, 4.5, 4.5], "texture": "#10"},
				"up": {"uv": [3, 3, 4.5, 4.5], "texture": "#10"},
				"down": {"uv": [3, 3, 4.5, 4.5], "texture": "#10"}
			}
		},
		{
			"from": [16.25, 15.375, 7.25],
			"to": [21.875, 18.125, 8.75],
			"faces": {
				"north": {"uv": [3, 3, 4.5, 4.5], "texture": "#10"},
				"east": {"uv": [3, 3, 4.5, 4.5], "texture": "#10"},
				"south": {"uv": [3, 3, 4.5, 4.5], "texture": "#10"},
				"west": {"uv": [3, 3, 4.5, 4.5], "texture": "#10"},
				"up": {"uv": [3, 3, 4.5, 4.5], "texture": "#10"},
				"down": {"uv": [3, 3, 4.5, 4.5], "texture": "#10"}
			}
		},
		{
			"from": [16.125, 17.875, 7.75],
			"to": [18.125, 20.875, 8.25],
			"faces": {
				"north": {"uv": [3, 3, 4.5, 4.5], "texture": "#10"},
				"east": {"uv": [3, 3, 4.5, 4.5], "texture": "#10"},
				"south": {"uv": [3, 3, 4.5, 4.5], "texture": "#10"},
				"west": {"uv": [3, 3, 4.5, 4.5], "texture": "#10"},
				"up": {"uv": [3, 3, 4.5, 4.5], "texture": "#10"},
				"down": {"uv": [3, 3, 4.5, 4.5], "texture": "#10"}
			}
		},
		{
			"from": [-2.125, 17.875, 7.75],
			"to": [-0.125, 20.875, 8.25],
			"faces": {
				"north": {"uv": [4.5, 3, 3, 4.5], "texture": "#10"},
				"east": {"uv": [4.5, 3, 3, 4.5], "texture": "#10"},
				"south": {"uv": [4.5, 3, 3, 4.5], "texture": "#10"},
				"west": {"uv": [4.5, 3, 3, 4.5], "texture": "#10"},
				"up": {"uv": [4.5, 3, 3, 4.5], "texture": "#10"},
				"down": {"uv": [4.5, 3, 3, 4.5], "texture": "#10"}
			}
		},
		{
			"from": [-2.875, 10.75, 7.25],
			"to": [-0.625, 13, 8.75],
			"faces": {
				"north": {"uv": [4.5, 3, 3, 4.5], "texture": "#10"},
				"east": {"uv": [4.5, 3, 3, 4.5], "texture": "#10"},
				"south": {"uv": [4.5, 3, 3, 4.5], "texture": "#10"},
				"west": {"uv": [4.5, 3, 3, 4.5], "texture": "#10"},
				"up": {"uv": [4.5, 3, 3, 4.5], "texture": "#10"},
				"down": {"uv": [4.5, 3, 3, 4.5], "texture": "#10"}
			}
		},
		{
			"from": [-1, 11.25, 7.25],
			"to": [-0.125, 13.5, 8.75],
			"faces": {
				"north": {"uv": [4.5, 3, 3, 4.5], "texture": "#10"},
				"east": {"uv": [4.5, 3, 3, 4.5], "texture": "#10"},
				"south": {"uv": [4.5, 3, 3, 4.5], "texture": "#10"},
				"west": {"uv": [4.5, 3, 3, 4.5], "texture": "#10"},
				"up": {"uv": [4.5, 3, 3, 4.5], "texture": "#10"},
				"down": {"uv": [4.5, 3, 3, 4.5], "texture": "#10"}
			}
		},
		{
			"from": [-3.875, 11.25, 7.25],
			"to": [-2, 13.5, 8.75],
			"faces": {
				"north": {"uv": [4.5, 3, 3, 4.5], "texture": "#10"},
				"east": {"uv": [4.5, 3, 3, 4.5], "texture": "#10"},
				"south": {"uv": [4.5, 3, 3, 4.5], "texture": "#10"},
				"west": {"uv": [4.5, 3, 3, 4.5], "texture": "#10"},
				"up": {"uv": [4.5, 3, 3, 4.5], "texture": "#10"},
				"down": {"uv": [4.5, 3, 3, 4.5], "texture": "#10"}
			}
		},
		{
			"from": [-4.875, 11.75, 7.25],
			"to": [-3, 14.125, 8.75],
			"faces": {
				"north": {"uv": [4.5, 3, 3, 4.5], "texture": "#10"},
				"east": {"uv": [4.5, 3, 3, 4.5], "texture": "#10"},
				"south": {"uv": [4.5, 3, 3, 4.5], "texture": "#10"},
				"west": {"uv": [4.5, 3, 3, 4.5], "texture": "#10"},
				"up": {"uv": [4.5, 3, 3, 4.5], "texture": "#10"},
				"down": {"uv": [4.5, 3, 3, 4.5], "texture": "#10"}
			}
		},
		{
			"from": [-5.375, 12.25, 7.25],
			"to": [-0.5, 16, 8.75],
			"faces": {
				"north": {"uv": [4.5, 3, 3, 4.5], "texture": "#10"},
				"east": {"uv": [4.5, 3, 3, 4.5], "texture": "#10"},
				"south": {"uv": [4.5, 3, 3, 4.5], "texture": "#10"},
				"west": {"uv": [4.5, 3, 3, 4.5], "texture": "#10"},
				"up": {"uv": [4.5, 3, 3, 4.5], "texture": "#10"},
				"down": {"uv": [4.5, 3, 3, 4.5], "texture": "#10"}
			}
		},
		{
			"from": [-5.875, 13.25, 7.25],
			"to": [-4.5, 16.125, 8.75],
			"faces": {
				"north": {"uv": [4.5, 3, 3, 4.5], "texture": "#10"},
				"east": {"uv": [4.5, 3, 3, 4.5], "texture": "#10"},
				"south": {"uv": [4.5, 3, 3, 4.5], "texture": "#10"},
				"west": {"uv": [4.5, 3, 3, 4.5], "texture": "#10"},
				"up": {"uv": [4.5, 3, 3, 4.5], "texture": "#10"},
				"down": {"uv": [4.5, 3, 3, 4.5], "texture": "#10"}
			}
		},
		{
			"from": [-6.375, 14.25, 7.25],
			"to": [-5, 17.125, 8.75],
			"faces": {
				"north": {"uv": [4.5, 3, 3, 4.5], "texture": "#10"},
				"east": {"uv": [4.5, 3, 3, 4.5], "texture": "#10"},
				"south": {"uv": [4.5, 3, 3, 4.5], "texture": "#10"},
				"west": {"uv": [4.5, 3, 3, 4.5], "texture": "#10"},
				"up": {"uv": [4.5, 3, 3, 4.5], "texture": "#10"},
				"down": {"uv": [4.5, 3, 3, 4.5], "texture": "#10"}
			}
		},
		{
			"from": [-0.25, 16.375, 7.25],
			"to": [2, 19.625, 8.75],
			"faces": {
				"north": {"uv": [4.5, 3, 3, 4.5], "texture": "#10"},
				"east": {"uv": [4.5, 3, 3, 4.5], "texture": "#10"},
				"south": {"uv": [4.5, 3, 3, 4.5], "texture": "#10"},
				"west": {"uv": [4.5, 3, 3, 4.5], "texture": "#10"},
				"up": {"uv": [4.5, 3, 3, 4.5], "texture": "#10"},
				"down": {"uv": [4.5, 3, 3, 4.5], "texture": "#10"}
			}
		},
		{
			"from": [-0.75, 18, 7.25],
			"to": [1.5, 20.125, 8.75],
			"faces": {
				"north": {"uv": [4.5, 3, 3, 4.5], "texture": "#10"},
				"east": {"uv": [4.5, 3, 3, 4.5], "texture": "#10"},
				"south": {"uv": [4.5, 3, 3, 4.5], "texture": "#10"},
				"west": {"uv": [4.5, 3, 3, 4.5], "texture": "#10"},
				"up": {"uv": [4.5, 3, 3, 4.5], "texture": "#10"},
				"down": {"uv": [4.5, 3, 3, 4.5], "texture": "#10"}
			}
		},
		{
			"from": [-2.875, 18.25, 7.25],
			"to": [-0.375, 20.625, 8.75],
			"faces": {
				"north": {"uv": [4.5, 3, 3, 4.5], "texture": "#10"},
				"east": {"uv": [4.5, 3, 3, 4.5], "texture": "#10"},
				"south": {"uv": [4.5, 3, 3, 4.5], "texture": "#10"},
				"west": {"uv": [4.5, 3, 3, 4.5], "texture": "#10"},
				"up": {"uv": [4.5, 3, 3, 4.5], "texture": "#10"},
				"down": {"uv": [4.5, 3, 3, 4.5], "texture": "#10"}
			}
		},
		{
			"from": [-3.875, 17.25, 7.25],
			"to": [0.125, 20.125, 8.75],
			"faces": {
				"north": {"uv": [4.5, 3, 3, 4.5], "texture": "#10"},
				"east": {"uv": [4.5, 3, 3, 4.5], "texture": "#10"},
				"south": {"uv": [4.5, 3, 3, 4.5], "texture": "#10"},
				"west": {"uv": [4.5, 3, 3, 4.5], "texture": "#10"},
				"up": {"uv": [4.5, 3, 3, 4.5], "texture": "#10"},
				"down": {"uv": [4.5, 3, 3, 4.5], "texture": "#10"}
			}
		},
		{
			"from": [-5.375, 16.375, 7.25],
			"to": [-4, 19.125, 8.75],
			"faces": {
				"north": {"uv": [4.5, 3, 3, 4.5], "texture": "#10"},
				"east": {"uv": [4.5, 3, 3, 4.5], "texture": "#10"},
				"south": {"uv": [4.5, 3, 3, 4.5], "texture": "#10"},
				"west": {"uv": [4.5, 3, 3, 4.5], "texture": "#10"},
				"up": {"uv": [4.5, 3, 3, 4.5], "texture": "#10"},
				"down": {"uv": [4.5, 3, 3, 4.5], "texture": "#10"}
			}
		},
		{
			"from": [-4.875, 17.375, 7.25],
			"to": [-3, 19.625, 8.75],
			"faces": {
				"north": {"uv": [4.5, 3, 3, 4.5], "texture": "#10"},
				"east": {"uv": [4.5, 3, 3, 4.5], "texture": "#10"},
				"south": {"uv": [4.5, 3, 3, 4.5], "texture": "#10"},
				"west": {"uv": [4.5, 3, 3, 4.5], "texture": "#10"},
				"up": {"uv": [4.5, 3, 3, 4.5], "texture": "#10"},
				"down": {"uv": [4.5, 3, 3, 4.5], "texture": "#10"}
			}
		},
		{
			"from": [-6.375, 14.375, 7.25],
			"to": [-5, 17.125, 8.75],
			"faces": {
				"north": {"uv": [4.5, 3, 3, 4.5], "texture": "#10"},
				"east": {"uv": [4.5, 3, 3, 4.5], "texture": "#10"},
				"south": {"uv": [4.5, 3, 3, 4.5], "texture": "#10"},
				"west": {"uv": [4.5, 3, 3, 4.5], "texture": "#10"},
				"up": {"uv": [4.5, 3, 3, 4.5], "texture": "#10"},
				"down": {"uv": [4.5, 3, 3, 4.5], "texture": "#10"}
			}
		},
		{
			"from": [-5.875, 15.375, 7.25],
			"to": [-0.25, 18.125, 8.75],
			"faces": {
				"north": {"uv": [4.5, 3, 3, 4.5], "texture": "#10"},
				"east": {"uv": [4.5, 3, 3, 4.5], "texture": "#10"},
				"south": {"uv": [4.5, 3, 3, 4.5], "texture": "#10"},
				"west": {"uv": [4.5, 3, 3, 4.5], "texture": "#10"},
				"up": {"uv": [4.5, 3, 3, 4.5], "texture": "#10"},
				"down": {"uv": [4.5, 3, 3, 4.5], "texture": "#10"}
			}
		},
		{
			"from": [-6.125, 13, 7.75],
			"to": [-5.25, 18.375, 8.25],
			"faces": {
				"north": {"uv": [4.5, 3, 3, 4.5], "texture": "#10"},
				"east": {"uv": [4.5, 3, 3, 4.5], "texture": "#10"},
				"south": {"uv": [4.5, 3, 3, 4.5], "texture": "#10"},
				"west": {"uv": [4.5, 3, 3, 4.5], "texture": "#10"},
				"up": {"uv": [4.5, 3, 3, 4.5], "texture": "#10"},
				"down": {"uv": [4.5, 3, 3, 4.5], "texture": "#10"}
			}
		},
		{
			"from": [-6.625, 14, 7.75],
			"to": [-5.75, 17.375, 8.25],
			"faces": {
				"north": {"uv": [4.5, 3, 3, 4.5], "texture": "#10"},
				"east": {"uv": [4.5, 3, 3, 4.5], "texture": "#10"},
				"south": {"uv": [4.5, 3, 3, 4.5], "texture": "#10"},
				"west": {"uv": [4.5, 3, 3, 4.5], "texture": "#10"},
				"up": {"uv": [4.5, 3, 3, 4.5], "texture": "#10"},
				"down": {"uv": [4.5, 3, 3, 4.5], "texture": "#10"}
			}
		},
		{
			"from": [-5.625, 12, 7.75],
			"to": [-4.75, 19.375, 8.25],
			"faces": {
				"north": {"uv": [4.5, 3, 3, 4.5], "texture": "#10"},
				"east": {"uv": [4.5, 3, 3, 4.5], "texture": "#10"},
				"south": {"uv": [4.5, 3, 3, 4.5], "texture": "#10"},
				"west": {"uv": [4.5, 3, 3, 4.5], "texture": "#10"},
				"up": {"uv": [4.5, 3, 3, 4.5], "texture": "#10"},
				"down": {"uv": [4.5, 3, 3, 4.5], "texture": "#10"}
			}
		},
		{
			"from": [-4.625, 11.5, 7.75],
			"to": [-3.75, 15.25, 8.25],
			"faces": {
				"north": {"uv": [4.5, 3, 3, 4.5], "texture": "#10"},
				"east": {"uv": [4.5, 3, 3, 4.5], "texture": "#10"},
				"south": {"uv": [4.5, 3, 3, 4.5], "texture": "#10"},
				"west": {"uv": [4.5, 3, 3, 4.5], "texture": "#10"},
				"up": {"uv": [4.5, 3, 3, 4.5], "texture": "#10"},
				"down": {"uv": [4.5, 3, 3, 4.5], "texture": "#10"}
			}
		},
		{
			"from": [-4.625, 16.25, 7.75],
			"to": [-3.75, 19.875, 8.25],
			"faces": {
				"north": {"uv": [4.5, 3, 3, 4.5], "texture": "#10"},
				"east": {"uv": [4.5, 3, 3, 4.5], "texture": "#10"},
				"south": {"uv": [4.5, 3, 3, 4.5], "texture": "#10"},
				"west": {"uv": [4.5, 3, 3, 4.5], "texture": "#10"},
				"up": {"uv": [4.5, 3, 3, 4.5], "texture": "#10"},
				"down": {"uv": [4.5, 3, 3, 4.5], "texture": "#10"}
			}
		},
		{
			"from": [-5.125, 11.5, 7.75],
			"to": [-4.25, 19.875, 8.25],
			"faces": {
				"north": {"uv": [4.5, 3, 3, 4.5], "texture": "#10"},
				"east": {"uv": [4.5, 3, 3, 4.5], "texture": "#10"},
				"south": {"uv": [4.5, 3, 3, 4.5], "texture": "#10"},
				"west": {"uv": [4.5, 3, 3, 4.5], "texture": "#10"},
				"up": {"uv": [4.5, 3, 3, 4.5], "texture": "#10"},
				"down": {"uv": [4.5, 3, 3, 4.5], "texture": "#10"}
			}
		},
		{
			"from": [-1.25, 11.125, 7.75],
			"to": [-0.125, 13.75, 8.25],
			"faces": {
				"north": {"uv": [4.5, 3, 3, 4.5], "texture": "#10"},
				"east": {"uv": [4.5, 3, 3, 4.5], "texture": "#10"},
				"south": {"uv": [4.5, 3, 3, 4.5], "texture": "#10"},
				"west": {"uv": [4.5, 3, 3, 4.5], "texture": "#10"},
				"up": {"uv": [4.5, 3, 3, 4.5], "texture": "#10"},
				"down": {"uv": [4.5, 3, 3, 4.5], "texture": "#10"}
			}
		},
		{
			"from": [-4.125, 11.125, 7.75],
			"to": [-2.75, 14.25, 8.25],
			"faces": {
				"north": {"uv": [4.5, 3, 3, 4.5], "texture": "#10"},
				"east": {"uv": [4.5, 3, 3, 4.5], "texture": "#10"},
				"south": {"uv": [4.5, 3, 3, 4.5], "texture": "#10"},
				"west": {"uv": [4.5, 3, 3, 4.5], "texture": "#10"},
				"up": {"uv": [4.5, 3, 3, 4.5], "texture": "#10"},
				"down": {"uv": [4.5, 3, 3, 4.5], "texture": "#10"}
			}
		},
		{
			"from": [-4.125, 17.25, 7.75],
			"to": [-2.75, 20.375, 8.25],
			"faces": {
				"north": {"uv": [4.5, 3, 3, 4.5], "texture": "#10"},
				"east": {"uv": [4.5, 3, 3, 4.5], "texture": "#10"},
				"south": {"uv": [4.5, 3, 3, 4.5], "texture": "#10"},
				"west": {"uv": [4.5, 3, 3, 4.5], "texture": "#10"},
				"up": {"uv": [4.5, 3, 3, 4.5], "texture": "#10"},
				"down": {"uv": [4.5, 3, 3, 4.5], "texture": "#10"}
			}
		},
		{
			"from": [1, 16.375, 7.75],
			"to": [3.75, 17.375, 8.25],
			"faces": {
				"north": {"uv": [4.5, 3, 3, 4.5], "texture": "#10"},
				"east": {"uv": [4.5, 3, 3, 4.5], "texture": "#10"},
				"south": {"uv": [4.5, 3, 3, 4.5], "texture": "#10"},
				"west": {"uv": [4.5, 3, 3, 4.5], "texture": "#10"},
				"up": {"uv": [4.5, 3, 3, 4.5], "texture": "#10"},
				"down": {"uv": [4.5, 3, 3, 4.5], "texture": "#10"}
			}
		},
		{
			"from": [2.375, 17.25, 7.75],
			"to": [3.25, 18.375, 8.25],
			"faces": {
				"north": {"uv": [4.5, 3, 3, 4.5], "texture": "#10"},
				"east": {"uv": [4.5, 3, 3, 4.5], "texture": "#10"},
				"south": {"uv": [4.5, 3, 3, 4.5], "texture": "#10"},
				"west": {"uv": [4.5, 3, 3, 4.5], "texture": "#10"},
				"up": {"uv": [4.5, 3, 3, 4.5], "texture": "#10"},
				"down": {"uv": [4.5, 3, 3, 4.5], "texture": "#10"}
			}
		},
		{
			"from": [-0.375, 17.25, 7.75],
			"to": [1.75, 20.25, 8.25],
			"faces": {
				"north": {"uv": [4.5, 3, 3, 4.5], "texture": "#10"},
				"east": {"uv": [4.5, 3, 3, 4.5], "texture": "#10"},
				"south": {"uv": [4.5, 3, 3, 4.5], "texture": "#10"},
				"west": {"uv": [4.5, 3, 3, 4.5], "texture": "#10"},
				"up": {"uv": [4.5, 3, 3, 4.5], "texture": "#10"},
				"down": {"uv": [4.5, 3, 3, 4.5], "texture": "#10"}
			}
		},
		{
			"from": [-0.75, 17.625, 7.75],
			"to": [0, 20.375, 8.25],
			"faces": {
				"north": {"uv": [4.5, 3, 3, 4.5], "texture": "#10"},
				"east": {"uv": [4.5, 3, 3, 4.5], "texture": "#10"},
				"south": {"uv": [4.5, 3, 3, 4.5], "texture": "#10"},
				"west": {"uv": [4.5, 3, 3, 4.5], "texture": "#10"},
				"up": {"uv": [4.5, 3, 3, 4.5], "texture": "#10"},
				"down": {"uv": [4.5, 3, 3, 4.5], "texture": "#10"}
			}
		},
		{
			"from": [1.875, 17, 7.75],
			"to": [2.75, 19.375, 8.25],
			"faces": {
				"north": {"uv": [4.5, 3, 3, 4.5], "texture": "#10"},
				"east": {"uv": [4.5, 3, 3, 4.5], "texture": "#10"},
				"south": {"uv": [4.5, 3, 3, 4.5], "texture": "#10"},
				"west": {"uv": [4.5, 3, 3, 4.5], "texture": "#10"},
				"up": {"uv": [4.5, 3, 3, 4.5], "texture": "#10"},
				"down": {"uv": [4.5, 3, 3, 4.5], "texture": "#10"}
			}
		},
		{
			"from": [-2, 10.5, 7.75],
			"to": [-0.5, 13.375, 8.25],
			"faces": {
				"north": {"uv": [4.5, 3, 3, 4.5], "texture": "#10"},
				"east": {"uv": [4.5, 3, 3, 4.5], "texture": "#10"},
				"south": {"uv": [4.5, 3, 3, 4.5], "texture": "#10"},
				"west": {"uv": [4.5, 3, 3, 4.5], "texture": "#10"},
				"up": {"uv": [4.5, 3, 3, 4.5], "texture": "#10"},
				"down": {"uv": [4.5, 3, 3, 4.5], "texture": "#10"}
			}
		},
		{
			"from": [-3.125, 10.5, 7.75],
			"to": [-1.625, 13.75, 8.25],
			"faces": {
				"north": {"uv": [4.5, 3, 3, 4.5], "texture": "#10"},
				"east": {"uv": [4.5, 3, 3, 4.5], "texture": "#10"},
				"south": {"uv": [4.5, 3, 3, 4.5], "texture": "#10"},
				"west": {"uv": [4.5, 3, 3, 4.5], "texture": "#10"},
				"up": {"uv": [4.5, 3, 3, 4.5], "texture": "#10"},
				"down": {"uv": [4.5, 3, 3, 4.5], "texture": "#10"}
			}
		},
		{
			"from": [-3.125, 17.625, 7.75],
			"to": [-1.75, 20.875, 8.25],
			"faces": {
				"north": {"uv": [4.5, 3, 3, 4.5], "texture": "#10"},
				"east": {"uv": [4.5, 3, 3, 4.5], "texture": "#10"},
				"south": {"uv": [4.5, 3, 3, 4.5], "texture": "#10"},
				"west": {"uv": [4.5, 3, 3, 4.5], "texture": "#10"},
				"up": {"uv": [4.5, 3, 3, 4.5], "texture": "#10"},
				"down": {"uv": [4.5, 3, 3, 4.5], "texture": "#10"}
			}
		},
		{
			"from": [3, 16.5, 5],
			"to": [13, 17, 11],
			"rotation": {"angle": 0, "axis": "y", "origin": [11, 24, 14]},
			"faces": {
				"north": {"uv": [0, 0, 10, 0.5], "texture": "#1"},
				"east": {"uv": [0, 0, 6, 0.5], "texture": "#1"},
				"south": {"uv": [0, 0, 10, 0.5], "texture": "#1"},
				"west": {"uv": [0, 0, 6, 0.5], "texture": "#1"},
				"up": {"uv": [0, 0, 10, 6], "texture": "#1"},
				"down": {"uv": [0, 0, 10, 6], "texture": "#1"}
			}
		},
		{
			"from": [5, 17, 5],
			"to": [11, 18.5, 11],
			"rotation": {"angle": 0, "axis": "y", "origin": [11, 24, 14]},
			"faces": {
				"north": {"uv": [0, 0, 6, 1.5], "texture": "#1"},
				"east": {"uv": [0, 0, 6, 1.5], "texture": "#1"},
				"south": {"uv": [0, 0, 6, 1.5], "texture": "#1"},
				"west": {"uv": [0, 0, 6, 1.5], "texture": "#1"},
				"up": {"uv": [0, 0, 6, 6], "texture": "#1"},
				"down": {"uv": [0, 0, 6, 6], "texture": "#1"}
			}
		},
		{
			"from": [4, 17, 4.5],
			"to": [12, 18.5, 5],
			"rotation": {"angle": 0, "axis": "y", "origin": [11, 24, 8]},
			"faces": {
				"north": {"uv": [0, 0, 8, 1.5], "texture": "#2"},
				"east": {"uv": [0, 0, 0.5, 1.5], "texture": "#2"},
				"south": {"uv": [0, 0, 8, 1.5], "texture": "#2"},
				"west": {"uv": [0, 0, 0.5, 1.5], "texture": "#2"},
				"up": {"uv": [0, 0, 8, 0.5], "texture": "#2"},
				"down": {"uv": [0, 0, 8, 0.5], "texture": "#2"}
			}
		},
		{
			"from": [4, 17, 11],
			"to": [12, 18.5, 11.5],
			"rotation": {"angle": 0, "axis": "y", "origin": [11, 24, 14]},
			"faces": {
				"north": {"uv": [0, 0, 8, 1.5], "texture": "#2"},
				"east": {"uv": [0, 0, 0.5, 1.5], "texture": "#2"},
				"south": {"uv": [0, 0, 8, 1.5], "texture": "#2"},
				"west": {"uv": [0, 0, 0.5, 1.5], "texture": "#2"},
				"up": {"uv": [0, 0, 8, 0.5], "texture": "#2"},
				"down": {"uv": [0, 0, 8, 0.5], "texture": "#2"}
			}
		},
		{
			"from": [4, 17, 5],
			"to": [5, 18.5, 11],
			"rotation": {"angle": 0, "axis": "y", "origin": [4, 24, 8]},
			"faces": {
				"north": {"uv": [0, 0, 1, 1.5], "texture": "#2"},
				"east": {"uv": [0, 0, 6, 1.5], "texture": "#2"},
				"south": {"uv": [0, 0, 1, 1.5], "texture": "#2"},
				"west": {"uv": [0, 0, 6, 1.5], "texture": "#2"},
				"up": {"uv": [0, 0, 1, 6], "texture": "#2"},
				"down": {"uv": [0, 0, 1, 6], "texture": "#2"}
			}
		},
		{
			"from": [4.7, 18, 5],
			"to": [5, 19.5, 11],
			"rotation": {"angle": 0, "axis": "y", "origin": [4, 25, 8]},
			"faces": {
				"north": {"uv": [0, 0, 0.3, 1.5], "texture": "#2"},
				"east": {"uv": [0, 0, 6, 1.5], "texture": "#2"},
				"south": {"uv": [0, 0, 0.3, 1.5], "texture": "#2"},
				"west": {"uv": [0, 0, 6, 1.5], "texture": "#2"},
				"up": {"uv": [0, 0, 0.3, 6], "texture": "#2"},
				"down": {"uv": [0, 0, 0.3, 6], "texture": "#2"}
			}
		},
		{
			"from": [11, 18, 5],
			"to": [11.3, 19.5, 11],
			"rotation": {"angle": 0, "axis": "y", "origin": [11, 25, 8]},
			"faces": {
				"north": {"uv": [0, 0, 0.3, 1.5], "texture": "#2"},
				"east": {"uv": [0, 0, 6, 1.5], "texture": "#2"},
				"south": {"uv": [0, 0, 0.3, 1.5], "texture": "#2"},
				"west": {"uv": [0, 0, 6, 1.5], "texture": "#2"},
				"up": {"uv": [0, 0, 0.3, 6], "texture": "#2"},
				"down": {"uv": [0, 0, 0.3, 6], "texture": "#2"}
			}
		},
		{
			"from": [11, 17, 5],
			"to": [12, 18.5, 11],
			"rotation": {"angle": 0, "axis": "y", "origin": [11, 24, 8]},
			"faces": {
				"north": {"uv": [0, 0, 1, 1.5], "texture": "#2"},
				"east": {"uv": [0, 0, 6, 1.5], "texture": "#2"},
				"south": {"uv": [0, 0, 1, 1.5], "texture": "#2"},
				"west": {"uv": [0, 0, 6, 1.5], "texture": "#2"},
				"up": {"uv": [0, 0, 1, 6], "texture": "#2"},
				"down": {"uv": [0, 0, 1, 6], "texture": "#2"}
			}
		},
		{
			"from": [5, 18.5, 4.8],
			"to": [9, 21, 5],
			"rotation": {"angle": 0, "axis": "y", "origin": [11, 26, 8]},
			"faces": {
				"north": {"uv": [0, 0, 4, 2.5], "texture": "#2"},
				"east": {"uv": [0, 0, 0.2, 2.5], "texture": "#2"},
				"south": {"uv": [0, 0, 4, 2.5], "texture": "#2"},
				"west": {"uv": [0, 0, 0.2, 2.5], "texture": "#2"},
				"up": {"uv": [0, 0, 4, 0.2], "texture": "#2"},
				"down": {"uv": [0, 0, 4, 0.2], "texture": "#2"}
			}
		},
		{
			"from": [5, 18.5, 11],
			"to": [9, 21, 11.2],
			"rotation": {"angle": 0, "axis": "y", "origin": [11, 26, 15]},
			"faces": {
				"north": {"uv": [0, 0, 4, 2.5], "texture": "#2"},
				"east": {"uv": [0, 0, 0.2, 2.5], "texture": "#2"},
				"south": {"uv": [0, 0, 4, 2.5], "texture": "#2"},
				"west": {"uv": [0, 0, 0.2, 2.5], "texture": "#2"},
				"up": {"uv": [0, 0, 4, 0.2], "texture": "#2"},
				"down": {"uv": [0, 0, 4, 0.2], "texture": "#2"}
			}
		},
		{
			"from": [9, 18.5, 4.8],
			"to": [11, 19.5, 5],
			"rotation": {"angle": 0, "axis": "y", "origin": [15, 26, 8]},
			"faces": {
				"north": {"uv": [0, 0, 2, 1], "texture": "#2"},
				"east": {"uv": [0, 0, 0.2, 1], "texture": "#2"},
				"south": {"uv": [0, 0, 2, 1], "texture": "#2"},
				"west": {"uv": [0, 0, 0.2, 1], "texture": "#2"},
				"up": {"uv": [0, 0, 2, 0.2], "texture": "#2"},
				"down": {"uv": [0, 0, 2, 0.2], "texture": "#2"}
			}
		},
		{
			"from": [9, 18.5, 11],
			"to": [11, 19.5, 11.2],
			"rotation": {"angle": 0, "axis": "y", "origin": [15, 26, 15]},
			"faces": {
				"north": {"uv": [0, 0, 2, 1], "texture": "#2"},
				"east": {"uv": [0, 0, 0.2, 1], "texture": "#2"},
				"south": {"uv": [0, 0, 2, 1], "texture": "#2"},
				"west": {"uv": [0, 0, 0.2, 1], "texture": "#2"},
				"up": {"uv": [0, 0, 2, 0.2], "texture": "#2"},
				"down": {"uv": [0, 0, 2, 0.2], "texture": "#2"}
			}
		},
		{
			"from": [9, 19.5, 4.8],
			"to": [10, 20.5, 5],
			"rotation": {"angle": 0, "axis": "y", "origin": [15, 27, 8]},
			"faces": {
				"north": {"uv": [0, 0, 1, 1], "texture": "#2"},
				"east": {"uv": [0, 0, 0.2, 1], "texture": "#2"},
				"south": {"uv": [0, 0, 1, 1], "texture": "#2"},
				"west": {"uv": [0, 0, 0.2, 1], "texture": "#2"},
				"up": {"uv": [0, 0, 1, 0.2], "texture": "#2"},
				"down": {"uv": [0, 0, 1, 0.2], "texture": "#2"}
			}
		},
		{
			"from": [9, 19.5, 11],
			"to": [10, 20.5, 11.2],
			"rotation": {"angle": 0, "axis": "y", "origin": [15, 27, 15]},
			"faces": {
				"north": {"uv": [0, 0, 1, 1], "texture": "#2"},
				"east": {"uv": [0, 0, 0.2, 1], "texture": "#2"},
				"south": {"uv": [0, 0, 1, 1], "texture": "#2"},
				"west": {"uv": [0, 0, 0.2, 1], "texture": "#2"},
				"up": {"uv": [0, 0, 1, 0.2], "texture": "#2"},
				"down": {"uv": [0, 0, 1, 0.2], "texture": "#2"}
			}
		},
		{
			"from": [10, 19.5, 4.8],
			"to": [11, 20, 5],
			"rotation": {"angle": 0, "axis": "y", "origin": [16, 27, 8]},
			"faces": {
				"north": {"uv": [0, 0, 1, 0.5], "texture": "#2"},
				"east": {"uv": [0, 0, 0.2, 0.5], "texture": "#2"},
				"south": {"uv": [0, 0, 1, 0.5], "texture": "#2"},
				"west": {"uv": [0, 0, 0.2, 0.5], "texture": "#2"},
				"up": {"uv": [0, 0, 1, 0.2], "texture": "#2"},
				"down": {"uv": [0, 0, 1, 0.2], "texture": "#2"}
			}
		},
		{
			"from": [10, 19.5, 11],
			"to": [11, 20, 11.2],
			"rotation": {"angle": 0, "axis": "y", "origin": [16, 27, 15]},
			"faces": {
				"north": {"uv": [0, 0, 1, 0.5], "texture": "#2"},
				"east": {"uv": [0, 0, 0.2, 0.5], "texture": "#2"},
				"south": {"uv": [0, 0, 1, 0.5], "texture": "#2"},
				"west": {"uv": [0, 0, 0.2, 0.5], "texture": "#2"},
				"up": {"uv": [0, 0, 1, 0.2], "texture": "#2"},
				"down": {"uv": [0, 0, 1, 0.2], "texture": "#2"}
			}
		},
		{
			"from": [5, 18.5, 5],
			"to": [11, 21, 11],
			"rotation": {"angle": 0, "axis": "y", "origin": [11, 27, 14]},
			"faces": {
				"north": {"uv": [0, 0, 6, 2.5], "texture": "#1"},
				"east": {"uv": [0, 0, 6, 2.5], "texture": "#1"},
				"south": {"uv": [0, 0, 6, 2.5], "texture": "#1"},
				"west": {"uv": [0, 0, 6, 2.5], "texture": "#1"},
				"up": {"uv": [0, 0, 6, 6], "texture": "#1"},
				"down": {"uv": [0, 0, 6, 6], "texture": "#1"}
			}
		},
		{
			"from": [4.9, 18.5, 5],
			"to": [5, 21, 11],
			"rotation": {"angle": 0, "axis": "y", "origin": [5, 27, 14]},
			"faces": {
				"north": {"uv": [0, 0, 0.1, 2.5], "texture": "#2"},
				"east": {"uv": [0, 0, 6, 2.5], "texture": "#2"},
				"south": {"uv": [0, 0, 0.1, 2.5], "texture": "#2"},
				"west": {"uv": [0, 0, 6, 2.5], "texture": "#2"},
				"up": {"uv": [0, 0, 0.1, 6], "texture": "#2"},
				"down": {"uv": [0, 0, 0.1, 6], "texture": "#2"}
			}
		},
		{
			"from": [7, 21, 6],
			"to": [10, 23.5, 10],
			"rotation": {"angle": 0, "axis": "y", "origin": [11, 29, 14]},
			"faces": {
				"north": {"uv": [0, 0, 3, 2.5], "texture": "#1"},
				"east": {"uv": [0, 0, 4, 2.5], "texture": "#1"},
				"south": {"uv": [0, 0, 3, 2.5], "texture": "#1"},
				"west": {"uv": [0, 0, 4, 2.5], "texture": "#1"},
				"up": {"uv": [0, 0, 3, 4], "texture": "#1"},
				"down": {"uv": [0, 0, 3, 4], "texture": "#1"}
			}
		},
		{
			"from": [6, 23, 6],
			"to": [7, 23.5, 10],
			"rotation": {"angle": 0, "axis": "y", "origin": [8, 29, 14]},
			"faces": {
				"north": {"uv": [0, 0, 1, 0.5], "texture": "#3"},
				"east": {"uv": [0, 0, 4, 0.5], "texture": "#3"},
				"south": {"uv": [0, 0, 1, 0.5], "texture": "#3"},
				"west": {"uv": [0, 0, 4, 0.5], "texture": "#3"},
				"up": {"uv": [0, 0, 1, 4], "texture": "#3"},
				"down": {"uv": [0, 0, 1, 4], "texture": "#3"}
			}
		},
		{
			"from": [6, 21, 6],
			"to": [7, 23, 10],
			"rotation": {"angle": 0, "axis": "y", "origin": [11, 29, 14]},
			"faces": {
				"north": {"uv": [0, 0, 1, 2], "texture": "#1"},
				"east": {"uv": [0, 0, 4, 2], "texture": "#1"},
				"south": {"uv": [0, 0, 1, 2], "texture": "#1"},
				"west": {"uv": [0, 0, 4, 2], "texture": "#1"},
				"up": {"uv": [0, 0, 1, 4], "texture": "#1"},
				"down": {"uv": [0, 0, 1, 4], "texture": "#1"}
			}
		},
		{
			"from": [5.5, 21, 5.5],
			"to": [8, 21.5, 6],
			"rotation": {"angle": 0, "axis": "y", "origin": [11, 29, 13]},
			"faces": {
				"north": {"uv": [0, 0, 2.5, 0.5], "texture": "#2"},
				"east": {"uv": [0, 0, 0.5, 0.5], "texture": "#2"},
				"south": {"uv": [0, 0, 2.5, 0.5], "texture": "#2"},
				"west": {"uv": [0, 0, 0.5, 0.5], "texture": "#2"},
				"up": {"uv": [0, 0, 2.5, 0.5], "texture": "#2"},
				"down": {"uv": [0, 0, 2.5, 0.5], "texture": "#2"}
			}
		},
		{
			"from": [5.5, 21, 5.5],
			"to": [8, 21.5, 10.5],
			"rotation": {"angle": 0, "axis": "y", "origin": [11, 29, 14]},
			"faces": {
				"north": {"uv": [0, 0, 2.5, 0.5], "texture": "#2"},
				"east": {"uv": [0, 0, 5, 0.5], "texture": "#2"},
				"south": {"uv": [0, 0, 2.5, 0.5], "texture": "#2"},
				"west": {"uv": [0, 0, 5, 0.5], "texture": "#2"},
				"up": {"uv": [0, 0, 2.5, 5], "texture": "#2"},
				"down": {"uv": [0, 0, 2.5, 5], "texture": "#2"}
			}
		},
		{
			"from": [5, 21, 5],
			"to": [8, 21.1, 11],
			"rotation": {"angle": 0, "axis": "y", "origin": [11, 29, 14]},
			"faces": {
				"north": {"uv": [0, 0, 3, 0.1], "texture": "#2"},
				"east": {"uv": [0, 0, 6, 0.1], "texture": "#2"},
				"south": {"uv": [0, 0, 3, 0.1], "texture": "#2"},
				"west": {"uv": [0, 0, 6, 0.1], "texture": "#2"},
				"up": {"uv": [0, 0, 3, 6], "texture": "#2"},
				"down": {"uv": [0, 0, 3, 6], "texture": "#2"}
			}
		},
		{
			"from": [8, 21, 5],
			"to": [11, 21.1, 11],
			"rotation": {"angle": 0, "axis": "y", "origin": [14, 29, 14]},
			"faces": {
				"north": {"uv": [0, 0, 3, 0.1], "texture": "#1"},
				"east": {"uv": [0, 0, 6, 0.1], "texture": "#1"},
				"south": {"uv": [0, 0, 3, 0.1], "texture": "#1"},
				"west": {"uv": [0, 0, 6, 0.1], "texture": "#1"},
				"up": {"uv": [0, 0, 3, 6], "texture": "#1"},
				"down": {"uv": [0, 0, 3, 6], "texture": "#1"}
			}
		},
		{
			"from": [8, 21, 5.5],
			"to": [10.5, 21.5, 10.5],
			"rotation": {"angle": 0, "axis": "y", "origin": [11, 29, 14]},
			"faces": {
				"north": {"uv": [0, 0, 2.5, 0.5], "texture": "#1"},
				"east": {"uv": [0, 0, 5, 0.5], "texture": "#1"},
				"south": {"uv": [0, 0, 2.5, 0.5], "texture": "#1"},
				"west": {"uv": [0, 0, 5, 0.5], "texture": "#1"},
				"up": {"uv": [0, 0, 2.5, 5], "texture": "#1"},
				"down": {"uv": [0, 0, 2.5, 5], "texture": "#1"}
			}
		},
		{
			"from": [5.5, 21.5, 6.5],
			"to": [6, 22, 9.5],
			"rotation": {"angle": 0, "axis": "y", "origin": [11, 30, 14]},
			"faces": {
				"north": {"uv": [0, 0, 0.5, 0.5], "texture": "#2"},
				"east": {"uv": [0, 0, 3, 0.5], "texture": "#2"},
				"south": {"uv": [0, 0, 0.5, 0.5], "texture": "#2"},
				"west": {"uv": [0, 0, 3, 0.5], "texture": "#2"},
				"up": {"uv": [0, 0, 0.5, 3], "texture": "#2"},
				"down": {"uv": [0, 0, 0.5, 3], "texture": "#2"}
			}
		},
		{
			"from": [5.9, 21.5, 6],
			"to": [6, 23, 10],
			"rotation": {"angle": 0, "axis": "y", "origin": [11, 31, 14]},
			"faces": {
				"north": {"uv": [0, 0, 0.1, 1.5], "texture": "#3"},
				"east": {"uv": [0, 0, 4, 1.5], "texture": "#3"},
				"south": {"uv": [0, 0, 0.1, 1.5], "texture": "#3"},
				"west": {"uv": [0, 0, 4, 1.5], "texture": "#3"},
				"up": {"uv": [0, 0, 0.1, 4], "texture": "#3"},
				"down": {"uv": [0, 0, 0.1, 4], "texture": "#3"}
			}
		},
		{
			"from": [5.5, 22, 7],
			"to": [6, 22.5, 9],
			"rotation": {"angle": 0, "axis": "y", "origin": [11, 30, 14]},
			"faces": {
				"north": {"uv": [0, 0, 0.5, 0.5], "texture": "#2"},
				"east": {"uv": [0, 0, 2, 0.5], "texture": "#2"},
				"south": {"uv": [0, 0, 0.5, 0.5], "texture": "#2"},
				"west": {"uv": [0, 0, 2, 0.5], "texture": "#2"},
				"up": {"uv": [0, 0, 0.5, 2], "texture": "#2"},
				"down": {"uv": [0, 0, 0.5, 2], "texture": "#2"}
			}
		},
		{
			"from": [10, 21.5, 6.5],
			"to": [10.5, 22, 9.5],
			"rotation": {"angle": 0, "axis": "y", "origin": [15, 30, 14]},
			"faces": {
				"north": {"uv": [0, 0, 0.5, 0.5], "texture": "#1"},
				"east": {"uv": [0, 0, 3, 0.5], "texture": "#1"},
				"south": {"uv": [0, 0, 0.5, 0.5], "texture": "#1"},
				"west": {"uv": [0, 0, 3, 0.5], "texture": "#1"},
				"up": {"uv": [0, 0, 0.5, 3], "texture": "#1"},
				"down": {"uv": [0, 0, 0.5, 3], "texture": "#1"}
			}
		},
		{
			"from": [10, 22, 7],
			"to": [10.5, 22.5, 9],
			"rotation": {"angle": 0, "axis": "y", "origin": [15, 30, 13]},
			"faces": {
				"north": {"uv": [0, 0, 0.5, 0.5], "texture": "#1"},
				"east": {"uv": [0, 0, 2, 0.5], "texture": "#1"},
				"south": {"uv": [0, 0, 0.5, 0.5], "texture": "#1"},
				"west": {"uv": [0, 0, 2, 0.5], "texture": "#1"},
				"up": {"uv": [0, 0, 0.5, 2], "texture": "#1"},
				"down": {"uv": [0, 0, 0.5, 2], "texture": "#1"}
			}
		},
		{
			"from": [6.25, 21, 4.5],
			"to": [7.25, 21.5, 5.5],
			"rotation": {"angle": 0, "axis": "y", "origin": [12, 29, 12]},
			"faces": {
				"north": {"uv": [0, 0, 1, 0.5], "texture": "#4"},
				"east": {"uv": [0, 0, 1, 0.5], "texture": "#4"},
				"south": {"uv": [0, 0, 1, 0.5], "texture": "#4"},
				"west": {"uv": [0, 0, 1, 0.5], "texture": "#4"},
				"up": {"uv": [0, 0, 1, 1], "texture": "#4"},
				"down": {"uv": [0, 0, 1, 1], "texture": "#4"}
			}
		},
		{
			"from": [7.25, 20.5, 4.5],
			"to": [8.25, 22, 5.5],
			"rotation": {"angle": 0, "axis": "y", "origin": [13, 30, 12]},
			"faces": {
				"north": {"uv": [0, 0, 1, 1.5], "texture": "#4"},
				"east": {"uv": [0, 0, 1, 1.5], "texture": "#4"},
				"south": {"uv": [0, 0, 1, 1.5], "texture": "#4"},
				"west": {"uv": [0, 0, 1, 1.5], "texture": "#4"},
				"up": {"uv": [0, 0, 1, 1], "texture": "#4"},
				"down": {"uv": [0, 0, 1, 1], "texture": "#4"}
			}
		},
		{
			"from": [5.25, 20.5, 4.5],
			"to": [6.25, 22, 5.5],
			"rotation": {"angle": 0, "axis": "y", "origin": [11, 30, 12]},
			"faces": {
				"north": {"uv": [0, 0, 1, 1.5], "texture": "#4"},
				"east": {"uv": [0, 0, 1, 1.5], "texture": "#4"},
				"south": {"uv": [0, 0, 1, 1.5], "texture": "#4"},
				"west": {"uv": [0, 0, 1, 1.5], "texture": "#4"},
				"up": {"uv": [0, 0, 1, 1], "texture": "#4"},
				"down": {"uv": [0, 0, 1, 1], "texture": "#4"}
			}
		},
		{
			"from": [7, 23.5, 7],
			"to": [9, 26, 9],
			"rotation": {"angle": 0, "axis": "y", "origin": [11, 31, 14]},
			"faces": {
				"north": {"uv": [0, 0, 2, 2.5], "texture": "#1"},
				"east": {"uv": [0, 0, 2, 2.5], "texture": "#1"},
				"south": {"uv": [0, 0, 2, 2.5], "texture": "#1"},
				"west": {"uv": [0, 0, 2, 2.5], "texture": "#1"},
				"up": {"uv": [0, 0, 2, 2], "texture": "#1"},
				"down": {"uv": [0, 0, 2, 2], "texture": "#1"}
			}
		},
		{
			"from": [7, 26, 7],
			"to": [9, 26.1, 9],
			"rotation": {"angle": 0, "axis": "y", "origin": [11, 33, 14]},
			"faces": {
				"north": {"uv": [0, 0, 2, 0.1], "texture": "#3"},
				"east": {"uv": [0, 0, 2, 0.1], "texture": "#3"},
				"south": {"uv": [0, 0, 2, 0.1], "texture": "#3"},
				"west": {"uv": [0, 0, 2, 0.1], "texture": "#3"},
				"up": {"uv": [0, 0, 2, 2], "texture": "#3"},
				"down": {"uv": [0, 0, 2, 2], "texture": "#3"}
			}
		},
		{
			"from": [7, 24.5, 6.8],
			"to": [9, 26, 7],
			"rotation": {"angle": 0, "axis": "y", "origin": [11, 31, 12]},
			"faces": {
				"north": {"uv": [0, 0, 2, 1.5], "texture": "#3"},
				"east": {"uv": [0, 0, 0.2, 1.5], "texture": "#3"},
				"south": {"uv": [0, 0, 2, 1.5], "texture": "#3"},
				"west": {"uv": [0, 0, 0.2, 1.5], "texture": "#3"},
				"up": {"uv": [0, 0, 2, 0.2], "texture": "#3"},
				"down": {"uv": [0, 0, 2, 0.2], "texture": "#3"}
			}
		},
		{
			"from": [9, 24.5, 7],
			"to": [9.2, 26, 9],
			"rotation": {"angle": 0, "axis": "y", "origin": [13, 31, 12]},
			"faces": {
				"north": {"uv": [0, 0, 0.2, 1.5], "texture": "#3"},
				"east": {"uv": [0, 0, 2, 1.5], "texture": "#3"},
				"south": {"uv": [0, 0, 0.2, 1.5], "texture": "#3"},
				"west": {"uv": [0, 0, 2, 1.5], "texture": "#3"},
				"up": {"uv": [0, 0, 0.2, 2], "texture": "#3"},
				"down": {"uv": [0, 0, 0.2, 2], "texture": "#3"}
			}
		},
		{
			"from": [7, 24.5, 9],
			"to": [9, 26, 9.2],
			"rotation": {"angle": 0, "axis": "y", "origin": [11, 31, 14]},
			"faces": {
				"north": {"uv": [0, 0, 2, 1.5], "texture": "#3"},
				"east": {"uv": [0, 0, 0.2, 1.5], "texture": "#3"},
				"south": {"uv": [0, 0, 2, 1.5], "texture": "#3"},
				"west": {"uv": [0, 0, 0.2, 1.5], "texture": "#3"},
				"up": {"uv": [0, 0, 2, 0.2], "texture": "#3"},
				"down": {"uv": [0, 0, 2, 0.2], "texture": "#3"}
			}
		},
		{
			"from": [6.5, 23.5, 6.8],
			"to": [8, 24.5, 7],
			"rotation": {"angle": 0, "axis": "y", "origin": [11, 30, 12]},
			"faces": {
				"north": {"uv": [0, 0, 1.5, 1], "texture": "#3"},
				"east": {"uv": [0, 0, 0.2, 1], "texture": "#3"},
				"south": {"uv": [0, 0, 1.5, 1], "texture": "#3"},
				"west": {"uv": [0, 0, 0.2, 1], "texture": "#3"},
				"up": {"uv": [0, 0, 1.5, 0.2], "texture": "#3"},
				"down": {"uv": [0, 0, 1.5, 0.2], "texture": "#3"}
			}
		},
		{
			"from": [8.5, 23.5, 6.8],
			"to": [9.5, 24.5, 9.2],
			"rotation": {"angle": 0, "axis": "y", "origin": [13, 30, 12]},
			"faces": {
				"north": {"uv": [0, 0, 1, 1], "texture": "#1"},
				"east": {"uv": [0, 0, 2.4, 1], "texture": "#1"},
				"south": {"uv": [0, 0, 1, 1], "texture": "#1"},
				"west": {"uv": [0, 0, 2.4, 1], "texture": "#1"},
				"up": {"uv": [0, 0, 1, 2.4], "texture": "#1"},
				"down": {"uv": [0, 0, 1, 2.4], "texture": "#1"}
			}
		},
		{
			"from": [8, 23.5, 6.8],
			"to": [8.5, 24, 9.2],
			"rotation": {"angle": 0, "axis": "y", "origin": [12, 30, 12]},
			"faces": {
				"north": {"uv": [0, 0, 0.5, 0.5], "texture": "#1"},
				"east": {"uv": [0, 0, 2.4, 0.5], "texture": "#1"},
				"south": {"uv": [0, 0, 0.5, 0.5], "texture": "#1"},
				"west": {"uv": [0, 0, 2.4, 0.5], "texture": "#1"},
				"up": {"uv": [0, 0, 0.5, 2.4], "texture": "#1"},
				"down": {"uv": [0, 0, 0.5, 2.4], "texture": "#1"}
			}
		},
		{
			"from": [6.5, 23.5, 7],
			"to": [7, 24.5, 9],
			"rotation": {"angle": 0, "axis": "y", "origin": [10, 30, 12]},
			"faces": {
				"north": {"uv": [0, 0, 0.5, 1], "texture": "#3"},
				"east": {"uv": [0, 0, 2, 1], "texture": "#3"},
				"south": {"uv": [0, 0, 0.5, 1], "texture": "#3"},
				"west": {"uv": [0, 0, 2, 1], "texture": "#3"},
				"up": {"uv": [0, 0, 0.5, 2], "texture": "#3"},
				"down": {"uv": [0, 0, 0.5, 2], "texture": "#3"}
			}
		},
		{
			"from": [6.9, 24.5, 7],
			"to": [7, 26, 9],
			"rotation": {"angle": 0, "axis": "y", "origin": [10, 31, 12]},
			"faces": {
				"north": {"uv": [0, 0, 0.1, 1.5], "texture": "#3"},
				"east": {"uv": [0, 0, 2, 1.5], "texture": "#3"},
				"south": {"uv": [0, 0, 0.1, 1.5], "texture": "#3"},
				"west": {"uv": [0, 0, 2, 1.5], "texture": "#3"},
				"up": {"uv": [0, 0, 0.1, 2], "texture": "#3"},
				"down": {"uv": [0, 0, 0.1, 2], "texture": "#3"}
			}
		},
		{
			"from": [6.7, 24.5, 7],
			"to": [7, 25.25, 9],
			"rotation": {"angle": 0, "axis": "y", "origin": [10, 31, 12]},
			"faces": {
				"north": {"uv": [0, 0, 0.3, 0.75], "texture": "#3"},
				"east": {"uv": [0, 0, 2, 0.75], "texture": "#3"},
				"south": {"uv": [0, 0, 0.3, 0.75], "texture": "#3"},
				"west": {"uv": [0, 0, 2, 0.75], "texture": "#3"},
				"up": {"uv": [0, 0, 0.3, 2], "texture": "#3"},
				"down": {"uv": [0, 0, 0.3, 2], "texture": "#3"}
			}
		},
		{
			"from": [8, 24, 6.8],
			"to": [8.5, 24.5, 7],
			"rotation": {"angle": 0, "axis": "y", "origin": [13, 30, 12]},
			"faces": {
				"north": {"uv": [0, 0, 0.5, 0.5], "texture": "#3"},
				"east": {"uv": [0, 0, 0.2, 0.5], "texture": "#3"},
				"south": {"uv": [0, 0, 0.5, 0.5], "texture": "#3"},
				"west": {"uv": [0, 0, 0.2, 0.5], "texture": "#3"},
				"up": {"uv": [0, 0, 0.5, 0.2], "texture": "#3"},
				"down": {"uv": [0, 0, 0.5, 0.2], "texture": "#3"}
			}
		},
		{
			"from": [8, 24, 9],
			"to": [8.5, 24.5, 9.2],
			"rotation": {"angle": 0, "axis": "y", "origin": [13, 30, 14]},
			"faces": {
				"north": {"uv": [0, 0, 0.5, 0.5], "texture": "#3"},
				"east": {"uv": [0, 0, 0.2, 0.5], "texture": "#3"},
				"south": {"uv": [0, 0, 0.5, 0.5], "texture": "#3"},
				"west": {"uv": [0, 0, 0.2, 0.5], "texture": "#3"},
				"up": {"uv": [0, 0, 0.5, 0.2], "texture": "#3"},
				"down": {"uv": [0, 0, 0.5, 0.2], "texture": "#3"}
			}
		},
		{
			"from": [6.5, 23.5, 9],
			"to": [8, 24.5, 9.2],
			"rotation": {"angle": 0, "axis": "y", "origin": [11, 30, 14]},
			"faces": {
				"north": {"uv": [0, 0, 1.5, 1], "texture": "#3"},
				"east": {"uv": [0, 0, 0.2, 1], "texture": "#3"},
				"south": {"uv": [0, 0, 1.5, 1], "texture": "#3"},
				"west": {"uv": [0, 0, 0.2, 1], "texture": "#3"},
				"up": {"uv": [0, 0, 1.5, 0.2], "texture": "#3"},
				"down": {"uv": [0, 0, 1.5, 0.2], "texture": "#3"}
			}
		},
		{
			"from": [7.5, 26, 7.5],
			"to": [8.5, 27, 8.5],
			"rotation": {"angle": 0, "axis": "y", "origin": [11, 33, 14]},
			"faces": {
				"north": {"uv": [0, 0, 1, 1], "texture": "#1"},
				"east": {"uv": [0, 0, 1, 1], "texture": "#1"},
				"south": {"uv": [0, 0, 1, 1], "texture": "#1"},
				"west": {"uv": [0, 0, 1, 1], "texture": "#1"},
				"up": {"uv": [0, 0, 1, 1], "texture": "#1"},
				"down": {"uv": [0, 0, 1, 1], "texture": "#1"}
			}
		},
		{
			"from": [7.5, 27, 7.5],
			"to": [8.5, 27.1, 8.5],
			"rotation": {"angle": 0, "axis": "y", "origin": [11, 34, 14]},
			"faces": {
				"north": {"uv": [0, 0, 1, 0.1], "texture": "#3"},
				"east": {"uv": [0, 0, 1, 0.1], "texture": "#3"},
				"south": {"uv": [0, 0, 1, 0.1], "texture": "#3"},
				"west": {"uv": [0, 0, 1, 0.1], "texture": "#3"},
				"up": {"uv": [0, 0, 1, 1], "texture": "#3"},
				"down": {"uv": [0, 0, 1, 1], "texture": "#3"}
			}
		},
		{
			"from": [7.75, 27, 7.75],
			"to": [8.25, 27.5, 8.25],
			"rotation": {"angle": 0, "axis": "y", "origin": [11, 34, 14]},
			"faces": {
				"north": {"uv": [0, 0, 0.5, 0.5], "texture": "#3"},
				"east": {"uv": [0, 0, 0.5, 0.5], "texture": "#3"},
				"south": {"uv": [0, 0, 0.5, 0.5], "texture": "#3"},
				"west": {"uv": [0, 0, 0.5, 0.5], "texture": "#3"},
				"up": {"uv": [0, 0, 0.5, 0.5], "texture": "#3"},
				"down": {"uv": [0, 0, 0.5, 0.5], "texture": "#3"}
			}
		},
		{
			"from": [7.5, 26, 7.3],
			"to": [8.5, 27, 7.5],
			"rotation": {"angle": 0, "axis": "y", "origin": [11, 33, 13]},
			"faces": {
				"north": {"uv": [0, 0, 1, 1], "texture": "#3"},
				"east": {"uv": [0, 0, 0.2, 1], "texture": "#3"},
				"south": {"uv": [0, 0, 1, 1], "texture": "#3"},
				"west": {"uv": [0, 0, 0.2, 1], "texture": "#3"},
				"up": {"uv": [0, 0, 1, 0.2], "texture": "#3"},
				"down": {"uv": [0, 0, 1, 0.2], "texture": "#3"}
			}
		},
		{
			"from": [8.5, 26, 7.5],
			"to": [8.7, 26.5, 8.5],
			"rotation": {"angle": 0, "axis": "y", "origin": [12, 33, 13]},
			"faces": {
				"north": {"uv": [0, 0, 0.2, 0.5], "texture": "#3"},
				"east": {"uv": [0, 0, 1, 0.5], "texture": "#3"},
				"south": {"uv": [0, 0, 0.2, 0.5], "texture": "#3"},
				"west": {"uv": [0, 0, 1, 0.5], "texture": "#3"},
				"up": {"uv": [0, 0, 0.2, 1], "texture": "#3"},
				"down": {"uv": [0, 0, 0.2, 1], "texture": "#3"}
			}
		},
		{
			"from": [7.3, 26, 7.5],
			"to": [7.5, 26.5, 8.5],
			"rotation": {"angle": 0, "axis": "y", "origin": [11, 33, 13]},
			"faces": {
				"north": {"uv": [0, 0, 0.2, 0.5], "texture": "#3"},
				"east": {"uv": [0, 0, 1, 0.5], "texture": "#3"},
				"south": {"uv": [0, 0, 0.2, 0.5], "texture": "#3"},
				"west": {"uv": [0, 0, 1, 0.5], "texture": "#3"},
				"up": {"uv": [0, 0, 0.2, 1], "texture": "#3"},
				"down": {"uv": [0, 0, 0.2, 1], "texture": "#3"}
			}
		},
		{
			"from": [7.4, 26.5, 7.5],
			"to": [7.5, 27, 8.5],
			"rotation": {"angle": 0, "axis": "y", "origin": [11, 33, 13]},
			"faces": {
				"north": {"uv": [0, 0, 0.1, 0.5], "texture": "#3"},
				"east": {"uv": [0, 0, 1, 0.5], "texture": "#3"},
				"south": {"uv": [0, 0, 0.1, 0.5], "texture": "#3"},
				"west": {"uv": [0, 0, 1, 0.5], "texture": "#3"},
				"up": {"uv": [0, 0, 0.1, 1], "texture": "#3"},
				"down": {"uv": [0, 0, 0.1, 1], "texture": "#3"}
			}
		},
		{
			"from": [8.5, 26.5, 7.5],
			"to": [8.6, 27, 8.5],
			"rotation": {"angle": 0, "axis": "y", "origin": [12, 33, 13]},
			"faces": {
				"north": {"uv": [0, 0, 0.1, 0.5], "texture": "#3"},
				"east": {"uv": [0, 0, 1, 0.5], "texture": "#3"},
				"south": {"uv": [0, 0, 0.1, 0.5], "texture": "#3"},
				"west": {"uv": [0, 0, 1, 0.5], "texture": "#3"},
				"up": {"uv": [0, 0, 0.1, 1], "texture": "#3"},
				"down": {"uv": [0, 0, 0.1, 1], "texture": "#3"}
			}
		},
		{
			"from": [7.5, 26, 8.5],
			"to": [8.5, 27, 8.7],
			"rotation": {"angle": 0, "axis": "y", "origin": [11, 33, 15]},
			"faces": {
				"north": {"uv": [0, 0, 1, 1], "texture": "#3"},
				"east": {"uv": [0, 0, 0.2, 1], "texture": "#3"},
				"south": {"uv": [0, 0, 1, 1], "texture": "#3"},
				"west": {"uv": [0, 0, 0.2, 1], "texture": "#3"},
				"up": {"uv": [0, 0, 1, 0.2], "texture": "#3"},
				"down": {"uv": [0, 0, 1, 0.2], "texture": "#3"}
			}
		},
		{
			"from": [13, 16.5, 6],
			"to": [13.5, 17, 7],
			"rotation": {"angle": 0, "axis": "y", "origin": [13, 24, 10]},
			"faces": {
				"north": {"uv": [0, 0, 0.5, 0.5], "texture": "#1"},
				"east": {"uv": [0, 0, 1, 0.5], "texture": "#1"},
				"south": {"uv": [0, 0, 0.5, 0.5], "texture": "#1"},
				"west": {"uv": [0, 0, 1, 0.5], "texture": "#1"},
				"up": {"uv": [0, 0, 0.5, 1], "texture": "#1"},
				"down": {"uv": [0, 0, 0.5, 1], "texture": "#1"}
			}
		},
		{
			"from": [13, 16.5, 9],
			"to": [13.5, 17, 10],
			"rotation": {"angle": 0, "axis": "y", "origin": [13, 24, 13]},
			"faces": {
				"north": {"uv": [0, 0, 0.5, 0.5], "texture": "#1"},
				"east": {"uv": [0, 0, 1, 0.5], "texture": "#1"},
				"south": {"uv": [0, 0, 0.5, 0.5], "texture": "#1"},
				"west": {"uv": [0, 0, 1, 0.5], "texture": "#1"},
				"up": {"uv": [0, 0, 0.5, 1], "texture": "#1"},
				"down": {"uv": [0, 0, 0.5, 1], "texture": "#1"}
			}
		},
		{
			"from": [2.5, 16.5, 9],
			"to": [3, 17, 10],
			"rotation": {"angle": 0, "axis": "y", "origin": [2, 24, 13]},
			"faces": {
				"north": {"uv": [0, 0, 0.5, 0.5], "texture": "#1"},
				"east": {"uv": [0, 0, 1, 0.5], "texture": "#1"},
				"south": {"uv": [0, 0, 0.5, 0.5], "texture": "#1"},
				"west": {"uv": [0, 0, 1, 0.5], "texture": "#1"},
				"up": {"uv": [0, 0, 0.5, 1], "texture": "#1"},
				"down": {"uv": [0, 0, 0.5, 1], "texture": "#1"}
			}
		},
		{
			"from": [2.5, 16.5, 6],
			"to": [3, 17, 7],
			"rotation": {"angle": 0, "axis": "y", "origin": [2, 24, 10]},
			"faces": {
				"north": {"uv": [0, 0, 0.5, 0.5], "texture": "#1"},
				"east": {"uv": [0, 0, 1, 0.5], "texture": "#1"},
				"south": {"uv": [0, 0, 0.5, 0.5], "texture": "#1"},
				"west": {"uv": [0, 0, 1, 0.5], "texture": "#1"},
				"up": {"uv": [0, 0, 0.5, 1], "texture": "#1"},
				"down": {"uv": [0, 0, 0.5, 1], "texture": "#1"}
			}
		},
		{
			"from": [5, 16.5, 3.5],
			"to": [11, 17, 4],
			"rotation": {"angle": 0, "axis": "y", "origin": [11, 24, 7]},
			"faces": {
				"north": {"uv": [0, 0, 6, 0.5], "texture": "#1"},
				"east": {"uv": [0, 0, 0.5, 0.5], "texture": "#1"},
				"south": {"uv": [0, 0, 6, 0.5], "texture": "#1"},
				"west": {"uv": [0, 0, 0.5, 0.5], "texture": "#1"},
				"up": {"uv": [0, 0, 6, 0.5], "texture": "#1"},
				"down": {"uv": [0, 0, 6, 0.5], "texture": "#1"}
			}
		},
		{
			"from": [5, 16.5, 12],
			"to": [11, 17, 12.5],
			"rotation": {"angle": 0, "axis": "y", "origin": [11, 24, 15]},
			"faces": {
				"north": {"uv": [0, 0, 6, 0.5], "texture": "#1"},
				"east": {"uv": [0, 0, 0.5, 0.5], "texture": "#1"},
				"south": {"uv": [0, 0, 6, 0.5], "texture": "#1"},
				"west": {"uv": [0, 0, 0.5, 0.5], "texture": "#1"},
				"up": {"uv": [0, 0, 6, 0.5], "texture": "#1"},
				"down": {"uv": [0, 0, 6, 0.5], "texture": "#1"}
			}
		},
		{
			"from": [4, 16.5, 4],
			"to": [12, 17, 5],
			"rotation": {"angle": 0, "axis": "y", "origin": [11, 24, 8]},
			"faces": {
				"north": {"uv": [0, 0, 8, 0.5], "texture": "#1"},
				"east": {"uv": [0, 0, 1, 0.5], "texture": "#1"},
				"south": {"uv": [0, 0, 8, 0.5], "texture": "#1"},
				"west": {"uv": [0, 0, 1, 0.5], "texture": "#1"},
				"up": {"uv": [0, 0, 8, 1], "texture": "#1"},
				"down": {"uv": [0, 0, 8, 1], "texture": "#1"}
			}
		},
		{
			"from": [4, 16.5, 11],
			"to": [12, 17, 12],
			"rotation": {"angle": 0, "axis": "y", "origin": [11, 24, 15]},
			"faces": {
				"north": {"uv": [0, 0, 8, 0.5], "texture": "#1"},
				"east": {"uv": [0, 0, 1, 0.5], "texture": "#1"},
				"south": {"uv": [0, 0, 8, 0.5], "texture": "#1"},
				"west": {"uv": [0, 0, 1, 0.5], "texture": "#1"},
				"up": {"uv": [0, 0, 8, 1], "texture": "#1"},
				"down": {"uv": [0, 0, 8, 1], "texture": "#1"}
			}
		}
	],
	"display": {
		"thirdperson_righthand": {
			"rotation": [16, 0, 0],
			"translation": [0, -1, 0.5],
			"scale": [0.3, 0.3, 0.3]
		},
		"thirdperson_lefthand": {
			"rotation": [16, 0, 0],
			"translation": [0, -1, 0.5],
			"scale": [0.3, 0.3, 0.3]
		},
		"firstperson_righthand": {
			"rotation": [-20, 152, -9],
			"translation": [3, 0.75, 0],
			"scale": [0.3, 0.3, 0.3]
		},
		"firstperson_lefthand": {
			"rotation": [-20, 152, -9],
			"translation": [3, 0.75, 0],
			"scale": [0.3, 0.3, 0.3]
		},
		"ground": {
			"translation": [0, 2, 0],
			"scale": [0.3, 0.3, 0.3]
		},
		"gui": {
			"rotation": [11, 29, 12],
			"translation": [0.5, -1.75, 0],
			"scale": [0.5, 0.5, 0.5]
		},
		"head": {
			"translation": [0, -0.25, 0],
			"scale": [0.85, 0.85, 0.85]
		},
		"fixed": {
			"translation": [0, 0, -1.75],
			"scale": [0.4, 0.4, 0.4]
		}
	},
	"groups": [
		{
			"name": "band",
			"origin": [8, 8, 8],
			"children": [0, 1, 2]
		},
		{
			"name": "ears",
			"origin": [9, 8, 8],
			"children": [3, 4, 5, 6, 7, 8, 9, 10, 11, 12, 13, 14, 15, 16, 17, 18, 19, 20, 21, 22, 23, 24, 25, 26, 27, 28, 29, 30, 31, 32, 33, 34, 35, 36, 37, 38, 39, 40, 41, 42, 43, 44, 45, 46, 47, 48, 49, 50, 51, 52, 53, 54, 55, 56, 57, 58, 59, 60, 61, 62, 63, 64, 65, 66, 67, 68]
		},
		{
			"name": "group",
			"origin": [11, 24, 14],
			"children": [69, 70, 71, 72, 73, 74, 75, 76, 77, 78, 79, 80, 81, 82, 83, 84, 85, 86, 87, 88, 89, 90, 91, 92, 93, 94, 95, 96, 97, 98, 99, 100, 101, 102, 103, 104, 105, 106, 107, 108, 109, 110, 111, 112, 113, 114, 115, 116, 117, 118, 119, 120, 121, 122, 123, 124, 125, 126, 127, 128, 129, 130, 131, 132, 133]
		}
	]
}