{
	"credit": "Made with Blockbench",
	"textures": {
		"0": "block/red_concrete",
		"1": "block/white_concrete",
		"2": "block/black_concrete"
	},
	"elements": [
		{
			"from": [-0.5, 5.5, 7],
			"to": [0.2, 16, 9.25],
			"faces": {
				"north": {"uv": [0, 0, 0.5, 10.5], "texture": "#2"},
				"east": {"uv": [0, 0, 2.25, 10.5], "texture": "#2"},
				"south": {"uv": [0, 0, 0.5, 10.5], "texture": "#2"},
				"west": {"uv": [0, 0, 2.25, 10.5], "texture": "#2"},
				"up": {"uv": [0, 0, 0.5, 2.25], "texture": "#2"},
				"down": {"uv": [0, 0, 0.5, 2.25], "texture": "#2"}
			}
		},
		{
			"from": [-0.5, 16, 7],
			"to": [16.5, 16.5, 9.25],
			"faces": {
				"north": {"uv": [0, 0, 16, 0.5], "texture": "#2"},
				"east": {"uv": [0, 0, 2.25, 0.5], "texture": "#2"},
				"south": {"uv": [0, 0, 16, 0.5], "texture": "#2"},
				"west": {"uv": [0, 0, 2.25, 0.5], "texture": "#2"},
				"up": {"uv": [0, 0, 16, 2.25], "texture": "#2"},
				"down": {"uv": [0, 0, 16, 2.25], "texture": "#2"}
			}
		},
		{
			"from": [16, 5.5, 7],
			"to": [16.7, 16, 9.25],
			"faces": {
				"north": {"uv": [0, 0, 0.5, 10.5], "texture": "#2"},
				"east": {"uv": [0, 0, 2.25, 10.5], "texture": "#2"},
				"south": {"uv": [0, 0, 0.5, 10.5], "texture": "#2"},
				"west": {"uv": [0, 0, 2.25, 10.5], "texture": "#2"},
				"up": {"uv": [0, 0, 0.5, 2.25], "texture": "#2"},
				"down": {"uv": [0, 0, 0.5, 2.25], "texture": "#2"}
			}
		},
		{
			"from": [-2.25, 10.25, 7.75],
			"to": [-1.25, 19.25, 8.25],
			"faces": {
				"north": {"uv": [0, 0, 1, 9], "texture": "#2"},
				"east": {"uv": [0, 0, 0.5, 9], "texture": "#2"},
				"south": {"uv": [0, 0, 1, 9], "texture": "#2"},
				"west": {"uv": [0, 0, 0.5, 9], "texture": "#2"},
				"up": {"uv": [0, 0, 1, 0.5], "texture": "#2"},
				"down": {"uv": [0, 0, 1, 0.5], "texture": "#2"}
			}
		},
		{
			"from": [-1.25, 9.75, 7.75],
			"to": [-0.25, 19.75, 8.25],
			"faces": {
				"north": {"uv": [0, 0, 3, 10], "texture": "#2"},
				"east": {"uv": [0, 0, 0.5, 10], "texture": "#2"},
				"south": {"uv": [0, 0, 3, 10], "texture": "#2"},
				"west": {"uv": [0, 0, 0.5, 10], "texture": "#2"},
				"up": {"uv": [0, 0, 3, 0.5], "texture": "#2"},
				"down": {"uv": [0, 0, 3, 0.5], "texture": "#2"}
			}
		},
		{
			"from": [1.75, 16.25, 7.75],
			"to": [2.75, 19.25, 8.25],
			"faces": {
				"north": {"uv": [0, 0, 1, 5], "texture": "#2"},
				"east": {"uv": [0, 0, 0.5, 5], "texture": "#2"},
				"south": {"uv": [0, 0, 1, 5], "texture": "#2"},
				"west": {"uv": [0, 0, 0.5, 5], "texture": "#2"},
				"up": {"uv": [0, 0, 1, 0.5], "texture": "#2"},
				"down": {"uv": [0, 0, 1, 0.5], "texture": "#2"}
			}
		},
		{
			"from": [4.25, 16.75, 7.75],
			"to": [4.75, 17.25, 8.25],
			"faces": {
				"north": {"uv": [0, 0, 0.5, 2.5], "texture": "#2"},
				"east": {"uv": [0, 0, 0.5, 2.5], "texture": "#2"},
				"south": {"uv": [0, 0, 0.5, 2.5], "texture": "#2"},
				"west": {"uv": [0, 0, 0.5, 2.5], "texture": "#2"},
				"up": {"uv": [0, 0, 0.5, 0.5], "texture": "#2"},
				"down": {"uv": [0, 0, 0.5, 0.5], "texture": "#2"}
			}
		},
		{
			"from": [4.75, 16.25, 7.75],
			"to": [5.25, 16.25, 8.25],
			"faces": {
				"north": {"uv": [0, 0, 0.5, 2], "texture": "#2"},
				"east": {"uv": [0, 0, 0.5, 2], "texture": "#2"},
				"south": {"uv": [0, 0, 0.5, 2], "texture": "#2"},
				"west": {"uv": [0, 0, 0.5, 2], "texture": "#2"},
				"up": {"uv": [0, 0, 0.5, 0.5], "texture": "#2"},
				"down": {"uv": [0, 0, 0.5, 0.5], "texture": "#2"}
			}
		},
		{
			"from": [2.75, 16.25, 7.75],
			"to": [3.75, 18.75, 8.25],
			"faces": {
				"north": {"uv": [0, 0, 1, 4.5], "texture": "#2"},
				"east": {"uv": [0, 0, 0.5, 4.5], "texture": "#2"},
				"south": {"uv": [0, 0, 1, 4.5], "texture": "#2"},
				"west": {"uv": [0, 0, 0.5, 4.5], "texture": "#2"},
				"up": {"uv": [0, 0, 1, 0.5], "texture": "#2"},
				"down": {"uv": [0, 0, 1, 0.5], "texture": "#2"}
			}
		},
		{
			"from": [3.75, 16.25, 7.75],
			"to": [4.25, 18.25, 8.25],
			"faces": {
				"north": {"uv": [0, 0, 0.5, 4], "texture": "#2"},
				"east": {"uv": [0, 0, 0.5, 4], "texture": "#2"},
				"south": {"uv": [0, 0, 0.5, 4], "texture": "#2"},
				"west": {"uv": [0, 0, 0.5, 4], "texture": "#2"},
				"up": {"uv": [0, 0, 0.5, 0.5], "texture": "#2"},
				"down": {"uv": [0, 0, 0.5, 0.5], "texture": "#2"}
			}
		},
		{
			"from": [-3.25, 10.75, 7.75],
			"to": [-2.25, 18.75, 8.25],
			"faces": {
				"north": {"uv": [0, 0, 1, 8], "texture": "#2"},
				"east": {"uv": [0, 0, 0.5, 8], "texture": "#2"},
				"south": {"uv": [0, 0, 1, 8], "texture": "#2"},
				"west": {"uv": [0, 0, 0.5, 8], "texture": "#2"},
				"up": {"uv": [0, 0, 1, 0.5], "texture": "#2"},
				"down": {"uv": [0, 0, 1, 0.5], "texture": "#2"}
			}
		},
		{
			"from": [-3.25, 11.25, 7.75],
			"to": [-2.25, 18.75, 8.25],
			"faces": {
				"north": {"uv": [0, 0, 1, 7.5], "texture": "#2"},
				"east": {"uv": [0, 0, 0.5, 7.5], "texture": "#2"},
				"south": {"uv": [0, 0, 1, 7.5], "texture": "#2"},
				"west": {"uv": [0, 0, 0.5, 7.5], "texture": "#2"},
				"up": {"uv": [0, 0, 1, 0.5], "texture": "#2"},
				"down": {"uv": [0, 0, 1, 0.5], "texture": "#2"}
			}
		},
		{
			"from": [-3.75, 11.25, 7.75],
			"to": [-3.25, 18.25, 8.25],
			"faces": {
				"north": {"uv": [0, 0, 0.5, 7], "texture": "#2"},
				"east": {"uv": [0, 0, 0.5, 7], "texture": "#2"},
				"south": {"uv": [0, 0, 0.5, 7], "texture": "#2"},
				"west": {"uv": [0, 0, 0.5, 7], "texture": "#2"},
				"up": {"uv": [0, 0, 0.5, 0.5], "texture": "#2"},
				"down": {"uv": [0, 0, 0.5, 0.5], "texture": "#2"}
			}
		},
		{
			"from": [-4.75, 13.25, 7.75],
			"to": [-4.25, 16.25, 8.25],
			"faces": {
				"north": {"uv": [0, 0, 0.5, 3], "texture": "#2"},
				"east": {"uv": [0, 0, 0.5, 3], "texture": "#2"},
				"south": {"uv": [0, 0, 0.5, 3], "texture": "#2"},
				"west": {"uv": [0, 0, 0.5, 3], "texture": "#2"},
				"up": {"uv": [0, 0, 0.5, 0.5], "texture": "#2"},
				"down": {"uv": [0, 0, 0.5, 0.5], "texture": "#2"}
			}
		},
		{
			"from": [-4.25, 12.25, 7.75],
			"to": [-3.75, 17.25, 8.25],
			"faces": {
				"north": {"uv": [0, 0, 0.5, 5], "texture": "#2"},
				"east": {"uv": [0, 0, 0.5, 5], "texture": "#2"},
				"south": {"uv": [0, 0, 0.5, 5], "texture": "#2"},
				"west": {"uv": [0, 0, 0.5, 5], "texture": "#2"},
				"up": {"uv": [0, 0, 0.5, 0.5], "texture": "#2"},
				"down": {"uv": [0, 0, 0.5, 0.5], "texture": "#2"}
			}
		},
		{
			"from": [-0.25, 16.25, 7.75],
			"to": [0.75, 19.75, 8.25],
			"faces": {
				"north": {"uv": [0, 0, 3, 10], "texture": "#2"},
				"east": {"uv": [0, 0, 0.5, 10], "texture": "#2"},
				"south": {"uv": [0, 0, 3, 10], "texture": "#2"},
				"west": {"uv": [0, 0, 0.5, 10], "texture": "#2"},
				"up": {"uv": [0, 0, 3, 0.5], "texture": "#2"},
				"down": {"uv": [0, 0, 3, 0.5], "texture": "#2"}
			}
		},
		{
			"from": [14.75, 16.5, 7.75],
			"to": [16.25, 19.75, 8.25],
			"faces": {
				"north": {"uv": [0, 0, 3, 10], "texture": "#2"},
				"east": {"uv": [0, 0, 0.5, 10], "texture": "#2"},
				"south": {"uv": [0, 0, 3, 10], "texture": "#2"},
				"west": {"uv": [0, 0, 0.5, 10], "texture": "#2"},
				"up": {"uv": [0, 0, 3, 0.5], "rotation": 180, "texture": "#2"},
				"down": {"uv": [0, 0, 3, 0.5], "rotation": 180, "texture": "#2"}
			}
		},
		{
			"from": [19.75, 12.25, 7.75],
			"to": [20.25, 17.25, 8.25],
			"faces": {
				"north": {"uv": [0, 0, 0.5, 5], "texture": "#2"},
				"east": {"uv": [0, 0, 0.5, 5], "texture": "#2"},
				"south": {"uv": [0, 0, 0.5, 5], "texture": "#2"},
				"west": {"uv": [0, 0, 0.5, 5], "texture": "#2"},
				"up": {"uv": [0, 0, 0.5, 0.5], "rotation": 180, "texture": "#2"},
				"down": {"uv": [0, 0, 0.5, 0.5], "rotation": 180, "texture": "#2"}
			}
		},
		{
			"from": [20.25, 13.25, 7.75],
			"to": [20.75, 16.25, 8.25],
			"faces": {
				"north": {"uv": [0, 0, 0.5, 3], "texture": "#2"},
				"east": {"uv": [0, 0, 0.5, 3], "texture": "#2"},
				"south": {"uv": [0, 0, 0.5, 3], "texture": "#2"},
				"west": {"uv": [0, 0, 0.5, 3], "texture": "#2"},
				"up": {"uv": [0, 0, 0.5, 0.5], "rotation": 180, "texture": "#2"},
				"down": {"uv": [0, 0, 0.5, 0.5], "rotation": 180, "texture": "#2"}
			}
		},
		{
			"from": [19.25, 11.25, 7.75],
			"to": [19.75, 18.25, 8.25],
			"faces": {
				"north": {"uv": [0, 0, 0.5, 7], "texture": "#2"},
				"east": {"uv": [0, 0, 0.5, 7], "texture": "#2"},
				"south": {"uv": [0, 0, 0.5, 7], "texture": "#2"},
				"west": {"uv": [0, 0, 0.5, 7], "texture": "#2"},
				"up": {"uv": [0, 0, 0.5, 0.5], "rotation": 180, "texture": "#2"},
				"down": {"uv": [0, 0, 0.5, 0.5], "rotation": 180, "texture": "#2"}
			}
		},
		{
			"from": [18.25, 11.25, 7.75],
			"to": [19.25, 18.75, 8.25],
			"faces": {
				"north": {"uv": [0, 0, 1, 7.5], "texture": "#2"},
				"east": {"uv": [0, 0, 0.5, 7.5], "texture": "#2"},
				"south": {"uv": [0, 0, 1, 7.5], "texture": "#2"},
				"west": {"uv": [0, 0, 0.5, 7.5], "texture": "#2"},
				"up": {"uv": [0, 0, 1, 0.5], "rotation": 180, "texture": "#2"},
				"down": {"uv": [0, 0, 1, 0.5], "rotation": 180, "texture": "#2"}
			}
		},
		{
			"from": [18.25, 10.75, 7.75],
			"to": [19.25, 18.75, 8.25],
			"faces": {
				"north": {"uv": [0, 0, 1, 8], "texture": "#2"},
				"east": {"uv": [0, 0, 0.5, 8], "texture": "#2"},
				"south": {"uv": [0, 0, 1, 8], "texture": "#2"},
				"west": {"uv": [0, 0, 0.5, 8], "texture": "#2"},
				"up": {"uv": [0, 0, 1, 0.5], "rotation": 180, "texture": "#2"},
				"down": {"uv": [0, 0, 1, 0.5], "rotation": 180, "texture": "#2"}
			}
		},
		{
			"from": [17.25, 10.25, 7.75],
			"to": [18.25, 19.25, 8.25],
			"faces": {
				"north": {"uv": [0, 0, 1, 9], "texture": "#2"},
				"east": {"uv": [0, 0, 0.5, 9], "texture": "#2"},
				"south": {"uv": [0, 0, 1, 9], "texture": "#2"},
				"west": {"uv": [0, 0, 0.5, 9], "texture": "#2"},
				"up": {"uv": [0, 0, 1, 0.5], "rotation": 180, "texture": "#2"},
				"down": {"uv": [0, 0, 1, 0.5], "rotation": 180, "texture": "#2"}
			}
		},
		{
			"from": [12.25, 16.25, 7.75],
			"to": [13.25, 18.75, 8.25],
			"faces": {
				"north": {"uv": [0, 0, 1, 4.25], "texture": "#2"},
				"east": {"uv": [0, 0, 0.5, 4.25], "texture": "#2"},
				"south": {"uv": [0, 0, 1, 4.25], "texture": "#2"},
				"west": {"uv": [0, 0, 0.5, 4.25], "texture": "#2"},
				"up": {"uv": [0, 0, 1, 0.5], "rotation": 180, "texture": "#2"},
				"down": {"uv": [0, 0, 1, 0.5], "rotation": 180, "texture": "#2"}
			}
		},
		{
			"from": [10.75, 16.25, 7.75],
			"to": [11.25, 16.25, 8.25],
			"faces": {
				"north": {"uv": [0, 0, 0.5, 1.25], "texture": "#2"},
				"east": {"uv": [0, 0, 0.5, 1.25], "texture": "#2"},
				"south": {"uv": [0, 0, 0.5, 1.25], "texture": "#2"},
				"west": {"uv": [0, 0, 0.5, 1.25], "texture": "#2"},
				"up": {"uv": [0, 0, 0.5, 0.5], "rotation": 180, "texture": "#2"},
				"down": {"uv": [0, 0, 0.5, 0.5], "rotation": 180, "texture": "#2"}
			}
		},
		{
			"from": [11.25, 16.5, 7.75],
			"to": [11.75, 17.25, 8.25],
			"faces": {
				"north": {"uv": [0, 0, 0.5, 2.5], "texture": "#2"},
				"east": {"uv": [0, 0, 0.5, 2.5], "texture": "#2"},
				"south": {"uv": [0, 0, 0.5, 2.5], "texture": "#2"},
				"west": {"uv": [0, 0, 0.5, 2.5], "texture": "#2"},
				"up": {"uv": [0, 0, 0.5, 0.5], "rotation": 180, "texture": "#2"},
				"down": {"uv": [0, 0, 0.5, 0.5], "rotation": 180, "texture": "#2"}
			}
		},
		{
			"from": [13.25, 16.25, 7.75],
			"to": [14.25, 19.25, 8.25],
			"faces": {
				"north": {"uv": [0, 0, 1, 4.75], "texture": "#2"},
				"east": {"uv": [0, 0, 0.5, 4.75], "texture": "#2"},
				"south": {"uv": [0, 0, 1, 4.75], "texture": "#2"},
				"west": {"uv": [0, 0, 0.5, 4.75], "texture": "#2"},
				"up": {"uv": [0, 0, 1, 0.5], "rotation": 180, "texture": "#2"},
				"down": {"uv": [0, 0, 1, 0.5], "rotation": 180, "texture": "#2"}
			}
		},
		{
			"from": [11.75, 16.25, 7.75],
			"to": [12.25, 18.25, 8.25],
			"faces": {
				"north": {"uv": [0, 0, 0.5, 3.75], "texture": "#2"},
				"east": {"uv": [0, 0, 0.5, 3.75], "texture": "#2"},
				"south": {"uv": [0, 0, 0.5, 3.75], "texture": "#2"},
				"west": {"uv": [0, 0, 0.5, 3.75], "texture": "#2"},
				"up": {"uv": [0, 0, 0.5, 0.5], "rotation": 180, "texture": "#2"},
				"down": {"uv": [0, 0, 0.5, 0.5], "rotation": 180, "texture": "#2"}
			}
		},
		{
			"from": [16.25, 9.75, 7.75],
			"to": [17.25, 19.75, 8.25],
			"faces": {
				"north": {"uv": [0, 0, 3, 10], "texture": "#2"},
				"east": {"uv": [0, 0, 0.5, 10], "texture": "#2"},
				"south": {"uv": [0, 0, 3, 10], "texture": "#2"},
				"west": {"uv": [0, 0, 0.5, 10], "texture": "#2"},
				"up": {"uv": [0, 0, 3, 0.5], "rotation": 180, "texture": "#2"},
				"down": {"uv": [0, 0, 3, 0.5], "rotation": 180, "texture": "#2"}
			}
		},
		{
			"from": [-0.25, 16.5, 7.25],
			"to": [0.75, 19.5, 8.75],
			"faces": {
				"north": {"uv": [0, 0, 2.5, 9.5], "texture": "#2"},
				"east": {"uv": [0, 0, 1.5, 9.5], "texture": "#2"},
				"south": {"uv": [0, 0, 2.5, 9.5], "texture": "#2"},
				"west": {"uv": [0, 0, 1.5, 9.5], "texture": "#2"},
				"up": {"uv": [0, 0, 2.5, 1.5], "texture": "#2"},
				"down": {"uv": [0, 0, 2.5, 1.5], "texture": "#2"}
			}
		},
		{
			"from": [4, 16.25, 7.25],
			"to": [4.5, 17, 8.75],
			"faces": {
				"north": {"uv": [0, 0, 0.5, 2.75], "texture": "#2"},
				"east": {"uv": [0, 0, 1.5, 2.75], "texture": "#2"},
				"south": {"uv": [0, 0, 0.5, 2.75], "texture": "#2"},
				"west": {"uv": [0, 0, 1.5, 2.75], "texture": "#2"},
				"up": {"uv": [0, 0, 0.5, 1.5], "texture": "#2"},
				"down": {"uv": [0, 0, 0.5, 1.5], "texture": "#2"}
			}
		},
		{
			"from": [3, 16.25, 7.25],
			"to": [4, 18, 8.75],
			"faces": {
				"north": {"uv": [0, 0, 1, 3.75], "texture": "#2"},
				"east": {"uv": [0, 0, 1.5, 3.75], "texture": "#2"},
				"south": {"uv": [0, 0, 1, 3.75], "texture": "#2"},
				"west": {"uv": [0, 0, 1.5, 3.75], "texture": "#2"},
				"up": {"uv": [0, 0, 1, 1.5], "texture": "#2"},
				"down": {"uv": [0, 0, 1, 1.5], "texture": "#2"}
			}
		},
		{
			"from": [2.5, 16.25, 7.25],
			"to": [3.5, 18.5, 8.75],
			"faces": {
				"north": {"uv": [0, 0, 1, 4.25], "texture": "#2"},
				"east": {"uv": [0, 0, 1.5, 4.25], "texture": "#2"},
				"south": {"uv": [0, 0, 1, 4.25], "texture": "#2"},
				"west": {"uv": [0, 0, 1.5, 4.25], "texture": "#2"},
				"up": {"uv": [0, 0, 1, 1.5], "texture": "#2"},
				"down": {"uv": [0, 0, 1, 1.5], "texture": "#2"}
			}
		},
		{
			"from": [1.5, 16.25, 7.25],
			"to": [2.5, 19, 8.75],
			"faces": {
				"north": {"uv": [0, 0, 1, 4.75], "texture": "#2"},
				"east": {"uv": [0, 0, 1.5, 4.75], "texture": "#2"},
				"south": {"uv": [0, 0, 1, 4.75], "texture": "#2"},
				"west": {"uv": [0, 0, 1.5, 4.75], "texture": "#2"},
				"up": {"uv": [0, 0, 1, 1.5], "texture": "#2"},
				"down": {"uv": [0, 0, 1, 1.5], "texture": "#2"}
			}
		},
		{
			"from": [-1, 10, 7.25],
			"to": [-0.25, 19.5, 8.75],
			"faces": {
				"north": {"uv": [0, 0, 2.5, 9.5], "texture": "#2"},
				"east": {"uv": [0, 0, 1.5, 9.5], "texture": "#2"},
				"south": {"uv": [0, 0, 2.5, 9.5], "texture": "#2"},
				"west": {"uv": [0, 0, 1.5, 9.5], "texture": "#2"},
				"up": {"uv": [0, 0, 2.5, 1.5], "texture": "#2"},
				"down": {"uv": [0, 0, 2.5, 1.5], "texture": "#2"}
			}
		},
		{
			"from": [-2, 10.5, 7.25],
			"to": [-1, 19, 8.75],
			"faces": {
				"north": {"uv": [0, 0, 1, 8.5], "texture": "#2"},
				"east": {"uv": [0, 0, 1.5, 8.5], "texture": "#2"},
				"south": {"uv": [0, 0, 1, 8.5], "texture": "#2"},
				"west": {"uv": [0, 0, 1.5, 8.5], "texture": "#2"},
				"up": {"uv": [0, 0, 1, 1.5], "texture": "#2"},
				"down": {"uv": [0, 0, 1, 1.5], "texture": "#2"}
			}
		},
		{
			"from": [-4.5, 13.5, 7.25],
			"to": [-4, 16, 8.75],
			"faces": {
				"north": {"uv": [0, 0, 0.5, 2.5], "texture": "#2"},
				"east": {"uv": [0, 0, 1.5, 2.5], "texture": "#2"},
				"south": {"uv": [0, 0, 0.5, 2.5], "texture": "#2"},
				"west": {"uv": [0, 0, 1.5, 2.5], "texture": "#2"},
				"up": {"uv": [0, 0, 0.5, 1.5], "texture": "#2"},
				"down": {"uv": [0, 0, 0.5, 1.5], "texture": "#2"}
			}
		},
		{
			"from": [-4, 12.5, 7.25],
			"to": [-3.5, 17, 8.75],
			"faces": {
				"north": {"uv": [0, 0, 0.5, 4.5], "texture": "#2"},
				"east": {"uv": [0, 0, 1.5, 4.5], "texture": "#2"},
				"south": {"uv": [0, 0, 0.5, 4.5], "texture": "#2"},
				"west": {"uv": [0, 0, 1.5, 4.5], "texture": "#2"},
				"up": {"uv": [0, 0, 0.5, 1.5], "texture": "#2"},
				"down": {"uv": [0, 0, 0.5, 1.5], "texture": "#2"}
			}
		},
		{
			"from": [-3.5, 11.5, 7.25],
			"to": [-3, 18, 8.75],
			"faces": {
				"north": {"uv": [0, 0, 0.5, 6.5], "texture": "#2"},
				"east": {"uv": [0, 0, 1.5, 6.5], "texture": "#2"},
				"south": {"uv": [0, 0, 0.5, 6.5], "texture": "#2"},
				"west": {"uv": [0, 0, 1.5, 6.5], "texture": "#2"},
				"up": {"uv": [0, 0, 0.5, 1.5], "texture": "#2"},
				"down": {"uv": [0, 0, 0.5, 1.5], "texture": "#2"}
			}
		},
		{
			"from": [-3, 11, 7.25],
			"to": [-2, 18.5, 8.75],
			"faces": {
				"north": {"uv": [0, 0, 1, 7.5], "texture": "#2"},
				"east": {"uv": [0, 0, 1.5, 7.5], "texture": "#2"},
				"south": {"uv": [0, 0, 1, 7.5], "texture": "#2"},
				"west": {"uv": [0, 0, 1.5, 7.5], "texture": "#2"},
				"up": {"uv": [0, 0, 1, 1.5], "texture": "#2"},
				"down": {"uv": [0, 0, 1, 1.5], "texture": "#2"}
			}
		},
		{
			"from": [15, 16.5, 7.25],
			"to": [16.25, 19.5, 8.75],
			"faces": {
				"north": {"uv": [0, 0, 2.5, 9.5], "texture": "#2"},
				"east": {"uv": [0, 0, 1.5, 9.5], "texture": "#2"},
				"south": {"uv": [0, 0, 2.5, 9.5], "texture": "#2"},
				"west": {"uv": [0, 0, 1.5, 9.5], "texture": "#2"},
				"up": {"uv": [0, 0, 2.5, 1.5], "rotation": 180, "texture": "#2"},
				"down": {"uv": [0, 0, 2.5, 1.5], "rotation": 180, "texture": "#2"}
			}
		},
		{
			"from": [11.5, 16.25, 7.25],
			"to": [12, 17, 8.75],
			"faces": {
				"north": {"uv": [0, 0, 0.5, 2.75], "texture": "#2"},
				"east": {"uv": [0, 0, 1.5, 2.75], "texture": "#2"},
				"south": {"uv": [0, 0, 0.5, 2.75], "texture": "#2"},
				"west": {"uv": [0, 0, 1.5, 2.75], "texture": "#2"},
				"up": {"uv": [0, 0, 0.5, 1.5], "rotation": 180, "texture": "#2"},
				"down": {"uv": [0, 0, 0.5, 1.5], "rotation": 180, "texture": "#2"}
			}
		},
		{
			"from": [12, 16.25, 7.25],
			"to": [13, 18, 8.75],
			"faces": {
				"north": {"uv": [0, 0, 1, 3.75], "texture": "#2"},
				"east": {"uv": [0, 0, 1.5, 3.75], "texture": "#2"},
				"south": {"uv": [0, 0, 1, 3.75], "texture": "#2"},
				"west": {"uv": [0, 0, 1.5, 3.75], "texture": "#2"},
				"up": {"uv": [0, 0, 1, 1.5], "rotation": 180, "texture": "#2"},
				"down": {"uv": [0, 0, 1, 1.5], "rotation": 180, "texture": "#2"}
			}
		},
		{
			"from": [12.5, 16.25, 7.25],
			"to": [13.5, 18.5, 8.75],
			"faces": {
				"north": {"uv": [0, 0, 1, 4.25], "texture": "#2"},
				"east": {"uv": [0, 0, 1.5, 4.25], "texture": "#2"},
				"south": {"uv": [0, 0, 1, 4.25], "texture": "#2"},
				"west": {"uv": [0, 0, 1.5, 4.25], "texture": "#2"},
				"up": {"uv": [0, 0, 1, 1.5], "rotation": 180, "texture": "#2"},
				"down": {"uv": [0, 0, 1, 1.5], "rotation": 180, "texture": "#2"}
			}
		},
		{
			"from": [13.5, 16.25, 7.25],
			"to": [14.5, 19, 8.75],
			"faces": {
				"north": {"uv": [0, 0, 1, 4.5], "texture": "#2"},
				"east": {"uv": [0, 0, 1.5, 4.5], "texture": "#2"},
				"south": {"uv": [0, 0, 1, 4.5], "texture": "#2"},
				"west": {"uv": [0, 0, 1.5, 4.5], "texture": "#2"},
				"up": {"uv": [0, 0, 1, 1.5], "rotation": 180, "texture": "#2"},
				"down": {"uv": [0, 0, 1, 1.5], "rotation": 180, "texture": "#2"}
			}
		},
		{
			"from": [16.25, 10, 7.25],
			"to": [17, 19.5, 8.75],
			"faces": {
				"north": {"uv": [0, 0, 2.5, 9.5], "texture": "#2"},
				"east": {"uv": [0, 0, 1.5, 9.5], "texture": "#2"},
				"south": {"uv": [0, 0, 2.5, 9.5], "texture": "#2"},
				"west": {"uv": [0, 0, 1.5, 9.5], "texture": "#2"},
				"up": {"uv": [0, 0, 2.5, 1.5], "rotation": 180, "texture": "#2"},
				"down": {"uv": [0, 0, 2.5, 1.5], "rotation": 180, "texture": "#2"}
			}
		},
		{
			"from": [17, 10.5, 7.25],
			"to": [18, 19, 8.75],
			"faces": {
				"north": {"uv": [0, 0, 1, 8.5], "texture": "#2"},
				"east": {"uv": [0, 0, 1.5, 8.5], "texture": "#2"},
				"south": {"uv": [0, 0, 1, 8.5], "texture": "#2"},
				"west": {"uv": [0, 0, 1.5, 8.5], "texture": "#2"},
				"up": {"uv": [0, 0, 1, 1.5], "rotation": 180, "texture": "#2"},
				"down": {"uv": [0, 0, 1, 1.5], "rotation": 180, "texture": "#2"}
			}
		},
		{
			"from": [19, 11.5, 7.25],
			"to": [19.5, 18, 8.75],
			"faces": {
				"north": {"uv": [0, 0, 0.5, 6.5], "texture": "#2"},
				"east": {"uv": [0, 0, 1.5, 6.5], "texture": "#2"},
				"south": {"uv": [0, 0, 0.5, 6.5], "texture": "#2"},
				"west": {"uv": [0, 0, 1.5, 6.5], "texture": "#2"},
				"up": {"uv": [0, 0, 0.5, 1.5], "rotation": 180, "texture": "#2"},
				"down": {"uv": [0, 0, 0.5, 1.5], "rotation": 180, "texture": "#2"}
			}
		},
		{
			"from": [18, 11, 7.25],
			"to": [19, 18.5, 8.75],
			"faces": {
				"north": {"uv": [0, 0, 1, 7.5], "texture": "#2"},
				"east": {"uv": [0, 0, 1.5, 7.5], "texture": "#2"},
				"south": {"uv": [0, 0, 1, 7.5], "texture": "#2"},
				"west": {"uv": [0, 0, 1.5, 7.5], "texture": "#2"},
				"up": {"uv": [0, 0, 1, 1.5], "rotation": 180, "texture": "#2"},
				"down": {"uv": [0, 0, 1, 1.5], "rotation": 180, "texture": "#2"}
			}
		},
		{
			"from": [20, 13.5, 7.25],
			"to": [20.5, 16, 8.75],
			"faces": {
				"north": {"uv": [0, 0, 0.5, 2.5], "texture": "#2"},
				"east": {"uv": [0, 0, 1.5, 2.5], "texture": "#2"},
				"south": {"uv": [0, 0, 0.5, 2.5], "texture": "#2"},
				"west": {"uv": [0, 0, 1.5, 2.5], "texture": "#2"},
				"up": {"uv": [0, 0, 0.5, 1.5], "texture": "#2"},
				"down": {"uv": [0, 0, 0.5, 1.5], "texture": "#2"}
			}
		},
		{
			"from": [19.5, 12.5, 7.25],
			"to": [20, 17, 8.75],
			"faces": {
				"north": {"uv": [0, 0, 0.5, 4.5], "texture": "#2"},
				"east": {"uv": [0, 0, 1.5, 4.5], "texture": "#2"},
				"south": {"uv": [0, 0, 0.5, 4.5], "texture": "#2"},
				"west": {"uv": [0, 0, 1.5, 4.5], "texture": "#2"},
				"up": {"uv": [0, 0, 0.5, 1.5], "texture": "#2"},
				"down": {"uv": [0, 0, 0.5, 1.5], "texture": "#2"}
			}
		},
		{
			"from": [9, 16.5, 7.5],
			"to": [9.5, 19.5, 9],
			"faces": {
				"north": {"uv": [0, 0, 0.5, 3], "texture": "#0"},
				"east": {"uv": [0, 0, 1.5, 3], "texture": "#0"},
				"south": {"uv": [0, 0, 0.5, 3], "texture": "#0"},
				"west": {"uv": [0, 0, 1.5, 3], "texture": "#0"},
				"up": {"uv": [0, 0, 0.5, 1.5], "texture": "#0"},
				"down": {"uv": [0, 0, 0.5, 1.5], "texture": "#0"}
			}
		},
		{
			"from": [9.5, 16.25, 7.5],
			"to": [10, 20.5, 9],
			"faces": {
				"north": {"uv": [0, 0, 0.5, 4.5], "texture": "#0"},
				"east": {"uv": [0, 0, 1.5, 4.5], "texture": "#0"},
				"south": {"uv": [0, 0, 0.5, 4.5], "texture": "#0"},
				"west": {"uv": [0, 0, 1.5, 4.5], "texture": "#0"},
				"up": {"uv": [0, 0, 0.5, 1.5], "texture": "#0"},
				"down": {"uv": [0, 0, 0.5, 1.5], "texture": "#0"}
			}
		},
		{
			"from": [10, 16.25, 7.5],
			"to": [11, 21, 9],
			"faces": {
				"north": {"uv": [0, 0, 1, 5], "texture": "#0"},
				"east": {"uv": [0, 0, 1.5, 5], "texture": "#0"},
				"south": {"uv": [0, 0, 1, 5], "texture": "#0"},
				"west": {"uv": [0, 0, 1.5, 5], "texture": "#0"},
				"up": {"uv": [0, 0, 1, 1.5], "texture": "#0"},
				"down": {"uv": [0, 0, 1, 1.5], "texture": "#0"}
			}
		},
		{
			"from": [11, 16.25, 7.5],
			"to": [13, 21.5, 9],
			"faces": {
				"north": {"uv": [0, 0, 2, 5.5], "texture": "#0"},
				"east": {"uv": [0, 0, 1.5, 5.5], "texture": "#0"},
				"south": {"uv": [0, 0, 2, 5.5], "texture": "#0"},
				"west": {"uv": [0, 0, 1.5, 5.5], "texture": "#0"},
				"up": {"uv": [0, 0, 2, 1.5], "texture": "#0"},
				"down": {"uv": [0, 0, 2, 1.5], "texture": "#0"}
			}
		},
		{
			"from": [13, 21.5, 7.5],
			"to": [15, 22, 9],
			"faces": {
				"north": {"uv": [0, 0, 2, 5.5], "texture": "#0"},
				"east": {"uv": [0, 0, 1.5, 5.5], "texture": "#0"},
				"south": {"uv": [0, 0, 2, 5.5], "texture": "#0"},
				"west": {"uv": [0, 0, 1.5, 5.5], "texture": "#0"},
				"up": {"uv": [0, 0, 2, 1.5], "texture": "#0"},
				"down": {"uv": [0, 0, 2, 1.5], "texture": "#0"}
			}
		},
		{
			"from": [15, 17.5, 7.5],
			"to": [15.5, 21.5, 9],
			"faces": {
				"north": {"uv": [0, 0, 0.5, 4], "texture": "#0"},
				"east": {"uv": [0, 0, 1.5, 4], "texture": "#0"},
				"south": {"uv": [0, 0, 0.5, 4], "texture": "#0"},
				"west": {"uv": [0, 0, 1.5, 4], "texture": "#0"},
				"up": {"uv": [0, 0, 0.5, 1.5], "texture": "#0"},
				"down": {"uv": [0, 0, 0.5, 1.5], "texture": "#0"}
			}
		},
		{
			"from": [13, 16.5, 7],
			"to": [15, 21.5, 9.5],
			"faces": {
				"north": {"uv": [0, 0, 2, 5], "texture": "#0"},
				"east": {"uv": [0, 0, 2.5, 5], "texture": "#0"},
				"south": {"uv": [0, 0, 2, 5], "texture": "#0"},
				"west": {"uv": [0, 0, 2.5, 5], "texture": "#0"},
				"up": {"uv": [0, 0, 2, 2.5], "texture": "#0"},
				"down": {"uv": [0, 0, 2, 2.5], "texture": "#0"}
			}
		},
		{
			"from": [11, 16.5, 7],
			"to": [13, 21, 9.5],
			"faces": {
				"north": {"uv": [0, 0, 2, 5], "texture": "#0"},
				"east": {"uv": [0, 0, 2.5, 5], "texture": "#0"},
				"south": {"uv": [0, 0, 2, 5], "texture": "#0"},
				"west": {"uv": [0, 0, 2.5, 5], "texture": "#0"},
				"up": {"uv": [0, 0, 2, 2.5], "texture": "#0"},
				"down": {"uv": [0, 0, 2, 2.5], "texture": "#0"}
			}
		},
		{
			"from": [15, 17.5, 7],
			"to": [15.5, 21, 9.5],
			"faces": {
				"north": {"uv": [0, 0, 0.5, 3.5], "texture": "#0"},
				"east": {"uv": [0, 0, 2.5, 3.5], "texture": "#0"},
				"south": {"uv": [0, 0, 0.5, 3.5], "texture": "#0"},
				"west": {"uv": [0, 0, 2.5, 3.5], "texture": "#0"},
				"up": {"uv": [0, 0, 0.5, 2.5], "texture": "#0"},
				"down": {"uv": [0, 0, 0.5, 2.5], "texture": "#0"}
			}
		},
		{
			"from": [10, 16.5, 7],
			"to": [11, 20.5, 9.5],
			"faces": {
				"north": {"uv": [0, 0, 1, 4.5], "texture": "#0"},
				"east": {"uv": [0, 0, 2.5, 4.5], "texture": "#0"},
				"south": {"uv": [0, 0, 1, 4.5], "texture": "#0"},
				"west": {"uv": [0, 0, 2.5, 4.5], "texture": "#0"},
				"up": {"uv": [0, 0, 1, 2.5], "texture": "#0"},
				"down": {"uv": [0, 0, 1, 2.5], "texture": "#0"}
			}
		},
		{
			"from": [9.5, 16.5, 7],
			"to": [10, 19.5, 9.5],
			"faces": {
				"north": {"uv": [0, 0, 0.5, 3.5], "texture": "#0"},
				"east": {"uv": [0, 0, 2.5, 3.5], "texture": "#0"},
				"south": {"uv": [0, 0, 0.5, 3.5], "texture": "#0"},
				"west": {"uv": [0, 0, 2.5, 3.5], "texture": "#0"},
				"up": {"uv": [0, 0, 0.5, 2.5], "texture": "#0"},
				"down": {"uv": [0, 0, 0.5, 2.5], "texture": "#0"}
			}
		},
		{
			"from": [11, 17, 6.5],
			"to": [13, 20, 10],
			"faces": {
				"north": {"uv": [0, 0, 2, 3], "texture": "#0"},
				"east": {"uv": [0, 0, 3.5, 3], "texture": "#0"},
				"south": {"uv": [0, 0, 2, 3], "texture": "#0"},
				"west": {"uv": [0, 0, 3.5, 3], "texture": "#0"},
				"up": {"uv": [0, 0, 2, 3.5], "texture": "#0"},
				"down": {"uv": [0, 0, 2, 3.5], "texture": "#0"}
			}
		},
		{
			"from": [13, 17, 6.5],
			"to": [14.5, 20.5, 10],
			"faces": {
				"north": {"uv": [0, 0, 1.5, 3.5], "texture": "#0"},
				"east": {"uv": [0, 0, 3.5, 3.5], "texture": "#0"},
				"south": {"uv": [0, 0, 1.5, 3.5], "texture": "#0"},
				"west": {"uv": [0, 0, 3.5, 3.5], "texture": "#0"},
				"up": {"uv": [0, 0, 1.5, 3.5], "texture": "#0"},
				"down": {"uv": [0, 0, 1.5, 3.5], "texture": "#0"}
			}
		},
		{
			"from": [14.5, 18, 6.5],
			"to": [15, 20, 10],
			"faces": {
				"north": {"uv": [0, 0, 0.5, 2], "texture": "#0"},
				"east": {"uv": [0, 0, 3.5, 2], "texture": "#0"},
				"south": {"uv": [0, 0, 0.5, 2], "texture": "#0"},
				"west": {"uv": [0, 0, 3.5, 2], "texture": "#0"},
				"up": {"uv": [0, 0, 0.5, 3.5], "texture": "#0"},
				"down": {"uv": [0, 0, 0.5, 3.5], "texture": "#0"}
			}
		},
		{
			"from": [10.5, 17.5, 6.5],
			"to": [11, 19, 10],
			"faces": {
				"north": {"uv": [0, 0, 0.5, 1.5], "texture": "#0"},
				"east": {"uv": [0, 0, 3.5, 1.5], "texture": "#0"},
				"south": {"uv": [0, 0, 0.5, 1.5], "texture": "#0"},
				"west": {"uv": [0, 0, 3.5, 1.5], "texture": "#0"},
				"up": {"uv": [0, 0, 0.5, 3.5], "texture": "#0"},
				"down": {"uv": [0, 0, 0.5, 3.5], "texture": "#0"}
			}
		},
		{
			"from": [4.75, 17.5, 6.25],
			"to": [5.25, 19, 9.75],
			"faces": {
				"north": {"uv": [0, 0, 0.5, 1.5], "texture": "#0"},
				"east": {"uv": [0, 0, 3.5, 1.5], "texture": "#0"},
				"south": {"uv": [0, 0, 0.5, 1.5], "texture": "#0"},
				"west": {"uv": [0, 0, 3.5, 1.5], "texture": "#0"},
				"up": {"uv": [0, 0, 0.5, 3.5], "rotation": 180, "texture": "#0"},
				"down": {"uv": [0, 0, 0.5, 3.5], "rotation": 180, "texture": "#0"}
			}
		},
		{
			"from": [2.75, 17, 6.25],
			"to": [4.75, 20, 9.75],
			"faces": {
				"north": {"uv": [0, 0, 2, 3], "texture": "#0"},
				"east": {"uv": [0, 0, 3.5, 3], "texture": "#0"},
				"south": {"uv": [0, 0, 2, 3], "texture": "#0"},
				"west": {"uv": [0, 0, 3.5, 3], "texture": "#0"},
				"up": {"uv": [0, 0, 2, 3.5], "rotation": 180, "texture": "#0"},
				"down": {"uv": [0, 0, 2, 3.5], "rotation": 180, "texture": "#0"}
			}
		},
		{
			"from": [1.25, 17, 6.25],
			"to": [2.75, 20.5, 9.75],
			"faces": {
				"north": {"uv": [0, 0, 1.5, 3.5], "texture": "#0"},
				"east": {"uv": [0, 0, 3.5, 3.5], "texture": "#0"},
				"south": {"uv": [0, 0, 1.5, 3.5], "texture": "#0"},
				"west": {"uv": [0, 0, 3.5, 3.5], "texture": "#0"},
				"up": {"uv": [0, 0, 1.5, 3.5], "rotation": 180, "texture": "#0"},
				"down": {"uv": [0, 0, 1.5, 3.5], "rotation": 180, "texture": "#0"}
			}
		},
		{
			"from": [0.75, 18, 6.25],
			"to": [1.25, 20, 9.75],
			"faces": {
				"north": {"uv": [0, 0, 0.5, 2], "texture": "#0"},
				"east": {"uv": [0, 0, 3.5, 2], "texture": "#0"},
				"south": {"uv": [0, 0, 0.5, 2], "texture": "#0"},
				"west": {"uv": [0, 0, 3.5, 2], "texture": "#0"},
				"up": {"uv": [0, 0, 0.5, 3.5], "rotation": 180, "texture": "#0"},
				"down": {"uv": [0, 0, 0.5, 3.5], "rotation": 180, "texture": "#0"}
			}
		},
		{
			"from": [0.25, 17.5, 6.75],
			"to": [0.75, 21, 9.25],
			"faces": {
				"north": {"uv": [0, 0, 0.5, 3.5], "texture": "#0"},
				"east": {"uv": [0, 0, 2.5, 3.5], "texture": "#0"},
				"south": {"uv": [0, 0, 0.5, 3.5], "texture": "#0"},
				"west": {"uv": [0, 0, 2.5, 3.5], "texture": "#0"},
				"up": {"uv": [0, 0, 0.5, 2.5], "rotation": 180, "texture": "#0"},
				"down": {"uv": [0, 0, 0.5, 2.5], "rotation": 180, "texture": "#0"}
			}
		},
		{
			"from": [0.75, 16.5, 6.75],
			"to": [2.75, 21.5, 9.25],
			"faces": {
				"north": {"uv": [0, 0, 2, 5], "texture": "#0"},
				"east": {"uv": [0, 0, 2.5, 5], "texture": "#0"},
				"south": {"uv": [0, 0, 2, 5], "texture": "#0"},
				"west": {"uv": [0, 0, 2.5, 5], "texture": "#0"},
				"up": {"uv": [0, 0, 2, 2.5], "rotation": 180, "texture": "#0"},
				"down": {"uv": [0, 0, 2, 2.5], "rotation": 180, "texture": "#0"}
			}
		},
		{
			"from": [2.75, 16.5, 6.75],
			"to": [4.75, 21, 9.25],
			"faces": {
				"north": {"uv": [0, 0, 2, 5], "texture": "#0"},
				"east": {"uv": [0, 0, 2.5, 5], "texture": "#0"},
				"south": {"uv": [0, 0, 2, 5], "texture": "#0"},
				"west": {"uv": [0, 0, 2.5, 5], "texture": "#0"},
				"up": {"uv": [0, 0, 2, 2.5], "rotation": 180, "texture": "#0"},
				"down": {"uv": [0, 0, 2, 2.5], "rotation": 180, "texture": "#0"}
			}
		},
		{
			"from": [4.75, 16.5, 6.75],
			"to": [5.75, 20.5, 9.25],
			"faces": {
				"north": {"uv": [0, 0, 1, 4.5], "texture": "#0"},
				"east": {"uv": [0, 0, 2.5, 4.5], "texture": "#0"},
				"south": {"uv": [0, 0, 1, 4.5], "texture": "#0"},
				"west": {"uv": [0, 0, 2.5, 4.5], "texture": "#0"},
				"up": {"uv": [0, 0, 1, 2.5], "rotation": 180, "texture": "#0"},
				"down": {"uv": [0, 0, 1, 2.5], "rotation": 180, "texture": "#0"}
			}
		},
		{
			"from": [5.75, 16.5, 6.75],
			"to": [6.25, 19.5, 9.25],
			"faces": {
				"north": {"uv": [0, 0, 0.5, 3.5], "texture": "#0"},
				"east": {"uv": [0, 0, 2.5, 3.5], "texture": "#0"},
				"south": {"uv": [0, 0, 0.5, 3.5], "texture": "#0"},
				"west": {"uv": [0, 0, 2.5, 3.5], "texture": "#0"},
				"up": {"uv": [0, 0, 0.5, 2.5], "rotation": 180, "texture": "#0"},
				"down": {"uv": [0, 0, 0.5, 2.5], "rotation": 180, "texture": "#0"}
			}
		},
		{
			"from": [6.25, 16.5, 7.25],
			"to": [6.75, 19.5, 8.75],
			"faces": {
				"north": {"uv": [0, 0, 0.5, 3], "texture": "#0"},
				"east": {"uv": [0, 0, 1.5, 3], "texture": "#0"},
				"south": {"uv": [0, 0, 0.5, 3], "texture": "#0"},
				"west": {"uv": [0, 0, 1.5, 3], "texture": "#0"},
				"up": {"uv": [0, 0, 0.5, 1.5], "rotation": 180, "texture": "#0"},
				"down": {"uv": [0, 0, 0.5, 1.5], "rotation": 180, "texture": "#0"}
			}
		},
		{
			"from": [5.75, 16.25, 7.25],
			"to": [6.25, 20.5, 8.75],
			"faces": {
				"north": {"uv": [0, 0, 0.5, 4.5], "texture": "#0"},
				"east": {"uv": [0, 0, 1.5, 4.5], "texture": "#0"},
				"south": {"uv": [0, 0, 0.5, 4.5], "texture": "#0"},
				"west": {"uv": [0, 0, 1.5, 4.5], "texture": "#0"},
				"up": {"uv": [0, 0, 0.5, 1.5], "rotation": 180, "texture": "#0"},
				"down": {"uv": [0, 0, 0.5, 1.5], "rotation": 180, "texture": "#0"}
			}
		},
		{
			"from": [4.75, 16.25, 7.25],
			"to": [5.75, 21, 8.75],
			"faces": {
				"north": {"uv": [0, 0, 1, 5], "texture": "#0"},
				"east": {"uv": [0, 0, 1.5, 5], "texture": "#0"},
				"south": {"uv": [0, 0, 1, 5], "texture": "#0"},
				"west": {"uv": [0, 0, 1.5, 5], "texture": "#0"},
				"up": {"uv": [0, 0, 1, 1.5], "rotation": 180, "texture": "#0"},
				"down": {"uv": [0, 0, 1, 1.5], "rotation": 180, "texture": "#0"}
			}
		},
		{
			"from": [2.75, 16.25, 7.25],
			"to": [4.75, 21.5, 8.75],
			"faces": {
				"north": {"uv": [0, 0, 2, 5.5], "texture": "#0"},
				"east": {"uv": [0, 0, 1.5, 5.5], "texture": "#0"},
				"south": {"uv": [0, 0, 2, 5.5], "texture": "#0"},
				"west": {"uv": [0, 0, 1.5, 5.5], "texture": "#0"},
				"up": {"uv": [0, 0, 2, 1.5], "rotation": 180, "texture": "#0"},
				"down": {"uv": [0, 0, 2, 1.5], "rotation": 180, "texture": "#0"}
			}
		},
		{
			"from": [0.75, 21.5, 7.25],
			"to": [2.75, 22, 8.75],
			"faces": {
				"north": {"uv": [0, 0, 2, 5.5], "texture": "#0"},
				"east": {"uv": [0, 0, 1.5, 5.5], "texture": "#0"},
				"south": {"uv": [0, 0, 2, 5.5], "texture": "#0"},
				"west": {"uv": [0, 0, 1.5, 5.5], "texture": "#0"},
				"up": {"uv": [0, 0, 2, 1.5], "rotation": 180, "texture": "#0"},
				"down": {"uv": [0, 0, 2, 1.5], "rotation": 180, "texture": "#0"}
			}
		},
		{
			"from": [0.25, 17.5, 7.25],
			"to": [0.75, 21.5, 8.75],
			"faces": {
				"north": {"uv": [0, 0, 0.5, 4], "texture": "#0"},
				"east": {"uv": [0, 0, 1.5, 4], "texture": "#0"},
				"south": {"uv": [0, 0, 0.5, 4], "texture": "#0"},
				"west": {"uv": [0, 0, 1.5, 4], "texture": "#0"},
				"up": {"uv": [0, 0, 0.5, 1.5], "rotation": 180, "texture": "#0"},
				"down": {"uv": [0, 0, 0.5, 1.5], "rotation": 180, "texture": "#0"}
			}
		},
		{
			"from": [6.75, 16.5, 7.25],
			"to": [9, 17.5, 9],
			"rotation": {"angle": 0, "axis": "y", "origin": [8, 8, 9]},
			"faces": {
				"north": {"uv": [0, 0, 2.25, 1], "texture": "#0"},
				"east": {"uv": [0, 0, 3.75, 1], "texture": "#0"},
				"south": {"uv": [0, 0, 2.25, 1], "texture": "#0"},
				"west": {"uv": [0, 0, 3.75, 1], "texture": "#0"},
				"up": {"uv": [0, 0, 2.25, 3.75], "texture": "#0"},
				"down": {"uv": [0, 0, 2.25, 3.75], "texture": "#0"}
			}
		},
		{
			"from": [0.75, 19.25, 9.75],
			"to": [1.75, 20.25, 10],
			"faces": {
				"north": {"uv": [0, 0, 0.5, 2], "texture": "#1"},
				"east": {"uv": [0, 0, 3.5, 2], "texture": "#1"},
				"south": {"uv": [0, 0, 0.5, 2], "texture": "#1"},
				"west": {"uv": [0, 0, 3.5, 2], "texture": "#1"},
				"up": {"uv": [0, 0, 0.5, 3.5], "rotation": 180, "texture": "#1"},
				"down": {"uv": [0, 0, 0.5, 3.5], "rotation": 180, "texture": "#1"}
			}
		},
		{
			"from": [13.25, 18.75, 10],
			"to": [14.25, 19.75, 10.25],
			"faces": {
				"north": {"uv": [0, 0, 0.5, 2], "texture": "#1"},
				"east": {"uv": [0, 0, 3.5, 2], "texture": "#1"},
				"south": {"uv": [0, 0, 0.5, 2], "texture": "#1"},
				"west": {"uv": [0, 0, 3.5, 2], "texture": "#1"},
				"up": {"uv": [0, 0, 0.5, 3.5], "rotation": 180, "texture": "#1"},
				"down": {"uv": [0, 0, 0.5, 3.5], "rotation": 180, "texture": "#1"}
			}
		},
		{
			"from": [5.25, 16.75, 9.25],
			"to": [6.25, 17.75, 9.5],
			"faces": {
				"north": {"uv": [0, 0, 0.5, 2], "texture": "#1"},
				"east": {"uv": [0, 0, 3.5, 2], "texture": "#1"},
				"south": {"uv": [0, 0, 0.5, 2], "texture": "#1"},
				"west": {"uv": [0, 0, 3.5, 2], "texture": "#1"},
				"up": {"uv": [0, 0, 0.5, 3.5], "rotation": 180, "texture": "#1"},
				"down": {"uv": [0, 0, 0.5, 3.5], "rotation": 180, "texture": "#1"}
			}
		},
		{
			"from": [2.75, 18, 9.75],
			"to": [3.75, 19, 10],
			"faces": {
				"north": {"uv": [0, 0, 0.5, 2], "texture": "#1"},
				"east": {"uv": [0, 0, 3.5, 2], "texture": "#1"},
				"south": {"uv": [0, 0, 0.5, 2], "texture": "#1"},
				"west": {"uv": [0, 0, 3.5, 2], "texture": "#1"},
				"up": {"uv": [0, 0, 0.5, 3.5], "rotation": 180, "texture": "#1"},
				"down": {"uv": [0, 0, 0.5, 3.5], "rotation": 180, "texture": "#1"}
			}
		},
		{
			"from": [9.5, 18.25, 9.5],
			"to": [10.5, 19.25, 9.75],
			"faces": {
				"north": {"uv": [0, 0, 0.5, 2], "texture": "#1"},
				"east": {"uv": [0, 0, 3.5, 2], "texture": "#1"},
				"south": {"uv": [0, 0, 0.5, 2], "texture": "#1"},
				"west": {"uv": [0, 0, 3.5, 2], "texture": "#1"},
				"up": {"uv": [0, 0, 0.5, 3.5], "rotation": 180, "texture": "#1"},
				"down": {"uv": [0, 0, 0.5, 3.5], "rotation": 180, "texture": "#1"}
			}
		},
		{
			"from": [11.75, 20.25, 9.5],
			"to": [12.75, 21.25, 9.75],
			"faces": {
				"north": {"uv": [0, 0, 0.5, 2], "texture": "#1"},
				"east": {"uv": [0, 0, 3.5, 2], "texture": "#1"},
				"south": {"uv": [0, 0, 0.5, 2], "texture": "#1"},
				"west": {"uv": [0, 0, 3.5, 2], "texture": "#1"},
				"up": {"uv": [0, 0, 0.5, 3.5], "rotation": 180, "texture": "#1"},
				"down": {"uv": [0, 0, 0.5, 3.5], "rotation": 180, "texture": "#1"}
			}
		},
		{
			"from": [3.5, 20.25, 9.25],
			"to": [4.5, 21.25, 9.5],
			"faces": {
				"north": {"uv": [0, 0, 0.5, 2], "texture": "#1"},
				"east": {"uv": [0, 0, 3.5, 2], "texture": "#1"},
				"south": {"uv": [0, 0, 0.5, 2], "texture": "#1"},
				"west": {"uv": [0, 0, 3.5, 2], "texture": "#1"},
				"up": {"uv": [0, 0, 0.5, 3.5], "rotation": 180, "texture": "#1"},
				"down": {"uv": [0, 0, 0.5, 3.5], "rotation": 180, "texture": "#1"}
			}
		},
		{
			"from": [11.25, 17, 10],
			"to": [12.25, 18, 10.25],
			"faces": {
				"north": {"uv": [0, 0, 0.5, 2], "texture": "#1"},
				"east": {"uv": [0, 0, 3.5, 2], "texture": "#1"},
				"south": {"uv": [0, 0, 0.5, 2], "texture": "#1"},
				"west": {"uv": [0, 0, 3.5, 2], "texture": "#1"},
				"up": {"uv": [0, 0, 0.5, 3.5], "rotation": 180, "texture": "#1"},
				"down": {"uv": [0, 0, 0.5, 3.5], "rotation": 180, "texture": "#1"}
			}
		},
		{
			"from": [13.25, 20, 6.25],
			"to": [14.25, 21, 6.5],
			"rotation": {"angle": 0, "axis": "y", "origin": [7, 9, 8]},
			"faces": {
				"north": {"uv": [0, 0, 0.5, 2], "texture": "#1"},
				"east": {"uv": [0, 0, 3.5, 2], "texture": "#1"},
				"south": {"uv": [0, 0, 0.5, 2], "texture": "#1"},
				"west": {"uv": [0, 0, 3.5, 2], "texture": "#1"},
				"up": {"uv": [0, 0, 0.5, 3.5], "texture": "#1"},
				"down": {"uv": [0, 0, 0.5, 3.5], "texture": "#1"}
			}
		},
		{
			"from": [0.5, 18.75, 6],
			"to": [1.5, 19.75, 6.25],
			"rotation": {"angle": 0, "axis": "y", "origin": [7, 8, 8]},
			"faces": {
				"north": {"uv": [0, 0, 0.5, 2], "texture": "#1"},
				"east": {"uv": [0, 0, 3.5, 2], "texture": "#1"},
				"south": {"uv": [0, 0, 0.5, 2], "texture": "#1"},
				"west": {"uv": [0, 0, 3.5, 2], "texture": "#1"},
				"up": {"uv": [0, 0, 0.5, 3.5], "texture": "#1"},
				"down": {"uv": [0, 0, 0.5, 3.5], "texture": "#1"}
			}
		},
		{
			"from": [10.5, 16.75, 6.75],
			"to": [11.5, 17.75, 7],
			"rotation": {"angle": 0, "axis": "y", "origin": [9, 8, 8]},
			"faces": {
				"north": {"uv": [0, 0, 0.5, 2], "texture": "#1"},
				"east": {"uv": [0, 0, 3.5, 2], "texture": "#1"},
				"south": {"uv": [0, 0, 0.5, 2], "texture": "#1"},
				"west": {"uv": [0, 0, 3.5, 2], "texture": "#1"},
				"up": {"uv": [0, 0, 0.5, 3.5], "texture": "#1"},
				"down": {"uv": [0, 0, 0.5, 3.5], "texture": "#1"}
			}
		},
		{
			"from": [13.25, 17.5, 6.25],
			"to": [14.25, 18.5, 6.5],
			"rotation": {"angle": 0, "axis": "y", "origin": [9, 8, 8]},
			"faces": {
				"north": {"uv": [0, 0, 0.5, 2], "texture": "#1"},
				"east": {"uv": [0, 0, 3.5, 2], "texture": "#1"},
				"south": {"uv": [0, 0, 0.5, 2], "texture": "#1"},
				"west": {"uv": [0, 0, 3.5, 2], "texture": "#1"},
				"up": {"uv": [0, 0, 0.5, 3.5], "texture": "#1"},
				"down": {"uv": [0, 0, 0.5, 3.5], "texture": "#1"}
			}
		},
		{
			"from": [5.25, 17.25, 6.5],
			"to": [6.25, 18.25, 6.75],
			"rotation": {"angle": 0, "axis": "y", "origin": [8, 7, 8]},
			"faces": {
				"north": {"uv": [0, 0, 0.5, 2], "texture": "#1"},
				"east": {"uv": [0, 0, 3.5, 2], "texture": "#1"},
				"south": {"uv": [0, 0, 0.5, 2], "texture": "#1"},
				"west": {"uv": [0, 0, 3.5, 2], "texture": "#1"},
				"up": {"uv": [0, 0, 0.5, 3.5], "texture": "#1"},
				"down": {"uv": [0, 0, 0.5, 3.5], "texture": "#1"}
			}
		},
		{
			"from": [3, 20.25, 6.5],
			"to": [4, 21.25, 6.75],
			"faces": {
				"north": {"uv": [0, 0, 0.5, 2], "texture": "#1"},
				"east": {"uv": [0, 0, 3.5, 2], "texture": "#1"},
				"south": {"uv": [0, 0, 0.5, 2], "texture": "#1"},
				"west": {"uv": [0, 0, 3.5, 2], "texture": "#1"},
				"up": {"uv": [0, 0, 0.5, 3.5], "texture": "#1"},
				"down": {"uv": [0, 0, 0.5, 3.5], "texture": "#1"}
			}
		},
		{
			"from": [10.25, 19, 6.75],
			"to": [11.25, 20, 7],
			"rotation": {"angle": 0, "axis": "y", "origin": [7, 7, 8]},
			"faces": {
				"north": {"uv": [0, 0, 0.5, 2], "texture": "#1"},
				"east": {"uv": [0, 0, 3.5, 2], "texture": "#1"},
				"south": {"uv": [0, 0, 0.5, 2], "texture": "#1"},
				"west": {"uv": [0, 0, 3.5, 2], "texture": "#1"},
				"up": {"uv": [0, 0, 0.5, 3.5], "texture": "#1"},
				"down": {"uv": [0, 0, 0.5, 3.5], "texture": "#1"}
			}
		},
		{
			"from": [2.5, 17, 6],
			"to": [3.5, 18, 6.25],
			"rotation": {"angle": 0, "axis": "y", "origin": [7, 8, 8]},
			"faces": {
				"north": {"uv": [0, 0, 0.5, 2], "texture": "#1"},
				"east": {"uv": [0, 0, 3.5, 2], "texture": "#1"},
				"south": {"uv": [0, 0, 0.5, 2], "texture": "#1"},
				"west": {"uv": [0, 0, 3.5, 2], "texture": "#1"},
				"up": {"uv": [0, 0, 0.5, 3.5], "texture": "#1"},
				"down": {"uv": [0, 0, 0.5, 3.5], "texture": "#1"}
			}
		}
	],
	"display": {
		"thirdperson_righthand": {
			"rotation": [16, 0, 0],
			"translation": [0, -1, 0.5],
			"scale": [0.3, 0.3, 0.3]
		},
		"thirdperson_lefthand": {
			"rotation": [16, 0, 0],
			"translation": [0, -1, 0.5],
			"scale": [0.3, 0.3, 0.3]
		},
		"firstperson_righthand": {
			"rotation": [-12, -12, 14],
			"translation": [3, 0.75, 0],
			"scale": [0.3, 0.3, 0.3]
		},
		"firstperson_lefthand": {
			"rotation": [-12, -12, 14],
			"translation": [3, 0.75, 0],
			"scale": [0.3, 0.3, 0.3]
		},
		"ground": {
			"translation": [0, 2, 0],
			"scale": [0.3, 0.3, 0.3]
		},
		"gui": {
			"rotation": [0, 16, 0],
			"translation": [0, -2.25, 0],
			"scale": [0.6, 0.6, 0.6]
		},
		"head": {
			"translation": [0, -0.25, 0],
			"scale": [0.85, 0.85, 0.85]
		},
		"fixed": {
			"translation": [0, -3, -1.75]
		}
	},
	"groups": [
		{
			"name": "band",
			"origin": [8, 8, 8],
			"children": [0, 1, 2]
		},
		{
			"name": "ears",
			"origin": [9, 8, 8],
			"children": [3, 4, 5, 6, 7, 8, 9, 10, 11, 12, 13, 14, 15, 16, 17, 18, 19, 20, 21, 22, 23, 24, 25, 26, 27, 28, 29, 30, 31, 32, 33, 34, 35, 36, 37, 38, 39, 40, 41, 42, 43, 44, 45, 46, 47, 48, 49, 50]
		},
		{
			"name": "bow",
			"origin": [8, 8, 8],
			"children": [51, 52, 53, 54, 55, 56, 57, 58, 59, 60, 61, 62, 63, 64, 65, 66, 67, 68, 69, 70, 71, 72, 73, 74, 75, 76, 77, 78, 79, 80, 81]
		},
		{
			"name": "Dots",
			"origin": [8, 8, 8],
			"children": [82, 83, 84, 85, 86, 87, 88, 89, 90, 91, 92, 93, 94, 95, 96, 97]
		}
	]
}