{
	"credit": "Credit:  Ontvlambaar",
	"textures": {
		"0": "block/black_concrete",
		"1": "block/yellow_concrete_powder",
		"2": "block/light_gray_concrete",
		"3": "block/blue_concrete",
		"particle": "block/black_concrete"
	},
	"elements": [
		{
			"from": [6.25, -5, 3.25],
			"to": [8.75, 4, 5.75],
			"rotation": {"angle": 0, "axis": "y", "origin": [14, 3, 11]},
			"faces": {
				"north": {"uv": [0, 0, 2.5, 9], "texture": "#0"},
				"east": {"uv": [0, 0, 2.5, 9], "texture": "#0"},
				"south": {"uv": [0, 0, 2.5, 9], "texture": "#0"},
				"west": {"uv": [0, 0, 2.5, 9], "texture": "#0"},
				"up": {"uv": [0, 0, 2.5, 2.5], "texture": "#0"},
				"down": {"uv": [0, 0, 2.5, 2.5], "texture": "#0"}
			}
		},
		{
			"from": [6.25, 5, 3.25],
			"to": [8.75, 8, 5.75],
			"rotation": {"angle": 0, "axis": "y", "origin": [14, 13, 11]},
			"faces": {
				"north": {"uv": [0, 0, 2.5, 3], "texture": "#3"},
				"east": {"uv": [0, 0, 2.5, 3], "texture": "#3"},
				"south": {"uv": [0, 0, 2.5, 3], "texture": "#3"},
				"west": {"uv": [0, 0, 2.5, 3], "texture": "#3"},
				"up": {"uv": [0, 0, 2.5, 2.5], "texture": "#3"},
				"down": {"uv": [0, 0, 2.5, 2.5], "texture": "#3"}
			}
		},
		{
			"from": [6.1, 8, 3.1],
			"to": [8.9, 29, 5.9],
			"rotation": {"angle": 0, "axis": "y", "origin": [14, 12, 11]},
			"faces": {
				"north": {"uv": [0, 0, 2.8, 16], "texture": "#2"},
				"east": {"uv": [0, 0, 2.8, 16], "texture": "#2"},
				"south": {"uv": [0, 0, 2.8, 16], "texture": "#2"},
				"west": {"uv": [0, 0, 2.8, 16], "texture": "#2"},
				"up": {"uv": [0, 0, 2.8, 2.8], "texture": "#2"},
				"down": {"uv": [0, 0, 2.8, 2.8], "texture": "#2"}
			}
		},
		{
			"from": [8.1, 27, 3.4],
			"to": [10.9, 29, 5.6],
			"rotation": {"angle": 0, "axis": "z", "origin": [16, 16, 11]},
			"faces": {
				"north": {"uv": [0, 0, 2.8, 2], "texture": "#2"},
				"east": {"uv": [0, 0, 2.2, 2], "texture": "#2"},
				"south": {"uv": [0, 0, 2.8, 2], "texture": "#2"},
				"west": {"uv": [0, 0, 2.2, 2], "texture": "#2"},
				"up": {"uv": [0, 0, 2.8, 2.2], "texture": "#2"},
				"down": {"uv": [0, 0, 2.8, 2.2], "texture": "#2"}
			}
		},
		{
			"from": [8.1, 18, 3.4],
			"to": [10.9, 20, 5.6],
			"rotation": {"angle": 0, "axis": "z", "origin": [16, 7, 11]},
			"faces": {
				"north": {"uv": [0, 0, 2.8, 2], "texture": "#2"},
				"east": {"uv": [0, 0, 2.2, 2], "texture": "#2"},
				"south": {"uv": [0, 0, 2.8, 2], "texture": "#2"},
				"west": {"uv": [0, 0, 2.2, 2], "texture": "#2"},
				"up": {"uv": [0, 0, 2.8, 2.2], "texture": "#2"},
				"down": {"uv": [0, 0, 2.8, 2.2], "texture": "#2"}
			}
		},
		{
			"from": [10.9, 18.5, 3.4],
			"to": [13.7, 20, 5.6],
			"rotation": {"angle": 0, "axis": "z", "origin": [19, 7, 11]},
			"faces": {
				"north": {"uv": [0, 0, 2.8, 1.5], "texture": "#2"},
				"east": {"uv": [0, 0, 2.2, 1.5], "texture": "#2"},
				"south": {"uv": [0, 0, 2.8, 1.5], "texture": "#2"},
				"west": {"uv": [0, 0, 2.2, 1.5], "texture": "#2"},
				"up": {"uv": [0, 0, 2.8, 2.2], "texture": "#2"},
				"down": {"uv": [0, 0, 2.8, 2.2], "texture": "#2"}
			}
		},
		{
			"from": [10.9, 27, 3.4],
			"to": [13.7, 28.5, 5.6],
			"rotation": {"angle": 0, "axis": "z", "origin": [19, 16, 11]},
			"faces": {
				"north": {"uv": [0, 0, 2.8, 1.5], "texture": "#2"},
				"east": {"uv": [0, 0, 2.2, 1.5], "texture": "#2"},
				"south": {"uv": [0, 0, 2.8, 1.5], "texture": "#2"},
				"west": {"uv": [0, 0, 2.2, 1.5], "texture": "#2"},
				"up": {"uv": [0, 0, 2.8, 2.2], "texture": "#2"},
				"down": {"uv": [0, 0, 2.8, 2.2], "texture": "#2"}
			}
		},
		{
			"from": [12.9, 18.7, 3.4],
			"to": [15.7, 20.2, 5.6],
			"rotation": {"angle": 0, "axis": "z", "origin": [21, 7, 11]},
			"faces": {
				"north": {"uv": [0, 0, 2.8, 1.5], "texture": "#2"},
				"east": {"uv": [0, 0, 2.2, 1.5], "texture": "#2"},
				"south": {"uv": [0, 0, 2.8, 1.5], "texture": "#2"},
				"west": {"uv": [0, 0, 2.2, 1.5], "texture": "#2"},
				"up": {"uv": [0, 0, 2.8, 2.2], "texture": "#2"},
				"down": {"uv": [0, 0, 2.8, 2.2], "texture": "#2"}
			}
		},
		{
			"from": [12.9, 26.7, 3.4],
			"to": [15.7, 28.2, 5.6],
			"rotation": {"angle": 0, "axis": "z", "origin": [21, 15, 11]},
			"faces": {
				"north": {"uv": [0, 0, 2.8, 1.5], "texture": "#2"},
				"east": {"uv": [0, 0, 2.2, 1.5], "texture": "#2"},
				"south": {"uv": [0, 0, 2.8, 1.5], "texture": "#2"},
				"west": {"uv": [0, 0, 2.2, 1.5], "texture": "#2"},
				"up": {"uv": [0, 0, 2.8, 2.2], "texture": "#2"},
				"down": {"uv": [0, 0, 2.8, 2.2], "texture": "#2"}
			}
		},
		{
			"from": [8.1, 24, 3.4],
			"to": [10.9, 26, 5.6],
			"rotation": {"angle": 0, "axis": "z", "origin": [16, 13, 11]},
			"faces": {
				"north": {"uv": [0, 0, 2.8, 2], "texture": "#2"},
				"east": {"uv": [0, 0, 2.2, 2], "texture": "#2"},
				"south": {"uv": [0, 0, 2.8, 2], "texture": "#2"},
				"west": {"uv": [0, 0, 2.2, 2], "texture": "#2"},
				"up": {"uv": [0, 0, 2.8, 2.2], "texture": "#2"},
				"down": {"uv": [0, 0, 2.8, 2.2], "texture": "#2"}
			}
		},
		{
			"from": [3.1, 23, 3.4],
			"to": [5.9, 25, 5.6],
			"rotation": {"angle": -22.5, "axis": "z", "origin": [11, 12, 11]},
			"faces": {
				"north": {"uv": [0, 0, 2.8, 2], "texture": "#2"},
				"east": {"uv": [0, 0, 2.2, 2], "texture": "#2"},
				"south": {"uv": [0, 0, 2.8, 2], "texture": "#2"},
				"west": {"uv": [0, 0, 2.2, 2], "texture": "#2"},
				"up": {"uv": [0, 0, 2.8, 2.2], "texture": "#2"},
				"down": {"uv": [0, 0, 2.8, 2.2], "texture": "#2"}
			}
		},
		{
			"from": [3.1, 20, 3.4],
			"to": [5.9, 22, 5.6],
			"rotation": {"angle": -22.5, "axis": "z", "origin": [11, 9, 11]},
			"faces": {
				"north": {"uv": [0, 0, 2.8, 2], "texture": "#2"},
				"east": {"uv": [0, 0, 2.2, 2], "texture": "#2"},
				"south": {"uv": [0, 0, 2.8, 2], "texture": "#2"},
				"west": {"uv": [0, 0, 2.2, 2], "texture": "#2"},
				"up": {"uv": [0, 0, 2.8, 2.2], "texture": "#2"},
				"down": {"uv": [0, 0, 2.8, 2.2], "texture": "#2"}
			}
		},
		{
			"from": [12.1, 24, 3.4],
			"to": [14.9, 26, 5.6],
			"rotation": {"angle": 22.5, "axis": "z", "origin": [20, 13, 11]},
			"faces": {
				"north": {"uv": [0, 0, 2.8, 2], "texture": "#2"},
				"east": {"uv": [0, 0, 2.2, 2], "texture": "#2"},
				"south": {"uv": [0, 0, 2.8, 2], "texture": "#2"},
				"west": {"uv": [0, 0, 2.2, 2], "texture": "#2"},
				"up": {"uv": [0, 0, 2.8, 2.2], "texture": "#2"},
				"down": {"uv": [0, 0, 2.8, 2.2], "texture": "#2"}
			}
		},
		{
			"from": [12.1, 27, 3.4],
			"to": [14.9, 29, 5.6],
			"rotation": {"angle": 22.5, "axis": "z", "origin": [20, 16, 11]},
			"faces": {
				"north": {"uv": [0, 0, 2.8, 2], "texture": "#2"},
				"east": {"uv": [0, 0, 2.2, 2], "texture": "#2"},
				"south": {"uv": [0, 0, 2.8, 2], "texture": "#2"},
				"west": {"uv": [0, 0, 2.2, 2], "texture": "#2"},
				"up": {"uv": [0, 0, 2.8, 2.2], "texture": "#2"},
				"down": {"uv": [0, 0, 2.8, 2.2], "texture": "#2"}
			}
		},
		{
			"from": [8.1, 21, 3.4],
			"to": [10.9, 23, 5.6],
			"rotation": {"angle": 0, "axis": "z", "origin": [16, 10, 11]},
			"faces": {
				"north": {"uv": [0, 0, 2.8, 2], "texture": "#2"},
				"east": {"uv": [0, 0, 2.2, 2], "texture": "#2"},
				"south": {"uv": [0, 0, 2.8, 2], "texture": "#2"},
				"west": {"uv": [0, 0, 2.2, 2], "texture": "#2"},
				"up": {"uv": [0, 0, 2.8, 2.2], "texture": "#2"},
				"down": {"uv": [0, 0, 2.8, 2.2], "texture": "#2"}
			}
		},
		{
			"from": [12.1, 24, 3.4],
			"to": [13.1, 26, 5.6],
			"rotation": {"angle": 0, "axis": "z", "origin": [19, 13, 11]},
			"faces": {
				"north": {"uv": [0, 0, 1, 2], "texture": "#2"},
				"east": {"uv": [0, 0, 2.2, 2], "texture": "#2"},
				"south": {"uv": [0, 0, 1, 2], "texture": "#2"},
				"west": {"uv": [0, 0, 2.2, 2], "texture": "#2"},
				"up": {"uv": [0, 0, 1, 2.2], "texture": "#2"},
				"down": {"uv": [0, 0, 1, 2.2], "texture": "#2"}
			}
		},
		{
			"from": [0.5, 23.4, 3.4],
			"to": [1.5, 24.4, 5.6],
			"rotation": {"angle": -45, "axis": "z", "origin": [7, 12, 11]},
			"faces": {
				"north": {"uv": [0, 0, 1, 1], "texture": "#2"},
				"east": {"uv": [0, 0, 2.2, 1], "texture": "#2"},
				"south": {"uv": [0, 0, 1, 1], "texture": "#2"},
				"west": {"uv": [0, 0, 2.2, 1], "texture": "#2"},
				"up": {"uv": [0, 0, 1, 2.2], "texture": "#2"},
				"down": {"uv": [0, 0, 1, 2.2], "texture": "#2"}
			}
		},
		{
			"from": [0.5, 20.4, 3.4],
			"to": [1.5, 21.4, 5.6],
			"rotation": {"angle": -45, "axis": "z", "origin": [7, 9, 11]},
			"faces": {
				"north": {"uv": [0, 0, 1, 1], "texture": "#2"},
				"east": {"uv": [0, 0, 2.2, 1], "texture": "#2"},
				"south": {"uv": [0, 0, 1, 1], "texture": "#2"},
				"west": {"uv": [0, 0, 2.2, 1], "texture": "#2"},
				"up": {"uv": [0, 0, 1, 2.2], "texture": "#2"},
				"down": {"uv": [0, 0, 1, 2.2], "texture": "#2"}
			}
		},
		{
			"from": [0.5, 20.8, 3.4],
			"to": [1.5, 21.8, 5.6],
			"rotation": {"angle": -45, "axis": "z", "origin": [7, 9, 11]},
			"faces": {
				"north": {"uv": [0, 0, 1, 1], "texture": "#2"},
				"east": {"uv": [0, 0, 2.2, 1], "texture": "#2"},
				"south": {"uv": [0, 0, 1, 1], "texture": "#2"},
				"west": {"uv": [0, 0, 2.2, 1], "texture": "#2"},
				"up": {"uv": [0, 0, 1, 2.2], "texture": "#2"},
				"down": {"uv": [0, 0, 1, 2.2], "texture": "#2"}
			}
		},
		{
			"from": [0.5, 23.8, 3.4],
			"to": [1.5, 24.8, 5.6],
			"rotation": {"angle": -45, "axis": "z", "origin": [7, 12, 11]},
			"faces": {
				"north": {"uv": [0, 0, 1, 1], "texture": "#2"},
				"east": {"uv": [0, 0, 2.2, 1], "texture": "#2"},
				"south": {"uv": [0, 0, 1, 1], "texture": "#2"},
				"west": {"uv": [0, 0, 2.2, 1], "texture": "#2"},
				"up": {"uv": [0, 0, 1, 2.2], "texture": "#2"},
				"down": {"uv": [0, 0, 1, 2.2], "texture": "#2"}
			}
		},
		{
			"from": [0.2, 23.8, 3.4],
			"to": [1.2, 24.8, 5.6],
			"rotation": {"angle": -45, "axis": "z", "origin": [7, 12, 11]},
			"faces": {
				"north": {"uv": [0, 0, 1, 1], "texture": "#2"},
				"east": {"uv": [0, 0, 2.2, 1], "texture": "#2"},
				"south": {"uv": [0, 0, 1, 1], "texture": "#2"},
				"west": {"uv": [0, 0, 2.2, 1], "texture": "#2"},
				"up": {"uv": [0, 0, 1, 2.2], "texture": "#2"},
				"down": {"uv": [0, 0, 1, 2.2], "texture": "#2"}
			}
		},
		{
			"from": [0.2, 20.8, 3.4],
			"to": [1.2, 21.8, 5.6],
			"rotation": {"angle": -45, "axis": "z", "origin": [7, 9, 11]},
			"faces": {
				"north": {"uv": [0, 0, 1, 1], "texture": "#2"},
				"east": {"uv": [0, 0, 2.2, 1], "texture": "#2"},
				"south": {"uv": [0, 0, 1, 1], "texture": "#2"},
				"west": {"uv": [0, 0, 2.2, 1], "texture": "#2"},
				"up": {"uv": [0, 0, 1, 2.2], "texture": "#2"},
				"down": {"uv": [0, 0, 1, 2.2], "texture": "#2"}
			}
		},
		{
			"from": [12.1, 21, 3.4],
			"to": [13.1, 23, 5.6],
			"rotation": {"angle": 0, "axis": "z", "origin": [19, 10, 11]},
			"faces": {
				"north": {"uv": [0, 0, 1, 2], "texture": "#2"},
				"east": {"uv": [0, 0, 2.2, 2], "texture": "#2"},
				"south": {"uv": [0, 0, 1, 2], "texture": "#2"},
				"west": {"uv": [0, 0, 2.2, 2], "texture": "#2"},
				"up": {"uv": [0, 0, 1, 2.2], "texture": "#2"},
				"down": {"uv": [0, 0, 1, 2.2], "texture": "#2"}
			}
		},
		{
			"from": [13.1, 24.2, 3.4],
			"to": [13.5, 25.7, 5.6],
			"rotation": {"angle": 0, "axis": "z", "origin": [21, 13, 11]},
			"faces": {
				"north": {"uv": [0, 0, 0.4, 1.5], "texture": "#2"},
				"east": {"uv": [0, 0, 2.2, 1.5], "texture": "#2"},
				"south": {"uv": [0, 0, 0.4, 1.5], "texture": "#2"},
				"west": {"uv": [0, 0, 2.2, 1.5], "texture": "#2"},
				"up": {"uv": [0, 0, 0.4, 2.2], "texture": "#2"},
				"down": {"uv": [0, 0, 0.4, 2.2], "texture": "#2"}
			}
		},
		{
			"from": [13.1, 21.2, 3.4],
			"to": [13.5, 22.7, 5.6],
			"rotation": {"angle": 0, "axis": "z", "origin": [21, 10, 11]},
			"faces": {
				"north": {"uv": [0, 0, 0.4, 1.5], "texture": "#2"},
				"east": {"uv": [0, 0, 2.2, 1.5], "texture": "#2"},
				"south": {"uv": [0, 0, 0.4, 1.5], "texture": "#2"},
				"west": {"uv": [0, 0, 2.2, 1.5], "texture": "#2"},
				"up": {"uv": [0, 0, 0.4, 2.2], "texture": "#2"},
				"down": {"uv": [0, 0, 0.4, 2.2], "texture": "#2"}
			}
		},
		{
			"from": [11.7, 24.2, 3.4],
			"to": [12.1, 25.7, 5.6],
			"rotation": {"angle": 0, "axis": "z", "origin": [20, 13, 11]},
			"faces": {
				"north": {"uv": [0, 0, 0.4, 1.5], "texture": "#2"},
				"east": {"uv": [0, 0, 2.2, 1.5], "texture": "#2"},
				"south": {"uv": [0, 0, 0.4, 1.5], "texture": "#2"},
				"west": {"uv": [0, 0, 2.2, 1.5], "texture": "#2"},
				"up": {"uv": [0, 0, 0.4, 2.2], "texture": "#2"},
				"down": {"uv": [0, 0, 0.4, 2.2], "texture": "#2"}
			}
		},
		{
			"from": [11.7, 21.2, 3.4],
			"to": [12.1, 22.7, 5.6],
			"rotation": {"angle": 0, "axis": "z", "origin": [20, 10, 11]},
			"faces": {
				"north": {"uv": [0, 0, 0.4, 1.5], "texture": "#2"},
				"east": {"uv": [0, 0, 2.2, 1.5], "texture": "#2"},
				"south": {"uv": [0, 0, 0.4, 1.5], "texture": "#2"},
				"west": {"uv": [0, 0, 2.2, 1.5], "texture": "#2"},
				"up": {"uv": [0, 0, 0.4, 2.2], "texture": "#2"},
				"down": {"uv": [0, 0, 0.4, 2.2], "texture": "#2"}
			}
		},
		{
			"from": [6, -8, 3],
			"to": [9, -5, 6],
			"rotation": {"angle": 0, "axis": "y", "origin": [14, 0, 11]},
			"faces": {
				"north": {"uv": [0, 0, 3, 3], "texture": "#1"},
				"east": {"uv": [0, 0, 3, 3], "texture": "#1"},
				"south": {"uv": [0, 0, 3, 3], "texture": "#1"},
				"west": {"uv": [0, 0, 3, 3], "texture": "#1"},
				"up": {"uv": [0, 0, 3, 3], "texture": "#1"},
				"down": {"uv": [0, 0, 3, 3], "texture": "#1"}
			}
		},
		{
			"from": [7, -8.8, 4],
			"to": [8, -7.8, 5],
			"rotation": {"angle": 0, "axis": "y", "origin": [13, -3, 11]},
			"faces": {
				"north": {"uv": [0, 0, 1, 1], "texture": "#1"},
				"east": {"uv": [0, 0, 1, 1], "texture": "#1"},
				"south": {"uv": [0, 0, 1, 1], "texture": "#1"},
				"west": {"uv": [0, 0, 1, 1], "texture": "#1"},
				"up": {"uv": [0, 0, 1, 1], "texture": "#1"},
				"down": {"uv": [0, 0, 1, 1], "texture": "#1"}
			}
		},
		{
			"from": [6.5, -9.8, 4],
			"to": [7.5, -8.8, 5],
			"rotation": {"angle": 0, "axis": "y", "origin": [13, -4, 11]},
			"faces": {
				"north": {"uv": [0, 0, 1, 1], "texture": "#2"},
				"east": {"uv": [0, 0, 1, 1], "texture": "#2"},
				"south": {"uv": [0, 0, 1, 1], "texture": "#2"},
				"west": {"uv": [0, 0, 1, 1], "texture": "#2"},
				"up": {"uv": [0, 0, 1, 1], "texture": "#2"},
				"down": {"uv": [0, 0, 1, 1], "texture": "#2"}
			}
		},
		{
			"from": [5.5, -10, 4],
			"to": [6.5, -9, 5],
			"rotation": {"angle": 0, "axis": "y", "origin": [12, -5, 11]},
			"faces": {
				"north": {"uv": [0, 0, 1, 1], "texture": "#2"},
				"east": {"uv": [0, 0, 1, 1], "texture": "#2"},
				"south": {"uv": [0, 0, 1, 1], "texture": "#2"},
				"west": {"uv": [0, 0, 1, 1], "texture": "#2"},
				"up": {"uv": [0, 0, 1, 1], "texture": "#2"},
				"down": {"uv": [0, 0, 1, 1], "texture": "#2"}
			}
		},
		{
			"from": [4.5, -10.2, 3.8],
			"to": [5.5, -9.2, 4.8],
			"rotation": {"angle": 0, "axis": "y", "origin": [11, -5, 10]},
			"faces": {
				"north": {"uv": [0, 0, 1, 1], "texture": "#2"},
				"east": {"uv": [0, 0, 1, 1], "texture": "#2"},
				"south": {"uv": [0, 0, 1, 1], "texture": "#2"},
				"west": {"uv": [0, 0, 1, 1], "texture": "#2"},
				"up": {"uv": [0, 0, 1, 1], "texture": "#2"},
				"down": {"uv": [0, 0, 1, 1], "texture": "#2"}
			}
		},
		{
			"from": [2.5, -10.5, 3.4],
			"to": [4.5, -9.5, 4.4],
			"rotation": {"angle": 0, "axis": "y", "origin": [10, -5, 11]},
			"faces": {
				"north": {"uv": [0, 0, 2, 1], "texture": "#2"},
				"east": {"uv": [0, 0, 1, 1], "texture": "#2"},
				"south": {"uv": [0, 0, 2, 1], "texture": "#2"},
				"west": {"uv": [0, 0, 1, 1], "texture": "#2"},
				"up": {"uv": [0, 0, 2, 1], "texture": "#2"},
				"down": {"uv": [0, 0, 2, 1], "texture": "#2"}
			}
		},
		{
			"from": [1.5, -10.5, 3],
			"to": [2.5, -9.5, 4],
			"rotation": {"angle": 0, "axis": "y", "origin": [9, -5, 11]},
			"faces": {
				"north": {"uv": [0, 0, 1, 1], "texture": "#2"},
				"east": {"uv": [0, 0, 1, 1], "texture": "#2"},
				"south": {"uv": [0, 0, 1, 1], "texture": "#2"},
				"west": {"uv": [0, 0, 1, 1], "texture": "#2"},
				"up": {"uv": [0, 0, 1, 1], "texture": "#2"},
				"down": {"uv": [0, 0, 1, 1], "texture": "#2"}
			}
		},
		{
			"from": [0.8, -10.5, 2],
			"to": [1.8, -9.5, 3],
			"rotation": {"angle": 0, "axis": "y", "origin": [8, -5, 10]},
			"faces": {
				"north": {"uv": [0, 0, 1, 1], "texture": "#2"},
				"east": {"uv": [0, 0, 1, 1], "texture": "#2"},
				"south": {"uv": [0, 0, 1, 1], "texture": "#2"},
				"west": {"uv": [0, 0, 1, 1], "texture": "#2"},
				"up": {"uv": [0, 0, 1, 1], "texture": "#2"},
				"down": {"uv": [0, 0, 1, 1], "texture": "#2"}
			}
		},
		{
			"from": [-3.2, -10.5, -2],
			"to": [0.8, -9.5, 2],
			"rotation": {"angle": 0, "axis": "y", "origin": [7, -5, 9]},
			"faces": {
				"north": {"uv": [0, 0, 4, 1], "texture": "#2"},
				"east": {"uv": [0, 0, 4, 1], "texture": "#2"},
				"south": {"uv": [0, 0, 4, 1], "texture": "#2"},
				"west": {"uv": [0, 0, 4, 1], "texture": "#2"},
				"up": {"uv": [0, 0, 4, 4], "texture": "#2"},
				"down": {"uv": [0, 0, 4, 4], "texture": "#2"}
			}
		},
		{
			"from": [-2.8, -10.5, -2.3],
			"to": [0.2, -9.5, -2],
			"rotation": {"angle": 0, "axis": "y", "origin": [7, -5, 6]},
			"faces": {
				"north": {"uv": [0, 0, 3, 1], "texture": "#2"},
				"east": {"uv": [0, 0, 0.3, 1], "texture": "#2"},
				"south": {"uv": [0, 0, 3, 1], "texture": "#2"},
				"west": {"uv": [0, 0, 0.3, 1], "texture": "#2"},
				"up": {"uv": [0, 0, 3, 0.3], "texture": "#2"},
				"down": {"uv": [0, 0, 3, 0.3], "texture": "#2"}
			}
		},
		{
			"from": [-3.5, -10.5, -1.5],
			"to": [-3.2, -9.5, 1.5],
			"rotation": {"angle": 0, "axis": "y", "origin": [3, -5, 9]},
			"faces": {
				"north": {"uv": [0, 0, 0.3, 1], "texture": "#2"},
				"east": {"uv": [0, 0, 3, 1], "texture": "#2"},
				"south": {"uv": [0, 0, 0.3, 1], "texture": "#2"},
				"west": {"uv": [0, 0, 3, 1], "texture": "#2"},
				"up": {"uv": [0, 0, 0.3, 3], "texture": "#2"},
				"down": {"uv": [0, 0, 0.3, 3], "texture": "#2"}
			}
		},
		{
			"from": [-2.2, -10.5, 2],
			"to": [-0.2, -9.5, 4],
			"rotation": {"angle": 0, "axis": "y", "origin": [6, -5, 12]},
			"faces": {
				"north": {"uv": [0, 0, 2, 1], "texture": "#2"},
				"east": {"uv": [0, 0, 2, 1], "texture": "#2"},
				"south": {"uv": [0, 0, 2, 1], "texture": "#2"},
				"west": {"uv": [0, 0, 2, 1], "texture": "#2"},
				"up": {"uv": [0, 0, 2, 2], "texture": "#2"},
				"down": {"uv": [0, 0, 2, 2], "texture": "#2"}
			}
		},
		{
			"from": [0.8, -10.5, -1],
			"to": [2.8, -9.5, 1],
			"rotation": {"angle": 0, "axis": "y", "origin": [9, -5, 9]},
			"faces": {
				"north": {"uv": [0, 0, 2, 1], "texture": "#2"},
				"east": {"uv": [0, 0, 2, 1], "texture": "#2"},
				"south": {"uv": [0, 0, 2, 1], "texture": "#2"},
				"west": {"uv": [0, 0, 2, 1], "texture": "#2"},
				"up": {"uv": [0, 0, 2, 2], "texture": "#2"},
				"down": {"uv": [0, 0, 2, 2], "texture": "#2"}
			}
		},
		{
			"from": [6, 2, 3],
			"to": [9, 5, 6],
			"rotation": {"angle": 0, "axis": "y", "origin": [14, 10, 11]},
			"faces": {
				"north": {"uv": [0, 0, 3, 3], "texture": "#1"},
				"east": {"uv": [0, 0, 3, 3], "texture": "#1"},
				"south": {"uv": [0, 0, 3, 3], "texture": "#1"},
				"west": {"uv": [0, 0, 3, 3], "texture": "#1"},
				"up": {"uv": [0, 0, 3, 3], "texture": "#1"},
				"down": {"uv": [0, 0, 3, 3], "texture": "#1"}
			}
		},
		{
			"from": [9, 2.2, 3],
			"to": [11, 4.6, 6],
			"rotation": {"angle": 0, "axis": "y", "origin": [16, 10, 11]},
			"faces": {
				"north": {"uv": [0, 0, 2, 2.4], "texture": "#1"},
				"east": {"uv": [0, 0, 3, 2.4], "texture": "#1"},
				"south": {"uv": [0, 0, 2, 2.4], "texture": "#1"},
				"west": {"uv": [0, 0, 3, 2.4], "texture": "#1"},
				"up": {"uv": [0, 0, 2, 3], "texture": "#1"},
				"down": {"uv": [0, 0, 2, 3], "texture": "#1"}
			}
		},
		{
			"from": [4, 2.2, 3],
			"to": [6, 4.6, 6],
			"rotation": {"angle": 0, "axis": "y", "origin": [11, 10, 11]},
			"faces": {
				"north": {"uv": [0, 0, 2, 2.4], "texture": "#1"},
				"east": {"uv": [0, 0, 3, 2.4], "texture": "#1"},
				"south": {"uv": [0, 0, 2, 2.4], "texture": "#1"},
				"west": {"uv": [0, 0, 3, 2.4], "texture": "#1"},
				"up": {"uv": [0, 0, 2, 3], "texture": "#1"},
				"down": {"uv": [0, 0, 2, 3], "texture": "#1"}
			}
		},
		{
			"from": [3, 2, 3],
			"to": [4, 4, 6],
			"rotation": {"angle": 0, "axis": "y", "origin": [9, 10, 11]},
			"faces": {
				"north": {"uv": [0, 0, 1, 2], "texture": "#1"},
				"east": {"uv": [0, 0, 3, 2], "texture": "#1"},
				"south": {"uv": [0, 0, 1, 2], "texture": "#1"},
				"west": {"uv": [0, 0, 3, 2], "texture": "#1"},
				"up": {"uv": [0, 0, 1, 3], "texture": "#1"},
				"down": {"uv": [0, 0, 1, 3], "texture": "#1"}
			}
		},
		{
			"from": [11, 2, 3],
			"to": [12, 4, 6],
			"rotation": {"angle": 0, "axis": "y", "origin": [17, 10, 11]},
			"faces": {
				"north": {"uv": [0, 0, 1, 2], "texture": "#1"},
				"east": {"uv": [0, 0, 3, 2], "texture": "#1"},
				"south": {"uv": [0, 0, 1, 2], "texture": "#1"},
				"west": {"uv": [0, 0, 3, 2], "texture": "#1"},
				"up": {"uv": [0, 0, 1, 3], "texture": "#1"},
				"down": {"uv": [0, 0, 1, 3], "texture": "#1"}
			}
		},
		{
			"from": [4, -6.7, 3],
			"to": [5, -3.7, 5.5],
			"rotation": {"angle": 0, "axis": "y", "origin": [10, 2, 11]},
			"faces": {
				"north": {"uv": [0, 0, 1, 3], "texture": "#1"},
				"east": {"uv": [0, 0, 2.5, 3], "texture": "#1"},
				"south": {"uv": [0, 0, 1, 3], "texture": "#1"},
				"west": {"uv": [0, 0, 2.5, 3], "texture": "#1"},
				"up": {"uv": [0, 0, 1, 2.5], "texture": "#1"},
				"down": {"uv": [0, 0, 1, 2.5], "texture": "#1"}
			}
		},
		{
			"from": [2, -6.7, 3],
			"to": [3, -3.7, 5.5],
			"rotation": {"angle": 0, "axis": "y", "origin": [8, 2, 11]},
			"faces": {
				"north": {"uv": [0, 0, 1, 3], "texture": "#1"},
				"east": {"uv": [0, 0, 2.5, 3], "texture": "#1"},
				"south": {"uv": [0, 0, 1, 3], "texture": "#1"},
				"west": {"uv": [0, 0, 2.5, 3], "texture": "#1"},
				"up": {"uv": [0, 0, 1, 2.5], "texture": "#1"},
				"down": {"uv": [0, 0, 1, 2.5], "texture": "#1"}
			}
		},
		{
			"from": [3, -6.7, 3],
			"to": [4, -5.7, 5.5],
			"rotation": {"angle": 0, "axis": "y", "origin": [9, 2, 11]},
			"faces": {
				"north": {"uv": [0, 0, 1, 1], "texture": "#1"},
				"east": {"uv": [0, 0, 2.5, 1], "texture": "#1"},
				"south": {"uv": [0, 0, 1, 1], "texture": "#1"},
				"west": {"uv": [0, 0, 2.5, 1], "texture": "#1"},
				"up": {"uv": [0, 0, 1, 2.5], "texture": "#1"},
				"down": {"uv": [0, 0, 1, 2.5], "texture": "#1"}
			}
		},
		{
			"from": [3, -5.7, 3.75],
			"to": [4, -4.7, 5.25],
			"rotation": {"angle": 0, "axis": "y", "origin": [9, 3, 11]},
			"faces": {
				"north": {"uv": [0, 0, 1, 1], "texture": "#1"},
				"east": {"uv": [0, 0, 1.5, 1], "texture": "#1"},
				"south": {"uv": [0, 0, 1, 1], "texture": "#1"},
				"west": {"uv": [0, 0, 1.5, 1], "texture": "#1"},
				"up": {"uv": [0, 0, 1, 1.5], "texture": "#1"},
				"down": {"uv": [0, 0, 1, 1.5], "texture": "#1"}
			}
		},
		{
			"from": [3, -4.7, 3],
			"to": [4, -3.7, 5.5],
			"rotation": {"angle": 0, "axis": "y", "origin": [9, 4, 11]},
			"faces": {
				"north": {"uv": [0, 0, 1, 1], "texture": "#1"},
				"east": {"uv": [0, 0, 2.5, 1], "texture": "#1"},
				"south": {"uv": [0, 0, 1, 1], "texture": "#1"},
				"west": {"uv": [0, 0, 2.5, 1], "texture": "#1"},
				"up": {"uv": [0, 0, 1, 2.5], "texture": "#1"},
				"down": {"uv": [0, 0, 1, 2.5], "texture": "#1"}
			}
		},
		{
			"from": [10.5, -6.7, 3],
			"to": [11.5, -3.7, 5.5],
			"rotation": {"angle": 0, "axis": "y", "origin": [19, 2, 11]},
			"faces": {
				"north": {"uv": [0, 0, 1, 3], "texture": "#1"},
				"east": {"uv": [0, 0, 2.5, 3], "texture": "#1"},
				"south": {"uv": [0, 0, 1, 3], "texture": "#1"},
				"west": {"uv": [0, 0, 2.5, 3], "texture": "#1"},
				"up": {"uv": [0, 0, 1, 2.5], "texture": "#1"},
				"down": {"uv": [0, 0, 1, 2.5], "texture": "#1"}
			}
		},
		{
			"from": [12.5, -6.7, 3],
			"to": [13.5, -3.7, 5.5],
			"rotation": {"angle": 0, "axis": "y", "origin": [21, 2, 11]},
			"faces": {
				"north": {"uv": [0, 0, 1, 3], "texture": "#1"},
				"east": {"uv": [0, 0, 2.5, 3], "texture": "#1"},
				"south": {"uv": [0, 0, 1, 3], "texture": "#1"},
				"west": {"uv": [0, 0, 2.5, 3], "texture": "#1"},
				"up": {"uv": [0, 0, 1, 2.5], "texture": "#1"},
				"down": {"uv": [0, 0, 1, 2.5], "texture": "#1"}
			}
		},
		{
			"from": [11.5, -6.7, 3],
			"to": [12.5, -5.7, 5.5],
			"rotation": {"angle": 0, "axis": "y", "origin": [20, 2, 11]},
			"faces": {
				"north": {"uv": [0, 0, 1, 1], "texture": "#1"},
				"east": {"uv": [0, 0, 2.5, 1], "texture": "#1"},
				"south": {"uv": [0, 0, 1, 1], "texture": "#1"},
				"west": {"uv": [0, 0, 2.5, 1], "texture": "#1"},
				"up": {"uv": [0, 0, 1, 2.5], "texture": "#1"},
				"down": {"uv": [0, 0, 1, 2.5], "texture": "#1"}
			}
		},
		{
			"from": [11.5, -5.7, 3.75],
			"to": [12.5, -4.7, 5.25],
			"rotation": {"angle": 0, "axis": "y", "origin": [20, 3, 11]},
			"faces": {
				"north": {"uv": [0, 0, 1, 1], "texture": "#1"},
				"east": {"uv": [0, 0, 1.5, 1], "texture": "#1"},
				"south": {"uv": [0, 0, 1, 1], "texture": "#1"},
				"west": {"uv": [0, 0, 1.5, 1], "texture": "#1"},
				"up": {"uv": [0, 0, 1, 1.5], "texture": "#1"},
				"down": {"uv": [0, 0, 1, 1.5], "texture": "#1"}
			}
		},
		{
			"from": [11.5, -4.7, 3],
			"to": [12.5, -3.7, 5.5],
			"rotation": {"angle": 0, "axis": "y", "origin": [20, 4, 11]},
			"faces": {
				"north": {"uv": [0, 0, 1, 1], "texture": "#1"},
				"east": {"uv": [0, 0, 2.5, 1], "texture": "#1"},
				"south": {"uv": [0, 0, 1, 1], "texture": "#1"},
				"west": {"uv": [0, 0, 2.5, 1], "texture": "#1"},
				"up": {"uv": [0, 0, 1, 2.5], "texture": "#1"},
				"down": {"uv": [0, 0, 1, 2.5], "texture": "#1"}
			}
		},
		{
			"from": [11.5, -3.7, 3],
			"to": [13, 3.6, 5.5],
			"rotation": {"angle": 0, "axis": "y", "origin": [19, 5, 11]},
			"faces": {
				"north": {"uv": [0, 0, 1.5, 7.3], "texture": "#1"},
				"east": {"uv": [0, 0, 2.5, 7.3], "texture": "#1"},
				"south": {"uv": [0, 0, 1.5, 7.3], "texture": "#1"},
				"west": {"uv": [0, 0, 2.5, 7.3], "texture": "#1"},
				"up": {"uv": [0, 0, 1.5, 2.5], "texture": "#1"},
				"down": {"uv": [0, 0, 1.5, 2.5], "texture": "#1"}
			}
		},
		{
			"from": [2.5, -3.7, 3],
			"to": [4, 3.6, 5.5],
			"rotation": {"angle": 0, "axis": "y", "origin": [10, 5, 11]},
			"faces": {
				"north": {"uv": [0, 0, 1.5, 7.3], "texture": "#1"},
				"east": {"uv": [0, 0, 2.5, 7.3], "texture": "#1"},
				"south": {"uv": [0, 0, 1.5, 7.3], "texture": "#1"},
				"west": {"uv": [0, 0, 2.5, 7.3], "texture": "#1"},
				"up": {"uv": [0, 0, 1.5, 2.5], "texture": "#1"},
				"down": {"uv": [0, 0, 1.5, 2.5], "texture": "#1"}
			}
		},
		{
			"from": [12, -9.2, 3],
			"to": [15, -7.2, 6],
			"rotation": {"angle": 22.5, "axis": "z", "origin": [6, -16, 11]},
			"faces": {
				"north": {"uv": [0, 0, 3, 2], "rotation": 180, "texture": "#1"},
				"east": {"uv": [0, 0, 3, 2], "rotation": 180, "texture": "#1"},
				"south": {"uv": [0, 0, 3, 2], "rotation": 180, "texture": "#1"},
				"west": {"uv": [0, 0, 3, 2], "rotation": 180, "texture": "#1"},
				"up": {"uv": [0, 0, 3, 3], "rotation": 180, "texture": "#1"},
				"down": {"uv": [0, 0, 3, 3], "rotation": 180, "texture": "#1"}
			}
		},
		{
			"from": [6, -10, 3],
			"to": [9, -8, 6],
			"rotation": {"angle": -22.5, "axis": "z", "origin": [14, -2, 11]},
			"faces": {
				"north": {"uv": [0, 0, 3, 2], "texture": "#1"},
				"east": {"uv": [0, 0, 3, 2], "texture": "#1"},
				"south": {"uv": [0, 0, 3, 2], "texture": "#1"},
				"west": {"uv": [0, 0, 3, 2], "texture": "#1"},
				"up": {"uv": [0, 0, 3, 3], "texture": "#1"},
				"down": {"uv": [0, 0, 3, 3], "texture": "#1"}
			}
		}
	],
	"display": {
		"thirdperson_righthand": {
			"rotation": [19, -33, 0],
			"translation": [-0.5, 2.25, 4],
			"scale": [0.5, 0.5, 0.5]
		},
		"thirdperson_lefthand": {
			"rotation": [14, -44, 0],
			"translation": [-0.5, 2, 3.25],
			"scale": [0.5, 0.5, 0.5]
		},
		"firstperson_righthand": {
			"rotation": [-37, 95, 0],
			"translation": [4.75, 0, 0],
			"scale": [0.7, 0.7, 0.7]
		},
		"firstperson_lefthand": {
			"rotation": [-37, -76, 0],
			"scale": [0.7, 0.7, 0.7]
		},
		"ground": {
			"rotation": [-96, 0, 0],
			"scale": [0.7, 0.7, 0.7]
		},
		"gui": {
			"rotation": [-9, 9, -24],
			"translation": [0.25, 0, 0],
			"scale": [0.4, 0.4, 0.4]
		}
	},
	"groups": [
		{
			"name": "group",
			"origin": [14, 11, 11],
			"children": [0, 1, 2, 3, 4, 5, 6, 7, 8, 9, 10, 11, 12, 13, 14, 15, 16, 17, 18, 19, 20, 21, 22, 23, 24, 25, 26]
		},
		{
			"name": "group",
			"origin": [19, 10, 11],
			"children": [27, 28, 29, 30, 31, 32, 33, 34, 35, 36, 37, 38, 39, 40, 41, 42, 43, 44, 45, 46, 47, 48, 49, 50, 51, 52, 53, 54, 55, 56, 57, 58]
		}
	]
}