{
	"credit": "Credit: Ontvlambaar, Sammie_gaga",
	"textures": {
		"blue": "block/blue_concrete",
		"dispenser": "block/dispenser_front_vertical",
		"lime": "block/lime_concrete",
		"purple": "block/purple_concrete",
		"red": "block/red_concrete",
		"silver": "block/light_gray_concrete",
		"white": "block/white_concrete"
	},
	"elements": [
		{
			"from": [8, 13, 7.5],
			"to": [8.5, 13.5, 8.5],
			"faces": {
				"north": {"uv": [0, 0, 16, 16], "texture": "#purple"},
				"east": {"uv": [0, 0, 16, 16], "texture": "#purple"},
				"south": {"uv": [0, 0, 16, 16], "texture": "#purple"},
				"west": {"uv": [0, 0, 16, 16], "texture": "#purple"},
				"up": {"uv": [0, 0, 16, 16], "texture": "#purple"},
				"down": {"uv": [0, 0, 16, 16], "texture": "#purple"}
			}
		},
		{
			"from": [9.5, 2, 27.5],
			"to": [10.5, 10.5, 29.5],
			"faces": {
				"north": {"uv": [0, 0, 16, 16], "texture": "#lime"},
				"east": {"uv": [0, 0, 16, 16], "texture": "#lime"},
				"south": {"uv": [0, 0, 16, 16], "texture": "#lime"},
				"west": {"uv": [0, 0, 16, 16], "texture": "#lime"},
				"up": {"uv": [0, 0, 16, 16], "rotation": 90, "texture": "#lime"},
				"down": {"uv": [0, 0, 16, 16], "rotation": 270, "texture": "#lime"}
			}
		},
		{
			"from": [9.5, 10.5, 25.5],
			"to": [10.5, 11, 27],
			"faces": {
				"north": {"uv": [0, 0, 16, 16], "texture": "#purple"},
				"east": {"uv": [0, 0, 16, 16], "texture": "#purple"},
				"south": {"uv": [0, 0, 16, 16], "texture": "#purple"},
				"west": {"uv": [0, 0, 16, 16], "texture": "#purple"},
				"up": {"uv": [0, 0, 16, 16], "texture": "#purple"},
				"down": {"uv": [0, 0, 16, 16], "texture": "#purple"}
			}
		},
		{
			"from": [9.5, 9, 13.5],
			"to": [10.5, 10, 27.5],
			"faces": {
				"north": {"uv": [0, 0, 16, 16], "texture": "#lime"},
				"east": {"uv": [0, 0, 16, 16], "texture": "#lime"},
				"south": {"uv": [0, 0, 16, 16], "texture": "#lime"},
				"west": {"uv": [0, 0, 16, 16], "texture": "#lime"},
				"up": {"uv": [0, 0, 16, 16], "texture": "#lime"},
				"down": {"uv": [0, 0, 16, 16], "texture": "#lime"}
			}
		},
		{
			"from": [9, 1.5, 28],
			"to": [11, 10, 29],
			"faces": {
				"north": {"uv": [0, 0, 16, 16], "texture": "#lime"},
				"east": {"uv": [0, 0, 16, 16], "texture": "#lime"},
				"south": {"uv": [0, 0, 16, 16], "texture": "#lime"},
				"west": {"uv": [0, 0, 16, 16], "texture": "#lime"},
				"up": {"uv": [0, 0, 16, 16], "texture": "#lime"},
				"down": {"uv": [0, 0, 16, 16], "texture": "#lime"}
			}
		},
		{
			"from": [9.5, 2, -13.5],
			"to": [10.5, 10.5, -11.5],
			"faces": {
				"north": {"uv": [0, 0, 16, 16], "texture": "#lime"},
				"east": {"uv": [0, 0, 16, 16], "texture": "#lime"},
				"south": {"uv": [0, 0, 16, 16], "texture": "#lime"},
				"west": {"uv": [0, 0, 16, 16], "texture": "#lime"},
				"up": {"uv": [0, 0, 16, 16], "rotation": 90, "texture": "#lime"},
				"down": {"uv": [0, 0, 16, 16], "rotation": 270, "texture": "#lime"}
			}
		},
		{
			"from": [9.5, 1, -13],
			"to": [10.5, 2, -12],
			"faces": {
				"north": {"uv": [0, 0, 16, 16], "texture": "#lime"},
				"east": {"uv": [0, 0, 16, 16], "texture": "#lime"},
				"south": {"uv": [0, 0, 16, 16], "texture": "#lime"},
				"west": {"uv": [0, 0, 16, 16], "texture": "#lime"},
				"up": {"uv": [0, 0, 16, 16], "texture": "#lime"},
				"down": {"uv": [0, 0, 16, 16], "texture": "#lime"}
			}
		},
		{
			"from": [9, 1.5, -13],
			"to": [11, 10, -12],
			"faces": {
				"north": {"uv": [0, 0, 16, 16], "texture": "#lime"},
				"east": {"uv": [0, 0, 16, 16], "texture": "#lime"},
				"south": {"uv": [0, 0, 16, 16], "texture": "#lime"},
				"west": {"uv": [0, 0, 16, 16], "texture": "#lime"},
				"up": {"uv": [0, 0, 16, 16], "texture": "#lime"},
				"down": {"uv": [0, 0, 16, 16], "texture": "#lime"}
			}
		},
		{
			"from": [7.5, 15, 10],
			"to": [9, 15.5, 11.5],
			"faces": {
				"north": {"uv": [0, 0, 16, 16], "texture": "#lime"},
				"east": {"uv": [0, 0, 16, 16], "texture": "#lime"},
				"south": {"uv": [0, 0, 16, 16], "texture": "#lime"},
				"west": {"uv": [0, 0, 16, 16], "texture": "#lime"},
				"up": {"uv": [0, 0, 16, 16], "texture": "#lime"},
				"down": {"uv": [0, 0, 16, 16], "texture": "#lime"}
			}
		},
		{
			"from": [9.5, 10.5, 28],
			"to": [10.5, 11, 29],
			"faces": {
				"north": {"uv": [0, 0, 16, 16], "texture": "#lime"},
				"east": {"uv": [0, 0, 16, 16], "texture": "#lime"},
				"south": {"uv": [0, 0, 16, 16], "texture": "#lime"},
				"west": {"uv": [0, 0, 16, 16], "texture": "#lime"},
				"up": {"uv": [0, 0, 16, 16], "texture": "#lime"},
				"down": {"uv": [0, 0, 16, 16], "texture": "#lime"}
			}
		},
		{
			"from": [9.5, 1, 28],
			"to": [10.5, 2, 29],
			"faces": {
				"north": {"uv": [0, 0, 16, 16], "texture": "#lime"},
				"east": {"uv": [0, 0, 16, 16], "texture": "#lime"},
				"south": {"uv": [0, 0, 16, 16], "texture": "#lime"},
				"west": {"uv": [0, 0, 16, 16], "texture": "#lime"},
				"up": {"uv": [0, 0, 16, 16], "texture": "#lime"},
				"down": {"uv": [0, 0, 16, 16], "texture": "#lime"}
			}
		},
		{
			"from": [9, 3.5, 2.5],
			"to": [10.5, 14, 4],
			"faces": {
				"north": {"uv": [0, 0, 16, 16], "texture": "#purple"},
				"east": {"uv": [0, 0, 16, 16], "texture": "#purple"},
				"south": {"uv": [0, 0, 16, 16], "texture": "#purple"},
				"west": {"uv": [0, 0, 16, 16], "texture": "#purple"},
				"up": {"uv": [0, 0, 16, 16], "texture": "#purple"},
				"down": {"uv": [0, 0, 16, 16], "texture": "#purple"}
			}
		},
		{
			"from": [9.5, 12, 13.5],
			"to": [10.5, 12.5, 14],
			"faces": {
				"north": {"uv": [0, 0, 16, 16], "texture": "#white"},
				"east": {"uv": [0, 0, 16, 16], "texture": "#white"},
				"south": {"uv": [0, 0, 16, 16], "texture": "#white"},
				"west": {"uv": [0, 0, 16, 16], "texture": "#white"},
				"up": {"uv": [0, 0, 16, 16], "texture": "#white"},
				"down": {"uv": [0, 0, 16, 16], "texture": "#white"}
			}
		},
		{
			"from": [8.5, 6.5, 4],
			"to": [9.5, 14, 12],
			"faces": {
				"north": {"uv": [0, 0, 16, 16], "texture": "#white"},
				"east": {"uv": [0, 0, 16, 16], "texture": "#white"},
				"south": {"uv": [0, 0, 16, 16], "texture": "#white"},
				"west": {"uv": [0, 0, 16, 16], "texture": "#white"},
				"up": {"uv": [0, 0, 16, 16], "texture": "#white"},
				"down": {"uv": [0, 0, 16, 16], "texture": "#white"}
			}
		},
		{
			"from": [8.5, 5, 4.5],
			"to": [9.5, 6.5, 11.5],
			"faces": {
				"north": {"uv": [0, 0, 16, 16], "texture": "#white"},
				"east": {"uv": [0, 0, 16, 16], "texture": "#white"},
				"south": {"uv": [0, 0, 16, 16], "texture": "#white"},
				"west": {"uv": [0, 0, 16, 16], "texture": "#white"},
				"up": {"uv": [0, 0, 16, 16], "texture": "#white"},
				"down": {"uv": [0, 0, 16, 16], "texture": "#white"}
			}
		},
		{
			"from": [8.5, 3, 5],
			"to": [9.5, 5, 11],
			"faces": {
				"north": {"uv": [0, 0, 16, 16], "texture": "#white"},
				"east": {"uv": [0, 0, 16, 16], "texture": "#white"},
				"south": {"uv": [0, 0, 16, 16], "texture": "#white"},
				"west": {"uv": [0, 0, 16, 16], "texture": "#white"},
				"up": {"uv": [0, 0, 16, 16], "texture": "#white"},
				"down": {"uv": [0, 0, 16, 16], "texture": "#white"}
			}
		},
		{
			"from": [8, 6, 8.5],
			"to": [8.5, 7.5, 9],
			"faces": {
				"north": {"uv": [0, 0, 16, 16], "texture": "#blue"},
				"east": {"uv": [0, 0, 16, 16], "texture": "#blue"},
				"south": {"uv": [0, 0, 16, 16], "texture": "#blue"},
				"west": {"uv": [0, 0, 16, 16], "texture": "#blue"},
				"up": {"uv": [0, 0, 16, 16], "texture": "#blue"},
				"down": {"uv": [0, 0, 16, 16], "texture": "#blue"}
			}
		},
		{
			"from": [8, 6, 7.5],
			"to": [8.5, 7, 8.5],
			"faces": {
				"north": {"uv": [0, 0, 16, 16], "texture": "#dispenser"},
				"east": {"uv": [0, 0, 16, 16], "texture": "#dispenser"},
				"south": {"uv": [0, 0, 16, 16], "texture": "#dispenser"},
				"west": {"uv": [0, 0, 16, 16], "texture": "#dispenser"},
				"up": {"uv": [0, 0, 16, 16], "texture": "#dispenser"},
				"down": {"uv": [0, 0, 16, 16], "texture": "#dispenser"}
			}
		},
		{
			"from": [8, 3, 7],
			"to": [8.5, 6, 9],
			"faces": {
				"north": {"uv": [0, 0, 16, 16], "texture": "#blue"},
				"east": {"uv": [0, 0, 16, 16], "texture": "#blue"},
				"south": {"uv": [0, 0, 16, 16], "texture": "#blue"},
				"west": {"uv": [0, 0, 16, 16], "texture": "#blue"},
				"up": {"uv": [0, 0, 16, 16], "texture": "#blue"},
				"down": {"uv": [0, 0, 16, 16], "texture": "#blue"}
			}
		},
		{
			"from": [8, 2.5, 7.5],
			"to": [8.5, 3, 8.5],
			"faces": {
				"north": {"uv": [0, 0, 16, 16], "texture": "#blue"},
				"east": {"uv": [0, 0, 16, 16], "texture": "#blue"},
				"south": {"uv": [0, 0, 16, 16], "texture": "#blue"},
				"west": {"uv": [0, 0, 16, 16], "texture": "#blue"},
				"up": {"uv": [0, 0, 16, 16], "texture": "#blue"},
				"down": {"uv": [0, 0, 16, 16], "texture": "#blue"}
			}
		},
		{
			"from": [8, 7, 7.5],
			"to": [8.5, 8, 8.5],
			"faces": {
				"north": {"uv": [0, 0, 16, 16], "texture": "#blue"},
				"east": {"uv": [0, 0, 16, 16], "texture": "#blue"},
				"south": {"uv": [0, 0, 16, 16], "texture": "#blue"},
				"west": {"uv": [0, 0, 16, 16], "texture": "#blue"},
				"up": {"uv": [0, 0, 16, 16], "texture": "#blue"},
				"down": {"uv": [0, 0, 16, 16], "texture": "#blue"}
			}
		},
		{
			"from": [8, 6, 7],
			"to": [8.5, 7.5, 7.5],
			"faces": {
				"north": {"uv": [0, 0, 16, 16], "texture": "#blue"},
				"east": {"uv": [0, 0, 16, 16], "texture": "#blue"},
				"south": {"uv": [0, 0, 16, 16], "texture": "#blue"},
				"west": {"uv": [0, 0, 16, 16], "texture": "#blue"},
				"up": {"uv": [0, 0, 16, 16], "texture": "#blue"},
				"down": {"uv": [0, 0, 16, 16], "texture": "#blue"}
			}
		},
		{
			"from": [9, 3.5, 12],
			"to": [10.5, 14, 13.5],
			"faces": {
				"north": {"uv": [0, 0, 16, 16], "texture": "#purple"},
				"east": {"uv": [0, 0, 16, 16], "texture": "#purple"},
				"south": {"uv": [0, 0, 16, 16], "texture": "#purple"},
				"west": {"uv": [0, 0, 16, 16], "texture": "#purple"},
				"up": {"uv": [0, 0, 16, 16], "texture": "#purple"},
				"down": {"uv": [0, 0, 16, 16], "texture": "#purple"}
			}
		},
		{
			"from": [8, 12, 7],
			"to": [8.5, 13, 9],
			"faces": {
				"north": {"uv": [0, 0, 16, 16], "texture": "#purple"},
				"east": {"uv": [0, 0, 16, 16], "texture": "#purple"},
				"south": {"uv": [0, 0, 16, 16], "texture": "#purple"},
				"west": {"uv": [0, 0, 16, 16], "texture": "#purple"},
				"up": {"uv": [0, 0, 16, 16], "texture": "#purple"},
				"down": {"uv": [0, 0, 16, 16], "texture": "#purple"}
			}
		},
		{
			"from": [8, 11.5, 7],
			"to": [8.5, 12.5, 7.5],
			"faces": {
				"north": {"uv": [0, 0, 16, 16], "texture": "#purple"},
				"east": {"uv": [0, 0, 16, 16], "texture": "#purple"},
				"south": {"uv": [0, 0, 16, 16], "texture": "#purple"},
				"west": {"uv": [0, 0, 16, 16], "texture": "#purple"},
				"up": {"uv": [0, 0, 16, 16], "texture": "#purple"},
				"down": {"uv": [0, 0, 16, 16], "texture": "#purple"}
			}
		},
		{
			"from": [8, 11.5, 8.5],
			"to": [8.5, 12.5, 9],
			"faces": {
				"north": {"uv": [0, 0, 16, 16], "texture": "#purple"},
				"east": {"uv": [0, 0, 16, 16], "texture": "#purple"},
				"south": {"uv": [0, 0, 16, 16], "texture": "#purple"},
				"west": {"uv": [0, 0, 16, 16], "texture": "#purple"},
				"up": {"uv": [0, 0, 16, 16], "texture": "#purple"},
				"down": {"uv": [0, 0, 16, 16], "texture": "#purple"}
			}
		},
		{
			"from": [9.5, 10.5, -13],
			"to": [10.5, 11, -12],
			"faces": {
				"north": {"uv": [0, 0, 16, 16], "texture": "#lime"},
				"east": {"uv": [0, 0, 16, 16], "texture": "#lime"},
				"south": {"uv": [0, 0, 16, 16], "texture": "#lime"},
				"west": {"uv": [0, 0, 16, 16], "texture": "#lime"},
				"up": {"uv": [0, 0, 16, 16], "texture": "#lime"},
				"down": {"uv": [0, 0, 16, 16], "texture": "#lime"}
			}
		},
		{
			"from": [7.5, 7.5, 8.5],
			"to": [8.5, 8.5, 9],
			"faces": {
				"north": {"uv": [0, 0, 16, 16], "texture": "#lime"},
				"east": {"uv": [0, 0, 16, 16], "texture": "#lime"},
				"south": {"uv": [0, 0, 16, 16], "texture": "#lime"},
				"west": {"uv": [0, 0, 16, 16], "texture": "#lime"},
				"up": {"uv": [0, 0, 16, 16], "texture": "#lime"},
				"down": {"uv": [0, 0, 16, 16], "texture": "#lime"}
			}
		},
		{
			"from": [7.5, 13.5, 10],
			"to": [8.5, 15, 12],
			"faces": {
				"north": {"uv": [0, 0, 16, 16], "texture": "#lime"},
				"east": {"uv": [0, 0, 16, 16], "texture": "#lime"},
				"south": {"uv": [0, 0, 16, 16], "texture": "#lime"},
				"west": {"uv": [0, 0, 16, 16], "texture": "#lime"},
				"up": {"uv": [0, 0, 16, 16], "texture": "#lime"},
				"down": {"uv": [0, 0, 16, 16], "texture": "#lime"}
			}
		},
		{
			"from": [7.5, 12, 9.5],
			"to": [8.5, 13.5, 11.5],
			"faces": {
				"north": {"uv": [0, 0, 16, 16], "texture": "#lime"},
				"east": {"uv": [0, 0, 16, 16], "texture": "#lime"},
				"south": {"uv": [0, 0, 16, 16], "texture": "#lime"},
				"west": {"uv": [0, 0, 16, 16], "texture": "#lime"},
				"up": {"uv": [0, 0, 16, 16], "texture": "#lime"},
				"down": {"uv": [0, 0, 16, 16], "texture": "#lime"}
			}
		},
		{
			"from": [7.5, 10.5, 9.5],
			"to": [8.5, 12, 11],
			"faces": {
				"north": {"uv": [0, 0, 16, 16], "texture": "#lime"},
				"east": {"uv": [0, 0, 16, 16], "texture": "#lime"},
				"south": {"uv": [0, 0, 16, 16], "texture": "#lime"},
				"west": {"uv": [0, 0, 16, 16], "texture": "#lime"},
				"up": {"uv": [0, 0, 16, 16], "texture": "#lime"},
				"down": {"uv": [0, 0, 16, 16], "texture": "#lime"}
			}
		},
		{
			"from": [7.5, 9, 9],
			"to": [8.5, 10.5, 10.5],
			"faces": {
				"north": {"uv": [0, 0, 16, 16], "texture": "#lime"},
				"east": {"uv": [0, 0, 16, 16], "texture": "#lime"},
				"south": {"uv": [0, 0, 16, 16], "texture": "#lime"},
				"west": {"uv": [0, 0, 16, 16], "texture": "#lime"},
				"up": {"uv": [0, 0, 16, 16], "texture": "#lime"},
				"down": {"uv": [0, 0, 16, 16], "texture": "#lime"}
			}
		},
		{
			"from": [7.5, 7.5, 9],
			"to": [8.5, 9, 10],
			"faces": {
				"north": {"uv": [0, 0, 16, 16], "texture": "#lime"},
				"east": {"uv": [0, 0, 16, 16], "texture": "#lime"},
				"south": {"uv": [0, 0, 16, 16], "texture": "#lime"},
				"west": {"uv": [0, 0, 16, 16], "texture": "#lime"},
				"up": {"uv": [0, 0, 16, 16], "texture": "#lime"},
				"down": {"uv": [0, 0, 16, 16], "texture": "#lime"}
			}
		},
		{
			"from": [7.5, 6, 9],
			"to": [8.5, 7.5, 9.5],
			"faces": {
				"north": {"uv": [0, 0, 16, 16], "texture": "#lime"},
				"east": {"uv": [0, 0, 16, 16], "texture": "#lime"},
				"south": {"uv": [0, 0, 16, 16], "texture": "#lime"},
				"west": {"uv": [0, 0, 16, 16], "texture": "#lime"},
				"up": {"uv": [0, 0, 16, 16], "texture": "#lime"},
				"down": {"uv": [0, 0, 16, 16], "texture": "#lime"}
			}
		},
		{
			"from": [7.5, 6, 6.5],
			"to": [8.5, 7.5, 7],
			"faces": {
				"north": {"uv": [0, 0, 16, 16], "texture": "#lime"},
				"east": {"uv": [0, 0, 16, 16], "texture": "#lime"},
				"south": {"uv": [0, 0, 16, 16], "texture": "#lime"},
				"west": {"uv": [0, 0, 16, 16], "texture": "#lime"},
				"up": {"uv": [0, 0, 16, 16], "texture": "#lime"},
				"down": {"uv": [0, 0, 16, 16], "texture": "#lime"}
			}
		},
		{
			"from": [7.5, 7.5, 7],
			"to": [8.5, 8.5, 7.5],
			"faces": {
				"north": {"uv": [0, 0, 16, 16], "texture": "#lime"},
				"east": {"uv": [0, 0, 16, 16], "texture": "#lime"},
				"south": {"uv": [0, 0, 16, 16], "texture": "#lime"},
				"west": {"uv": [0, 0, 16, 16], "texture": "#lime"},
				"up": {"uv": [0, 0, 16, 16], "texture": "#lime"},
				"down": {"uv": [0, 0, 16, 16], "texture": "#lime"}
			}
		},
		{
			"from": [7.5, 7.5, 6],
			"to": [8.5, 9, 7],
			"faces": {
				"north": {"uv": [0, 0, 16, 16], "texture": "#lime"},
				"east": {"uv": [0, 0, 16, 16], "texture": "#lime"},
				"south": {"uv": [0, 0, 16, 16], "texture": "#lime"},
				"west": {"uv": [0, 0, 16, 16], "texture": "#lime"},
				"up": {"uv": [0, 0, 16, 16], "texture": "#lime"},
				"down": {"uv": [0, 0, 16, 16], "texture": "#lime"}
			}
		},
		{
			"from": [7.5, 9, 5.5],
			"to": [8.5, 10.5, 7],
			"faces": {
				"north": {"uv": [0, 0, 16, 16], "texture": "#lime"},
				"east": {"uv": [0, 0, 16, 16], "texture": "#lime"},
				"south": {"uv": [0, 0, 16, 16], "texture": "#lime"},
				"west": {"uv": [0, 0, 16, 16], "texture": "#lime"},
				"up": {"uv": [0, 0, 16, 16], "texture": "#lime"},
				"down": {"uv": [0, 0, 16, 16], "texture": "#lime"}
			}
		},
		{
			"from": [7.5, 10.5, 5],
			"to": [8.5, 12, 6.5],
			"faces": {
				"north": {"uv": [0, 0, 16, 16], "texture": "#lime"},
				"east": {"uv": [0, 0, 16, 16], "texture": "#lime"},
				"south": {"uv": [0, 0, 16, 16], "texture": "#lime"},
				"west": {"uv": [0, 0, 16, 16], "texture": "#lime"},
				"up": {"uv": [0, 0, 16, 16], "texture": "#lime"},
				"down": {"uv": [0, 0, 16, 16], "texture": "#lime"}
			}
		},
		{
			"from": [7.5, 12, 4.5],
			"to": [8.5, 13.5, 6.5],
			"faces": {
				"north": {"uv": [0, 0, 16, 16], "texture": "#lime"},
				"east": {"uv": [0, 0, 16, 16], "texture": "#lime"},
				"south": {"uv": [0, 0, 16, 16], "texture": "#lime"},
				"west": {"uv": [0, 0, 16, 16], "texture": "#lime"},
				"up": {"uv": [0, 0, 16, 16], "texture": "#lime"},
				"down": {"uv": [0, 0, 16, 16], "texture": "#lime"}
			}
		},
		{
			"from": [7.5, 13.5, 4],
			"to": [8.5, 15, 6],
			"faces": {
				"north": {"uv": [0, 0, 16, 16], "texture": "#lime"},
				"east": {"uv": [0, 0, 16, 16], "texture": "#lime"},
				"south": {"uv": [0, 0, 16, 16], "texture": "#lime"},
				"west": {"uv": [0, 0, 16, 16], "texture": "#lime"},
				"up": {"uv": [0, 0, 16, 16], "texture": "#lime"},
				"down": {"uv": [0, 0, 16, 16], "texture": "#lime"}
			}
		},
		{
			"from": [7.5, 15, 4.5],
			"to": [8.5, 15.5, 6],
			"faces": {
				"north": {"uv": [0, 0, 16, 16], "texture": "#lime"},
				"east": {"uv": [0, 0, 16, 16], "texture": "#lime"},
				"south": {"uv": [0, 0, 16, 16], "texture": "#lime"},
				"west": {"uv": [0, 0, 16, 16], "texture": "#lime"},
				"up": {"uv": [0, 0, 16, 16], "texture": "#lime"},
				"down": {"uv": [0, 0, 16, 16], "texture": "#lime"}
			}
		},
		{
			"from": [9.5, 10, 13.5],
			"to": [10.5, 10.5, 14.5],
			"faces": {
				"north": {"uv": [0, 0, 16, 16], "texture": "#red"},
				"east": {"uv": [0, 0, 16, 16], "texture": "#red"},
				"south": {"uv": [0, 0, 16, 16], "texture": "#red"},
				"west": {"uv": [0, 0, 16, 16], "texture": "#red"},
				"up": {"uv": [0, 0, 16, 16], "texture": "#red"},
				"down": {"uv": [0, 0, 16, 16], "texture": "#red"}
			}
		},
		{
			"from": [9.5, 10.5, 2],
			"to": [10.5, 11, 2.5],
			"faces": {
				"north": {"uv": [0, 0, 16, 16], "texture": "#red"},
				"east": {"uv": [0, 0, 16, 16], "texture": "#red"},
				"south": {"uv": [0, 0, 16, 16], "texture": "#red"},
				"west": {"uv": [0, 0, 16, 16], "texture": "#red"},
				"up": {"uv": [0, 0, 16, 16], "texture": "#red"},
				"down": {"uv": [0, 0, 16, 16], "texture": "#red"}
			}
		},
		{
			"from": [9.5, 9, -11.5],
			"to": [10.5, 10, 2.5],
			"faces": {
				"north": {"uv": [0, 0, 16, 16], "texture": "#lime"},
				"east": {"uv": [0, 0, 16, 16], "texture": "#lime"},
				"south": {"uv": [0, 0, 16, 16], "texture": "#lime"},
				"west": {"uv": [0, 0, 16, 16], "texture": "#lime"},
				"up": {"uv": [0, 0, 16, 16], "texture": "#lime"},
				"down": {"uv": [0, 0, 16, 16], "texture": "#lime"}
			}
		},
		{
			"from": [8.5, 2, 7],
			"to": [9, 3, 9],
			"faces": {
				"north": {"uv": [0, 0, 16, 16], "texture": "#silver"},
				"east": {"uv": [0, 0, 16, 16], "texture": "#silver"},
				"south": {"uv": [0, 0, 16, 16], "texture": "#silver"},
				"west": {"uv": [0, 0, 16, 16], "texture": "#silver"},
				"up": {"uv": [0, 0, 16, 16], "texture": "#silver"},
				"down": {"uv": [0, 0, 16, 16], "texture": "#silver"}
			}
		},
		{
			"from": [7.5, 2, 9],
			"to": [9, 3, 10],
			"faces": {
				"north": {"uv": [0, 0, 16, 16], "texture": "#silver"},
				"east": {"uv": [0, 0, 16, 16], "texture": "#silver"},
				"south": {"uv": [0, 0, 16, 16], "texture": "#silver"},
				"west": {"uv": [0, 0, 16, 16], "texture": "#silver"},
				"up": {"uv": [0, 0, 16, 16], "texture": "#silver"},
				"down": {"uv": [0, 0, 16, 16], "texture": "#silver"}
			}
		},
		{
			"from": [7.5, 2.5, 10],
			"to": [8.5, 3.5, 11],
			"faces": {
				"north": {"uv": [0, 0, 16, 16], "texture": "#silver"},
				"east": {"uv": [0, 0, 16, 16], "texture": "#silver"},
				"south": {"uv": [0, 0, 16, 16], "texture": "#silver"},
				"west": {"uv": [0, 0, 16, 16], "texture": "#silver"},
				"up": {"uv": [0, 0, 16, 16], "texture": "#silver"},
				"down": {"uv": [0, 0, 16, 16], "texture": "#silver"}
			}
		},
		{
			"from": [9.5, 10, 1.5],
			"to": [10.5, 10.5, 2.5],
			"faces": {
				"north": {"uv": [0, 0, 16, 16], "texture": "#red"},
				"east": {"uv": [0, 0, 16, 16], "texture": "#red"},
				"south": {"uv": [0, 0, 16, 16], "texture": "#red"},
				"west": {"uv": [0, 0, 16, 16], "texture": "#red"},
				"up": {"uv": [0, 0, 16, 16], "texture": "#red"},
				"down": {"uv": [0, 0, 16, 16], "texture": "#red"}
			}
		},
		{
			"from": [8, 3, 9],
			"to": [8.5, 3.5, 10],
			"faces": {
				"north": {"uv": [0, 0, 16, 16], "texture": "#red"},
				"east": {"uv": [0, 0, 16, 16], "texture": "#red"},
				"south": {"uv": [0, 0, 16, 16], "texture": "#red"},
				"west": {"uv": [0, 0, 16, 16], "texture": "#red"},
				"up": {"uv": [0, 0, 16, 16], "texture": "#red"},
				"down": {"uv": [0, 0, 16, 16], "texture": "#red"}
			}
		},
		{
			"from": [8, 3.5, 10],
			"to": [8.5, 4, 11],
			"faces": {
				"north": {"uv": [0, 0, 16, 16], "texture": "#red"},
				"east": {"uv": [0, 0, 16, 16], "texture": "#red"},
				"south": {"uv": [0, 0, 16, 16], "texture": "#red"},
				"west": {"uv": [0, 0, 16, 16], "texture": "#red"},
				"up": {"uv": [0, 0, 16, 16], "texture": "#red"},
				"down": {"uv": [0, 0, 16, 16], "texture": "#red"}
			}
		},
		{
			"from": [7.5, 2, 6],
			"to": [9, 3, 7],
			"faces": {
				"north": {"uv": [0, 0, 16, 16], "texture": "#silver"},
				"east": {"uv": [0, 0, 16, 16], "texture": "#silver"},
				"south": {"uv": [0, 0, 16, 16], "texture": "#silver"},
				"west": {"uv": [0, 0, 16, 16], "texture": "#silver"},
				"up": {"uv": [0, 0, 16, 16], "texture": "#silver"},
				"down": {"uv": [0, 0, 16, 16], "texture": "#silver"}
			}
		},
		{
			"from": [7.5, 2.5, 5],
			"to": [8.5, 3.5, 6],
			"faces": {
				"north": {"uv": [0, 0, 16, 16], "texture": "#silver"},
				"east": {"uv": [0, 0, 16, 16], "texture": "#silver"},
				"south": {"uv": [0, 0, 16, 16], "texture": "#silver"},
				"west": {"uv": [0, 0, 16, 16], "texture": "#silver"},
				"up": {"uv": [0, 0, 16, 16], "texture": "#silver"},
				"down": {"uv": [0, 0, 16, 16], "texture": "#silver"}
			}
		},
		{
			"from": [8, 3, 6],
			"to": [8.5, 3.5, 7],
			"faces": {
				"north": {"uv": [0, 0, 16, 16], "texture": "#red"},
				"east": {"uv": [0, 0, 16, 16], "texture": "#red"},
				"south": {"uv": [0, 0, 16, 16], "texture": "#red"},
				"west": {"uv": [0, 0, 16, 16], "texture": "#red"},
				"up": {"uv": [0, 0, 16, 16], "texture": "#red"},
				"down": {"uv": [0, 0, 16, 16], "texture": "#red"}
			}
		},
		{
			"from": [8, 3.5, 5],
			"to": [8.5, 4, 6],
			"faces": {
				"north": {"uv": [0, 0, 16, 16], "texture": "#red"},
				"east": {"uv": [0, 0, 16, 16], "texture": "#red"},
				"south": {"uv": [0, 0, 16, 16], "texture": "#red"},
				"west": {"uv": [0, 0, 16, 16], "texture": "#red"},
				"up": {"uv": [0, 0, 16, 16], "texture": "#red"},
				"down": {"uv": [0, 0, 16, 16], "texture": "#red"}
			}
		},
		{
			"from": [9.5, 3.5, -11.5],
			"to": [10.5, 9, 27.5],
			"faces": {
				"north": {"uv": [0, 0, 16, 16], "texture": "#purple"},
				"east": {"uv": [0, 0, 16, 16], "texture": "#purple"},
				"south": {"uv": [0, 0, 16, 16], "texture": "#purple"},
				"west": {"uv": [0, 0, 16, 16], "texture": "#purple"},
				"up": {"uv": [0, 0, 16, 16], "texture": "#purple"},
				"down": {"uv": [0, 0, 16, 16], "texture": "#purple"}
			}
		},
		{
			"from": [9.5, 10, -11.5],
			"to": [10.5, 10.5, -11],
			"faces": {
				"north": {"uv": [0, 0, 16, 16], "texture": "#purple"},
				"east": {"uv": [0, 0, 16, 16], "texture": "#purple"},
				"south": {"uv": [0, 0, 16, 16], "texture": "#purple"},
				"west": {"uv": [0, 0, 16, 16], "texture": "#purple"},
				"up": {"uv": [0, 0, 16, 16], "texture": "#purple"},
				"down": {"uv": [0, 0, 16, 16], "texture": "#purple"}
			}
		},
		{
			"from": [9.5, 13, 14],
			"to": [10.5, 13.5, 15.5],
			"faces": {
				"north": {"uv": [0, 0, 16, 16], "texture": "#purple"},
				"east": {"uv": [0, 0, 16, 16], "texture": "#purple"},
				"south": {"uv": [0, 0, 16, 16], "texture": "#purple"},
				"west": {"uv": [0, 0, 16, 16], "texture": "#purple"},
				"up": {"uv": [0, 0, 16, 16], "texture": "#purple"},
				"down": {"uv": [0, 0, 16, 16], "texture": "#purple"}
			}
		},
		{
			"from": [9.5, 11, 23],
			"to": [10.5, 11.5, 25.5],
			"faces": {
				"north": {"uv": [0, 0, 16, 16], "texture": "#purple"},
				"east": {"uv": [0, 0, 16, 16], "texture": "#purple"},
				"south": {"uv": [0, 0, 16, 16], "texture": "#purple"},
				"west": {"uv": [0, 0, 16, 16], "texture": "#purple"},
				"up": {"uv": [0, 0, 16, 16], "texture": "#purple"},
				"down": {"uv": [0, 0, 16, 16], "texture": "#purple"}
			}
		},
		{
			"from": [9.5, 11.5, -7],
			"to": [10.5, 12, -4.5],
			"faces": {
				"north": {"uv": [0, 0, 16, 16], "texture": "#purple"},
				"east": {"uv": [0, 0, 16, 16], "texture": "#purple"},
				"south": {"uv": [0, 0, 16, 16], "texture": "#purple"},
				"west": {"uv": [0, 0, 16, 16], "texture": "#purple"},
				"up": {"uv": [0, 0, 16, 16], "texture": "#purple"},
				"down": {"uv": [0, 0, 16, 16], "texture": "#purple"}
			}
		},
		{
			"from": [9.5, 11, -9.5],
			"to": [10.5, 11.5, -7],
			"faces": {
				"north": {"uv": [0, 0, 16, 16], "texture": "#purple"},
				"east": {"uv": [0, 0, 16, 16], "texture": "#purple"},
				"south": {"uv": [0, 0, 16, 16], "texture": "#purple"},
				"west": {"uv": [0, 0, 16, 16], "texture": "#purple"},
				"up": {"uv": [0, 0, 16, 16], "texture": "#purple"},
				"down": {"uv": [0, 0, 16, 16], "texture": "#purple"}
			}
		},
		{
			"from": [9.5, 10, 27],
			"to": [10.5, 10.5, 27.5],
			"faces": {
				"north": {"uv": [0, 0, 16, 16], "texture": "#purple"},
				"east": {"uv": [0, 0, 16, 16], "texture": "#purple"},
				"south": {"uv": [0, 0, 16, 16], "texture": "#purple"},
				"west": {"uv": [0, 0, 16, 16], "texture": "#purple"},
				"up": {"uv": [0, 0, 16, 16], "texture": "#purple"},
				"down": {"uv": [0, 0, 16, 16], "texture": "#purple"}
			}
		},
		{
			"from": [9.5, 12, -4.5],
			"to": [10.5, 12.5, -2],
			"faces": {
				"north": {"uv": [0, 0, 16, 16], "texture": "#purple"},
				"east": {"uv": [0, 0, 16, 16], "texture": "#purple"},
				"south": {"uv": [0, 0, 16, 16], "texture": "#purple"},
				"west": {"uv": [0, 0, 16, 16], "texture": "#purple"},
				"up": {"uv": [0, 0, 16, 16], "texture": "#purple"},
				"down": {"uv": [0, 0, 16, 16], "texture": "#purple"}
			}
		},
		{
			"from": [9.5, 13.5, 2],
			"to": [10.5, 14, 2.5],
			"faces": {
				"north": {"uv": [0, 0, 16, 16], "texture": "#purple"},
				"east": {"uv": [0, 0, 16, 16], "texture": "#purple"},
				"south": {"uv": [0, 0, 16, 16], "texture": "#purple"},
				"west": {"uv": [0, 0, 16, 16], "texture": "#purple"},
				"up": {"uv": [0, 0, 16, 16], "texture": "#purple"},
				"down": {"uv": [0, 0, 16, 16], "texture": "#purple"}
			}
		},
		{
			"from": [9.5, 13, 0.5],
			"to": [10.5, 13.5, 2],
			"faces": {
				"north": {"uv": [0, 0, 16, 16], "texture": "#purple"},
				"east": {"uv": [0, 0, 16, 16], "texture": "#purple"},
				"south": {"uv": [0, 0, 16, 16], "texture": "#purple"},
				"west": {"uv": [0, 0, 16, 16], "texture": "#purple"},
				"up": {"uv": [0, 0, 16, 16], "texture": "#purple"},
				"down": {"uv": [0, 0, 16, 16], "texture": "#purple"}
			}
		},
		{
			"from": [9.5, 12.5, -2],
			"to": [10.5, 13, 0.5],
			"faces": {
				"north": {"uv": [0, 0, 16, 16], "texture": "#purple"},
				"east": {"uv": [0, 0, 16, 16], "texture": "#purple"},
				"south": {"uv": [0, 0, 16, 16], "texture": "#purple"},
				"west": {"uv": [0, 0, 16, 16], "texture": "#purple"},
				"up": {"uv": [0, 0, 16, 16], "texture": "#purple"},
				"down": {"uv": [0, 0, 16, 16], "texture": "#purple"}
			}
		},
		{
			"from": [9.5, 12.5, 15.5],
			"to": [10.5, 13, 18],
			"faces": {
				"north": {"uv": [0, 0, 16, 16], "texture": "#purple"},
				"east": {"uv": [0, 0, 16, 16], "texture": "#purple"},
				"south": {"uv": [0, 0, 16, 16], "texture": "#purple"},
				"west": {"uv": [0, 0, 16, 16], "texture": "#purple"},
				"up": {"uv": [0, 0, 16, 16], "texture": "#purple"},
				"down": {"uv": [0, 0, 16, 16], "texture": "#purple"}
			}
		},
		{
			"from": [9.5, 12, 18],
			"to": [10.5, 12.5, 20.5],
			"faces": {
				"north": {"uv": [0, 0, 16, 16], "texture": "#purple"},
				"east": {"uv": [0, 0, 16, 16], "texture": "#purple"},
				"south": {"uv": [0, 0, 16, 16], "texture": "#purple"},
				"west": {"uv": [0, 0, 16, 16], "texture": "#purple"},
				"up": {"uv": [0, 0, 16, 16], "texture": "#purple"},
				"down": {"uv": [0, 0, 16, 16], "texture": "#purple"}
			}
		},
		{
			"from": [9.5, 11.5, 20.5],
			"to": [10.5, 12, 23],
			"faces": {
				"north": {"uv": [0, 0, 16, 16], "texture": "#purple"},
				"east": {"uv": [0, 0, 16, 16], "texture": "#purple"},
				"south": {"uv": [0, 0, 16, 16], "texture": "#purple"},
				"west": {"uv": [0, 0, 16, 16], "texture": "#purple"},
				"up": {"uv": [0, 0, 16, 16], "texture": "#purple"},
				"down": {"uv": [0, 0, 16, 16], "texture": "#purple"}
			}
		},
		{
			"from": [9.5, 10.5, -11],
			"to": [10.5, 11, -9.5],
			"faces": {
				"north": {"uv": [0, 0, 16, 16], "texture": "#purple"},
				"east": {"uv": [0, 0, 16, 16], "texture": "#purple"},
				"south": {"uv": [0, 0, 16, 16], "texture": "#purple"},
				"west": {"uv": [0, 0, 16, 16], "texture": "#purple"},
				"up": {"uv": [0, 0, 16, 16], "texture": "#purple"},
				"down": {"uv": [0, 0, 16, 16], "texture": "#purple"}
			}
		},
		{
			"from": [9.5, 13.5, 13.5],
			"to": [10.5, 14, 14],
			"faces": {
				"north": {"uv": [0, 0, 16, 16], "texture": "#purple"},
				"east": {"uv": [0, 0, 16, 16], "texture": "#purple"},
				"south": {"uv": [0, 0, 16, 16], "texture": "#purple"},
				"west": {"uv": [0, 0, 16, 16], "texture": "#purple"},
				"up": {"uv": [0, 0, 16, 16], "texture": "#purple"},
				"down": {"uv": [0, 0, 16, 16], "texture": "#purple"}
			}
		},
		{
			"from": [8.5, 14, 5],
			"to": [9.5, 14.5, 11],
			"faces": {
				"north": {"uv": [0, 0, 16, 16], "texture": "#white"},
				"east": {"uv": [0, 0, 16, 16], "texture": "#white"},
				"south": {"uv": [0, 0, 16, 16], "texture": "#white"},
				"west": {"uv": [0, 0, 16, 16], "texture": "#white"},
				"up": {"uv": [0, 0, 16, 16], "texture": "#white"},
				"down": {"uv": [0, 0, 16, 16], "texture": "#white"}
			}
		},
		{
			"from": [9.5, 12.5, 15],
			"to": [10.5, 13, 15.5],
			"faces": {
				"north": {"uv": [0, 0, 16, 16], "texture": "#white"},
				"east": {"uv": [0, 0, 16, 16], "texture": "#white"},
				"south": {"uv": [0, 0, 16, 16], "texture": "#white"},
				"west": {"uv": [0, 0, 16, 16], "texture": "#white"},
				"up": {"uv": [0, 0, 16, 16], "texture": "#white"},
				"down": {"uv": [0, 0, 16, 16], "texture": "#white"}
			}
		},
		{
			"from": [9.5, 10.5, 14],
			"to": [10.5, 11, 15.5],
			"faces": {
				"north": {"uv": [0, 0, 16, 16], "texture": "#white"},
				"east": {"uv": [0, 0, 16, 16], "texture": "#white"},
				"south": {"uv": [0, 0, 16, 16], "texture": "#white"},
				"west": {"uv": [0, 0, 16, 16], "texture": "#white"},
				"up": {"uv": [0, 0, 16, 16], "texture": "#white"},
				"down": {"uv": [0, 0, 16, 16], "texture": "#white"}
			}
		},
		{
			"from": [9.5, 11, 13.5],
			"to": [10.5, 11.5, 15],
			"faces": {
				"north": {"uv": [0, 0, 16, 16], "texture": "#white"},
				"east": {"uv": [0, 0, 16, 16], "texture": "#white"},
				"south": {"uv": [0, 0, 16, 16], "texture": "#white"},
				"west": {"uv": [0, 0, 16, 16], "texture": "#white"},
				"up": {"uv": [0, 0, 16, 16], "texture": "#white"},
				"down": {"uv": [0, 0, 16, 16], "texture": "#white"}
			}
		},
		{
			"from": [9.5, 11.5, 13.5],
			"to": [10.5, 12, 14.5],
			"faces": {
				"north": {"uv": [0, 0, 16, 16], "texture": "#white"},
				"east": {"uv": [0, 0, 16, 16], "texture": "#white"},
				"south": {"uv": [0, 0, 16, 16], "texture": "#white"},
				"west": {"uv": [0, 0, 16, 16], "texture": "#white"},
				"up": {"uv": [0, 0, 16, 16], "texture": "#white"},
				"down": {"uv": [0, 0, 16, 16], "texture": "#white"}
			}
		},
		{
			"from": [9.5, 11.5, 13.5],
			"to": [10.5, 12, 14.5],
			"faces": {
				"north": {"uv": [0, 0, 16, 16], "texture": "#white"},
				"east": {"uv": [0, 0, 16, 16], "texture": "#white"},
				"south": {"uv": [0, 0, 16, 16], "texture": "#white"},
				"west": {"uv": [0, 0, 16, 16], "texture": "#white"},
				"up": {"uv": [0, 0, 16, 16], "texture": "#white"},
				"down": {"uv": [0, 0, 16, 16], "texture": "#white"}
			}
		},
		{
			"from": [9.5, 10.5, 13.5],
			"to": [10.5, 11, 14],
			"faces": {
				"north": {"uv": [0, 0, 16, 16], "texture": "#red"},
				"east": {"uv": [0, 0, 16, 16], "texture": "#red"},
				"south": {"uv": [0, 0, 16, 16], "texture": "#red"},
				"west": {"uv": [0, 0, 16, 16], "texture": "#red"},
				"up": {"uv": [0, 0, 16, 16], "texture": "#red"},
				"down": {"uv": [0, 0, 16, 16], "texture": "#red"}
			}
		},
		{
			"from": [9.5, 12, 2],
			"to": [10.5, 12.5, 2.5],
			"faces": {
				"north": {"uv": [0, 0, 16, 16], "texture": "#white"},
				"east": {"uv": [0, 0, 16, 16], "texture": "#white"},
				"south": {"uv": [0, 0, 16, 16], "texture": "#white"},
				"west": {"uv": [0, 0, 16, 16], "texture": "#white"},
				"up": {"uv": [0, 0, 16, 16], "texture": "#white"},
				"down": {"uv": [0, 0, 16, 16], "texture": "#white"}
			}
		},
		{
			"from": [9.5, 10, 20],
			"to": [10.5, 10.5, 20.5],
			"faces": {
				"north": {"uv": [0, 0, 16, 16], "texture": "#red"},
				"east": {"uv": [0, 0, 16, 16], "texture": "#red"},
				"south": {"uv": [0, 0, 16, 16], "texture": "#red"},
				"west": {"uv": [0, 0, 16, 16], "texture": "#red"},
				"up": {"uv": [0, 0, 16, 16], "texture": "#red"},
				"down": {"uv": [0, 0, 16, 16], "texture": "#red"}
			}
		},
		{
			"from": [9.5, 11, 15],
			"to": [10.5, 11.5, 16.5],
			"faces": {
				"north": {"uv": [0, 0, 16, 16], "texture": "#red"},
				"east": {"uv": [0, 0, 16, 16], "texture": "#red"},
				"south": {"uv": [0, 0, 16, 16], "texture": "#red"},
				"west": {"uv": [0, 0, 16, 16], "texture": "#red"},
				"up": {"uv": [0, 0, 16, 16], "texture": "#red"},
				"down": {"uv": [0, 0, 16, 16], "texture": "#red"}
			}
		},
		{
			"from": [9.5, 11.5, 19],
			"to": [10.5, 12, 20.5],
			"faces": {
				"north": {"uv": [0, 0, 16, 16], "texture": "#white"},
				"east": {"uv": [0, 0, 16, 16], "texture": "#white"},
				"south": {"uv": [0, 0, 16, 16], "texture": "#white"},
				"west": {"uv": [0, 0, 16, 16], "texture": "#white"},
				"up": {"uv": [0, 0, 16, 16], "texture": "#white"},
				"down": {"uv": [0, 0, 16, 16], "texture": "#white"}
			}
		},
		{
			"from": [9.5, 10.5, 17],
			"to": [10.5, 11, 18.5],
			"faces": {
				"north": {"uv": [0, 0, 16, 16], "texture": "#white"},
				"east": {"uv": [0, 0, 16, 16], "texture": "#white"},
				"south": {"uv": [0, 0, 16, 16], "texture": "#white"},
				"west": {"uv": [0, 0, 16, 16], "texture": "#white"},
				"up": {"uv": [0, 0, 16, 16], "texture": "#white"},
				"down": {"uv": [0, 0, 16, 16], "texture": "#white"}
			}
		},
		{
			"from": [9.5, 11, 16.5],
			"to": [10.5, 11.5, 18],
			"faces": {
				"north": {"uv": [0, 0, 16, 16], "texture": "#white"},
				"east": {"uv": [0, 0, 16, 16], "texture": "#white"},
				"south": {"uv": [0, 0, 16, 16], "texture": "#white"},
				"west": {"uv": [0, 0, 16, 16], "texture": "#white"},
				"up": {"uv": [0, 0, 16, 16], "texture": "#white"},
				"down": {"uv": [0, 0, 16, 16], "texture": "#white"}
			}
		},
		{
			"from": [9.5, 11.5, 16],
			"to": [10.5, 12, 17.5],
			"faces": {
				"north": {"uv": [0, 0, 16, 16], "texture": "#white"},
				"east": {"uv": [0, 0, 16, 16], "texture": "#white"},
				"south": {"uv": [0, 0, 16, 16], "texture": "#white"},
				"west": {"uv": [0, 0, 16, 16], "texture": "#white"},
				"up": {"uv": [0, 0, 16, 16], "texture": "#white"},
				"down": {"uv": [0, 0, 16, 16], "texture": "#white"}
			}
		},
		{
			"from": [9.5, 12, 15.5],
			"to": [10.5, 12.5, 17],
			"faces": {
				"north": {"uv": [0, 0, 16, 16], "texture": "#white"},
				"east": {"uv": [0, 0, 16, 16], "texture": "#white"},
				"south": {"uv": [0, 0, 16, 16], "texture": "#white"},
				"west": {"uv": [0, 0, 16, 16], "texture": "#white"},
				"up": {"uv": [0, 0, 16, 16], "texture": "#white"},
				"down": {"uv": [0, 0, 16, 16], "texture": "#white"}
			}
		},
		{
			"from": [9.5, 10, 19],
			"to": [10.5, 11.5, 19.5],
			"faces": {
				"north": {"uv": [0, 0, 16, 16], "texture": "#red"},
				"east": {"uv": [0, 0, 16, 16], "texture": "#red"},
				"south": {"uv": [0, 0, 16, 16], "texture": "#red"},
				"west": {"uv": [0, 0, 16, 16], "texture": "#red"},
				"up": {"uv": [0, 0, 16, 16], "texture": "#red"},
				"down": {"uv": [0, 0, 16, 16], "texture": "#red"}
			}
		},
		{
			"from": [9.5, 10.5, 18.5],
			"to": [10.5, 12, 19],
			"faces": {
				"north": {"uv": [0, 0, 16, 16], "texture": "#red"},
				"east": {"uv": [0, 0, 16, 16], "texture": "#red"},
				"south": {"uv": [0, 0, 16, 16], "texture": "#red"},
				"west": {"uv": [0, 0, 16, 16], "texture": "#red"},
				"up": {"uv": [0, 0, 16, 16], "texture": "#red"},
				"down": {"uv": [0, 0, 16, 16], "texture": "#red"}
			}
		},
		{
			"from": [9.5, 11, 18],
			"to": [10.5, 12, 18.5],
			"faces": {
				"north": {"uv": [0, 0, 16, 16], "texture": "#red"},
				"east": {"uv": [0, 0, 16, 16], "texture": "#red"},
				"south": {"uv": [0, 0, 16, 16], "texture": "#red"},
				"west": {"uv": [0, 0, 16, 16], "texture": "#red"},
				"up": {"uv": [0, 0, 16, 16], "texture": "#red"},
				"down": {"uv": [0, 0, 16, 16], "texture": "#red"}
			}
		},
		{
			"from": [9.5, 11.5, 17.5],
			"to": [10.5, 12.5, 18],
			"faces": {
				"north": {"uv": [0, 0, 16, 16], "texture": "#red"},
				"east": {"uv": [0, 0, 16, 16], "texture": "#red"},
				"south": {"uv": [0, 0, 16, 16], "texture": "#red"},
				"west": {"uv": [0, 0, 16, 16], "texture": "#red"},
				"up": {"uv": [0, 0, 16, 16], "texture": "#red"},
				"down": {"uv": [0, 0, 16, 16], "texture": "#red"}
			}
		},
		{
			"from": [9.5, 12, 17],
			"to": [10.5, 12.5, 17.5],
			"faces": {
				"north": {"uv": [0, 0, 16, 16], "texture": "#red"},
				"east": {"uv": [0, 0, 16, 16], "texture": "#red"},
				"south": {"uv": [0, 0, 16, 16], "texture": "#red"},
				"west": {"uv": [0, 0, 16, 16], "texture": "#red"},
				"up": {"uv": [0, 0, 16, 16], "texture": "#red"},
				"down": {"uv": [0, 0, 16, 16], "texture": "#red"}
			}
		},
		{
			"from": [9.5, 10, 19.5],
			"to": [10.5, 11, 20],
			"faces": {
				"north": {"uv": [0, 0, 16, 16], "texture": "#red"},
				"east": {"uv": [0, 0, 16, 16], "texture": "#red"},
				"south": {"uv": [0, 0, 16, 16], "texture": "#red"},
				"west": {"uv": [0, 0, 16, 16], "texture": "#red"},
				"up": {"uv": [0, 0, 16, 16], "texture": "#red"},
				"down": {"uv": [0, 0, 16, 16], "texture": "#red"}
			}
		},
		{
			"from": [9.5, 10, 17.5],
			"to": [10.5, 10.5, 19],
			"faces": {
				"north": {"uv": [0, 0, 16, 16], "texture": "#white"},
				"east": {"uv": [0, 0, 16, 16], "texture": "#white"},
				"south": {"uv": [0, 0, 16, 16], "texture": "#white"},
				"west": {"uv": [0, 0, 16, 16], "texture": "#white"},
				"up": {"uv": [0, 0, 16, 16], "texture": "#white"},
				"down": {"uv": [0, 0, 16, 16], "texture": "#white"}
			}
		},
		{
			"from": [9.5, 11, 22.5],
			"to": [10.5, 11.5, 23],
			"faces": {
				"north": {"uv": [0, 0, 16, 16], "texture": "#white"},
				"east": {"uv": [0, 0, 16, 16], "texture": "#white"},
				"south": {"uv": [0, 0, 16, 16], "texture": "#white"},
				"west": {"uv": [0, 0, 16, 16], "texture": "#white"},
				"up": {"uv": [0, 0, 16, 16], "texture": "#white"},
				"down": {"uv": [0, 0, 16, 16], "texture": "#white"}
			}
		},
		{
			"from": [9.5, 10.5, 20],
			"to": [10.5, 11, 21.5],
			"faces": {
				"north": {"uv": [0, 0, 16, 16], "texture": "#white"},
				"east": {"uv": [0, 0, 16, 16], "texture": "#white"},
				"south": {"uv": [0, 0, 16, 16], "texture": "#white"},
				"west": {"uv": [0, 0, 16, 16], "texture": "#white"},
				"up": {"uv": [0, 0, 16, 16], "texture": "#white"},
				"down": {"uv": [0, 0, 16, 16], "texture": "#white"}
			}
		},
		{
			"from": [9.5, 11, 19.5],
			"to": [10.5, 11.5, 21],
			"faces": {
				"north": {"uv": [0, 0, 16, 16], "texture": "#white"},
				"east": {"uv": [0, 0, 16, 16], "texture": "#white"},
				"south": {"uv": [0, 0, 16, 16], "texture": "#white"},
				"west": {"uv": [0, 0, 16, 16], "texture": "#white"},
				"up": {"uv": [0, 0, 16, 16], "texture": "#white"},
				"down": {"uv": [0, 0, 16, 16], "texture": "#white"}
			}
		},
		{
			"from": [9.5, 11, 21],
			"to": [10.5, 11.5, 22.5],
			"faces": {
				"north": {"uv": [0, 0, 16, 16], "texture": "#red"},
				"east": {"uv": [0, 0, 16, 16], "texture": "#red"},
				"south": {"uv": [0, 0, 16, 16], "texture": "#red"},
				"west": {"uv": [0, 0, 16, 16], "texture": "#red"},
				"up": {"uv": [0, 0, 16, 16], "texture": "#red"},
				"down": {"uv": [0, 0, 16, 16], "texture": "#red"}
			}
		},
		{
			"from": [9.5, 10.5, 15.5],
			"to": [10.5, 11, 17],
			"faces": {
				"north": {"uv": [0, 0, 16, 16], "texture": "#red"},
				"east": {"uv": [0, 0, 16, 16], "texture": "#red"},
				"south": {"uv": [0, 0, 16, 16], "texture": "#red"},
				"west": {"uv": [0, 0, 16, 16], "texture": "#red"},
				"up": {"uv": [0, 0, 16, 16], "texture": "#red"},
				"down": {"uv": [0, 0, 16, 16], "texture": "#red"}
			}
		},
		{
			"from": [9.5, 10.5, 15.5],
			"to": [10.5, 11, 17],
			"faces": {
				"north": {"uv": [0, 0, 16, 16], "texture": "#red"},
				"east": {"uv": [0, 0, 16, 16], "texture": "#red"},
				"south": {"uv": [0, 0, 16, 16], "texture": "#red"},
				"west": {"uv": [0, 0, 16, 16], "texture": "#red"},
				"up": {"uv": [0, 0, 16, 16], "texture": "#red"},
				"down": {"uv": [0, 0, 16, 16], "texture": "#red"}
			}
		},
		{
			"from": [9.5, 13, 13.5],
			"to": [10.5, 13.5, 14],
			"faces": {
				"north": {"uv": [0, 0, 16, 16], "texture": "#red"},
				"east": {"uv": [0, 0, 16, 16], "texture": "#red"},
				"south": {"uv": [0, 0, 16, 16], "texture": "#red"},
				"west": {"uv": [0, 0, 16, 16], "texture": "#red"},
				"up": {"uv": [0, 0, 16, 16], "texture": "#red"},
				"down": {"uv": [0, 0, 16, 16], "texture": "#red"}
			}
		},
		{
			"from": [9.5, 11.5, 14.5],
			"to": [10.5, 12, 16],
			"faces": {
				"north": {"uv": [0, 0, 16, 16], "texture": "#red"},
				"east": {"uv": [0, 0, 16, 16], "texture": "#red"},
				"south": {"uv": [0, 0, 16, 16], "texture": "#red"},
				"west": {"uv": [0, 0, 16, 16], "texture": "#red"},
				"up": {"uv": [0, 0, 16, 16], "texture": "#red"},
				"down": {"uv": [0, 0, 16, 16], "texture": "#red"}
			}
		},
		{
			"from": [9.5, 12, 14],
			"to": [10.5, 12.5, 15.5],
			"faces": {
				"north": {"uv": [0, 0, 16, 16], "texture": "#red"},
				"east": {"uv": [0, 0, 16, 16], "texture": "#red"},
				"south": {"uv": [0, 0, 16, 16], "texture": "#red"},
				"west": {"uv": [0, 0, 16, 16], "texture": "#red"},
				"up": {"uv": [0, 0, 16, 16], "texture": "#red"},
				"down": {"uv": [0, 0, 16, 16], "texture": "#red"}
			}
		},
		{
			"from": [9.5, 12.5, 13.5],
			"to": [10.5, 13, 15],
			"faces": {
				"north": {"uv": [0, 0, 16, 16], "texture": "#red"},
				"east": {"uv": [0, 0, 16, 16], "texture": "#red"},
				"south": {"uv": [0, 0, 16, 16], "texture": "#red"},
				"west": {"uv": [0, 0, 16, 16], "texture": "#red"},
				"up": {"uv": [0, 0, 16, 16], "texture": "#red"},
				"down": {"uv": [0, 0, 16, 16], "texture": "#red"}
			}
		},
		{
			"from": [9.5, 13, 2],
			"to": [10.5, 13.5, 2.5],
			"faces": {
				"north": {"uv": [0, 0, 16, 16], "texture": "#red"},
				"east": {"uv": [0, 0, 16, 16], "texture": "#red"},
				"south": {"uv": [0, 0, 16, 16], "texture": "#red"},
				"west": {"uv": [0, 0, 16, 16], "texture": "#red"},
				"up": {"uv": [0, 0, 16, 16], "texture": "#red"},
				"down": {"uv": [0, 0, 16, 16], "texture": "#red"}
			}
		},
		{
			"from": [9.5, 10.5, 24.5],
			"to": [10.5, 11, 25.5],
			"faces": {
				"north": {"uv": [0, 0, 16, 16], "texture": "#red"},
				"east": {"uv": [0, 0, 16, 16], "texture": "#red"},
				"south": {"uv": [0, 0, 16, 16], "texture": "#red"},
				"west": {"uv": [0, 0, 16, 16], "texture": "#red"},
				"up": {"uv": [0, 0, 16, 16], "texture": "#red"},
				"down": {"uv": [0, 0, 16, 16], "texture": "#red"}
			}
		},
		{
			"from": [9.5, 10.5, 21.5],
			"to": [10.5, 11, 23],
			"faces": {
				"north": {"uv": [0, 0, 16, 16], "texture": "#red"},
				"east": {"uv": [0, 0, 16, 16], "texture": "#red"},
				"south": {"uv": [0, 0, 16, 16], "texture": "#red"},
				"west": {"uv": [0, 0, 16, 16], "texture": "#red"},
				"up": {"uv": [0, 0, 16, 16], "texture": "#red"},
				"down": {"uv": [0, 0, 16, 16], "texture": "#red"}
			}
		},
		{
			"from": [9.5, 10.5, 23],
			"to": [10.5, 11, 24.5],
			"faces": {
				"north": {"uv": [0, 0, 16, 16], "texture": "#white"},
				"east": {"uv": [0, 0, 16, 16], "texture": "#white"},
				"south": {"uv": [0, 0, 16, 16], "texture": "#white"},
				"west": {"uv": [0, 0, 16, 16], "texture": "#white"},
				"up": {"uv": [0, 0, 16, 16], "texture": "#white"},
				"down": {"uv": [0, 0, 16, 16], "texture": "#white"}
			}
		},
		{
			"from": [9.5, 10, 20.5],
			"to": [10.5, 10.5, 22],
			"faces": {
				"north": {"uv": [0, 0, 16, 16], "texture": "#white"},
				"east": {"uv": [0, 0, 16, 16], "texture": "#white"},
				"south": {"uv": [0, 0, 16, 16], "texture": "#white"},
				"west": {"uv": [0, 0, 16, 16], "texture": "#white"},
				"up": {"uv": [0, 0, 16, 16], "texture": "#white"},
				"down": {"uv": [0, 0, 16, 16], "texture": "#white"}
			}
		},
		{
			"from": [9.5, 10, 26.5],
			"to": [10.5, 10.5, 27],
			"faces": {
				"north": {"uv": [0, 0, 16, 16], "texture": "#white"},
				"east": {"uv": [0, 0, 16, 16], "texture": "#white"},
				"south": {"uv": [0, 0, 16, 16], "texture": "#white"},
				"west": {"uv": [0, 0, 16, 16], "texture": "#white"},
				"up": {"uv": [0, 0, 16, 16], "texture": "#white"},
				"down": {"uv": [0, 0, 16, 16], "texture": "#white"}
			}
		},
		{
			"from": [9.5, 10, 22],
			"to": [10.5, 10.5, 23.5],
			"faces": {
				"north": {"uv": [0, 0, 16, 16], "texture": "#red"},
				"east": {"uv": [0, 0, 16, 16], "texture": "#red"},
				"south": {"uv": [0, 0, 16, 16], "texture": "#red"},
				"west": {"uv": [0, 0, 16, 16], "texture": "#red"},
				"up": {"uv": [0, 0, 16, 16], "texture": "#red"},
				"down": {"uv": [0, 0, 16, 16], "texture": "#red"}
			}
		},
		{
			"from": [9.5, 10, 25],
			"to": [10.5, 10.5, 26.5],
			"faces": {
				"north": {"uv": [0, 0, 16, 16], "texture": "#red"},
				"east": {"uv": [0, 0, 16, 16], "texture": "#red"},
				"south": {"uv": [0, 0, 16, 16], "texture": "#red"},
				"west": {"uv": [0, 0, 16, 16], "texture": "#red"},
				"up": {"uv": [0, 0, 16, 16], "texture": "#red"},
				"down": {"uv": [0, 0, 16, 16], "texture": "#red"}
			}
		},
		{
			"from": [9.5, 10, 23.5],
			"to": [10.5, 10.5, 25],
			"faces": {
				"north": {"uv": [0, 0, 16, 16], "texture": "#white"},
				"east": {"uv": [0, 0, 16, 16], "texture": "#white"},
				"south": {"uv": [0, 0, 16, 16], "texture": "#white"},
				"west": {"uv": [0, 0, 16, 16], "texture": "#white"},
				"up": {"uv": [0, 0, 16, 16], "texture": "#white"},
				"down": {"uv": [0, 0, 16, 16], "texture": "#white"}
			}
		},
		{
			"from": [9.5, 10, 14.5],
			"to": [10.5, 10.5, 16],
			"faces": {
				"north": {"uv": [0, 0, 16, 16], "texture": "#white"},
				"east": {"uv": [0, 0, 16, 16], "texture": "#white"},
				"south": {"uv": [0, 0, 16, 16], "texture": "#white"},
				"west": {"uv": [0, 0, 16, 16], "texture": "#white"},
				"up": {"uv": [0, 0, 16, 16], "texture": "#white"},
				"down": {"uv": [0, 0, 16, 16], "texture": "#white"}
			}
		},
		{
			"from": [9.5, 12.5, 0.5],
			"to": [10.5, 13, 1],
			"faces": {
				"north": {"uv": [0, 0, 16, 16], "texture": "#white"},
				"east": {"uv": [0, 0, 16, 16], "texture": "#white"},
				"south": {"uv": [0, 0, 16, 16], "texture": "#white"},
				"west": {"uv": [0, 0, 16, 16], "texture": "#white"},
				"up": {"uv": [0, 0, 16, 16], "texture": "#white"},
				"down": {"uv": [0, 0, 16, 16], "texture": "#white"}
			}
		},
		{
			"from": [9.5, 10.5, 0.5],
			"to": [10.5, 11, 2],
			"faces": {
				"north": {"uv": [0, 0, 16, 16], "texture": "#white"},
				"east": {"uv": [0, 0, 16, 16], "texture": "#white"},
				"south": {"uv": [0, 0, 16, 16], "texture": "#white"},
				"west": {"uv": [0, 0, 16, 16], "texture": "#white"},
				"up": {"uv": [0, 0, 16, 16], "texture": "#white"},
				"down": {"uv": [0, 0, 16, 16], "texture": "#white"}
			}
		},
		{
			"from": [9.5, 11, 1],
			"to": [10.5, 11.5, 2.5],
			"faces": {
				"north": {"uv": [0, 0, 16, 16], "texture": "#white"},
				"east": {"uv": [0, 0, 16, 16], "texture": "#white"},
				"south": {"uv": [0, 0, 16, 16], "texture": "#white"},
				"west": {"uv": [0, 0, 16, 16], "texture": "#white"},
				"up": {"uv": [0, 0, 16, 16], "texture": "#white"},
				"down": {"uv": [0, 0, 16, 16], "texture": "#white"}
			}
		},
		{
			"from": [9.5, 11.5, 1.5],
			"to": [10.5, 12, 2.5],
			"faces": {
				"north": {"uv": [0, 0, 16, 16], "texture": "#white"},
				"east": {"uv": [0, 0, 16, 16], "texture": "#white"},
				"south": {"uv": [0, 0, 16, 16], "texture": "#white"},
				"west": {"uv": [0, 0, 16, 16], "texture": "#white"},
				"up": {"uv": [0, 0, 16, 16], "texture": "#white"},
				"down": {"uv": [0, 0, 16, 16], "texture": "#white"}
			}
		},
		{
			"from": [9.5, 10, 16],
			"to": [10.5, 10.5, 17.5],
			"faces": {
				"north": {"uv": [0, 0, 16, 16], "texture": "#red"},
				"east": {"uv": [0, 0, 16, 16], "texture": "#red"},
				"south": {"uv": [0, 0, 16, 16], "texture": "#red"},
				"west": {"uv": [0, 0, 16, 16], "texture": "#red"},
				"up": {"uv": [0, 0, 16, 16], "texture": "#red"},
				"down": {"uv": [0, 0, 16, 16], "texture": "#red"}
			}
		},
		{
			"from": [9.5, 12, -2],
			"to": [10.5, 12.5, -1],
			"faces": {
				"north": {"uv": [0, 0, 16, 16], "texture": "#red"},
				"east": {"uv": [0, 0, 16, 16], "texture": "#red"},
				"south": {"uv": [0, 0, 16, 16], "texture": "#red"},
				"west": {"uv": [0, 0, 16, 16], "texture": "#red"},
				"up": {"uv": [0, 0, 16, 16], "texture": "#red"},
				"down": {"uv": [0, 0, 16, 16], "texture": "#red"}
			}
		},
		{
			"from": [9.5, 10.5, -1],
			"to": [10.5, 11, 0.5],
			"faces": {
				"north": {"uv": [0, 0, 16, 16], "texture": "#red"},
				"east": {"uv": [0, 0, 16, 16], "texture": "#red"},
				"south": {"uv": [0, 0, 16, 16], "texture": "#red"},
				"west": {"uv": [0, 0, 16, 16], "texture": "#red"},
				"up": {"uv": [0, 0, 16, 16], "texture": "#red"},
				"down": {"uv": [0, 0, 16, 16], "texture": "#red"}
			}
		},
		{
			"from": [9.5, 11, -0.5],
			"to": [10.5, 11.5, 1],
			"faces": {
				"north": {"uv": [0, 0, 16, 16], "texture": "#red"},
				"east": {"uv": [0, 0, 16, 16], "texture": "#red"},
				"south": {"uv": [0, 0, 16, 16], "texture": "#red"},
				"west": {"uv": [0, 0, 16, 16], "texture": "#red"},
				"up": {"uv": [0, 0, 16, 16], "texture": "#red"},
				"down": {"uv": [0, 0, 16, 16], "texture": "#red"}
			}
		},
		{
			"from": [9.5, 11.5, 0],
			"to": [10.5, 12, 1.5],
			"faces": {
				"north": {"uv": [0, 0, 16, 16], "texture": "#red"},
				"east": {"uv": [0, 0, 16, 16], "texture": "#red"},
				"south": {"uv": [0, 0, 16, 16], "texture": "#red"},
				"west": {"uv": [0, 0, 16, 16], "texture": "#red"},
				"up": {"uv": [0, 0, 16, 16], "texture": "#red"},
				"down": {"uv": [0, 0, 16, 16], "texture": "#red"}
			}
		},
		{
			"from": [9.5, 12, 0.5],
			"to": [10.5, 12.5, 2],
			"faces": {
				"north": {"uv": [0, 0, 16, 16], "texture": "#red"},
				"east": {"uv": [0, 0, 16, 16], "texture": "#red"},
				"south": {"uv": [0, 0, 16, 16], "texture": "#red"},
				"west": {"uv": [0, 0, 16, 16], "texture": "#red"},
				"up": {"uv": [0, 0, 16, 16], "texture": "#red"},
				"down": {"uv": [0, 0, 16, 16], "texture": "#red"}
			}
		},
		{
			"from": [9.5, 12.5, 1],
			"to": [10.5, 13, 2.5],
			"faces": {
				"north": {"uv": [0, 0, 16, 16], "texture": "#red"},
				"east": {"uv": [0, 0, 16, 16], "texture": "#red"},
				"south": {"uv": [0, 0, 16, 16], "texture": "#red"},
				"west": {"uv": [0, 0, 16, 16], "texture": "#red"},
				"up": {"uv": [0, 0, 16, 16], "texture": "#red"},
				"down": {"uv": [0, 0, 16, 16], "texture": "#red"}
			}
		},
		{
			"from": [9.5, 10, 0],
			"to": [10.5, 10.5, 1.5],
			"faces": {
				"north": {"uv": [0, 0, 16, 16], "texture": "#white"},
				"east": {"uv": [0, 0, 16, 16], "texture": "#white"},
				"south": {"uv": [0, 0, 16, 16], "texture": "#white"},
				"west": {"uv": [0, 0, 16, 16], "texture": "#white"},
				"up": {"uv": [0, 0, 16, 16], "texture": "#white"},
				"down": {"uv": [0, 0, 16, 16], "texture": "#white"}
			}
		},
		{
			"from": [9.5, 11.5, -4.5],
			"to": [10.5, 12, -3],
			"faces": {
				"north": {"uv": [0, 0, 16, 16], "texture": "#white"},
				"east": {"uv": [0, 0, 16, 16], "texture": "#white"},
				"south": {"uv": [0, 0, 16, 16], "texture": "#white"},
				"west": {"uv": [0, 0, 16, 16], "texture": "#white"},
				"up": {"uv": [0, 0, 16, 16], "texture": "#white"},
				"down": {"uv": [0, 0, 16, 16], "texture": "#white"}
			}
		},
		{
			"from": [9.5, 10.5, -2.5],
			"to": [10.5, 11, -1],
			"faces": {
				"north": {"uv": [0, 0, 16, 16], "texture": "#white"},
				"east": {"uv": [0, 0, 16, 16], "texture": "#white"},
				"south": {"uv": [0, 0, 16, 16], "texture": "#white"},
				"west": {"uv": [0, 0, 16, 16], "texture": "#white"},
				"up": {"uv": [0, 0, 16, 16], "texture": "#white"},
				"down": {"uv": [0, 0, 16, 16], "texture": "#white"}
			}
		},
		{
			"from": [9.5, 11, -2],
			"to": [10.5, 11.5, -0.5],
			"faces": {
				"north": {"uv": [0, 0, 16, 16], "texture": "#white"},
				"east": {"uv": [0, 0, 16, 16], "texture": "#white"},
				"south": {"uv": [0, 0, 16, 16], "texture": "#white"},
				"west": {"uv": [0, 0, 16, 16], "texture": "#white"},
				"up": {"uv": [0, 0, 16, 16], "texture": "#white"},
				"down": {"uv": [0, 0, 16, 16], "texture": "#white"}
			}
		},
		{
			"from": [9.5, 11.5, -1.5],
			"to": [10.5, 12, 0],
			"faces": {
				"north": {"uv": [0, 0, 16, 16], "texture": "#white"},
				"east": {"uv": [0, 0, 16, 16], "texture": "#white"},
				"south": {"uv": [0, 0, 16, 16], "texture": "#white"},
				"west": {"uv": [0, 0, 16, 16], "texture": "#white"},
				"up": {"uv": [0, 0, 16, 16], "texture": "#white"},
				"down": {"uv": [0, 0, 16, 16], "texture": "#white"}
			}
		},
		{
			"from": [9.5, 12, -1],
			"to": [10.5, 12.5, 0.5],
			"faces": {
				"north": {"uv": [0, 0, 16, 16], "texture": "#white"},
				"east": {"uv": [0, 0, 16, 16], "texture": "#white"},
				"south": {"uv": [0, 0, 16, 16], "texture": "#white"},
				"west": {"uv": [0, 0, 16, 16], "texture": "#white"},
				"up": {"uv": [0, 0, 16, 16], "texture": "#white"},
				"down": {"uv": [0, 0, 16, 16], "texture": "#white"}
			}
		},
		{
			"from": [9.5, 10, -1.5],
			"to": [10.5, 10.5, 0],
			"faces": {
				"north": {"uv": [0, 0, 16, 16], "texture": "#red"},
				"east": {"uv": [0, 0, 16, 16], "texture": "#red"},
				"south": {"uv": [0, 0, 16, 16], "texture": "#red"},
				"west": {"uv": [0, 0, 16, 16], "texture": "#red"},
				"up": {"uv": [0, 0, 16, 16], "texture": "#red"},
				"down": {"uv": [0, 0, 16, 16], "texture": "#red"}
			}
		},
		{
			"from": [9.5, 11, -6.5],
			"to": [10.5, 11.5, -5],
			"faces": {
				"north": {"uv": [0, 0, 16, 16], "texture": "#red"},
				"east": {"uv": [0, 0, 16, 16], "texture": "#red"},
				"south": {"uv": [0, 0, 16, 16], "texture": "#red"},
				"west": {"uv": [0, 0, 16, 16], "texture": "#red"},
				"up": {"uv": [0, 0, 16, 16], "texture": "#red"},
				"down": {"uv": [0, 0, 16, 16], "texture": "#red"}
			}
		},
		{
			"from": [9.5, 10.5, -4],
			"to": [10.5, 11, -2.5],
			"faces": {
				"north": {"uv": [0, 0, 16, 16], "texture": "#red"},
				"east": {"uv": [0, 0, 16, 16], "texture": "#red"},
				"south": {"uv": [0, 0, 16, 16], "texture": "#red"},
				"west": {"uv": [0, 0, 16, 16], "texture": "#red"},
				"up": {"uv": [0, 0, 16, 16], "texture": "#red"},
				"down": {"uv": [0, 0, 16, 16], "texture": "#red"}
			}
		},
		{
			"from": [9.5, 11, -3.5],
			"to": [10.5, 11.5, -2],
			"faces": {
				"north": {"uv": [0, 0, 16, 16], "texture": "#red"},
				"east": {"uv": [0, 0, 16, 16], "texture": "#red"},
				"south": {"uv": [0, 0, 16, 16], "texture": "#red"},
				"west": {"uv": [0, 0, 16, 16], "texture": "#red"},
				"up": {"uv": [0, 0, 16, 16], "texture": "#red"},
				"down": {"uv": [0, 0, 16, 16], "texture": "#red"}
			}
		},
		{
			"from": [9.5, 11.5, -3],
			"to": [10.5, 12, -1.5],
			"faces": {
				"north": {"uv": [0, 0, 16, 16], "texture": "#red"},
				"east": {"uv": [0, 0, 16, 16], "texture": "#red"},
				"south": {"uv": [0, 0, 16, 16], "texture": "#red"},
				"west": {"uv": [0, 0, 16, 16], "texture": "#red"},
				"up": {"uv": [0, 0, 16, 16], "texture": "#red"},
				"down": {"uv": [0, 0, 16, 16], "texture": "#red"}
			}
		},
		{
			"from": [9.5, 10, -3],
			"to": [10.5, 10.5, -1.5],
			"faces": {
				"north": {"uv": [0, 0, 16, 16], "texture": "#white"},
				"east": {"uv": [0, 0, 16, 16], "texture": "#white"},
				"south": {"uv": [0, 0, 16, 16], "texture": "#white"},
				"west": {"uv": [0, 0, 16, 16], "texture": "#white"},
				"up": {"uv": [0, 0, 16, 16], "texture": "#white"},
				"down": {"uv": [0, 0, 16, 16], "texture": "#white"}
			}
		},
		{
			"from": [9.5, 11, -7],
			"to": [10.5, 11.5, -6.5],
			"faces": {
				"north": {"uv": [0, 0, 16, 16], "texture": "#white"},
				"east": {"uv": [0, 0, 16, 16], "texture": "#white"},
				"south": {"uv": [0, 0, 16, 16], "texture": "#white"},
				"west": {"uv": [0, 0, 16, 16], "texture": "#white"},
				"up": {"uv": [0, 0, 16, 16], "texture": "#white"},
				"down": {"uv": [0, 0, 16, 16], "texture": "#white"}
			}
		},
		{
			"from": [9.5, 10.5, -5.5],
			"to": [10.5, 11, -4],
			"faces": {
				"north": {"uv": [0, 0, 16, 16], "texture": "#white"},
				"east": {"uv": [0, 0, 16, 16], "texture": "#white"},
				"south": {"uv": [0, 0, 16, 16], "texture": "#white"},
				"west": {"uv": [0, 0, 16, 16], "texture": "#white"},
				"up": {"uv": [0, 0, 16, 16], "texture": "#white"},
				"down": {"uv": [0, 0, 16, 16], "texture": "#white"}
			}
		},
		{
			"from": [9.5, 11, -5],
			"to": [10.5, 11.5, -3.5],
			"faces": {
				"north": {"uv": [0, 0, 16, 16], "texture": "#white"},
				"east": {"uv": [0, 0, 16, 16], "texture": "#white"},
				"south": {"uv": [0, 0, 16, 16], "texture": "#white"},
				"west": {"uv": [0, 0, 16, 16], "texture": "#white"},
				"up": {"uv": [0, 0, 16, 16], "texture": "#white"},
				"down": {"uv": [0, 0, 16, 16], "texture": "#white"}
			}
		},
		{
			"from": [9.5, 10, -4.5],
			"to": [10.5, 10.5, -3],
			"faces": {
				"north": {"uv": [0, 0, 16, 16], "texture": "#red"},
				"east": {"uv": [0, 0, 16, 16], "texture": "#red"},
				"south": {"uv": [0, 0, 16, 16], "texture": "#red"},
				"west": {"uv": [0, 0, 16, 16], "texture": "#red"},
				"up": {"uv": [0, 0, 16, 16], "texture": "#red"},
				"down": {"uv": [0, 0, 16, 16], "texture": "#red"}
			}
		},
		{
			"from": [9.5, 10.5, -9.5],
			"to": [10.5, 11, -8.5],
			"faces": {
				"north": {"uv": [0, 0, 16, 16], "texture": "#red"},
				"east": {"uv": [0, 0, 16, 16], "texture": "#red"},
				"south": {"uv": [0, 0, 16, 16], "texture": "#red"},
				"west": {"uv": [0, 0, 16, 16], "texture": "#red"},
				"up": {"uv": [0, 0, 16, 16], "texture": "#red"},
				"down": {"uv": [0, 0, 16, 16], "texture": "#red"}
			}
		},
		{
			"from": [9.5, 10.5, -7],
			"to": [10.5, 11, -5.5],
			"faces": {
				"north": {"uv": [0, 0, 16, 16], "texture": "#red"},
				"east": {"uv": [0, 0, 16, 16], "texture": "#red"},
				"south": {"uv": [0, 0, 16, 16], "texture": "#red"},
				"west": {"uv": [0, 0, 16, 16], "texture": "#red"},
				"up": {"uv": [0, 0, 16, 16], "texture": "#red"},
				"down": {"uv": [0, 0, 16, 16], "texture": "#red"}
			}
		},
		{
			"from": [9.5, 10, -6],
			"to": [10.5, 10.5, -4.5],
			"faces": {
				"north": {"uv": [0, 0, 16, 16], "texture": "#white"},
				"east": {"uv": [0, 0, 16, 16], "texture": "#white"},
				"south": {"uv": [0, 0, 16, 16], "texture": "#white"},
				"west": {"uv": [0, 0, 16, 16], "texture": "#white"},
				"up": {"uv": [0, 0, 16, 16], "texture": "#white"},
				"down": {"uv": [0, 0, 16, 16], "texture": "#white"}
			}
		},
		{
			"from": [9.5, 10, -11],
			"to": [10.5, 10.5, -10.5],
			"faces": {
				"north": {"uv": [0, 0, 16, 16], "texture": "#white"},
				"east": {"uv": [0, 0, 16, 16], "texture": "#white"},
				"south": {"uv": [0, 0, 16, 16], "texture": "#white"},
				"west": {"uv": [0, 0, 16, 16], "texture": "#white"},
				"up": {"uv": [0, 0, 16, 16], "texture": "#white"},
				"down": {"uv": [0, 0, 16, 16], "texture": "#white"}
			}
		},
		{
			"from": [9.5, 10.5, -8.5],
			"to": [10.5, 11, -7],
			"faces": {
				"north": {"uv": [0, 0, 16, 16], "texture": "#white"},
				"east": {"uv": [0, 0, 16, 16], "texture": "#white"},
				"south": {"uv": [0, 0, 16, 16], "texture": "#white"},
				"west": {"uv": [0, 0, 16, 16], "texture": "#white"},
				"up": {"uv": [0, 0, 16, 16], "texture": "#white"},
				"down": {"uv": [0, 0, 16, 16], "texture": "#white"}
			}
		},
		{
			"from": [9.5, 10, -7.5],
			"to": [10.5, 10.5, -6],
			"faces": {
				"north": {"uv": [0, 0, 16, 16], "texture": "#red"},
				"east": {"uv": [0, 0, 16, 16], "texture": "#red"},
				"south": {"uv": [0, 0, 16, 16], "texture": "#red"},
				"west": {"uv": [0, 0, 16, 16], "texture": "#red"},
				"up": {"uv": [0, 0, 16, 16], "texture": "#red"},
				"down": {"uv": [0, 0, 16, 16], "texture": "#red"}
			}
		},
		{
			"from": [9.5, 10, -10.5],
			"to": [10.5, 10.5, -9],
			"faces": {
				"north": {"uv": [0, 0, 16, 16], "texture": "#red"},
				"east": {"uv": [0, 0, 16, 16], "texture": "#red"},
				"south": {"uv": [0, 0, 16, 16], "texture": "#red"},
				"west": {"uv": [0, 0, 16, 16], "texture": "#red"},
				"up": {"uv": [0, 0, 16, 16], "texture": "#red"},
				"down": {"uv": [0, 0, 16, 16], "texture": "#red"}
			}
		},
		{
			"from": [9.5, 10, -9],
			"to": [10.5, 10.5, -7.5],
			"faces": {
				"north": {"uv": [0, 0, 16, 16], "texture": "#white"},
				"east": {"uv": [0, 0, 16, 16], "texture": "#white"},
				"south": {"uv": [0, 0, 16, 16], "texture": "#white"},
				"west": {"uv": [0, 0, 16, 16], "texture": "#white"},
				"up": {"uv": [0, 0, 16, 16], "texture": "#white"},
				"down": {"uv": [0, 0, 16, 16], "texture": "#white"}
			}
		}
	],
	"display": {
		"thirdperson_righthand": {
			"rotation": [0, 180, -33],
			"translation": [0, 1.3913, 0],
			"scale": [0.2694, 0.2694, 0.2694]
		},
		"thirdperson_lefthand": {
			"rotation": [0, 0, 39],
			"translation": [0, 1.3913, 0],
			"scale": [0.2694, 0.2694, 0.2694]
		},
		"firstperson_righthand": {
			"scale": [0.7565, 0.5826, 0.5826]
		},
		"firstperson_lefthand": {
			"rotation": [0, 180, 0],
			"scale": [0.7565, 0.5826, 0.5826]
		},
		"ground": {
			"rotation": [0, 0, -80],
			"scale": [0.75, 0.75, 0.75]
		},
		"gui": {
			"rotation": [0, 90, 0],
			"scale": [0.339, 0.339, 0.339]
		},
		"head": {
			"rotation": [0, 90, 0],
			"translation": [0, -16.793, 7.6521],
			"scale": [1.6, 1.6, 1.6]
		},
		"fixed": {
			"rotation": [0, -90, 0],
			"scale": [0.4434, 0.4434, 0.4434]
		}
	}
}