{
	"credit": "Credit:  Ontvlambaar",
	"textures": {
		"0": "block/dark_oak_planks",
		"1": "block/gold_block",
		"2": "block/orange_concrete",
		"3": "block/red_concrete",
		"particle": "block/dark_oak_planks"
	},
	"elements": [
		{
			"from": [0, -4, 0],
			"to": [1, 4, 1],
			"rotation": {"angle": 0, "axis": "y", "origin": [8, 6, 8]},
			"faces": {
				"north": {"uv": [0, 0, 1, 8], "texture": "#0"},
				"east": {"uv": [0, 0, 1, 8], "texture": "#0"},
				"south": {"uv": [0, 0, 1, 8], "texture": "#0"},
				"west": {"uv": [0, 0, 1, 8], "texture": "#0"},
				"up": {"uv": [0, 0, 1, 1], "texture": "#0"},
				"down": {"uv": [0, 0, 1, 1], "texture": "#0"}
			}
		},
		{
			"from": [0, 16, 0],
			"to": [1, 22, 1],
			"rotation": {"angle": 0, "axis": "y", "origin": [8, 24, 8]},
			"faces": {
				"north": {"uv": [0, 0, 1, 6], "texture": "#0"},
				"east": {"uv": [0, 0, 1, 6], "texture": "#0"},
				"south": {"uv": [0, 0, 1, 6], "texture": "#0"},
				"west": {"uv": [0, 0, 1, 6], "texture": "#0"},
				"up": {"uv": [0, 0, 1, 1], "texture": "#0"},
				"down": {"uv": [0, 0, 1, 1], "texture": "#0"}
			}
		},
		{
			"from": [-1, 22, -3.5],
			"to": [0.5, 23.5, -2],
			"rotation": {"angle": -22.5, "axis": "x", "origin": [7, 30, 5]},
			"faces": {
				"north": {"uv": [0, 0, 1.5, 1.5], "texture": "#2"},
				"east": {"uv": [0, 0, 1.5, 1.5], "texture": "#2"},
				"south": {"uv": [0, 0, 1.5, 1.5], "texture": "#2"},
				"west": {"uv": [0, 0, 1.5, 1.5], "texture": "#2"},
				"up": {"uv": [0, 0, 1.5, 1.5], "texture": "#2"},
				"down": {"uv": [0, 0, 1.5, 1.5], "texture": "#2"}
			}
		},
		{
			"from": [-1, 16.5, 1],
			"to": [0.5, 18, 2.5],
			"rotation": {"angle": 22.5, "axis": "x", "origin": [7, 25, 9]},
			"faces": {
				"north": {"uv": [0, 0, 1.5, 1.5], "texture": "#3"},
				"east": {"uv": [0, 0, 1.5, 1.5], "texture": "#3"},
				"south": {"uv": [0, 0, 1.5, 1.5], "texture": "#3"},
				"west": {"uv": [0, 0, 1.5, 1.5], "texture": "#3"},
				"up": {"uv": [0, 0, 1.5, 1.5], "texture": "#3"},
				"down": {"uv": [0, 0, 1.5, 1.5], "texture": "#3"}
			}
		},
		{
			"from": [1, 6, 0],
			"to": [2, 14, 1],
			"rotation": {"angle": 0, "axis": "y", "origin": [9, 14, 8]},
			"faces": {
				"north": {"uv": [0, 0, 1, 8], "texture": "#0"},
				"east": {"uv": [0, 0, 1, 8], "texture": "#0"},
				"south": {"uv": [0, 0, 1, 8], "texture": "#0"},
				"west": {"uv": [0, 0, 1, 8], "texture": "#0"},
				"up": {"uv": [0, 0, 1, 1], "texture": "#0"},
				"down": {"uv": [0, 0, 1, 1], "texture": "#0"}
			}
		},
		{
			"from": [2.4, 0, 0],
			"to": [3.4, 3, 1],
			"rotation": {"angle": -22.5, "axis": "z", "origin": [10, 8, 8]},
			"faces": {
				"north": {"uv": [0, 0, 1, 3], "texture": "#0"},
				"east": {"uv": [0, 0, 1, 3], "texture": "#0"},
				"south": {"uv": [0, 0, 1, 3], "texture": "#0"},
				"west": {"uv": [0, 0, 1, 3], "texture": "#0"},
				"up": {"uv": [0, 0, 1, 1], "texture": "#0"},
				"down": {"uv": [0, 0, 1, 1], "texture": "#0"}
			}
		},
		{
			"from": [2.4, 18, 0],
			"to": [3.4, 21, 1],
			"rotation": {"angle": -22.5, "axis": "z", "origin": [10, 26, 8]},
			"faces": {
				"north": {"uv": [0, 0, 1, 3], "texture": "#0"},
				"east": {"uv": [0, 0, 1, 3], "texture": "#0"},
				"south": {"uv": [0, 0, 1, 3], "texture": "#0"},
				"west": {"uv": [0, 0, 1, 3], "texture": "#0"},
				"up": {"uv": [0, 0, 1, 1], "texture": "#0"},
				"down": {"uv": [0, 0, 1, 1], "texture": "#0"}
			}
		},
		{
			"from": [2.4, 17, 0],
			"to": [3.4, 20, 1],
			"rotation": {"angle": 22.5, "axis": "z", "origin": [10, 12, 8]},
			"faces": {
				"north": {"uv": [0, 3, 1, 6], "texture": "#0"},
				"east": {"uv": [0, 3, 1, 6], "texture": "#0"},
				"south": {"uv": [0, 3, 1, 6], "texture": "#0"},
				"west": {"uv": [0, 3, 1, 6], "texture": "#0"},
				"up": {"uv": [0, 1, 1, 2], "texture": "#0"},
				"down": {"uv": [0, 1, 1, 2], "texture": "#0"}
			}
		},
		{
			"from": [2.4, 27, 0],
			"to": [3.4, 31, 1],
			"rotation": {"angle": 22.5, "axis": "z", "origin": [10, 22, 8]},
			"faces": {
				"north": {"uv": [0, 3, 1, 7], "texture": "#0"},
				"east": {"uv": [0, 3, 1, 7], "texture": "#0"},
				"south": {"uv": [0, 3, 1, 7], "texture": "#0"},
				"west": {"uv": [0, 3, 1, 7], "texture": "#0"},
				"up": {"uv": [0, 1, 1, 2], "texture": "#0"},
				"down": {"uv": [0, 1, 1, 2], "texture": "#0"}
			}
		},
		{
			"from": [-0.1, 21, -0.1],
			"to": [1.1, 21.3, 1.1],
			"rotation": {"angle": 0, "axis": "y", "origin": [8, 29, 8]},
			"faces": {
				"north": {"uv": [0, 0, 1.2, 0.3], "texture": "#1"},
				"east": {"uv": [0, 0, 1.2, 0.3], "texture": "#1"},
				"south": {"uv": [0, 0, 1.2, 0.3], "texture": "#1"},
				"west": {"uv": [0, 0, 1.2, 0.3], "texture": "#1"},
				"up": {"uv": [0, 0, 1.2, 1.2], "texture": "#1"},
				"down": {"uv": [0, 0, 1.2, 1.2], "texture": "#1"}
			}
		}
	],
	"display": {
		"thirdperson_righthand": {
			"rotation": [55, -129, 0],
			"translation": [-9.75, -3.5, 0]
		},
		"thirdperson_lefthand": {
			"rotation": [55, 18, 0],
			"translation": [-3.75, -10.75, 3]
		},
		"firstperson_righthand": {
			"rotation": [-20, 0, 0],
			"translation": [14, 0, 0]
		},
		"firstperson_lefthand": {
			"rotation": [-20, 0, 0],
			"translation": [3.75, 0, 0]
		},
		"ground": {
			"rotation": [-80, 72, 0],
			"translation": [0, -6.25, 0]
		},
		"gui": {
			"rotation": [-16, 41, 22],
			"translation": [8, -0.5, 0],
			"scale": [0.55, 0.55, 0.6]
		},
		"head": {
			"rotation": [0, 0, 26],
			"translation": [10.75, -18.25, 15],
			"scale": [1.5, 1.5, 1.5]
		},
		"fixed": {
			"translation": [11.5, 0, 12.75],
			"scale": [1.7, 1.7, 1.7]
		}
	}
}