{"textures":{"particle":"block/e_particle","texture":"block/anvil","texture1":"block/smooth_stone","texture2":"block/red_terracotta","texture3":"block/blue_concrete","texture4":"block/yellow_concrete","texture5":"block/lime_concrete","texture6":"block/white_concrete","texture7":"block/orange_concrete"},"elements":[{"from":[1.5,4,1],"to":[2.5,9,3],"faces":{"down":{"uv":[1.5,13,2.5,15],"texture":"#texture"},"up":{"uv":[1.5,1,2.5,3],"texture":"#texture"},"north":{"uv":[13.5,7,14.5,12],"texture":"#texture"},"south":{"uv":[1.5,7,2.5,12],"texture":"#texture"},"west":{"uv":[1,7,3,12],"texture":"#texture"},"east":{"uv":[13,7,15,12],"texture":"#texture"}}},{"from":[1,4,1.5],"to":[1.5,9,2.5],"faces":{"down":{"uv":[1,13.5,1.5,14.5],"texture":"#texture"},"up":{"uv":[1,1.5,1.5,2.5],"texture":"#texture"},"north":{"uv":[14.5,6,15,11],"texture":"#texture"},"south":{"uv":[1,6,1.5,11],"texture":"#texture"},"west":{"uv":[1.5,6,2.5,11],"texture":"#texture"},"east":{"uv":[13.5,6,14.5,11],"texture":"#texture"}}},{"from":[2.5,4,1.5],"to":[3,9,2.5],"faces":{"down":{"uv":[2.5,13.5,3,14.5],"texture":"#texture"},"up":{"uv":[2.5,1.5,3,2.5],"texture":"#texture"},"north":{"uv":[13,6,13.5,11],"texture":"#texture"},"south":{"uv":[2.5,6,3,11],"texture":"#texture"},"west":{"uv":[1.5,6,2.5,11],"texture":"#texture"},"east":{"uv":[13.5,6,14.5,11],"texture":"#texture"}}},{"from":[1.5,4,13],"to":[2.5,9,15],"faces":{"down":{"uv":[1.5,1,2.5,3],"texture":"#texture"},"up":{"uv":[1.5,13,2.5,15],"texture":"#texture"},"north":{"uv":[13.5,6,14.5,11],"texture":"#texture"},"south":{"uv":[1.5,6,2.5,11],"texture":"#texture"},"west":{"uv":[13,6,15,11],"texture":"#texture"},"east":{"uv":[1,6,3,11],"texture":"#texture"}}},{"from":[1,4,13.5],"to":[1.5,9,14.5],"faces":{"down":{"uv":[1,13.5,1.5,14.5],"texture":"#texture"},"up":{"uv":[1,1.5,1.5,2.5],"texture":"#texture"},"north":{"uv":[14.5,6,15,11],"texture":"#texture"},"south":{"uv":[1,6,1.5,11],"texture":"#texture"},"west":{"uv":[1.5,6,2.5,11],"texture":"#texture"},"east":{"uv":[13.5,6,14.5,11],"texture":"#texture"}}},{"from":[2.5,4,13.5],"to":[3,9,14.5],"faces":{"down":{"uv":[2.5,13.5,3,14.5],"texture":"#texture"},"up":{"uv":[2.5,1.5,3,2.5],"texture":"#texture"},"north":{"uv":[13,6,13.5,11],"texture":"#texture"},"south":{"uv":[2.5,6,3,11],"texture":"#texture"},"west":{"uv":[1.5,6,2.5,11],"texture":"#texture"},"east":{"uv":[13.5,6,14.5,11],"texture":"#texture"}}},{"from":[1.5,4,9],"to":[2.5,9,11],"faces":{"down":{"uv":[1.5,5,2.5,7],"texture":"#texture"},"up":{"uv":[1.5,9,2.5,11],"texture":"#texture"},"north":{"uv":[13.5,6,14.5,11],"texture":"#texture"},"south":{"uv":[1.5,6,2.5,11],"texture":"#texture"},"west":{"uv":[9,6,11,11],"texture":"#texture"},"east":{"uv":[5,6,7,11],"texture":"#texture"}}},{"from":[1,4,9.5],"to":[1.5,9,10.5],"faces":{"down":{"uv":[1,1.5,1.5,2.5],"texture":"#texture"},"up":{"uv":[1,13.5,1.5,14.5],"texture":"#texture"},"north":{"uv":[14.5,6,15,11],"texture":"#texture"},"south":{"uv":[1,6,1.5,11],"texture":"#texture"},"west":{"uv":[13.5,6,14.5,11],"texture":"#texture"},"east":{"uv":[1.5,6,2.5,11],"texture":"#texture"}}},{"from":[2.5,4,9.5],"to":[3,9,10.5],"faces":{"down":{"uv":[2.5,1.5,3,2.5],"texture":"#texture"},"up":{"uv":[2.5,13.5,3,14.5],"texture":"#texture"},"north":{"uv":[13,6,13.5,11],"texture":"#texture"},"south":{"uv":[2.5,6,3,11],"texture":"#texture"},"west":{"uv":[13.5,6,14.5,11],"texture":"#texture"},"east":{"uv":[1.5,6,2.5,11],"texture":"#texture"}}},{"from":[1.5,4,5],"to":[2.5,9,7],"faces":{"down":{"uv":[1.5,9,2.5,11],"texture":"#texture"},"up":{"uv":[1.5,5,2.5,7],"texture":"#texture"},"north":{"uv":[13.5,6,14.5,11],"texture":"#texture"},"south":{"uv":[1.5,6,2.5,11],"texture":"#texture"},"west":{"uv":[5,6,7,11],"texture":"#texture"},"east":{"uv":[9,6,11,11],"texture":"#texture"}}},{"from":[1,4,5.5],"to":[1.5,9,6.5],"faces":{"down":{"uv":[1,5.5,1.5,6.5],"texture":"#texture"},"up":{"uv":[1,9.5,1.5,10.5],"texture":"#texture"},"north":{"uv":[14.5,6,15,11],"texture":"#texture"},"south":{"uv":[1,6,1.5,11],"texture":"#texture"},"west":{"uv":[9.5,6,10.5,11],"texture":"#texture"},"east":{"uv":[5.5,6,6.5,11],"texture":"#texture"}}},{"from":[2.5,4,5.5],"to":[3,9,6.5],"faces":{"down":{"uv":[2.5,5.5,3,6.5],"texture":"#texture"},"up":{"uv":[2.5,9.5,3,10.5],"texture":"#texture"},"north":{"uv":[13,6,13.5,11],"texture":"#texture"},"south":{"uv":[2.5,6,3,11],"texture":"#texture"},"west":{"uv":[9.5,6,10.5,11],"texture":"#texture"},"east":{"uv":[5.5,6,6.5,11],"texture":"#texture"}}},{"from":[-0.5,7,0],"to":[0.5,13,16],"faces":{"down":{"uv":[0,0,0.5,16],"texture":"#texture1"},"up":{"uv":[0,0,0.5,16],"texture":"#texture1"},"north":{"uv":[15.5,3,16,9],"texture":"#texture1"},"south":{"uv":[0,3,0.5,9],"texture":"#texture1"},"west":{"uv":[0,3,16,9],"texture":"#texture1"},"east":{"uv":[0,3,16,9],"texture":"#texture1"}}},{"from":[-1,7.5,0.5],"to":[-0.5,9,1],"faces":{"down":{"uv":[15,15,15.5,15.5],"texture":"#texture2"},"up":{"uv":[15,0.5,15.5,1],"texture":"#texture2"},"north":{"uv":[0.5,7,1,8.5],"texture":"#texture2"},"south":{"uv":[15,7,15.5,8.5],"texture":"#texture2"},"west":{"uv":[0.5,7,1,8.5],"texture":"#texture2"},"east":{"uv":[15,7,15.5,8.5],"texture":"#texture2"}}},{"from":[-1,11,4.5],"to":[-0.5,12.5,7.5],"faces":{"down":{"uv":[15,8.5,15.5,11.5],"texture":"#texture5"},"up":{"uv":[15,4.5,15.5,7.5],"texture":"#texture5"},"north":{"uv":[0.5,3.5,1,5],"texture":"#texture5"},"south":{"uv":[15,3.5,15.5,5],"texture":"#texture5"},"west":{"uv":[4.5,3.5,7.5,5],"texture":"#texture5"},"east":{"uv":[8.5,3.5,11.5,5],"texture":"#texture5"}}},{"from":[-1,8.5,8.5],"to":[-0.5,11.5,11.5],"faces":{"down":{"uv":[15,4.5,15.5,7.5],"texture":"#texture7"},"up":{"uv":[15,8.5,15.5,11.5],"texture":"#texture7"},"north":{"uv":[0.5,4.5,1,7.5],"texture":"#texture7"},"south":{"uv":[15,4.5,15.5,7.5],"texture":"#texture7"},"west":{"uv":[8.5,4.5,11.5,7.5],"texture":"#texture7"},"east":{"uv":[4.5,4.5,7.5,7.5],"texture":"#texture7"}}},{"from":[-1,7.5,4.5],"to":[-0.5,9,7.5],"faces":{"down":{"uv":[15,8.5,15.5,11.5],"texture":"#texture3"},"up":{"uv":[15,4.5,15.5,7.5],"texture":"#texture3"},"north":{"uv":[0.5,7,1,8.5],"texture":"#texture3"},"south":{"uv":[15,7,15.5,8.5],"texture":"#texture3"},"west":{"uv":[4.5,7,7.5,8.5],"texture":"#texture3"},"east":{"uv":[8.5,7,11.5,8.5],"texture":"#texture3"}}},{"from":[-1,9,6.5],"to":[-0.5,9.5,7.5],"faces":{"down":{"uv":[15,8.5,15.5,9.5],"texture":"#texture3"},"up":{"uv":[15,6.5,15.5,7.5],"texture":"#texture3"},"north":{"uv":[0.5,6.5,1,7],"texture":"#texture3"},"south":{"uv":[15,6.5,15.5,7],"texture":"#texture3"},"west":{"uv":[6.5,6.5,7.5,7],"texture":"#texture3"},"east":{"uv":[8.5,6.5,9.5,7],"texture":"#texture3"}}},{"from":[-1,9,4.5],"to":[-0.5,9.5,5.5],"faces":{"down":{"uv":[15,10.5,15.5,11.5],"texture":"#texture5"},"up":{"uv":[15,4.5,15.5,5.5],"texture":"#texture5"},"north":{"uv":[0.5,6.5,1,7],"texture":"#texture5"},"south":{"uv":[15,6.5,15.5,7],"texture":"#texture5"},"west":{"uv":[4.5,6.5,5.5,7],"texture":"#texture5"},"east":{"uv":[10.5,6.5,11.5,7],"texture":"#texture5"}}},{"from":[-1,9,5.5],"to":[-0.5,11,6.5],"faces":{"down":{"uv":[15,9.5,15.5,10.5],"texture":"#texture4"},"up":{"uv":[15,5.5,15.5,6.5],"texture":"#texture4"},"north":{"uv":[0.5,5,1,7],"texture":"#texture4"},"south":{"uv":[15,5,15.5,7],"texture":"#texture4"},"west":{"uv":[5.5,5,6.5,7],"texture":"#texture4"},"east":{"uv":[9.5,5,10.5,7],"texture":"#texture4"}}},{"from":[-1,9,0.5],"to":[-0.5,10,1],"faces":{"down":{"uv":[15,15,15.5,15.5],"texture":"#texture6"},"up":{"uv":[15,0.5,15.5,1],"texture":"#texture6"},"north":{"uv":[0.5,6,1,7],"texture":"#texture6"},"south":{"uv":[15,6,15.5,7],"texture":"#texture6"},"west":{"uv":[0.5,6,1,7],"texture":"#texture6"},"east":{"uv":[15,6,15.5,7],"texture":"#texture6"}}},{"from":[-1,9.5,1],"to":[-0.5,10,1.5],"faces":{"down":{"uv":[15,14.5,15.5,15],"texture":"#texture6"},"up":{"uv":[15,1,15.5,1.5],"texture":"#texture6"},"north":{"uv":[0.5,6,1,6.5],"texture":"#texture6"},"south":{"uv":[15,6,15.5,6.5],"texture":"#texture6"},"west":{"uv":[1,6,1.5,6.5],"texture":"#texture6"},"east":{"uv":[14.5,6,15,6.5],"texture":"#texture6"}}},{"from":[-1,10,1.5],"to":[-0.5,10.5,2.5],"faces":{"down":{"uv":[15,13.5,15.5,14.5],"texture":"#texture6"},"up":{"uv":[15,1.5,15.5,2.5],"texture":"#texture6"},"north":{"uv":[0.5,5.5,1,6],"texture":"#texture6"},"south":{"uv":[15,5.5,15.5,6],"texture":"#texture6"},"west":{"uv":[1.5,5.5,2.5,6],"texture":"#texture6"},"east":{"uv":[13.5,5.5,14.5,6],"texture":"#texture6"}}},{"from":[-1,10.5,2.5],"to":[-0.5,11,3],"faces":{"down":{"uv":[15,13,15.5,13.5],"texture":"#texture6"},"up":{"uv":[15,2.5,15.5,3],"texture":"#texture6"},"north":{"uv":[0.5,5,1,5.5],"texture":"#texture6"},"south":{"uv":[15,5,15.5,5.5],"texture":"#texture6"},"west":{"uv":[2.5,5,3,5.5],"texture":"#texture6"},"east":{"uv":[13,5,13.5,5.5],"texture":"#texture6"}}},{"from":[-1,7.5,1],"to":[-0.5,9.5,1.5],"faces":{"down":{"uv":[15,14.5,15.5,15],"texture":"#texture2"},"up":{"uv":[15,1,15.5,1.5],"texture":"#texture2"},"north":{"uv":[0.5,6.5,1,8.5],"texture":"#texture2"},"south":{"uv":[15,6.5,15.5,8.5],"texture":"#texture2"},"west":{"uv":[1,6.5,1.5,8.5],"texture":"#texture2"},"east":{"uv":[14.5,6.5,15,8.5],"texture":"#texture2"}}},{"from":[-1,7.5,1.5],"to":[-0.5,10,2.5],"faces":{"down":{"uv":[15,13.5,15.5,14.5],"texture":"#texture2"},"up":{"uv":[15,1.5,15.5,2.5],"texture":"#texture2"},"north":{"uv":[0.5,6,1,8.5],"texture":"#texture2"},"south":{"uv":[15,6,15.5,8.5],"texture":"#texture2"},"west":{"uv":[1.5,6,2.5,8.5],"texture":"#texture2"},"east":{"uv":[13.5,6,14.5,8.5],"texture":"#texture2"}}},{"from":[-1,7.5,2.5],"to":[-0.5,10.5,3.5],"faces":{"down":{"uv":[15,12.5,15.5,13.5],"texture":"#texture2"},"up":{"uv":[15,2.5,15.5,3.5],"texture":"#texture2"},"north":{"uv":[0.5,5.5,1,8.5],"texture":"#texture2"},"south":{"uv":[15,5.5,15.5,8.5],"texture":"#texture2"},"west":{"uv":[2.5,5.5,3.5,8.5],"texture":"#texture2"},"east":{"uv":[12.5,5.5,13.5,8.5],"texture":"#texture2"}}},{"from":[-1,10.5,3],"to":[-0.5,11.5,3.5],"faces":{"down":{"uv":[15,12.5,15.5,13],"texture":"#texture6"},"up":{"uv":[15,3,15.5,3.5],"texture":"#texture6"},"north":{"uv":[0.5,4.5,1,5.5],"texture":"#texture6"},"south":{"uv":[15,4.5,15.5,5.5],"texture":"#texture6"},"west":{"uv":[3,4.5,3.5,5.5],"texture":"#texture6"},"east":{"uv":[12.5,4.5,13,5.5],"texture":"#texture6"}}},{"from":[-1,11.5,3],"to":[-0.5,12.5,3.5],"faces":{"down":{"uv":[15,12.5,15.5,13],"texture":"#texture2"},"up":{"uv":[15,3,15.5,3.5],"texture":"#texture2"},"north":{"uv":[0.5,3.5,1,4.5],"texture":"#texture2"},"south":{"uv":[15,3.5,15.5,4.5],"texture":"#texture2"},"west":{"uv":[3,3.5,3.5,4.5],"texture":"#texture2"},"east":{"uv":[12.5,3.5,13,4.5],"texture":"#texture2"}}},{"from":[-1,10.5,1.5],"to":[-0.5,12.5,2.5],"faces":{"down":{"uv":[15,13.5,15.5,14.5],"texture":"#texture2"},"up":{"uv":[15,1.5,15.5,2.5],"texture":"#texture2"},"north":{"uv":[0.5,3.5,1,5.5],"texture":"#texture2"},"south":{"uv":[15,3.5,15.5,5.5],"texture":"#texture2"},"west":{"uv":[1.5,3.5,2.5,5.5],"texture":"#texture2"},"east":{"uv":[13.5,3.5,14.5,5.5],"texture":"#texture2"}}},{"from":[-1,10,0.5],"to":[-0.5,12.5,1.5],"faces":{"down":{"uv":[15,14.5,15.5,15.5],"texture":"#texture2"},"up":{"uv":[15,0.5,15.5,1.5],"texture":"#texture2"},"north":{"uv":[0.5,3.5,1,6],"texture":"#texture2"},"south":{"uv":[15,3.5,15.5,6],"texture":"#texture2"},"west":{"uv":[0.5,3.5,1.5,6],"texture":"#texture2"},"east":{"uv":[14.5,3.5,15.5,6],"texture":"#texture2"}}},{"from":[-1,11,2.5],"to":[-0.5,12.5,3],"faces":{"down":{"uv":[15,13,15.5,13.5],"texture":"#texture2"},"up":{"uv":[15,2.5,15.5,3],"texture":"#texture2"},"north":{"uv":[0.5,3.5,1,5],"texture":"#texture2"},"south":{"uv":[15,3.5,15.5,5],"texture":"#texture2"},"west":{"uv":[2.5,3.5,3,5],"texture":"#texture2"},"east":{"uv":[13,3.5,13.5,5],"texture":"#texture2"}}},{"from":[-1,9.5,5],"to":[-0.5,10.5,5.5],"faces":{"down":{"uv":[15,10.5,15.5,11],"texture":"#texture4"},"up":{"uv":[15,5,15.5,5.5],"texture":"#texture4"},"north":{"uv":[0.5,5.5,1,6.5],"texture":"#texture4"},"south":{"uv":[15,5.5,15.5,6.5],"texture":"#texture4"},"west":{"uv":[5,5.5,5.5,6.5],"texture":"#texture4"},"east":{"uv":[10.5,5.5,11,6.5],"texture":"#texture4"}}},{"from":[-1,9.5,6.5],"to":[-0.5,10.5,7],"faces":{"down":{"uv":[15,9,15.5,9.5],"texture":"#texture4"},"up":{"uv":[15,6.5,15.5,7],"texture":"#texture4"},"north":{"uv":[0.5,5.5,1,6.5],"texture":"#texture4"},"south":{"uv":[15,5.5,15.5,6.5],"texture":"#texture4"},"west":{"uv":[6.5,5.5,7,6.5],"texture":"#texture4"},"east":{"uv":[9,5.5,9.5,6.5],"texture":"#texture4"}}},{"from":[-1,10.5,4.5],"to":[-0.5,11,5.5],"faces":{"down":{"uv":[15,10.5,15.5,11.5],"texture":"#texture5"},"up":{"uv":[15,4.5,15.5,5.5],"texture":"#texture5"},"north":{"uv":[0.5,5,1,5.5],"texture":"#texture5"},"south":{"uv":[15,5,15.5,5.5],"texture":"#texture5"},"west":{"uv":[4.5,5,5.5,5.5],"texture":"#texture5"},"east":{"uv":[10.5,5,11.5,5.5],"texture":"#texture5"}}},{"from":[-1,9.5,4.5],"to":[-0.5,10.5,5],"faces":{"down":{"uv":[15,11,15.5,11.5],"texture":"#texture5"},"up":{"uv":[15,4.5,15.5,5],"texture":"#texture5"},"north":{"uv":[0.5,5.5,1,6.5],"texture":"#texture5"},"south":{"uv":[15,5.5,15.5,6.5],"texture":"#texture5"},"west":{"uv":[4.5,5.5,5,6.5],"texture":"#texture5"},"east":{"uv":[11,5.5,11.5,6.5],"texture":"#texture5"}}},{"from":[-1,10.5,6.5],"to":[-0.5,11,7.5],"faces":{"down":{"uv":[15,8.5,15.5,9.5],"texture":"#texture3"},"up":{"uv":[15,6.5,15.5,7.5],"texture":"#texture3"},"north":{"uv":[0.5,5,1,5.5],"texture":"#texture3"},"south":{"uv":[15,5,15.5,5.5],"texture":"#texture3"},"west":{"uv":[6.5,5,7.5,5.5],"texture":"#texture3"},"east":{"uv":[8.5,5,9.5,5.5],"texture":"#texture3"}}},{"from":[-1,9.5,7],"to":[-0.5,10.5,7.5],"faces":{"down":{"uv":[15,8.5,15.5,9],"texture":"#texture3"},"up":{"uv":[15,7,15.5,7.5],"texture":"#texture3"},"north":{"uv":[0.5,5.5,1,6.5],"texture":"#texture3"},"south":{"uv":[15,5.5,15.5,6.5],"texture":"#texture3"},"west":{"uv":[7,5.5,7.5,6.5],"texture":"#texture3"},"east":{"uv":[8.5,5.5,9,6.5],"texture":"#texture3"}}},{"from":[-1,11.5,10],"to":[-0.5,12,11.5],"faces":{"down":{"uv":[15,4.5,15.5,6],"texture":"#texture7"},"up":{"uv":[15,10,15.5,11.5],"texture":"#texture7"},"north":{"uv":[0.5,4,1,4.5],"texture":"#texture7"},"south":{"uv":[15,4,15.5,4.5],"texture":"#texture7"},"west":{"uv":[10,4,11.5,4.5],"texture":"#texture7"},"east":{"uv":[4.5,4,6,4.5],"texture":"#texture7"}}},{"from":[-1,11.5,8.5],"to":[-0.5,12,10],"faces":{"down":{"uv":[15,6,15.5,7.5],"texture":"#texture4"},"up":{"uv":[15,8.5,15.5,10],"texture":"#texture4"},"north":{"uv":[0.5,4,1,4.5],"texture":"#texture4"},"south":{"uv":[15,4,15.5,4.5],"texture":"#texture4"},"west":{"uv":[8.5,4,10,4.5],"texture":"#texture4"},"east":{"uv":[6,4,7.5,4.5],"texture":"#texture4"}}},{"from":[-1,12,8.5],"to":[-0.5,12.5,11.5],"faces":{"down":{"uv":[15,4.5,15.5,7.5],"texture":"#texture4"},"up":{"uv":[15,8.5,15.5,11.5],"texture":"#texture4"},"north":{"uv":[0.5,3.5,1,4],"texture":"#texture4"},"south":{"uv":[15,3.5,15.5,4],"texture":"#texture4"},"west":{"uv":[8.5,3.5,11.5,4],"texture":"#texture4"},"east":{"uv":[4.5,3.5,7.5,4],"texture":"#texture4"}}},{"from":[-1,7.5,8.5],"to":[-0.5,8,10],"faces":{"down":{"uv":[15,6,15.5,7.5],"texture":"#texture2"},"up":{"uv":[15,8.5,15.5,10],"texture":"#texture2"},"north":{"uv":[0.5,8,1,8.5],"texture":"#texture2"},"south":{"uv":[15,8,15.5,8.5],"texture":"#texture2"},"west":{"uv":[8.5,8,10,8.5],"texture":"#texture2"},"east":{"uv":[6,8,7.5,8.5],"texture":"#texture2"}}},{"from":[-1,8,8.5],"to":[-0.5,8.5,10],"faces":{"down":{"uv":[15,6,15.5,7.5],"texture":"#texture7"},"up":{"uv":[15,8.5,15.5,10],"texture":"#texture7"},"north":{"uv":[0.5,7.5,1,8],"texture":"#texture7"},"south":{"uv":[15,7.5,15.5,8],"texture":"#texture7"},"west":{"uv":[8.5,7.5,10,8],"texture":"#texture7"},"east":{"uv":[6,7.5,7.5,8],"texture":"#texture7"}}},{"from":[-1,7.5,10],"to":[-0.5,8.5,11.5],"faces":{"down":{"uv":[15,4.5,15.5,6],"texture":"#texture2"},"up":{"uv":[15,10,15.5,11.5],"texture":"#texture2"},"north":{"uv":[0.5,7.5,1,8.5],"texture":"#texture2"},"south":{"uv":[15,7.5,15.5,8.5],"texture":"#texture2"},"west":{"uv":[10,7.5,11.5,8.5],"texture":"#texture2"},"east":{"uv":[4.5,7.5,6,8.5],"texture":"#texture2"}}},{"from":[-1,9,12.5],"to":[-0.5,9.5,13.5],"faces":{"down":{"uv":[15,2.5,15.5,3.5],"texture":"#texture6"},"up":{"uv":[15,12.5,15.5,13.5],"texture":"#texture6"},"north":{"uv":[0.5,6.5,1,7],"texture":"#texture6"},"south":{"uv":[15,6.5,15.5,7],"texture":"#texture6"},"west":{"uv":[12.5,6.5,13.5,7],"texture":"#texture6"},"east":{"uv":[2.5,6.5,3.5,7],"texture":"#texture6"}}},{"from":[-1,7.5,12.5],"to":[-0.5,9,15.5],"faces":{"down":{"uv":[15,8.5,15.5,11.5],"texture":"#texture3"},"up":{"uv":[15,4.5,15.5,7.5],"texture":"#texture3"},"north":{"uv":[0.5,7,1,8.5],"texture":"#texture3"},"south":{"uv":[15,7,15.5,8.5],"texture":"#texture3"},"west":{"uv":[4.5,7,7.5,8.5],"texture":"#texture3"},"east":{"uv":[8.5,7,11.5,8.5],"texture":"#texture3"}}},{"from":[-1,9.5,12.5],"to":[-0.5,10.5,13],"faces":{"down":{"uv":[15,11,15.5,11.5],"texture":"#texture6"},"up":{"uv":[15,4.5,15.5,5],"texture":"#texture6"},"north":{"uv":[0.5,5.5,1,6.5],"texture":"#texture6"},"south":{"uv":[15,5.5,15.5,6.5],"texture":"#texture6"},"west":{"uv":[4.5,5.5,5,6.5],"texture":"#texture6"},"east":{"uv":[11,5.5,11.5,6.5],"texture":"#texture6"}}},{"from":[-1,9,13.5],"to":[-0.5,11,14.5],"faces":{"down":{"uv":[15,9.5,15.5,10.5],"texture":"#texture2"},"up":{"uv":[15,5.5,15.5,6.5],"texture":"#texture2"},"north":{"uv":[0.5,5,1,7],"texture":"#texture2"},"south":{"uv":[15,5,15.5,7],"texture":"#texture2"},"west":{"uv":[5.5,5,6.5,7],"texture":"#texture2"},"east":{"uv":[9.5,5,10.5,7],"texture":"#texture2"}}},{"from":[-1,9.5,13],"to":[-0.5,10.5,13.5],"faces":{"down":{"uv":[15,10.5,15.5,11],"texture":"#texture2"},"up":{"uv":[15,5,15.5,5.5],"texture":"#texture2"},"north":{"uv":[0.5,5.5,1,6.5],"texture":"#texture2"},"south":{"uv":[15,5.5,15.5,6.5],"texture":"#texture2"},"west":{"uv":[5,5.5,5.5,6.5],"texture":"#texture2"},"east":{"uv":[10.5,5.5,11,6.5],"texture":"#texture2"}}},{"from":[-1,9.5,14.5],"to":[-0.5,10.5,15],"faces":{"down":{"uv":[15,9,15.5,9.5],"texture":"#texture2"},"up":{"uv":[15,6.5,15.5,7],"texture":"#texture2"},"north":{"uv":[0.5,5.5,1,6.5],"texture":"#texture2"},"south":{"uv":[15,5.5,15.5,6.5],"texture":"#texture2"},"west":{"uv":[6.5,5.5,7,6.5],"texture":"#texture2"},"east":{"uv":[9,5.5,9.5,6.5],"texture":"#texture2"}}},{"from":[-1,10.5,14.5],"to":[-0.5,11,15.5],"faces":{"down":{"uv":[15,8.5,15.5,9.5],"texture":"#texture6"},"up":{"uv":[15,6.5,15.5,7.5],"texture":"#texture6"},"north":{"uv":[0.5,5,1,5.5],"texture":"#texture6"},"south":{"uv":[15,5,15.5,5.5],"texture":"#texture6"},"west":{"uv":[6.5,5,7.5,5.5],"texture":"#texture6"},"east":{"uv":[8.5,5,9.5,5.5],"texture":"#texture6"}}},{"from":[-1,9.5,15],"to":[-0.5,10.5,15.5],"faces":{"down":{"uv":[15,8.5,15.5,9],"texture":"#texture6"},"up":{"uv":[15,7,15.5,7.5],"texture":"#texture6"},"north":{"uv":[0.5,5.5,1,6.5],"texture":"#texture6"},"south":{"uv":[15,5.5,15.5,6.5],"texture":"#texture6"},"west":{"uv":[7,5.5,7.5,6.5],"texture":"#texture6"},"east":{"uv":[8.5,5.5,9,6.5],"texture":"#texture6"}}},{"from":[-1,9,14.5],"to":[-0.5,9.5,15.5],"faces":{"down":{"uv":[15,8.5,15.5,9.5],"texture":"#texture3"},"up":{"uv":[15,6.5,15.5,7.5],"texture":"#texture3"},"north":{"uv":[0.5,6.5,1,7],"texture":"#texture3"},"south":{"uv":[15,6.5,15.5,7],"texture":"#texture3"},"west":{"uv":[6.5,6.5,7.5,7],"texture":"#texture3"},"east":{"uv":[8.5,6.5,9.5,7],"texture":"#texture3"}}},{"from":[-1,11,12.5],"to":[-0.5,12.5,15.5],"faces":{"down":{"uv":[15,8.5,15.5,11.5],"texture":"#texture3"},"up":{"uv":[15,4.5,15.5,7.5],"texture":"#texture3"},"north":{"uv":[0.5,3.5,1,5],"texture":"#texture3"},"south":{"uv":[15,3.5,15.5,5],"texture":"#texture3"},"west":{"uv":[4.5,3.5,7.5,5],"texture":"#texture3"},"east":{"uv":[8.5,3.5,11.5,5],"texture":"#texture3"}}},{"from":[-1,10.5,12.5],"to":[-0.5,11,13.5],"faces":{"down":{"uv":[15,10.5,15.5,11.5],"texture":"#texture3"},"up":{"uv":[15,4.5,15.5,5.5],"texture":"#texture3"},"north":{"uv":[0.5,5,1,5.5],"texture":"#texture3"},"south":{"uv":[15,5,15.5,5.5],"texture":"#texture3"},"west":{"uv":[4.5,5,5.5,5.5],"texture":"#texture3"},"east":{"uv":[10.5,5,11.5,5.5],"texture":"#texture3"}}},{"from":[-0.5,14,0],"to":[2,16.5,16],"faces":{"down":{"uv":[0,0,2,16],"texture":"#texture1"},"up":{"uv":[0,0,2,16],"texture":"#texture1"},"north":{"uv":[14,0,16,2],"texture":"#texture1"},"south":{"uv":[0,0,2,2],"texture":"#texture1"},"west":{"uv":[0,0,16,2],"texture":"#texture1"},"east":{"uv":[0,0,16,2],"texture":"#texture1"}}},{"from":[-0.5,16.5,0.5],"to":[1.5,18,1],"faces":{"down":{"uv":[0,15,1.5,15.5],"texture":"#texture1"},"up":{"uv":[0,0.5,1.5,1],"texture":"#texture1"},"north":{"uv":[14.5,14,16,15.5],"texture":"#texture1"},"south":{"uv":[0,14,1.5,15.5],"texture":"#texture1"},"west":{"uv":[0.5,14,1,15.5],"texture":"#texture1"},"east":{"uv":[15,14,15.5,15.5],"texture":"#texture1"}}},{"from":[-0.5,16.5,15],"to":[1.5,18,15.5],"faces":{"down":{"uv":[0,0.5,1.5,1],"texture":"#texture1"},"up":{"uv":[0,15,1.5,15.5],"texture":"#texture1"},"north":{"uv":[14.5,14,16,15.5],"texture":"#texture1"},"south":{"uv":[0,14,1.5,15.5],"texture":"#texture1"},"west":{"uv":[15,14,15.5,15.5],"texture":"#texture1"},"east":{"uv":[0.5,14,1,15.5],"texture":"#texture1"}}},{"from":[-0.5,18,1],"to":[1.5,18.532,1.5],"faces":{"down":{"uv":[0,14.5,1.5,15],"texture":"#texture1"},"up":{"uv":[0,1,1.5,1.5],"texture":"#texture1"},"north":{"uv":[14.5,13.468,16,14],"texture":"#texture1"},"south":{"uv":[0,13.468,1.5,14],"texture":"#texture1"},"west":{"uv":[1,13.468,1.5,14],"texture":"#texture1"},"east":{"uv":[14.5,13.468,15,14],"texture":"#texture1"}}},{"from":[-0.5,18.5,1.5],"to":[1.5,19.032,2.5],"faces":{"down":{"uv":[0,13.5,1.5,14.5],"texture":"#texture1"},"up":{"uv":[0,1.5,1.5,2.5],"texture":"#texture1"},"north":{"uv":[14.5,12.968,16,13.5],"texture":"#texture1"},"south":{"uv":[0,12.968,1.5,13.5],"texture":"#texture1"},"west":{"uv":[1.5,12.968,2.5,13.5],"texture":"#texture1"},"east":{"uv":[13.5,12.968,14.5,13.5],"texture":"#texture1"}}},{"from":[-0.5,19,2.5],"to":[1.5,19.532,4],"faces":{"down":{"uv":[0,12,1.5,13.5],"texture":"#texture1"},"up":{"uv":[0,2.5,1.5,4],"texture":"#texture1"},"north":{"uv":[14.5,12.468,16,13],"texture":"#texture1"},"south":{"uv":[0,12.468,1.5,13],"texture":"#texture1"},"west":{"uv":[2.5,12.468,4,13],"texture":"#texture1"},"east":{"uv":[12,12.468,13.5,13],"texture":"#texture1"}}},{"from":[-0.5,18.5,13.5],"to":[1.5,19.032,14.5],"faces":{"down":{"uv":[0,1.5,1.5,2.5],"texture":"#texture1"},"up":{"uv":[0,13.5,1.5,14.5],"texture":"#texture1"},"north":{"uv":[14.5,12.968,16,13.5],"texture":"#texture1"},"south":{"uv":[0,12.968,1.5,13.5],"texture":"#texture1"},"west":{"uv":[13.5,12.968,14.5,13.5],"texture":"#texture1"},"east":{"uv":[1.5,12.968,2.5,13.5],"texture":"#texture1"}}},{"from":[-0.5,18,14.5],"to":[1.5,18.532,15],"faces":{"down":{"uv":[0,1,1.5,1.5],"texture":"#texture1"},"up":{"uv":[0,14.5,1.5,15],"texture":"#texture1"},"north":{"uv":[14.5,13.468,16,14],"texture":"#texture1"},"south":{"uv":[0,13.468,1.5,14],"texture":"#texture1"},"west":{"uv":[14.5,13.468,15,14],"texture":"#texture1"},"east":{"uv":[1,13.468,1.5,14],"texture":"#texture1"}}},{"from":[-0.5,19,12],"to":[1.5,19.532,13.5],"faces":{"down":{"uv":[0,2.5,1.5,4],"texture":"#texture1"},"up":{"uv":[0,12,1.5,13.5],"texture":"#texture1"},"north":{"uv":[14.5,12.468,16,13],"texture":"#texture1"},"south":{"uv":[0,12.468,1.5,13],"texture":"#texture1"},"west":{"uv":[12,12.468,13.5,13],"texture":"#texture1"},"east":{"uv":[2.5,12.468,4,13],"texture":"#texture1"}}},{"from":[-0.5,19.5,4],"to":[1.5,20.032,6],"faces":{"down":{"uv":[0,10,1.5,12],"texture":"#texture1"},"up":{"uv":[0,4,1.5,6],"texture":"#texture1"},"north":{"uv":[14.5,11.968,16,12.5],"texture":"#texture1"},"south":{"uv":[0,11.968,1.5,12.5],"texture":"#texture1"},"west":{"uv":[4,11.968,6,12.5],"texture":"#texture1"},"east":{"uv":[10,11.968,12,12.5],"texture":"#texture1"}}},{"from":[-0.5,19.5,10],"to":[1.5,20.032,12],"faces":{"down":{"uv":[0,4,1.5,6],"texture":"#texture1"},"up":{"uv":[0,10,1.5,12],"texture":"#texture1"},"north":{"uv":[14.5,11.968,16,12.5],"texture":"#texture1"},"south":{"uv":[0,11.968,1.5,12.5],"texture":"#texture1"},"west":{"uv":[10,11.968,12,12.5],"texture":"#texture1"},"east":{"uv":[4,11.968,6,12.5],"texture":"#texture1"}}},{"from":[-0.5,20,6],"to":[1.5,20.532,10],"faces":{"down":{"uv":[0,6,1.5,10],"texture":"#texture1"},"up":{"uv":[0,6,1.5,10],"texture":"#texture1"},"north":{"uv":[14.5,11.468,16,12],"texture":"#texture1"},"south":{"uv":[0,11.468,1.5,12],"texture":"#texture1"},"west":{"uv":[6,11.468,10,12],"texture":"#texture1"},"east":{"uv":[6,11.468,10,12],"texture":"#texture1"}}},{"from":[0,16.5,1],"to":[0.5,18,1.5],"faces":{"down":{"uv":[0,14.5,0.5,15],"texture":"#texture2"},"up":{"uv":[0,1,0.5,1.5],"texture":"#texture2"},"north":{"uv":[15.5,14,16,15.5],"texture":"#texture2"},"south":{"uv":[0,14,0.5,15.5],"texture":"#texture2"},"west":{"uv":[1,14,1.5,15.5],"texture":"#texture2"},"east":{"uv":[14.5,14,15,15.5],"texture":"#texture2"}}},{"from":[0,16.5,1.5],"to":[0.5,18.5,2.5],"faces":{"down":{"uv":[0.5,13.5,1,14.5],"texture":"#texture2"},"up":{"uv":[0.5,1.5,1,2.5],"texture":"#texture2"},"north":{"uv":[15,13.5,15.5,15.5],"texture":"#texture2"},"south":{"uv":[0.5,13.5,1,15.5],"texture":"#texture2"},"west":{"uv":[1.5,13.5,2.5,15.5],"texture":"#texture2"},"east":{"uv":[13.5,13.5,14.5,15.5],"texture":"#texture2"}}},{"from":[0,16.5,2.5],"to":[0.5,19,4],"faces":{"down":{"uv":[0.5,12,1,13.5],"texture":"#texture2"},"up":{"uv":[0.5,2.5,1,4],"texture":"#texture2"},"north":{"uv":[15,13,15.5,15.5],"texture":"#texture2"},"south":{"uv":[0.5,13,1,15.5],"texture":"#texture2"},"west":{"uv":[2.5,13,4,15.5],"texture":"#texture2"},"east":{"uv":[12,13,13.5,15.5],"texture":"#texture2"}}},{"from":[0,16.5,4],"to":[0.5,19.5,6],"faces":{"down":{"uv":[0.5,10,1,12],"texture":"#texture2"},"up":{"uv":[0.5,4,1,6],"texture":"#texture2"},"north":{"uv":[15,12.5,15.5,15.5],"texture":"#texture2"},"south":{"uv":[0.5,12.5,1,15.5],"texture":"#texture2"},"west":{"uv":[4,12.5,6,15.5],"texture":"#texture2"},"east":{"uv":[10,12.5,12,15.5],"texture":"#texture2"}}},{"from":[0,16.5,6],"to":[0.5,20,10],"faces":{"down":{"uv":[0.5,6,1,10],"texture":"#texture2"},"up":{"uv":[0.5,6,1,10],"texture":"#texture2"},"north":{"uv":[15,12,15.5,15.5],"texture":"#texture2"},"south":{"uv":[0.5,12,1,15.5],"texture":"#texture2"},"west":{"uv":[6,12,10,15.5],"texture":"#texture2"},"east":{"uv":[6,12,10,15.5],"texture":"#texture2"}}},{"from":[0,16.5,10],"to":[0.5,19.5,12],"faces":{"down":{"uv":[0.5,4,1,6],"texture":"#texture2"},"up":{"uv":[0.5,10,1,12],"texture":"#texture2"},"north":{"uv":[15,12.5,15.5,15.5],"texture":"#texture2"},"south":{"uv":[0.5,12.5,1,15.5],"texture":"#texture2"},"west":{"uv":[10,12.5,12,15.5],"texture":"#texture2"},"east":{"uv":[4,12.5,6,15.5],"texture":"#texture2"}}},{"from":[0,16.5,12],"to":[0.5,19,13.5],"faces":{"down":{"uv":[0.5,2.5,1,4],"texture":"#texture2"},"up":{"uv":[0.5,12,1,13.5],"texture":"#texture2"},"north":{"uv":[15,13,15.5,15.5],"texture":"#texture2"},"south":{"uv":[0.5,13,1,15.5],"texture":"#texture2"},"west":{"uv":[12,13,13.5,15.5],"texture":"#texture2"},"east":{"uv":[2.5,13,4,15.5],"texture":"#texture2"}}},{"from":[0,16.5,13.5],"to":[0.5,18.5,14.5],"faces":{"down":{"uv":[0.5,1.5,1,2.5],"texture":"#texture2"},"up":{"uv":[0.5,13.5,1,14.5],"texture":"#texture2"},"north":{"uv":[15,13.5,15.5,15.5],"texture":"#texture2"},"south":{"uv":[0.5,13.5,1,15.5],"texture":"#texture2"},"west":{"uv":[13.5,13.5,14.5,15.5],"texture":"#texture2"},"east":{"uv":[1.5,13.5,2.5,15.5],"texture":"#texture2"}}},{"from":[0,16.5,14.5],"to":[0.5,18,15],"faces":{"down":{"uv":[0.5,1,1,1.5],"texture":"#texture2"},"up":{"uv":[0.5,14.5,1,15],"texture":"#texture2"},"north":{"uv":[15,14,15.5,15.5],"texture":"#texture2"},"south":{"uv":[0.5,14,1,15.5],"texture":"#texture2"},"west":{"uv":[14.5,14,15,15.5],"texture":"#texture2"},"east":{"uv":[1,14,1.5,15.5],"texture":"#texture2"}}},{"from":[-0.5,0,0],"to":[8,1,16],"faces":{"down":{"uv":[0,0,8,16],"texture":"#texture1"},"up":{"uv":[0,0,8,16],"texture":"#texture1"},"north":{"uv":[8,15,16,16],"texture":"#texture1"},"south":{"uv":[0,15,8,16],"texture":"#texture1"},"west":{"uv":[0,15,16,16],"texture":"#texture1"},"east":{"uv":[0,15,16,16],"texture":"#texture1"}}}],"display":{"fixed":{"rotation":[0,-90,0],"translation":[0,0,18.086],"scale":[2,2,2]}}}