{
	"credit": "Credit:  Ontvlambaar",
	"textures": {
		"0": "block/yellow_concrete_powder",
		"1": "block/gold_block",
		"particle": "block/yellow_concrete_powder"
	},
	"elements": [
		{
			"from": [0.7, 0, 0.7],
			"to": [1.3, 22, 1.3],
			"faces": {
				"north": {"uv": [6, 0, 7, 16], "texture": "#0"},
				"east": {"uv": [7, 0, 8, 16], "texture": "#0"},
				"south": {"uv": [6, 0, 7, 16], "texture": "#0"},
				"west": {"uv": [8, 0, 9, 16], "texture": "#0"},
				"up": {"uv": [0, 0, 1, 1], "texture": "#0"},
				"down": {"uv": [6, 0, 7, 1], "texture": "#0"}
			}
		},
		{
			"from": [0.7, 15.7, 3],
			"to": [1.3, 16.1, 4],
			"rotation": {"angle": 22.5, "axis": "x", "origin": [8, 23, 17]},
			"faces": {
				"north": {"uv": [0, 0, 1, 1], "rotation": 180, "texture": "#0"},
				"east": {"uv": [7, 0, 8, 16], "rotation": 90, "texture": "#0"},
				"south": {"uv": [6, 0, 7, 1], "texture": "#0"},
				"west": {"uv": [8, 0, 9, 16], "rotation": 270, "texture": "#0"},
				"up": {"uv": [6, 0, 7, 16], "texture": "#0"},
				"down": {"uv": [6, 0, 7, 16], "rotation": 180, "texture": "#0"}
			}
		},
		{
			"from": [-2, 15.7, 0.7],
			"to": [-0.5, 16.1, 1.3],
			"rotation": {"angle": 22.5, "axis": "z", "origin": [-15, 23, 8]},
			"faces": {
				"north": {"uv": [8, 0, 9, 16], "rotation": 270, "texture": "#0"},
				"east": {"uv": [0, 0, 1, 1], "rotation": 180, "texture": "#0"},
				"south": {"uv": [7, 0, 8, 16], "rotation": 90, "texture": "#0"},
				"west": {"uv": [6, 0, 7, 1], "texture": "#0"},
				"up": {"uv": [6, 0, 7, 16], "rotation": 90, "texture": "#0"},
				"down": {"uv": [6, 0, 7, 16], "rotation": 90, "texture": "#0"}
			}
		},
		{
			"from": [0.7, 16.9, 3.5],
			"to": [1.3, 17.3, 5],
			"rotation": {"angle": -22.5, "axis": "x", "origin": [8, 10, -9]},
			"faces": {
				"north": {"uv": [6, 0, 7, 1], "rotation": 180, "texture": "#0"},
				"east": {"uv": [7, 0, 8, 16], "rotation": 270, "texture": "#0"},
				"south": {"uv": [0, 0, 1, 1], "texture": "#0"},
				"west": {"uv": [8, 0, 9, 16], "rotation": 90, "texture": "#0"},
				"up": {"uv": [6, 0, 7, 16], "rotation": 180, "texture": "#0"},
				"down": {"uv": [6, 0, 7, 16], "texture": "#0"}
			}
		},
		{
			"from": [-3, 16.9, 0.7],
			"to": [-1.5, 17.3, 1.3],
			"rotation": {"angle": -22.5, "axis": "z", "origin": [11, 10, 8]},
			"faces": {
				"north": {"uv": [8, 0, 9, 16], "rotation": 90, "texture": "#0"},
				"east": {"uv": [6, 0, 7, 1], "rotation": 180, "texture": "#0"},
				"south": {"uv": [7, 0, 8, 16], "rotation": 270, "texture": "#0"},
				"west": {"uv": [0, 0, 1, 1], "texture": "#0"},
				"up": {"uv": [6, 0, 7, 16], "rotation": 270, "texture": "#0"},
				"down": {"uv": [6, 0, 7, 16], "rotation": 270, "texture": "#0"}
			}
		},
		{
			"from": [0.75, -0.5, 0.75],
			"to": [1.25, 0.5, 1.25],
			"rotation": {"angle": 0, "axis": "y", "origin": [8, 6, 9]},
			"faces": {
				"north": {"uv": [0, 0, 0.5, 1], "texture": "#0"},
				"east": {"uv": [0, 0, 0.5, 1], "texture": "#0"},
				"south": {"uv": [0, 0, 0.5, 1], "texture": "#0"},
				"west": {"uv": [0, 0, 0.5, 1], "texture": "#0"},
				"up": {"uv": [0, 0, 0.5, 0.5], "texture": "#0"},
				"down": {"uv": [0, 0, 0.5, 0.5], "texture": "#0"}
			}
		},
		{
			"from": [-0.3, 22.5, 0.5],
			"to": [0, 23.5, 1.5],
			"rotation": {"angle": 0, "axis": "y", "origin": [-8, 31, -6]},
			"faces": {
				"north": {"uv": [1, 1, 2, 2.3], "rotation": 90, "texture": "#1"},
				"east": {"uv": [1, 1, 2, 4], "texture": "#1"},
				"south": {"uv": [1, 1, 2, 3.3], "rotation": 270, "texture": "#1"},
				"west": {"uv": [1, 1, 2, 4], "rotation": 180, "texture": "#1"},
				"up": {"uv": [1, 1, 2, 2.3], "rotation": 270, "texture": "#1"},
				"down": {"uv": [1, 1, 2, 2.3], "rotation": 270, "texture": "#1"}
			}
		},
		{
			"from": [2, 22.5, 0.5],
			"to": [2.3, 23.5, 1.5],
			"rotation": {"angle": 0, "axis": "y", "origin": [-5, 31, -6]},
			"faces": {
				"north": {"uv": [1, 1, 2, 2.3], "rotation": 90, "texture": "#1"},
				"east": {"uv": [1, 1, 2, 4], "texture": "#1"},
				"south": {"uv": [1, 1, 2, 3.3], "rotation": 270, "texture": "#1"},
				"west": {"uv": [1, 1, 2, 4], "rotation": 180, "texture": "#1"},
				"up": {"uv": [1, 1, 2, 2.3], "rotation": 270, "texture": "#1"},
				"down": {"uv": [1, 1, 2, 2.3], "rotation": 270, "texture": "#1"}
			}
		},
		{
			"from": [0, 22, 0],
			"to": [2, 24, 2],
			"rotation": {"angle": 0, "axis": "y", "origin": [8, 30, 8]},
			"faces": {
				"north": {"uv": [1, 1, 2, 2.3], "texture": "#1"},
				"east": {"uv": [1, 1, 2, 4], "texture": "#1"},
				"south": {"uv": [1, 1, 2, 3.3], "texture": "#1"},
				"west": {"uv": [1, 1, 2, 4], "texture": "#1"},
				"up": {"uv": [1, 1, 2, 2.3], "texture": "#1"},
				"down": {"uv": [1, 1, 2, 2.3], "texture": "#1"}
			}
		},
		{
			"from": [0.2, 24, 0.2],
			"to": [1.8, 24.2, 1.8],
			"rotation": {"angle": 0, "axis": "y", "origin": [8, 32, 8]},
			"faces": {
				"north": {"uv": [1, 1, 2, 2.3], "texture": "#1"},
				"east": {"uv": [1, 1, 2, 4], "texture": "#1"},
				"south": {"uv": [1, 1, 2, 3.3], "texture": "#1"},
				"west": {"uv": [1, 1, 2, 4], "texture": "#1"},
				"up": {"uv": [1, 1, 2, 2.3], "texture": "#1"},
				"down": {"uv": [1, 1, 2, 2.3], "texture": "#1"}
			}
		},
		{
			"from": [0.2, 21.8, 0.2],
			"to": [1.8, 22, 1.8],
			"rotation": {"angle": 0, "axis": "y", "origin": [8, 29, 8]},
			"faces": {
				"north": {"uv": [1, 1, 2, 2.3], "texture": "#1"},
				"east": {"uv": [1, 1, 2, 4], "texture": "#1"},
				"south": {"uv": [1, 1, 2, 3.3], "texture": "#1"},
				"west": {"uv": [1, 1, 2, 4], "texture": "#1"},
				"up": {"uv": [1, 1, 2, 2.3], "texture": "#1"},
				"down": {"uv": [1, 1, 2, 2.3], "texture": "#1"}
			}
		},
		{
			"from": [0.2, 22.2, 2],
			"to": [1.8, 23.8, 2.2],
			"rotation": {"angle": 0, "axis": "y", "origin": [-6, 30, 10]},
			"faces": {
				"north": {"uv": [1, 1, 2, 2.3], "texture": "#1"},
				"east": {"uv": [1, 1, 2, 4], "texture": "#1"},
				"south": {"uv": [1, 1, 2, 3.3], "texture": "#1"},
				"west": {"uv": [1, 1, 2, 4], "texture": "#1"},
				"up": {"uv": [1, 1, 2, 2.3], "rotation": 90, "texture": "#1"},
				"down": {"uv": [1, 1, 2, 2.3], "rotation": 270, "texture": "#1"}
			}
		},
		{
			"from": [0.2, 22.2, -0.2],
			"to": [1.8, 23.8, 0],
			"rotation": {"angle": 0, "axis": "y", "origin": [-6, 30, 8]},
			"faces": {
				"north": {"uv": [1, 1, 2, 2.3], "texture": "#1"},
				"east": {"uv": [1, 1, 2, 4], "texture": "#1"},
				"south": {"uv": [1, 1, 2, 3.3], "texture": "#1"},
				"west": {"uv": [1, 1, 2, 4], "texture": "#1"},
				"up": {"uv": [1, 1, 2, 2.3], "rotation": 90, "texture": "#1"},
				"down": {"uv": [1, 1, 2, 2.3], "rotation": 270, "texture": "#1"}
			}
		},
		{
			"from": [2, 22.2, 0.2],
			"to": [2.2, 23.8, 1.8],
			"rotation": {"angle": 0, "axis": "y", "origin": [10, 30, 8]},
			"faces": {
				"north": {"uv": [1, 1, 2, 2.3], "texture": "#1"},
				"east": {"uv": [1, 1, 2, 4], "texture": "#1"},
				"south": {"uv": [1, 1, 2, 3.3], "texture": "#1"},
				"west": {"uv": [1, 1, 2, 4], "texture": "#1"},
				"up": {"uv": [1, 1, 2, 2.3], "texture": "#1"},
				"down": {"uv": [1, 1, 2, 2.3], "texture": "#1"}
			}
		},
		{
			"from": [-0.2, 22.2, 0.2],
			"to": [0, 23.8, 1.8],
			"rotation": {"angle": 0, "axis": "y", "origin": [8, 30, 8]},
			"faces": {
				"north": {"uv": [1, 1, 2, 2.3], "texture": "#1"},
				"east": {"uv": [1, 1, 2, 4], "texture": "#1"},
				"south": {"uv": [1, 1, 2, 3.3], "texture": "#1"},
				"west": {"uv": [1, 1, 2, 4], "texture": "#1"},
				"up": {"uv": [1, 1, 2, 2.3], "texture": "#1"},
				"down": {"uv": [1, 1, 2, 2.3], "texture": "#1"}
			}
		},
		{
			"from": [0.5, 24, 0.5],
			"to": [1.5, 24.3, 1.5],
			"rotation": {"angle": 0, "axis": "y", "origin": [8, 32, 8]},
			"faces": {
				"north": {"uv": [1, 1, 2, 2.3], "texture": "#1"},
				"east": {"uv": [1, 1, 2, 4], "texture": "#1"},
				"south": {"uv": [1, 1, 2, 3.3], "texture": "#1"},
				"west": {"uv": [1, 1, 2, 4], "texture": "#1"},
				"up": {"uv": [1, 1, 2, 2.3], "texture": "#1"},
				"down": {"uv": [1, 1, 2, 2.3], "texture": "#1"}
			}
		},
		{
			"from": [0.5, 21.7, 0.5],
			"to": [1.5, 22, 1.5],
			"rotation": {"angle": 0, "axis": "y", "origin": [8, 29, 8]},
			"faces": {
				"north": {"uv": [1, 1, 2, 2.3], "texture": "#1"},
				"east": {"uv": [1, 1, 2, 4], "texture": "#1"},
				"south": {"uv": [1, 1, 2, 3.3], "texture": "#1"},
				"west": {"uv": [1, 1, 2, 4], "texture": "#1"},
				"up": {"uv": [1, 1, 2, 2.3], "texture": "#1"},
				"down": {"uv": [1, 1, 2, 2.3], "texture": "#1"}
			}
		},
		{
			"from": [0.5, 22.5, 2],
			"to": [1.5, 23.5, 2.3],
			"rotation": {"angle": 0, "axis": "y", "origin": [8, 32, 10]},
			"faces": {
				"north": {"uv": [1, 1, 2, 2.3], "rotation": 180, "texture": "#1"},
				"east": {"uv": [1, 1, 2, 4], "rotation": 270, "texture": "#1"},
				"south": {"uv": [1, 1, 2, 3.3], "texture": "#1"},
				"west": {"uv": [1, 1, 2, 4], "rotation": 90, "texture": "#1"},
				"up": {"uv": [1, 1, 2, 2.3], "rotation": 180, "texture": "#1"},
				"down": {"uv": [1, 1, 2, 2.3], "texture": "#1"}
			}
		},
		{
			"from": [0.5, 22.5, -0.3],
			"to": [1.5, 23.5, 0],
			"rotation": {"angle": 0, "axis": "y", "origin": [8, 32, 7]},
			"faces": {
				"north": {"uv": [1, 1, 2, 2.3], "rotation": 180, "texture": "#1"},
				"east": {"uv": [1, 1, 2, 4], "rotation": 270, "texture": "#1"},
				"south": {"uv": [1, 1, 2, 3.3], "texture": "#1"},
				"west": {"uv": [1, 1, 2, 4], "rotation": 90, "texture": "#1"},
				"up": {"uv": [1, 1, 2, 2.3], "rotation": 180, "texture": "#1"},
				"down": {"uv": [1, 1, 2, 2.3], "texture": "#1"}
			}
		}
	],
	"display": {
		"thirdperson_righthand": {
			"rotation": [61, 0, 0],
			"translation": [6.75, -10.25, -0.75]
		},
		"thirdperson_lefthand": {
			"rotation": [61, 0, 0],
			"translation": [-7, -10.25, -0.75]
		},
		"firstperson_righthand": {
			"rotation": [-15, 27, 0],
			"translation": [14, 0, 0]
		},
		"firstperson_lefthand": {
			"rotation": [-11, 26, 0],
			"translation": [9.5, 0, 0]
		},
		"ground": {
			"rotation": [0, 0, 90],
			"translation": [0, 4.5, 0]
		},
		"gui": {
			"rotation": [12, 39, 22],
			"translation": [7.25, 0, 0],
			"scale": [0.7, 0.7, 0.7]
		},
		"head": {
			"rotation": [0, 0, 27],
			"translation": [9.5, -15.25, 14],
			"scale": [1.5, 1.5, 1.5]
		},
		"fixed": {
			"translation": [10.25, 0, 11],
			"scale": [1.5, 1.5, 1.5]
		}
	},
	"groups": [0, 1, 2, 3, 4, 5,
		{
			"name": "Ball",
			"origin": [8, 37, 7],
			"children": [6, 7, 8, 9, 10, 11, 12, 13, 14, 15, 16, 17, 18]
		}
	]
}