{
	"credit": "Credit:  Ontvlambaar",
	"textures": {
		"0": "block/yellow_concrete_powder",
		"1": "block/gold_block",
		"2": "block/orange_concrete",
		"3": "block/black_wool",
		"4": "block/pink_concrete",
		"particle": "block/yellow_concrete_powder"
	},
	"elements": [
		{
			"from": [0.7, 0, 0.7],
			"to": [1.3, 22, 1.3],
			"faces": {
				"north": {"uv": [6, 0, 7, 16], "texture": "#0"},
				"east": {"uv": [7, 0, 8, 16], "texture": "#0"},
				"south": {"uv": [6, 0, 7, 16], "texture": "#0"},
				"west": {"uv": [8, 0, 9, 16], "texture": "#0"},
				"up": {"uv": [0, 0, 1, 1], "texture": "#0"},
				"down": {"uv": [6, 0, 7, 1], "texture": "#0"}
			}
		},
		{
			"from": [0.7, 15.7, 3],
			"to": [1.3, 16.1, 4],
			"rotation": {"angle": 22.5, "axis": "x", "origin": [8, 23, 17]},
			"faces": {
				"north": {"uv": [0, 0, 1, 1], "rotation": 180, "texture": "#0"},
				"east": {"uv": [7, 0, 8, 16], "rotation": 90, "texture": "#0"},
				"south": {"uv": [6, 0, 7, 1], "texture": "#0"},
				"west": {"uv": [8, 0, 9, 16], "rotation": 270, "texture": "#0"},
				"up": {"uv": [6, 0, 7, 16], "texture": "#0"},
				"down": {"uv": [6, 0, 7, 16], "rotation": 180, "texture": "#0"}
			}
		},
		{
			"from": [-2, 15.7, 0.7],
			"to": [-0.5, 16.1, 1.3],
			"rotation": {"angle": 22.5, "axis": "z", "origin": [-15, 23, 8]},
			"faces": {
				"north": {"uv": [8, 0, 9, 16], "rotation": 270, "texture": "#0"},
				"east": {"uv": [0, 0, 1, 1], "rotation": 180, "texture": "#0"},
				"south": {"uv": [7, 0, 8, 16], "rotation": 90, "texture": "#0"},
				"west": {"uv": [6, 0, 7, 1], "texture": "#0"},
				"up": {"uv": [6, 0, 7, 16], "rotation": 90, "texture": "#0"},
				"down": {"uv": [6, 0, 7, 16], "rotation": 90, "texture": "#0"}
			}
		},
		{
			"from": [0.7, 16.9, 3.5],
			"to": [1.3, 17.3, 5],
			"rotation": {"angle": -22.5, "axis": "x", "origin": [8, 10, -9]},
			"faces": {
				"north": {"uv": [6, 0, 7, 1], "rotation": 180, "texture": "#0"},
				"east": {"uv": [7, 0, 8, 16], "rotation": 270, "texture": "#0"},
				"south": {"uv": [0, 0, 1, 1], "texture": "#0"},
				"west": {"uv": [8, 0, 9, 16], "rotation": 90, "texture": "#0"},
				"up": {"uv": [6, 0, 7, 16], "rotation": 180, "texture": "#0"},
				"down": {"uv": [6, 0, 7, 16], "texture": "#0"}
			}
		},
		{
			"from": [-3, 16.9, 0.7],
			"to": [-1.5, 17.3, 1.3],
			"rotation": {"angle": -22.5, "axis": "z", "origin": [11, 10, 8]},
			"faces": {
				"north": {"uv": [8, 0, 9, 16], "rotation": 90, "texture": "#0"},
				"east": {"uv": [6, 0, 7, 1], "rotation": 180, "texture": "#0"},
				"south": {"uv": [7, 0, 8, 16], "rotation": 270, "texture": "#0"},
				"west": {"uv": [0, 0, 1, 1], "texture": "#0"},
				"up": {"uv": [6, 0, 7, 16], "rotation": 270, "texture": "#0"},
				"down": {"uv": [6, 0, 7, 16], "rotation": 270, "texture": "#0"}
			}
		},
		{
			"from": [0.75, -0.5, 0.75],
			"to": [1.25, 0.5, 1.25],
			"rotation": {"angle": 0, "axis": "y", "origin": [8, 6, 9]},
			"faces": {
				"north": {"uv": [0, 0, 0.5, 1], "texture": "#0"},
				"east": {"uv": [0, 0, 0.5, 1], "texture": "#0"},
				"south": {"uv": [0, 0, 0.5, 1], "texture": "#0"},
				"west": {"uv": [0, 0, 0.5, 1], "texture": "#0"},
				"up": {"uv": [0, 0, 0.5, 0.5], "texture": "#0"},
				"down": {"uv": [0, 0, 0.5, 0.5], "texture": "#0"}
			}
		},
		{
			"from": [-0.3, 22.5, 0.5],
			"to": [0, 23.5, 1.5],
			"rotation": {"angle": 0, "axis": "y", "origin": [-8, 31, -6]},
			"faces": {
				"north": {"uv": [1, 1, 2, 2.3], "rotation": 90, "texture": "#1"},
				"east": {"uv": [1, 1, 2, 4], "texture": "#1"},
				"south": {"uv": [1, 1, 2, 3.3], "rotation": 270, "texture": "#1"},
				"west": {"uv": [1, 1, 2, 4], "rotation": 180, "texture": "#1"},
				"up": {"uv": [1, 1, 2, 2.3], "rotation": 270, "texture": "#1"},
				"down": {"uv": [1, 1, 2, 2.3], "rotation": 270, "texture": "#1"}
			}
		},
		{
			"from": [2, 22.5, 0.5],
			"to": [2.3, 23.5, 1.5],
			"rotation": {"angle": 0, "axis": "y", "origin": [-5, 31, -6]},
			"faces": {
				"north": {"uv": [1, 1, 2, 2.3], "rotation": 90, "texture": "#1"},
				"east": {"uv": [1, 1, 2, 4], "texture": "#1"},
				"south": {"uv": [1, 1, 2, 3.3], "rotation": 270, "texture": "#1"},
				"west": {"uv": [1, 1, 2, 4], "rotation": 180, "texture": "#1"},
				"up": {"uv": [1, 1, 2, 2.3], "rotation": 270, "texture": "#1"},
				"down": {"uv": [1, 1, 2, 2.3], "rotation": 270, "texture": "#1"}
			}
		},
		{
			"from": [0, 22, 0],
			"to": [2, 24, 2],
			"rotation": {"angle": 0, "axis": "y", "origin": [8, 30, 8]},
			"faces": {
				"north": {"uv": [1, 1, 2, 2.3], "texture": "#1"},
				"east": {"uv": [1, 1, 2, 4], "texture": "#1"},
				"south": {"uv": [1, 1, 2, 3.3], "texture": "#1"},
				"west": {"uv": [1, 1, 2, 4], "texture": "#1"},
				"up": {"uv": [1, 1, 2, 2.3], "texture": "#1"},
				"down": {"uv": [1, 1, 2, 2.3], "texture": "#1"}
			}
		},
		{
			"from": [0.2, 24, 0.2],
			"to": [1.8, 24.2, 1.8],
			"rotation": {"angle": 0, "axis": "y", "origin": [8, 32, 8]},
			"faces": {
				"north": {"uv": [1, 1, 2, 2.3], "texture": "#1"},
				"east": {"uv": [1, 1, 2, 4], "texture": "#1"},
				"south": {"uv": [1, 1, 2, 3.3], "texture": "#1"},
				"west": {"uv": [1, 1, 2, 4], "texture": "#1"},
				"up": {"uv": [1, 1, 2, 2.3], "texture": "#1"},
				"down": {"uv": [1, 1, 2, 2.3], "texture": "#1"}
			}
		},
		{
			"from": [0.2, 21.8, 0.2],
			"to": [1.8, 22, 1.8],
			"rotation": {"angle": 0, "axis": "y", "origin": [8, 29, 8]},
			"faces": {
				"north": {"uv": [1, 1, 2, 2.3], "texture": "#1"},
				"east": {"uv": [1, 1, 2, 4], "texture": "#1"},
				"south": {"uv": [1, 1, 2, 3.3], "texture": "#1"},
				"west": {"uv": [1, 1, 2, 4], "texture": "#1"},
				"up": {"uv": [1, 1, 2, 2.3], "texture": "#1"},
				"down": {"uv": [1, 1, 2, 2.3], "texture": "#1"}
			}
		},
		{
			"from": [0.2, 22.2, 2],
			"to": [1.8, 23.8, 2.2],
			"rotation": {"angle": 0, "axis": "y", "origin": [-6, 30, 10]},
			"faces": {
				"north": {"uv": [1, 1, 2, 2.3], "texture": "#1"},
				"east": {"uv": [1, 1, 2, 4], "texture": "#1"},
				"south": {"uv": [1, 1, 2, 3.3], "texture": "#1"},
				"west": {"uv": [1, 1, 2, 4], "texture": "#1"},
				"up": {"uv": [1, 1, 2, 2.3], "rotation": 90, "texture": "#1"},
				"down": {"uv": [1, 1, 2, 2.3], "rotation": 270, "texture": "#1"}
			}
		},
		{
			"from": [0.2, 22.2, -0.2],
			"to": [1.8, 23.8, 0],
			"rotation": {"angle": 0, "axis": "y", "origin": [-6, 30, 8]},
			"faces": {
				"north": {"uv": [1, 1, 2, 2.3], "texture": "#1"},
				"east": {"uv": [1, 1, 2, 4], "texture": "#1"},
				"south": {"uv": [1, 1, 2, 3.3], "texture": "#1"},
				"west": {"uv": [1, 1, 2, 4], "texture": "#1"},
				"up": {"uv": [1, 1, 2, 2.3], "rotation": 90, "texture": "#1"},
				"down": {"uv": [1, 1, 2, 2.3], "rotation": 270, "texture": "#1"}
			}
		},
		{
			"from": [2, 22.2, 0.2],
			"to": [2.2, 23.8, 1.8],
			"rotation": {"angle": 0, "axis": "y", "origin": [10, 30, 8]},
			"faces": {
				"north": {"uv": [1, 1, 2, 2.3], "texture": "#1"},
				"east": {"uv": [1, 1, 2, 4], "texture": "#1"},
				"south": {"uv": [1, 1, 2, 3.3], "texture": "#1"},
				"west": {"uv": [1, 1, 2, 4], "texture": "#1"},
				"up": {"uv": [1, 1, 2, 2.3], "texture": "#1"},
				"down": {"uv": [1, 1, 2, 2.3], "texture": "#1"}
			}
		},
		{
			"from": [-0.2, 22.2, 0.2],
			"to": [0, 23.8, 1.8],
			"rotation": {"angle": 0, "axis": "y", "origin": [8, 30, 8]},
			"faces": {
				"north": {"uv": [1, 1, 2, 2.3], "texture": "#1"},
				"east": {"uv": [1, 1, 2, 4], "texture": "#1"},
				"south": {"uv": [1, 1, 2, 3.3], "texture": "#1"},
				"west": {"uv": [1, 1, 2, 4], "texture": "#1"},
				"up": {"uv": [1, 1, 2, 2.3], "texture": "#1"},
				"down": {"uv": [1, 1, 2, 2.3], "texture": "#1"}
			}
		},
		{
			"from": [0.5, 24, 0.5],
			"to": [1.5, 24.3, 1.5],
			"rotation": {"angle": 0, "axis": "y", "origin": [8, 32, 8]},
			"faces": {
				"north": {"uv": [1, 1, 2, 2.3], "texture": "#1"},
				"east": {"uv": [1, 1, 2, 4], "texture": "#1"},
				"south": {"uv": [1, 1, 2, 3.3], "texture": "#1"},
				"west": {"uv": [1, 1, 2, 4], "texture": "#1"},
				"up": {"uv": [1, 1, 2, 2.3], "texture": "#1"},
				"down": {"uv": [1, 1, 2, 2.3], "texture": "#1"}
			}
		},
		{
			"from": [0.5, 21.7, 0.5],
			"to": [1.5, 22, 1.5],
			"rotation": {"angle": 0, "axis": "y", "origin": [8, 29, 8]},
			"faces": {
				"north": {"uv": [1, 1, 2, 2.3], "texture": "#1"},
				"east": {"uv": [1, 1, 2, 4], "texture": "#1"},
				"south": {"uv": [1, 1, 2, 3.3], "texture": "#1"},
				"west": {"uv": [1, 1, 2, 4], "texture": "#1"},
				"up": {"uv": [1, 1, 2, 2.3], "texture": "#1"},
				"down": {"uv": [1, 1, 2, 2.3], "texture": "#1"}
			}
		},
		{
			"from": [0.5, 22.5, 2],
			"to": [1.5, 23.5, 2.3],
			"rotation": {"angle": 0, "axis": "y", "origin": [8, 32, 10]},
			"faces": {
				"north": {"uv": [1, 1, 2, 2.3], "rotation": 180, "texture": "#1"},
				"east": {"uv": [1, 1, 2, 4], "rotation": 270, "texture": "#1"},
				"south": {"uv": [1, 1, 2, 3.3], "texture": "#1"},
				"west": {"uv": [1, 1, 2, 4], "rotation": 90, "texture": "#1"},
				"up": {"uv": [1, 1, 2, 2.3], "rotation": 180, "texture": "#1"},
				"down": {"uv": [1, 1, 2, 2.3], "texture": "#1"}
			}
		},
		{
			"from": [0.5, 22.5, -0.3],
			"to": [1.5, 23.5, 0],
			"rotation": {"angle": 0, "axis": "y", "origin": [8, 32, 7]},
			"faces": {
				"north": {"uv": [1, 1, 2, 2.3], "rotation": 180, "texture": "#1"},
				"east": {"uv": [1, 1, 2, 4], "rotation": 270, "texture": "#1"},
				"south": {"uv": [1, 1, 2, 3.3], "texture": "#1"},
				"west": {"uv": [1, 1, 2, 4], "rotation": 90, "texture": "#1"},
				"up": {"uv": [1, 1, 2, 2.3], "rotation": 180, "texture": "#1"},
				"down": {"uv": [1, 1, 2, 2.3], "texture": "#1"}
			}
		},
		{
			"from": [1.52, 24.22, 0.52],
			"to": [2.24, 24.4, 0.736],
			"rotation": {"angle": 0, "axis": "z", "origin": [4.4, 27.1, 2.4], "rescale": true},
			"faces": {
				"north": {"uv": [0, 0, 2, 0.5], "texture": "#2"},
				"east": {"uv": [0, 0, 0.6, 0.5], "texture": "#2"},
				"south": {"uv": [0, 0, 2, 0.5], "texture": "#2"},
				"west": {"uv": [0, 0, 0.6, 0.5], "texture": "#2"},
				"up": {"uv": [0, 0, 2, 0.6], "texture": "#2"},
				"down": {"uv": [0, 0, 2, 0.6], "texture": "#2"}
			}
		},
		{
			"from": [1.16, 24.22, 0.52],
			"to": [1.88, 24.4, 0.736],
			"rotation": {"angle": 0, "axis": "z", "origin": [4.4, 27.1, 2.4], "rescale": true},
			"faces": {
				"north": {"uv": [0, 0, 2, 0.5], "texture": "#2"},
				"east": {"uv": [0, 0, 0.6, 0.5], "texture": "#2"},
				"south": {"uv": [0, 0, 2, 0.5], "texture": "#2"},
				"west": {"uv": [0, 0, 0.6, 0.5], "texture": "#2"},
				"up": {"uv": [0, 0, 2, 0.6], "texture": "#2"},
				"down": {"uv": [0, 0, 2, 0.6], "texture": "#2"}
			}
		},
		{
			"from": [0.9856, 24.22, 1.92073],
			"to": [1.7056, 24.4, 2.13673],
			"rotation": {"angle": -22.5, "axis": "y", "origin": [4.4, 27.1, 2.4], "rescale": true},
			"faces": {
				"north": {"uv": [0, 0, 2, 0.5], "texture": "#2"},
				"east": {"uv": [0, 0, 0.6, 0.5], "texture": "#2"},
				"south": {"uv": [0, 0, 2, 0.5], "texture": "#2"},
				"west": {"uv": [0, 0, 0.6, 0.5], "texture": "#2"},
				"up": {"uv": [0, 0, 2, 0.6], "texture": "#2"},
				"down": {"uv": [0, 0, 2, 0.6], "texture": "#2"}
			}
		},
		{
			"from": [2.38099, 24.22, -0.61295],
			"to": [3.10099, 24.4, -0.39695],
			"rotation": {"angle": 22.5, "axis": "y", "origin": [4.4, 27.1, 2.4], "rescale": true},
			"faces": {
				"north": {"uv": [2, 0, 4, 0.5], "texture": "#2"},
				"east": {"uv": [0.6, 0, 1.2, 0.5], "texture": "#2"},
				"south": {"uv": [2, 0, 4, 0.5], "texture": "#2"},
				"west": {"uv": [0.6, 0, 1.2, 0.5], "texture": "#2"},
				"up": {"uv": [2, 0, 4, 0.6], "texture": "#2"},
				"down": {"uv": [2, 0, 4, 0.6], "texture": "#2"}
			}
		},
		{
			"from": [2.168, 24.13, 0.52],
			"to": [2.348, 24.31, 0.736],
			"rotation": {"angle": 0, "axis": "z", "origin": [4.4, 27.1, 2.4], "rescale": true},
			"faces": {
				"north": {"uv": [0, 0, 0.5, 0.5], "texture": "#2"},
				"east": {"uv": [0, 0, 0.6, 0.5], "texture": "#2"},
				"south": {"uv": [0, 0, 0.5, 0.5], "texture": "#2"},
				"west": {"uv": [0, 0, 0.6, 0.5], "texture": "#2"},
				"up": {"uv": [0, 0, 0.5, 0.6], "texture": "#2"},
				"down": {"uv": [0, 0, 0.5, 0.6], "texture": "#2"}
			}
		},
		{
			"from": [1.88, 24.22, 0.16],
			"to": [2.24, 24.4, 0.376],
			"rotation": {"angle": 0, "axis": "z", "origin": [4.4, 27.1, 2.4], "rescale": true},
			"faces": {
				"north": {"uv": [0, 0, 1, 0.5], "texture": "#2"},
				"east": {"uv": [0, 0, 0.6, 0.5], "texture": "#2"},
				"south": {"uv": [0, 0, 1, 0.5], "texture": "#2"},
				"west": {"uv": [0, 0, 0.6, 0.5], "texture": "#2"},
				"up": {"uv": [0, 0, 1, 0.6], "texture": "#2"},
				"down": {"uv": [0, 0, 1, 0.6], "texture": "#2"}
			}
		},
		{
			"from": [2.168, 24.13, 0.16],
			"to": [2.348, 24.31, 0.376],
			"rotation": {"angle": 0, "axis": "z", "origin": [4.4, 27.1, 2.4], "rescale": true},
			"faces": {
				"north": {"uv": [0, 0, 0.5, 0.5], "texture": "#2"},
				"east": {"uv": [0, 0, 0.6, 0.5], "texture": "#2"},
				"south": {"uv": [0, 0, 0.5, 0.5], "texture": "#2"},
				"west": {"uv": [0, 0, 0.6, 0.5], "texture": "#2"},
				"up": {"uv": [0, 0, 0.5, 0.6], "texture": "#2"},
				"down": {"uv": [0, 0, 0.5, 0.6], "texture": "#2"}
			}
		},
		{
			"from": [1.88, 24.22, 0.88],
			"to": [2.24, 24.4, 1.096],
			"rotation": {"angle": 0, "axis": "y", "origin": [4.4, 27.1, 2.4], "rescale": true},
			"faces": {
				"north": {"uv": [0, 0, 1, 0.5], "texture": "#2"},
				"east": {"uv": [0, 0, 0.6, 0.5], "texture": "#2"},
				"south": {"uv": [0, 0, 1, 0.5], "texture": "#2"},
				"west": {"uv": [0, 0, 0.6, 0.5], "texture": "#2"},
				"up": {"uv": [0, 0, 1, 0.6], "texture": "#2"},
				"down": {"uv": [0, 0, 1, 0.6], "texture": "#2"}
			}
		},
		{
			"from": [2.168, 24.13, 0.88],
			"to": [2.348, 24.31, 1.096],
			"rotation": {"angle": 0, "axis": "y", "origin": [4.4, 27.1, 2.4], "rescale": true},
			"faces": {
				"north": {"uv": [0, 0, 0.5, 0.5], "texture": "#2"},
				"east": {"uv": [0, 0, 0.6, 0.5], "texture": "#2"},
				"south": {"uv": [0, 0, 0.5, 0.5], "texture": "#2"},
				"west": {"uv": [0, 0, 0.6, 0.5], "texture": "#2"},
				"up": {"uv": [0, 0, 0.5, 0.6], "texture": "#2"},
				"down": {"uv": [0, 0, 0.5, 0.6], "texture": "#2"}
			}
		},
		{
			"from": [1.52, 24.22, 1.96],
			"to": [2.24, 24.4, 2.176],
			"rotation": {"angle": 0, "axis": "z", "origin": [4.4, 27.1, 2.4], "rescale": true},
			"faces": {
				"north": {"uv": [0, 0, 2, 0.5], "texture": "#2"},
				"east": {"uv": [0, 0, 0.6, 0.5], "texture": "#2"},
				"south": {"uv": [0, 0, 2, 0.5], "texture": "#2"},
				"west": {"uv": [0, 0, 0.6, 0.5], "texture": "#2"},
				"up": {"uv": [0, 0, 2, 0.6], "texture": "#2"},
				"down": {"uv": [0, 0, 2, 0.6], "texture": "#2"}
			}
		},
		{
			"from": [1.16, 24.22, 1.96],
			"to": [1.88, 24.4, 2.176],
			"rotation": {"angle": 0, "axis": "z", "origin": [4.4, 27.1, 2.4], "rescale": true},
			"faces": {
				"north": {"uv": [0, 0, 2, 0.5], "texture": "#2"},
				"east": {"uv": [0, 0, 0.6, 0.5], "texture": "#2"},
				"south": {"uv": [0, 0, 2, 0.5], "texture": "#2"},
				"west": {"uv": [0, 0, 0.6, 0.5], "texture": "#2"},
				"up": {"uv": [0, 0, 2, 0.6], "texture": "#2"},
				"down": {"uv": [0, 0, 2, 0.6], "texture": "#2"}
			}
		},
		{
			"from": [3.55647, 23.20177, 1.96],
			"to": [4.63647, 23.38177, 2.176],
			"rotation": {"angle": -45, "axis": "z", "origin": [4.4, 27.1, 2.4]},
			"faces": {
				"north": {"uv": [0, 0, 3, 0.5], "texture": "#2"},
				"east": {"uv": [0, 0, 0.6, 0.5], "texture": "#2"},
				"south": {"uv": [0, 0, 3, 0.5], "texture": "#2"},
				"west": {"uv": [0, 0, 0.6, 0.5], "texture": "#2"},
				"up": {"uv": [0, 0, 3, 0.6], "texture": "#2"},
				"down": {"uv": [0, 0, 3, 0.6], "texture": "#2"}
			}
		},
		{
			"from": [3.55647, 23.20177, 0.52],
			"to": [4.63647, 23.38177, 0.736],
			"rotation": {"angle": -45, "axis": "z", "origin": [4.4, 27.1, 2.4]},
			"faces": {
				"north": {"uv": [0, 0, 3, 0.5], "texture": "#2"},
				"east": {"uv": [0, 0, 0.6, 0.5], "texture": "#2"},
				"south": {"uv": [0, 0, 3, 0.5], "texture": "#2"},
				"west": {"uv": [0, 0, 0.6, 0.5], "texture": "#2"},
				"up": {"uv": [0, 0, 3, 0.6], "texture": "#2"},
				"down": {"uv": [0, 0, 3, 0.6], "texture": "#2"}
			}
		},
		{
			"from": [1.53666, 24.22, 3.25112],
			"to": [2.25666, 24.4, 3.46712],
			"rotation": {"angle": -22.5, "axis": "y", "origin": [4.4, 27.1, 2.4], "rescale": true},
			"faces": {
				"north": {"uv": [0, 0, 2, 0.5], "texture": "#2"},
				"east": {"uv": [0, 0, 0.6, 0.5], "texture": "#2"},
				"south": {"uv": [0, 0, 2, 0.5], "texture": "#2"},
				"west": {"uv": [0, 0, 0.6, 0.5], "texture": "#2"},
				"up": {"uv": [0, 0, 2, 0.6], "texture": "#2"},
				"down": {"uv": [0, 0, 2, 0.6], "texture": "#2"}
			}
		},
		{
			"from": [1.82992, 24.22, 0.71744],
			"to": [2.54992, 24.4, 0.93344],
			"rotation": {"angle": 22.5, "axis": "y", "origin": [4.4, 27.1, 2.4], "rescale": true},
			"faces": {
				"north": {"uv": [2, 0, 4, 0.5], "texture": "#2"},
				"east": {"uv": [0.6, 0, 1.2, 0.5], "texture": "#2"},
				"south": {"uv": [2, 0, 4, 0.5], "texture": "#2"},
				"west": {"uv": [0.6, 0, 1.2, 0.5], "texture": "#2"},
				"up": {"uv": [2, 0, 4, 0.6], "texture": "#2"},
				"down": {"uv": [2, 0, 4, 0.6], "texture": "#2"}
			}
		},
		{
			"from": [2.168, 24.13, 1.96],
			"to": [2.348, 24.31, 2.176],
			"rotation": {"angle": 0, "axis": "z", "origin": [4.4, 27.1, 2.4], "rescale": true},
			"faces": {
				"north": {"uv": [0, 0, 0.5, 0.5], "texture": "#2"},
				"east": {"uv": [0, 0, 0.6, 0.5], "texture": "#2"},
				"south": {"uv": [0, 0, 0.5, 0.5], "texture": "#2"},
				"west": {"uv": [0, 0, 0.6, 0.5], "texture": "#2"},
				"up": {"uv": [0, 0, 0.5, 0.6], "texture": "#2"},
				"down": {"uv": [0, 0, 0.5, 0.6], "texture": "#2"}
			}
		},
		{
			"from": [1.88, 24.22, 1.6],
			"to": [2.24, 24.4, 1.816],
			"rotation": {"angle": 0, "axis": "z", "origin": [4.4, 27.1, 2.4], "rescale": true},
			"faces": {
				"north": {"uv": [0, 0, 1, 0.5], "texture": "#2"},
				"east": {"uv": [0, 0, 0.6, 0.5], "texture": "#2"},
				"south": {"uv": [0, 0, 1, 0.5], "texture": "#2"},
				"west": {"uv": [0, 0, 0.6, 0.5], "texture": "#2"},
				"up": {"uv": [0, 0, 1, 0.6], "texture": "#2"},
				"down": {"uv": [0, 0, 1, 0.6], "texture": "#2"}
			}
		},
		{
			"from": [2.168, 24.13, 1.6],
			"to": [2.348, 24.31, 1.816],
			"rotation": {"angle": 0, "axis": "z", "origin": [4.4, 27.1, 2.4], "rescale": true},
			"faces": {
				"north": {"uv": [0, 0, 0.5, 0.5], "texture": "#2"},
				"east": {"uv": [0, 0, 0.6, 0.5], "texture": "#2"},
				"south": {"uv": [0, 0, 0.5, 0.5], "texture": "#2"},
				"west": {"uv": [0, 0, 0.6, 0.5], "texture": "#2"},
				"up": {"uv": [0, 0, 0.5, 0.6], "texture": "#2"},
				"down": {"uv": [0, 0, 0.5, 0.6], "texture": "#2"}
			}
		},
		{
			"from": [1.88, 24.22, 2.32],
			"to": [2.24, 24.4, 2.536],
			"rotation": {"angle": 0, "axis": "y", "origin": [4.4, 27.1, 2.4], "rescale": true},
			"faces": {
				"north": {"uv": [0, 0, 1, 0.5], "texture": "#2"},
				"east": {"uv": [0, 0, 0.6, 0.5], "texture": "#2"},
				"south": {"uv": [0, 0, 1, 0.5], "texture": "#2"},
				"west": {"uv": [0, 0, 0.6, 0.5], "texture": "#2"},
				"up": {"uv": [0, 0, 1, 0.6], "texture": "#2"},
				"down": {"uv": [0, 0, 1, 0.6], "texture": "#2"}
			}
		},
		{
			"from": [2.168, 24.13, 2.32],
			"to": [2.348, 24.31, 2.536],
			"rotation": {"angle": 0, "axis": "y", "origin": [4.4, 27.1, 2.4], "rescale": true},
			"faces": {
				"north": {"uv": [0, 0, 0.5, 0.5], "texture": "#2"},
				"east": {"uv": [0, 0, 0.6, 0.5], "texture": "#2"},
				"south": {"uv": [0, 0, 0.5, 0.5], "texture": "#2"},
				"west": {"uv": [0, 0, 0.6, 0.5], "texture": "#2"},
				"up": {"uv": [0, 0, 0.5, 0.6], "texture": "#2"},
				"down": {"uv": [0, 0, 0.5, 0.6], "texture": "#2"}
			}
		},
		{
			"from": [0.27031, 25.90662, 0.07],
			"to": [2.07031, 26.26662, 2.59],
			"rotation": {"angle": 22.5, "axis": "z", "origin": [4.4, 27.1, 2.4], "rescale": true},
			"faces": {
				"north": {"uv": [0, 0, 5, 1], "texture": "#3"},
				"east": {"uv": [0, 0, 7, 1], "texture": "#3"},
				"south": {"uv": [0, 0, 5, 1], "texture": "#3"},
				"west": {"uv": [0, 0, 7, 1], "texture": "#3"},
				"up": {"uv": [0, 0, 5, 7], "texture": "#3"},
				"down": {"uv": [0, 0, 5, 7], "texture": "#3"}
			}
		},
		{
			"from": [1.77456, 26.69103, 0.07],
			"to": [3.57456, 27.05103, 2.59],
			"rotation": {"angle": 45, "axis": "z", "origin": [4.4, 27.1, 2.4], "rescale": true},
			"faces": {
				"north": {"uv": [0, 0, 5, 1], "texture": "#3"},
				"east": {"uv": [0, 0, 7, 1], "texture": "#3"},
				"south": {"uv": [0, 0, 5, 1], "texture": "#3"},
				"west": {"uv": [0, 0, 7, 1], "texture": "#3"},
				"up": {"uv": [0, 0, 5, 7], "texture": "#3"},
				"down": {"uv": [0, 0, 5, 7], "texture": "#3"}
			}
		},
		{
			"from": [2.02912, 27.12558, 0.736],
			"to": [4.18912, 27.48558, 1.96],
			"rotation": {"angle": 45, "axis": "z", "origin": [4.4, 27.1, 2.4], "rescale": true},
			"faces": {
				"north": {"uv": [0, 0, 6, 1], "texture": "#3"},
				"east": {"uv": [0, 0, 3.4, 1], "texture": "#3"},
				"south": {"uv": [0, 0, 6, 1], "texture": "#3"},
				"west": {"uv": [0, 0, 3.4, 1], "texture": "#3"},
				"up": {"uv": [0, 0, 6, 3.4], "texture": "#3"},
				"down": {"uv": [0, 0, 6, 3.4], "texture": "#3"}
			}
		},
		{
			"from": [2.74912, 27.12558, 1.96],
			"to": [4.18912, 27.48558, 1.96],
			"rotation": {"angle": 45, "axis": "z", "origin": [4.4, 27.1, 2.4]},
			"faces": {
				"north": {"uv": [0, 0, 4, 1], "texture": "#4"},
				"east": {"uv": [0, 0, 0, 1], "texture": "#4"},
				"south": {"uv": [0, 0, 4, 1], "texture": "#4"},
				"west": {"uv": [0, 0, 0, 1], "texture": "#4"},
				"up": {"uv": [0, 0, 4, 0], "texture": "#4"},
				"down": {"uv": [0, 0, 4, 0], "texture": "#4"}
			}
		},
		{
			"from": [2.74912, 27.12558, 0.718],
			"to": [4.18912, 27.48558, 0.718],
			"rotation": {"angle": 45, "axis": "z", "origin": [4.4, 27.1, 2.4]},
			"faces": {
				"north": {"uv": [4, 0, 8, 1], "texture": "#4"},
				"east": {"uv": [0, 0, 0, 1], "texture": "#4"},
				"south": {"uv": [4, 0, 8, 1], "texture": "#4"},
				"west": {"uv": [0, 0, 0, 1], "texture": "#4"},
				"up": {"uv": [0, 0, 4, 0], "texture": "#4"},
				"down": {"uv": [0, 0, 4, 0], "texture": "#4"}
			}
		},
		{
			"from": [1.52, 24.94, 0.07],
			"to": [2.96, 26.38, 2.59],
			"rotation": {"angle": 0, "axis": "z", "origin": [4.4, 27.1, 2.4], "rescale": true},
			"faces": {
				"north": {"uv": [0, 0, 4, 4], "texture": "#3"},
				"east": {"uv": [0, 0, 7, 4], "texture": "#3"},
				"south": {"uv": [0, 0, 4, 4], "texture": "#3"},
				"west": {"uv": [0, 0, 7, 4], "texture": "#3"},
				"up": {"uv": [0, 0, 4, 7], "texture": "#3"},
				"down": {"uv": [0, 0, 4, 7], "texture": "#3"}
			}
		},
		{
			"from": [0.40808, 26.23922, 0.25],
			"to": [1.84808, 26.74322, 2.41],
			"rotation": {"angle": 22.5, "axis": "z", "origin": [4.4, 27.1, 2.4], "rescale": true},
			"faces": {
				"north": {"uv": [0, 0, 4, 1.4], "texture": "#3"},
				"east": {"uv": [0, 0, 6, 1.4], "texture": "#3"},
				"south": {"uv": [0, 0, 4, 1.4], "texture": "#3"},
				"west": {"uv": [0, 0, 6, 1.4], "texture": "#3"},
				"up": {"uv": [0, 0, 4, 6], "texture": "#3"},
				"down": {"uv": [0, 0, 4, 6], "texture": "#3"}
			}
		},
		{
			"from": [1.81917, 26.46371, 0.25],
			"to": [3.43917, 27.32771, 2.41],
			"rotation": {"angle": 22.5, "axis": "z", "origin": [4.4, 27.1, 2.4], "rescale": true},
			"faces": {
				"north": {"uv": [0, 0, 4.5, 2.4], "texture": "#3"},
				"east": {"uv": [0, 0, 6, 2.4], "texture": "#3"},
				"south": {"uv": [0, 0, 4.5, 2.4], "texture": "#3"},
				"west": {"uv": [0, 0, 6, 2.4], "texture": "#3"},
				"up": {"uv": [0, 0, 4.5, 6], "texture": "#3"},
				"down": {"uv": [0, 0, 4.5, 6], "texture": "#3"}
			}
		},
		{
			"from": [3.68, 26.38, 0.43],
			"to": [4.4, 26.56, 2.23],
			"rotation": {"angle": 0, "axis": "z", "origin": [4.4, 27.1, 2.4], "rescale": true},
			"faces": {
				"north": {"uv": [0, 0, 2, 0.5], "texture": "#2"},
				"east": {"uv": [0, 0, 5, 0.5], "texture": "#2"},
				"south": {"uv": [0, 0, 2, 0.5], "texture": "#2"},
				"west": {"uv": [0, 0, 5, 0.5], "texture": "#2"},
				"up": {"uv": [0, 0, 2, 5], "texture": "#2"},
				"down": {"uv": [0, 0, 2, 5], "texture": "#2"}
			}
		},
		{
			"from": [3.68, 26.56, 0.61],
			"to": [4.4, 26.74, 2.05],
			"rotation": {"angle": 0, "axis": "z", "origin": [4.4, 27.1, 2.4]},
			"faces": {
				"north": {"uv": [0, 0, 2, 0.5], "texture": "#2"},
				"east": {"uv": [0, 0, 4, 0.5], "texture": "#2"},
				"south": {"uv": [0, 0, 2, 0.5], "texture": "#2"},
				"west": {"uv": [0, 0, 4, 0.5], "texture": "#2"},
				"up": {"uv": [0, 0, 2, 4], "texture": "#2"},
				"down": {"uv": [0, 0, 2, 4], "texture": "#2"}
			}
		},
		{
			"from": [4.4, 26.38, 0.79],
			"to": [5.12, 26.56, 1.87],
			"rotation": {"angle": 0, "axis": "z", "origin": [4.4, 27.1, 2.4], "rescale": true},
			"faces": {
				"north": {"uv": [0, 0, 2, 0.5], "texture": "#2"},
				"east": {"uv": [0, 0, 3, 0.5], "texture": "#2"},
				"south": {"uv": [0, 0, 2, 0.5], "texture": "#2"},
				"west": {"uv": [0, 0, 3, 0.5], "texture": "#2"},
				"up": {"uv": [0, 0, 2, 3], "texture": "#2"},
				"down": {"uv": [0, 0, 2, 3], "texture": "#2"}
			}
		},
		{
			"from": [3.68, 26.56, 0.79],
			"to": [4.4, 26.992, 1.87],
			"rotation": {"angle": 0, "axis": "z", "origin": [4.4, 27.1, 2.4], "rescale": true},
			"faces": {
				"north": {"uv": [0, 0, 2, 1.2], "texture": "#2"},
				"east": {"uv": [0, 0, 3, 1.2], "texture": "#2"},
				"south": {"uv": [0, 0, 2, 1.2], "texture": "#2"},
				"west": {"uv": [0, 0, 3, 1.2], "texture": "#2"},
				"up": {"uv": [0, 0, 2, 3], "texture": "#2"},
				"down": {"uv": [0, 0, 2, 3], "texture": "#2"}
			}
		},
		{
			"from": [4.4, 26.56, 0.79],
			"to": [4.76, 26.74, 1.87],
			"rotation": {"angle": 0, "axis": "z", "origin": [4.4, 27.1, 2.4]},
			"faces": {
				"north": {"uv": [0, 0, 1, 0.5], "texture": "#2"},
				"east": {"uv": [0, 0, 3, 0.5], "texture": "#2"},
				"south": {"uv": [0, 0, 1, 0.5], "texture": "#2"},
				"west": {"uv": [0, 0, 3, 0.5], "texture": "#2"},
				"up": {"uv": [0, 0, 1, 3], "texture": "#2"},
				"down": {"uv": [0, 0, 1, 3], "texture": "#2"}
			}
		},
		{
			"from": [4.40526, 26.73322, 0.79],
			"to": [5.48526, 26.91322, 1.87],
			"rotation": {"angle": -22.5, "axis": "z", "origin": [4.4, 27.1, 2.4], "rescale": true},
			"faces": {
				"north": {"uv": [0, 0, 3, 0.5], "texture": "#2"},
				"east": {"uv": [0, 0, 3, 0.5], "texture": "#2"},
				"south": {"uv": [0, 0, 3, 0.5], "texture": "#2"},
				"west": {"uv": [0, 0, 3, 0.5], "texture": "#2"},
				"up": {"uv": [0, 0, 3, 3], "texture": "#2"},
				"down": {"uv": [0, 0, 3, 3], "texture": "#2"}
			}
		},
		{
			"from": [5.12, 26.38, 1.15],
			"to": [5.48, 26.56, 1.51],
			"rotation": {"angle": 0, "axis": "z", "origin": [4.4, 27.1, 2.4], "rescale": true},
			"faces": {
				"north": {"uv": [0, 0, 1, 0.5], "texture": "#2"},
				"east": {"uv": [0, 0, 1, 0.5], "texture": "#2"},
				"south": {"uv": [0, 0, 1, 0.5], "texture": "#2"},
				"west": {"uv": [0, 0, 1, 0.5], "texture": "#2"},
				"up": {"uv": [0, 0, 1, 1], "texture": "#2"},
				"down": {"uv": [0, 0, 1, 1], "texture": "#2"}
			}
		},
		{
			"from": [1.29174, 27.35984, 0.43],
			"to": [3.09174, 27.71984, 2.23],
			"rotation": {"angle": 22.5, "axis": "z", "origin": [4.4, 27.1, 2.4], "rescale": true},
			"faces": {
				"north": {"uv": [0, 0, 5, 1], "texture": "#3"},
				"east": {"uv": [0, 0, 5, 1], "texture": "#3"},
				"south": {"uv": [0, 0, 5, 1], "texture": "#3"},
				"west": {"uv": [0, 0, 5, 1], "texture": "#3"},
				"up": {"uv": [0, 0, 5, 5], "texture": "#3"},
				"down": {"uv": [0, 0, 5, 5], "texture": "#3"}
			}
		},
		{
			"from": [1.88, 25.88643, 1.68246],
			"to": [3.32, 27.32643, 2.04246],
			"rotation": {"angle": -45, "axis": "x", "origin": [4.4, 27.1, 2.4], "rescale": true},
			"faces": {
				"north": {"uv": [0, 0, 4, 4], "rotation": 180, "texture": "#3"},
				"east": {"uv": [0, 0, 4, 1], "rotation": 270, "texture": "#3"},
				"south": {"uv": [0, 0, 4, 4], "texture": "#3"},
				"west": {"uv": [0, 0, 4, 1], "rotation": 90, "texture": "#3"},
				"up": {"uv": [0, 0, 4, 1], "rotation": 180, "texture": "#3"},
				"down": {"uv": [0, 0, 4, 1], "texture": "#3"}
			}
		},
		{
			"from": [1.88, 24.5005, 1.37161],
			"to": [3.32, 25.9405, 1.73161],
			"rotation": {"angle": 45, "axis": "x", "origin": [4.4, 27.1, 2.4], "rescale": true},
			"faces": {
				"north": {"uv": [4, 0, 8, 4], "texture": "#3"},
				"east": {"uv": [0, 1, 4, 2], "rotation": 270, "texture": "#3"},
				"south": {"uv": [4, 0, 8, 4], "rotation": 180, "texture": "#3"},
				"west": {"uv": [0, 1, 4, 2], "rotation": 90, "texture": "#3"},
				"up": {"uv": [0, 1, 4, 2], "rotation": 180, "texture": "#3"},
				"down": {"uv": [0, 1, 4, 2], "texture": "#3"}
			}
		},
		{
			"from": [1.88, 25.14961, 2.20606],
			"to": [2.96, 25.86961, 2.38606],
			"rotation": {"angle": -22.5, "axis": "x", "origin": [4.4, 27.1, 2.4], "rescale": true},
			"faces": {
				"north": {"uv": [0, 0, 3, 2], "rotation": 180, "texture": "#3"},
				"east": {"uv": [0, 0, 2, 0.5], "rotation": 270, "texture": "#3"},
				"south": {"uv": [0, 0, 3, 2], "texture": "#3"},
				"west": {"uv": [0, 0, 2, 0.5], "rotation": 90, "texture": "#3"},
				"up": {"uv": [0, 0, 3, 0.5], "rotation": 180, "texture": "#3"},
				"down": {"uv": [0, 0, 3, 0.5], "texture": "#3"}
			}
		},
		{
			"from": [1.88, 24.39955, 0.60314],
			"to": [2.96, 25.11955, 0.78314],
			"rotation": {"angle": 22.5, "axis": "x", "origin": [4.4, 27.1, 2.4], "rescale": true},
			"faces": {
				"north": {"uv": [3, 0, 6, 2], "texture": "#3"},
				"east": {"uv": [0, 0.5, 2, 1], "rotation": 270, "texture": "#3"},
				"south": {"uv": [3, 0, 6, 2], "rotation": 180, "texture": "#3"},
				"west": {"uv": [0, 0.5, 2, 1], "rotation": 90, "texture": "#3"},
				"up": {"uv": [0, 0.5, 3, 1], "rotation": 180, "texture": "#3"},
				"down": {"uv": [0, 0.5, 3, 1], "texture": "#3"}
			}
		},
		{
			"from": [1.88, 24.81701, 2.06829],
			"to": [2.6, 25.89701, 2.24829],
			"rotation": {"angle": -22.5, "axis": "x", "origin": [4.4, 27.1, 2.4], "rescale": true},
			"faces": {
				"north": {"uv": [0, 0, 2, 3], "rotation": 180, "texture": "#3"},
				"east": {"uv": [0, 0, 3, 0.5], "rotation": 270, "texture": "#3"},
				"south": {"uv": [0, 0, 2, 3], "texture": "#3"},
				"west": {"uv": [0, 0, 3, 0.5], "rotation": 90, "texture": "#3"},
				"up": {"uv": [0, 0, 2, 0.5], "rotation": 180, "texture": "#3"},
				"down": {"uv": [0, 0, 2, 0.5], "texture": "#3"}
			}
		},
		{
			"from": [1.88, 24.06695, 0.74091],
			"to": [2.6, 25.14695, 0.92091],
			"rotation": {"angle": 22.5, "axis": "x", "origin": [4.4, 27.1, 2.4], "rescale": true},
			"faces": {
				"north": {"uv": [2, 0, 4, 3], "texture": "#3"},
				"east": {"uv": [0, 0.5, 3, 1], "rotation": 270, "texture": "#3"},
				"south": {"uv": [2, 0, 4, 3], "rotation": 180, "texture": "#3"},
				"west": {"uv": [0, 0.5, 3, 1], "rotation": 90, "texture": "#3"},
				"up": {"uv": [0, 0.5, 2, 1], "rotation": 180, "texture": "#3"},
				"down": {"uv": [0, 0.5, 2, 1], "texture": "#3"}
			}
		},
		{
			"from": [2.96, 26.848, 0.79],
			"to": [4.04, 27.208, 1.87],
			"rotation": {"angle": 0, "axis": "z", "origin": [4.4, 27.1, 2.4], "rescale": true},
			"faces": {
				"north": {"uv": [0, 0, 3, 1], "texture": "#3"},
				"east": {"uv": [0, 0, 3, 1], "texture": "#3"},
				"south": {"uv": [0, 0, 3, 1], "texture": "#3"},
				"west": {"uv": [0, 0, 3, 1], "texture": "#3"},
				"up": {"uv": [0, 0, 3, 3], "texture": "#3"},
				"down": {"uv": [0, 0, 3, 3], "texture": "#3"}
			}
		},
		{
			"from": [-0.53264, 25.84956, 0.43],
			"to": [0.54736, 26.20956, 2.23],
			"rotation": {"angle": 22.5, "axis": "z", "origin": [4.4, 27.1, 2.4], "rescale": true},
			"faces": {
				"north": {"uv": [0, 0, 3, 1], "texture": "#3"},
				"east": {"uv": [0, 0, 5, 1], "texture": "#3"},
				"south": {"uv": [0, 0, 3, 1], "texture": "#3"},
				"west": {"uv": [0, 0, 5, 1], "texture": "#3"},
				"up": {"uv": [0, 0, 3, 5], "texture": "#3"},
				"down": {"uv": [0, 0, 3, 5], "texture": "#3"}
			}
		},
		{
			"from": [-1.28014, 27.52926, 0.79],
			"to": [0.15986, 27.88926, 1.87],
			"rotation": {"angle": 45, "axis": "z", "origin": [4.4, 27.1, 2.4], "rescale": true},
			"faces": {
				"north": {"uv": [0, 0, 4, 1], "texture": "#3"},
				"east": {"uv": [0, 0, 3, 1], "texture": "#3"},
				"south": {"uv": [0, 0, 4, 1], "texture": "#3"},
				"west": {"uv": [0, 0, 3, 1], "texture": "#3"},
				"up": {"uv": [0, 0, 4, 3], "texture": "#3"},
				"down": {"uv": [0, 0, 4, 3], "texture": "#3"}
			}
		},
		{
			"from": [1.85035, 23.28907, 0.43],
			"to": [2.21035, 25.44907, 2.23],
			"rotation": {"angle": -22.5, "axis": "z", "origin": [4.4, 27.1, 2.4], "rescale": true},
			"faces": {
				"north": {"uv": [0, 0, 6, 1], "rotation": 90, "texture": "#3"},
				"east": {"uv": [0, 0, 6, 5], "rotation": 270, "texture": "#3"},
				"south": {"uv": [0, 0, 6, 1], "rotation": 270, "texture": "#3"},
				"west": {"uv": [0, 0, 6, 5], "rotation": 270, "texture": "#3"},
				"up": {"uv": [0, 0, 5, 1], "rotation": 270, "texture": "#3"},
				"down": {"uv": [0, 0, 5, 1], "rotation": 270, "texture": "#3"}
			}
		}
	],
	"display": {
		"thirdperson_righthand": {
			"rotation": [61, 89, 0],
			"translation": [6.75, 1.75, -8]
		},
		"thirdperson_lefthand": {
			"rotation": [61, -90, 0],
			"translation": [-7, 2.25, -7.5]
		},
		"firstperson_righthand": {
			"rotation": [-15, 27, 0],
			"translation": [14, 0, 0]
		},
		"firstperson_lefthand": {
			"rotation": [-11, 26, 0],
			"translation": [9.5, 0, 0]
		},
		"ground": {
			"rotation": [0, 0, 90],
			"translation": [0, 4.5, 0]
		},
		"gui": {
			"rotation": [12, -136, 22],
			"translation": [-6.75, 0, 0],
			"scale": [0.7, 0.7, 0.7]
		},
		"head": {
			"rotation": [11, 11, -35],
			"translation": [5, -29.25, 10.5],
			"scale": [1.5, 1.5, 1.5]
		},
		"fixed": {
			"translation": [10.25, 0, 11],
			"scale": [1.5, 1.5, 1.5]
		}
	},
	"groups": [0, 1, 2, 3, 4, 5,
		{
			"name": "Ball",
			"origin": [8, 37, 7],
			"children": [6, 7, 8, 9, 10, 11, 12, 13, 14, 15, 16, 17, 18]
		},
		{
			"name": "group",
			"origin": [8, 8, 17],
			"children": [
				{
					"name": "foot",
					"origin": [8, 8, 17],
					"children": [19, 20, 21, 22, 23, 24, 25, 26, 27]
				},
				{
					"name": "foot",
					"origin": [8, 8, 17],
					"children": [28, 29, 30, 31, 32, 33, 34, 35, 36, 37, 38, 39, 40, 41, 42, 43, 44, 45, 46, 47, 48, 49, 50, 51, 52, 53, 54, 55, 56, 57, 58, 59, 60, 61, 62, 63, 64]
				}
			]
		}
	]
}