{
	"credit": "Credit:  Ontvlambaar",
	"textures": {
		"0": "block/yellow_concrete_powder",
		"1": "block/light_gray_concrete_powder",
		"particle": "block/yellow_concrete_powder"
	},
	"elements": [
		{
			"from": [2, -4, 4],
			"to": [13, -3, 12],
			"rotation": {"angle": 0, "axis": "y", "origin": [13, 4, 16]},
			"faces": {
				"north": {"uv": [0, 0, 11, 1], "texture": "#0"},
				"east": {"uv": [0, 0, 8, 1], "texture": "#0"},
				"south": {"uv": [0, 0, 11, 1], "texture": "#0"},
				"west": {"uv": [0, 0, 8, 1], "texture": "#0"},
				"up": {"uv": [0, 0, 11, 8], "texture": "#0"},
				"down": {"uv": [0, 0, 11, 8], "texture": "#0"}
			}
		},
		{
			"from": [3, -4, 12],
			"to": [12, -3, 13],
			"rotation": {"angle": 0, "axis": "y", "origin": [13, 4, 24]},
			"faces": {
				"north": {"uv": [0, 0, 9, 1], "texture": "#0"},
				"east": {"uv": [0, 0, 1, 1], "texture": "#0"},
				"south": {"uv": [0, 0, 9, 1], "texture": "#0"},
				"west": {"uv": [0, 0, 1, 1], "texture": "#0"},
				"up": {"uv": [0, 0, 9, 1], "texture": "#0"},
				"down": {"uv": [0, 0, 9, 1], "texture": "#0"}
			}
		},
		{
			"from": [3, -4, 3],
			"to": [12, -3, 4],
			"rotation": {"angle": 0, "axis": "y", "origin": [13, 4, 15]},
			"faces": {
				"north": {"uv": [0, 0, 9, 1], "texture": "#0"},
				"east": {"uv": [0, 0, 1, 1], "texture": "#0"},
				"south": {"uv": [0, 0, 9, 1], "texture": "#0"},
				"west": {"uv": [0, 0, 1, 1], "texture": "#0"},
				"up": {"uv": [0, 0, 9, 1], "texture": "#0"},
				"down": {"uv": [0, 0, 9, 1], "texture": "#0"}
			}
		},
		{
			"from": [13, -5.5, 3],
			"to": [14, -3.5, 13],
			"rotation": {"angle": 0, "axis": "y", "origin": [24, 4, 16]},
			"faces": {
				"north": {"uv": [0, 0, 1, 2], "texture": "#0"},
				"east": {"uv": [0, 0, 10, 2], "texture": "#0"},
				"south": {"uv": [0, 0, 1, 2], "texture": "#0"},
				"west": {"uv": [0, 0, 10, 2], "texture": "#0"},
				"up": {"uv": [0, 0, 1, 10], "texture": "#0"},
				"down": {"uv": [0, 0, 1, 10], "texture": "#0"}
			}
		},
		{
			"from": [13.5, -6, 3],
			"to": [14.5, -4, 13],
			"rotation": {"angle": 0, "axis": "y", "origin": [25, 4, 16]},
			"faces": {
				"north": {"uv": [0, 0, 1, 2], "texture": "#0"},
				"east": {"uv": [0, 0, 10, 2], "texture": "#0"},
				"south": {"uv": [0, 0, 1, 2], "texture": "#0"},
				"west": {"uv": [0, 0, 10, 2], "texture": "#0"},
				"up": {"uv": [0, 0, 1, 10], "texture": "#0"},
				"down": {"uv": [0, 0, 1, 10], "texture": "#0"}
			}
		},
		{
			"from": [0.5, -6, 3],
			"to": [1.5, -4, 13],
			"rotation": {"angle": 0, "axis": "y", "origin": [12, 4, 16]},
			"faces": {
				"north": {"uv": [0, 0, 1, 2], "texture": "#0"},
				"east": {"uv": [0, 0, 10, 2], "texture": "#0"},
				"south": {"uv": [0, 0, 1, 2], "texture": "#0"},
				"west": {"uv": [0, 0, 10, 2], "texture": "#0"},
				"up": {"uv": [0, 0, 1, 10], "texture": "#0"},
				"down": {"uv": [0, 0, 1, 10], "texture": "#0"}
			}
		},
		{
			"from": [1, -5.5, 3],
			"to": [2, -3.5, 13],
			"rotation": {"angle": 0, "axis": "y", "origin": [12, 4, 16]},
			"faces": {
				"north": {"uv": [0, 0, 1, 2], "texture": "#0"},
				"east": {"uv": [0, 0, 10, 2], "texture": "#0"},
				"south": {"uv": [0, 0, 1, 2], "texture": "#0"},
				"west": {"uv": [0, 0, 10, 2], "texture": "#0"},
				"up": {"uv": [0, 0, 1, 10], "texture": "#0"},
				"down": {"uv": [0, 0, 1, 10], "texture": "#0"}
			}
		},
		{
			"from": [2, -5.5, 2],
			"to": [13, -3.5, 3],
			"rotation": {"angle": 0, "axis": "y", "origin": [13, 4, 6]},
			"faces": {
				"north": {"uv": [0, 0, 11, 2], "texture": "#0"},
				"east": {"uv": [0, 0, 1, 2], "texture": "#0"},
				"south": {"uv": [0, 0, 11, 2], "texture": "#0"},
				"west": {"uv": [0, 0, 1, 2], "texture": "#0"},
				"up": {"uv": [0, 0, 11, 1], "texture": "#0"},
				"down": {"uv": [0, 0, 11, 1], "texture": "#0"}
			}
		},
		{
			"from": [2, -4.5, 3],
			"to": [13, -3.5, 4],
			"rotation": {"angle": 0, "axis": "y", "origin": [13, 4, 7]},
			"faces": {
				"north": {"uv": [0, 0, 11, 1], "texture": "#0"},
				"east": {"uv": [0, 0, 1, 1], "texture": "#0"},
				"south": {"uv": [0, 0, 11, 1], "texture": "#0"},
				"west": {"uv": [0, 0, 1, 1], "texture": "#0"},
				"up": {"uv": [0, 0, 11, 1], "texture": "#0"},
				"down": {"uv": [0, 0, 11, 1], "texture": "#0"}
			}
		},
		{
			"from": [2, -6, 13.5],
			"to": [13, -4, 14.5],
			"rotation": {"angle": 0, "axis": "y", "origin": [13, 4, 18]},
			"faces": {
				"north": {"uv": [0, 0, 11, 2], "texture": "#0"},
				"east": {"uv": [0, 0, 1, 2], "texture": "#0"},
				"south": {"uv": [0, 0, 11, 2], "texture": "#0"},
				"west": {"uv": [0, 0, 1, 2], "texture": "#0"},
				"up": {"uv": [0, 0, 11, 1], "texture": "#0"},
				"down": {"uv": [0, 0, 11, 1], "texture": "#0"}
			}
		},
		{
			"from": [1, -6, 13],
			"to": [4, -4, 14],
			"rotation": {"angle": 0, "axis": "y", "origin": [12, 4, 18]},
			"faces": {
				"north": {"uv": [0, 0, 3, 2], "texture": "#0"},
				"east": {"uv": [0, 0, 1, 2], "texture": "#0"},
				"south": {"uv": [0, 0, 3, 2], "texture": "#0"},
				"west": {"uv": [0, 0, 1, 2], "texture": "#0"},
				"up": {"uv": [0, 0, 3, 1], "texture": "#0"},
				"down": {"uv": [0, 0, 3, 1], "texture": "#0"}
			}
		},
		{
			"from": [1, -6, 2],
			"to": [4, -4, 3],
			"rotation": {"angle": 0, "axis": "y", "origin": [12, 4, 7]},
			"faces": {
				"north": {"uv": [0, 0, 3, 2], "texture": "#0"},
				"east": {"uv": [0, 0, 1, 2], "texture": "#0"},
				"south": {"uv": [0, 0, 3, 2], "texture": "#0"},
				"west": {"uv": [0, 0, 1, 2], "texture": "#0"},
				"up": {"uv": [0, 0, 3, 1], "texture": "#0"},
				"down": {"uv": [0, 0, 3, 1], "texture": "#0"}
			}
		},
		{
			"from": [11, -6, 2],
			"to": [14, -4, 3],
			"rotation": {"angle": 0, "axis": "y", "origin": [22, 4, 7]},
			"faces": {
				"north": {"uv": [0, 0, 3, 2], "texture": "#0"},
				"east": {"uv": [0, 0, 1, 2], "texture": "#0"},
				"south": {"uv": [0, 0, 3, 2], "texture": "#0"},
				"west": {"uv": [0, 0, 1, 2], "texture": "#0"},
				"up": {"uv": [0, 0, 3, 1], "texture": "#0"},
				"down": {"uv": [0, 0, 3, 1], "texture": "#0"}
			}
		},
		{
			"from": [11, -6, 13],
			"to": [14, -4, 14],
			"rotation": {"angle": 0, "axis": "y", "origin": [22, 4, 18]},
			"faces": {
				"north": {"uv": [0, 0, 3, 2], "texture": "#0"},
				"east": {"uv": [0, 0, 1, 2], "texture": "#0"},
				"south": {"uv": [0, 0, 3, 2], "texture": "#0"},
				"west": {"uv": [0, 0, 1, 2], "texture": "#0"},
				"up": {"uv": [0, 0, 3, 1], "texture": "#0"},
				"down": {"uv": [0, 0, 3, 1], "texture": "#0"}
			}
		},
		{
			"from": [2, -6, 13.5],
			"to": [13, -4, 14.5],
			"rotation": {"angle": 0, "axis": "y", "origin": [13, 4, 18]},
			"faces": {
				"north": {"uv": [0, 0, 11, 2], "texture": "#0"},
				"east": {"uv": [0, 0, 1, 2], "texture": "#0"},
				"south": {"uv": [0, 0, 11, 2], "texture": "#0"},
				"west": {"uv": [0, 0, 1, 2], "texture": "#0"},
				"up": {"uv": [0, 0, 11, 1], "texture": "#0"},
				"down": {"uv": [0, 0, 11, 1], "texture": "#0"}
			}
		},
		{
			"from": [2, -6, 1.5],
			"to": [13, -4, 2.5],
			"rotation": {"angle": 0, "axis": "y", "origin": [13, 4, 6]},
			"faces": {
				"north": {"uv": [0, 0, 11, 2], "texture": "#0"},
				"east": {"uv": [0, 0, 1, 2], "texture": "#0"},
				"south": {"uv": [0, 0, 11, 2], "texture": "#0"},
				"west": {"uv": [0, 0, 1, 2], "texture": "#0"},
				"up": {"uv": [0, 0, 11, 1], "texture": "#0"},
				"down": {"uv": [0, 0, 11, 1], "texture": "#0"}
			}
		},
		{
			"from": [2, -5.5, 13],
			"to": [13, -3.5, 14],
			"rotation": {"angle": 0, "axis": "y", "origin": [13, 4, 17]},
			"faces": {
				"north": {"uv": [0, 0, 11, 2], "texture": "#0"},
				"east": {"uv": [0, 0, 1, 2], "texture": "#0"},
				"south": {"uv": [0, 0, 11, 2], "texture": "#0"},
				"west": {"uv": [0, 0, 1, 2], "texture": "#0"},
				"up": {"uv": [0, 0, 11, 1], "texture": "#0"},
				"down": {"uv": [0, 0, 11, 1], "texture": "#0"}
			}
		},
		{
			"from": [2, -4.5, 12],
			"to": [13, -3.5, 13],
			"rotation": {"angle": 0, "axis": "y", "origin": [13, 4, 16]},
			"faces": {
				"north": {"uv": [0, 0, 11, 1], "texture": "#0"},
				"east": {"uv": [0, 0, 1, 1], "texture": "#0"},
				"south": {"uv": [0, 0, 11, 1], "texture": "#0"},
				"west": {"uv": [0, 0, 1, 1], "texture": "#0"},
				"up": {"uv": [0, 0, 11, 1], "texture": "#0"},
				"down": {"uv": [0, 0, 11, 1], "texture": "#0"}
			}
		},
		{
			"from": [5, -13, 7],
			"to": [10, -4, 9],
			"rotation": {"angle": 0, "axis": "y", "origin": [13, -3, 16]},
			"faces": {
				"north": {"uv": [0, 0, 5, 9], "texture": "#0"},
				"east": {"uv": [0, 0, 2, 9], "texture": "#0"},
				"south": {"uv": [0, 0, 5, 9], "texture": "#0"},
				"west": {"uv": [0, 0, 2, 9], "texture": "#0"},
				"up": {"uv": [0, 0, 5, 2], "texture": "#0"},
				"down": {"uv": [0, 0, 5, 2], "texture": "#0"}
			}
		},
		{
			"from": [5.5, -13.5, 7],
			"to": [9.5, -13, 9],
			"rotation": {"angle": 0, "axis": "y", "origin": [13, -8, 16]},
			"faces": {
				"north": {"uv": [0, 0, 4, 0.5], "texture": "#0"},
				"east": {"uv": [0, 0, 2, 0.5], "texture": "#0"},
				"south": {"uv": [0, 0, 4, 0.5], "texture": "#0"},
				"west": {"uv": [0, 0, 2, 0.5], "texture": "#0"},
				"up": {"uv": [0, 0, 4, 2], "texture": "#0"},
				"down": {"uv": [0, 0, 4, 2], "texture": "#0"}
			}
		},
		{
			"from": [5.5, -13, 9],
			"to": [9.5, -4, 10],
			"rotation": {"angle": 0, "axis": "y", "origin": [13, -5, 17]},
			"faces": {
				"north": {"uv": [0, 0, 4, 9], "texture": "#0"},
				"east": {"uv": [0, 0, 1, 9], "texture": "#0"},
				"south": {"uv": [0, 0, 4, 9], "texture": "#0"},
				"west": {"uv": [0, 0, 1, 9], "texture": "#0"},
				"up": {"uv": [0, 0, 4, 1], "texture": "#0"},
				"down": {"uv": [0, 0, 4, 1], "texture": "#0"}
			}
		},
		{
			"from": [5.5, -13, 6],
			"to": [9.5, -4, 7],
			"rotation": {"angle": 0, "axis": "y", "origin": [13, -5, 15]},
			"faces": {
				"north": {"uv": [0, 0, 4, 9], "texture": "#0"},
				"east": {"uv": [0, 0, 1, 9], "texture": "#0"},
				"south": {"uv": [0, 0, 4, 9], "texture": "#0"},
				"west": {"uv": [0, 0, 1, 9], "texture": "#0"},
				"up": {"uv": [0, 0, 4, 1], "texture": "#0"},
				"down": {"uv": [0, 0, 4, 1], "texture": "#0"}
			}
		},
		{
			"from": [5.5, -3, 7.5],
			"to": [9.5, 16, 8.5],
			"rotation": {"angle": 0, "axis": "y", "origin": [13, 2, 16]},
			"faces": {
				"north": {"uv": [0, 0, 4, 16], "texture": "#1"},
				"east": {"uv": [0, 0, 1, 16], "texture": "#1"},
				"south": {"uv": [0, 0, 4, 16], "texture": "#1"},
				"west": {"uv": [0, 0, 1, 16], "texture": "#1"},
				"up": {"uv": [0, 0, 4, 1], "texture": "#1"},
				"down": {"uv": [0, 0, 4, 1], "texture": "#1"}
			}
		},
		{
			"from": [5.75, 16, 7.65],
			"to": [9.35, 26, 8.45],
			"rotation": {"angle": 0, "axis": "y", "origin": [13, 21, 16]},
			"faces": {
				"north": {"uv": [0, 0, 3.6, 10], "texture": "#1"},
				"east": {"uv": [0, 0, 0.8, 10], "texture": "#1"},
				"south": {"uv": [0, 0, 3.6, 10], "texture": "#1"},
				"west": {"uv": [0, 0, 0.8, 10], "texture": "#1"},
				"up": {"uv": [0, 0, 3.6, 0.8], "texture": "#1"},
				"down": {"uv": [0, 0, 3.6, 0.8], "texture": "#1"}
			}
		},
		{
			"from": [6.3, 20, 7.75],
			"to": [9.3, 29, 8.35],
			"rotation": {"angle": 0, "axis": "y", "origin": [14, 25, 16]},
			"faces": {
				"north": {"uv": [0, 0, 3, 9], "texture": "#1"},
				"east": {"uv": [0, 0, 0.6, 9], "texture": "#1"},
				"south": {"uv": [0, 0, 3, 9], "texture": "#1"},
				"west": {"uv": [0, 0, 0.6, 9], "texture": "#1"},
				"up": {"uv": [0, 0, 3, 0.6], "texture": "#1"},
				"down": {"uv": [0, 0, 3, 0.6], "texture": "#1"}
			}
		},
		{
			"from": [7.2, 23, 7.9],
			"to": [9.2, 31, 8.2],
			"rotation": {"angle": 0, "axis": "y", "origin": [14, 28, 16]},
			"faces": {
				"north": {"uv": [0, 0, 2, 8], "texture": "#1"},
				"east": {"uv": [0, 0, 0.3, 8], "texture": "#1"},
				"south": {"uv": [0, 0, 2, 8], "texture": "#1"},
				"west": {"uv": [0, 0, 0.3, 8], "texture": "#1"},
				"up": {"uv": [0, 0, 2, 0.3], "texture": "#1"},
				"down": {"uv": [0, 0, 2, 0.3], "texture": "#1"}
			}
		},
		{
			"from": [8.3, 25, 7.9],
			"to": [9.3, 32, 8.2],
			"rotation": {"angle": 0, "axis": "y", "origin": [14, 30, 16]},
			"faces": {
				"north": {"uv": [0, 0, 1, 7], "texture": "#1"},
				"east": {"uv": [0, 0, 0.3, 7], "texture": "#1"},
				"south": {"uv": [0, 0, 1, 7], "texture": "#1"},
				"west": {"uv": [0, 0, 0.3, 7], "texture": "#1"},
				"up": {"uv": [0, 0, 1, 0.3], "texture": "#1"},
				"down": {"uv": [0, 0, 1, 0.3], "texture": "#1"}
			}
		}
	],
	"display": {
		"thirdperson_righthand": {
			"rotation": [0, -71, 0],
			"translation": [0, 9, 0.75],
			"scale": [0.4, 0.6, 0.4]
		},
		"thirdperson_lefthand": {
			"rotation": [0, 104, 0],
			"translation": [0, 9, 0.75],
			"scale": [0.4, 0.6, 0.4]
		},
		"firstperson_righthand": {
			"rotation": [-23, -81, 4],
			"translation": [0.25, 0, 0],
			"scale": [0.6, 0.6, 0.6]
		},
		"firstperson_lefthand": {
			"rotation": [-23, -81, 4],
			"translation": [0.25, 0, 0],
			"scale": [0.6, 0.6, 0.6]
		},
		"ground": {
			"rotation": [-34, 36, 0],
			"translation": [0, 5.75, 0],
			"scale": [0.7, 0.7, 0.7]
		},
		"gui": {
			"rotation": [-17, -170, -36],
			"translation": [0, 0.25, 0],
			"scale": [0.35, 0.4, 0.4]
		},
		"head": {
			"rotation": [149, 90, 0],
			"translation": [7, -27, 2],
			"scale": [0.65, 0.7, 0.65]
		},
		"fixed": {
			"rotation": [2, 0, 0],
			"scale": [0.9, 1, 1]
		}
	}
}