{
	"credit": "Credit:  Ontvlambaar",
	"textures": {
		"0": "block/white_wool",
		"1": "block/yellow_concrete",
		"particle": "block/white_wool"
	},
	"elements": [
		{
			"from": [3, 0, 3],
			"to": [13, 4, 13],
			"rotation": {"angle": 0, "axis": "y", "origin": [9, 8, 3]},
			"faces": {
				"north": {"uv": [0, 0, 10, 4], "texture": "#1"},
				"east": {"uv": [0, 0, 10, 4], "texture": "#1"},
				"south": {"uv": [1, 1, 15, 15], "texture": "#1"},
				"west": {"uv": [0, 0, 10, 4], "texture": "#1"},
				"up": {"uv": [1, 1, 15, 15], "texture": "#1"},
				"down": {"uv": [0, 0, 10, 10], "texture": "#1"}
			}
		},
		{
			"from": [4, 3, 4],
			"to": [12, 6, 12],
			"rotation": {"angle": 0, "axis": "y", "origin": [9, 12, 3]},
			"faces": {
				"north": {"uv": [1, 1, 15, 3], "texture": "#1"},
				"east": {"uv": [1, 1, 15, 3], "texture": "#1"},
				"south": {"uv": [1, 1, 15, 3], "texture": "#1"},
				"west": {"uv": [1, 1, 15, 3], "texture": "#1"},
				"up": {"uv": [1, 1, 15, 15], "texture": "#1"},
				"down": {"uv": [0, 0, 9, 9], "texture": "#1"}
			}
		},
		{
			"from": [5, 6, 5],
			"to": [11, 8, 11],
			"rotation": {"angle": 0, "axis": "y", "origin": [9, 15, 3]},
			"faces": {
				"north": {"uv": [1, 1, 15, 3], "texture": "#1"},
				"east": {"uv": [1, 1, 15, 3], "texture": "#1"},
				"south": {"uv": [1, 1, 15, 3], "texture": "#1"},
				"west": {"uv": [1, 1, 15, 3], "texture": "#1"},
				"up": {"uv": [1, 1, 15, 15], "texture": "#1"},
				"down": {"uv": [0, 0, 9, 9], "texture": "#1"}
			}
		},
		{
			"from": [6.8, 5.8, 6.8],
			"to": [9.2, 10.2, 9.2],
			"rotation": {"angle": 0, "axis": "y", "origin": [11.2, 14.2, 7.2]},
			"faces": {
				"north": {"uv": [1, 1, 15, 3], "texture": "#1"},
				"east": {"uv": [1, 1, 15, 3], "texture": "#1"},
				"south": {"uv": [1, 1, 15, 3], "texture": "#1"},
				"west": {"uv": [1, 1, 15, 10], "texture": "#1"},
				"up": {"uv": [1, 1, 15, 15], "texture": "#1"},
				"down": {"uv": [0, 0, 9, 9], "texture": "#1"}
			}
		},
		{
			"from": [4.4, 10.2, 6.8],
			"to": [8.4, 11.8, 9.2],
			"rotation": {"angle": 0, "axis": "y", "origin": [11.2, 16.6, 7.2]},
			"faces": {
				"north": {"uv": [1, 1, 15, 3], "texture": "#1"},
				"east": {"uv": [1, 1, 15, 3], "texture": "#1"},
				"south": {"uv": [1, 1, 15, 3], "texture": "#1"},
				"west": {"uv": [1, 1, 15, 10], "texture": "#1"},
				"up": {"uv": [1, 1, 15, 15], "texture": "#1"},
				"down": {"uv": [0, 0, 9, 9], "texture": "#1"}
			}
		},
		{
			"from": [8.4, 10.2, 6.8],
			"to": [9.2, 11, 9.2],
			"rotation": {"angle": 0, "axis": "y", "origin": [15.2, 16.6, 7.2]},
			"faces": {
				"north": {"uv": [1, 1, 15, 3], "texture": "#1"},
				"east": {"uv": [1, 1, 15, 3], "texture": "#1"},
				"south": {"uv": [1, 1, 15, 3], "texture": "#1"},
				"west": {"uv": [1, 1, 15, 10], "texture": "#1"},
				"up": {"uv": [1, 1, 15, 15], "texture": "#1"},
				"down": {"uv": [0, 0, 9, 9], "texture": "#1"}
			}
		},
		{
			"from": [6.4, 9.2, 6.8],
			"to": [7.2, 10.2, 9.2],
			"rotation": {"angle": 0, "axis": "y", "origin": [13.2, 15.6, 7.2]},
			"faces": {
				"north": {"uv": [1, 1, 15, 3], "texture": "#1"},
				"east": {"uv": [1, 1, 15, 3], "texture": "#1"},
				"south": {"uv": [1, 1, 15, 3], "texture": "#1"},
				"west": {"uv": [1, 1, 15, 10], "texture": "#1"},
				"up": {"uv": [1, 1, 15, 15], "texture": "#1"},
				"down": {"uv": [0, 0, 9, 9], "texture": "#1"}
			}
		},
		{
			"from": [3.6, 11, 6.8],
			"to": [6, 12.6, 9.2],
			"rotation": {"angle": 0, "axis": "y", "origin": [8, 17.4, 7.2]},
			"faces": {
				"north": {"uv": [1, 1, 15, 3], "texture": "#1"},
				"east": {"uv": [1, 1, 15, 3], "texture": "#1"},
				"south": {"uv": [1, 1, 15, 3], "texture": "#1"},
				"west": {"uv": [1, 1, 15, 10], "texture": "#1"},
				"up": {"uv": [1, 1, 15, 15], "texture": "#1"},
				"down": {"uv": [0, 0, 9, 9], "texture": "#1"}
			}
		},
		{
			"from": [2.8, 11.8, 6.8],
			"to": [5.2, 16.6, 9.2],
			"rotation": {"angle": 0, "axis": "y", "origin": [7.2, 18.2, 7.2]},
			"faces": {
				"north": {"uv": [1, 1, 15, 3], "texture": "#1"},
				"east": {"uv": [1, 1, 15, 3], "texture": "#1"},
				"south": {"uv": [1, 1, 15, 3], "texture": "#1"},
				"west": {"uv": [1, 1, 15, 10], "texture": "#1"},
				"up": {"uv": [1, 1, 15, 15], "texture": "#1"},
				"down": {"uv": [0, 0, 9, 9], "texture": "#1"}
			}
		},
		{
			"from": [3.6, 15.8, 6.8],
			"to": [6, 18.2, 9.2],
			"rotation": {"angle": 0, "axis": "y", "origin": [8, 22.2, 7.2]},
			"faces": {
				"north": {"uv": [1, 1, 15, 3], "texture": "#1"},
				"east": {"uv": [1, 1, 15, 3], "texture": "#1"},
				"south": {"uv": [1, 1, 15, 3], "texture": "#1"},
				"west": {"uv": [1, 1, 15, 10], "texture": "#1"},
				"up": {"uv": [1, 1, 15, 15], "texture": "#1"},
				"down": {"uv": [0, 0, 9, 9], "texture": "#1"}
			}
		},
		{
			"from": [5.2, 17.4, 6.8],
			"to": [7.6, 19, 9.2],
			"rotation": {"angle": 0, "axis": "y", "origin": [9.6, 23, 7.2]},
			"faces": {
				"north": {"uv": [1, 1, 15, 3], "texture": "#1"},
				"east": {"uv": [1, 1, 15, 3], "texture": "#1"},
				"south": {"uv": [1, 1, 15, 3], "texture": "#1"},
				"west": {"uv": [1, 1, 15, 10], "texture": "#1"},
				"up": {"uv": [1, 1, 15, 15], "texture": "#1"},
				"down": {"uv": [0, 0, 9, 9], "texture": "#1"}
			}
		},
		{
			"from": [6.8, 18.2, 6.8],
			"to": [9.2, 19.8, 9.2],
			"rotation": {"angle": 0, "axis": "y", "origin": [11.2, 23.8, 7.2]},
			"faces": {
				"north": {"uv": [1, 1, 15, 3], "texture": "#1"},
				"east": {"uv": [1, 1, 15, 3], "texture": "#1"},
				"south": {"uv": [1, 1, 15, 3], "texture": "#1"},
				"west": {"uv": [1, 1, 15, 10], "texture": "#1"},
				"up": {"uv": [1, 1, 15, 15], "texture": "#1"},
				"down": {"uv": [0, 0, 9, 9], "texture": "#1"}
			}
		},
		{
			"from": [8.4, 17.4, 6.8],
			"to": [10.8, 19, 9.2],
			"rotation": {"angle": 0, "axis": "y", "origin": [12.8, 23, 7.2]},
			"faces": {
				"north": {"uv": [1, 1, 15, 3], "texture": "#1"},
				"east": {"uv": [1, 1, 15, 3], "texture": "#1"},
				"south": {"uv": [1, 1, 15, 3], "texture": "#1"},
				"west": {"uv": [1, 1, 15, 10], "texture": "#1"},
				"up": {"uv": [1, 1, 15, 15], "texture": "#1"},
				"down": {"uv": [0, 0, 9, 9], "texture": "#1"}
			}
		},
		{
			"from": [10, 16.6, 6.8],
			"to": [11.6, 18.2, 9.2],
			"rotation": {"angle": 0, "axis": "y", "origin": [13.6, 22.2, 7.2]},
			"faces": {
				"north": {"uv": [1, 1, 15, 3], "texture": "#1"},
				"east": {"uv": [1, 1, 15, 3], "texture": "#1"},
				"south": {"uv": [1, 1, 15, 3], "texture": "#1"},
				"west": {"uv": [1, 1, 15, 10], "texture": "#1"},
				"up": {"uv": [1, 1, 15, 15], "texture": "#1"},
				"down": {"uv": [0, 0, 9, 9], "texture": "#1"}
			}
		},
		{
			"from": [10.8, 15.8, 6.8],
			"to": [11.6, 17.4, 9.2],
			"rotation": {"angle": 0, "axis": "y", "origin": [14.4, 21.4, 7.2]},
			"faces": {
				"north": {"uv": [1, 1, 15, 3], "texture": "#1"},
				"east": {"uv": [1, 1, 15, 3], "texture": "#1"},
				"south": {"uv": [1, 1, 15, 3], "texture": "#1"},
				"west": {"uv": [1, 1, 15, 10], "texture": "#1"},
				"up": {"uv": [1, 1, 15, 15], "texture": "#1"},
				"down": {"uv": [0, 0, 9, 9], "texture": "#1"}
			}
		},
		{
			"from": [16, 2, 3],
			"to": [17, 7, 13],
			"rotation": {"angle": -22.5, "axis": "z", "origin": [9, 10, 14]},
			"faces": {
				"north": {"uv": [0, 0, 1, 5], "texture": "#0"},
				"east": {"uv": [0, 0, 10, 5], "texture": "#0"},
				"south": {"uv": [0, 0, 1, 5], "texture": "#0"},
				"west": {"uv": [0, 0, 10, 5], "texture": "#0"},
				"up": {"uv": [0, 0, 10, 1], "rotation": 90, "texture": "#0"},
				"down": {"uv": [0, 0, 10, 1], "rotation": 270, "texture": "#0"}
			}
		},
		{
			"from": [3, 2, -1],
			"to": [13, 7, 0],
			"rotation": {"angle": -22.5, "axis": "x", "origin": [14, 10, 7]},
			"faces": {
				"north": {"uv": [0, 0, 10, 5], "texture": "#0"},
				"east": {"uv": [0, 0, 1, 5], "texture": "#0"},
				"south": {"uv": [0, 0, 10, 5], "texture": "#0"},
				"west": {"uv": [0, 0, 1, 5], "texture": "#0"},
				"up": {"uv": [0, 0, 10, 1], "texture": "#0"},
				"down": {"uv": [0, 0, 10, 1], "texture": "#0"}
			}
		},
		{
			"from": [-1, 2, 3],
			"to": [0, 7, 13],
			"rotation": {"angle": 22.5, "axis": "z", "origin": [7, 10, 2]},
			"faces": {
				"north": {"uv": [0, 0, 1, 5], "texture": "#0"},
				"east": {"uv": [0, 0, 10, 5], "texture": "#0"},
				"south": {"uv": [0, 0, 1, 5], "texture": "#0"},
				"west": {"uv": [0, 0, 10, 5], "texture": "#0"},
				"up": {"uv": [0, 0, 10, 1], "rotation": 270, "texture": "#0"},
				"down": {"uv": [0, 0, 10, 1], "rotation": 90, "texture": "#0"}
			}
		},
		{
			"from": [3, 2, 16],
			"to": [13, 7, 17],
			"rotation": {"angle": 22.5, "axis": "x", "origin": [2, 10, 9]},
			"faces": {
				"north": {"uv": [0, 0, 10, 5], "texture": "#0"},
				"east": {"uv": [0, 0, 1, 5], "texture": "#0"},
				"south": {"uv": [0, 0, 10, 5], "texture": "#0"},
				"west": {"uv": [0, 0, 1, 5], "texture": "#0"},
				"up": {"uv": [0, 0, 10, 1], "rotation": 180, "texture": "#0"},
				"down": {"uv": [0, 0, 10, 1], "rotation": 180, "texture": "#0"}
			}
		}
	],
	"display": {
		"thirdperson_righthand": {
			"rotation": [-90, 90, 0],
			"translation": [0, -2, -2.5],
			"scale": [0.4, 0.4, 0.4]
		},
		"thirdperson_lefthand": {
			"rotation": [-90, -90, 0],
			"translation": [0, -2, -2.5],
			"scale": [0.4, 0.4, 0.4]
		},
		"firstperson_righthand": {
			"rotation": [0, 105, -29],
			"translation": [1, -0.5, 0],
			"scale": [0.7, 0.7, 0.7]
		},
		"firstperson_lefthand": {
			"rotation": [0, -90, 29],
			"translation": [1.25, 0, 0],
			"scale": [0.7, 0.7, 0.7]
		},
		"ground": {
			"rotation": [46, -59, 49],
			"scale": [0.5, 0.5, 0.5]
		},
		"gui": {
			"rotation": [17, -31, -22],
			"scale": [0.7, 0.7, 0.7]
		},
		"head": {
			"translation": [0, 12, 0]
		}
	},
	"groups": [0, 1, 2, 3, 4, 5, 6, 7, 8, 9, 10, 11, 12, 13, 14,
		{
			"name": "group",
			"origin": [2, 10, 9],
			"children": [15, 16, 17, 18]
		}
	]
}