{
  "credit": "Made_with_Blockbench",
  "textures": {
    "0": "block/black_concrete",
    "2": "block/light_gray_concrete",
    "4": "block/stone",
    "5": "block/gray_concrete"
  },
  "elements": [
    {
      "from": [
        0,
        -0.00175,
        0.00175
      ],
      "to": [
        1,
        7.59825,
        6.70175
      ],
      "faces": {
        "north": {
          "uv": [
            0,
            0,
            1,
            7.6
          ],
          "texture": "#4"
        },
        "east": {
          "uv": [
            0,
            0,
            6.7,
            7.6
          ],
          "texture": "#4"
        },
        "south": {
          "uv": [
            0,
            0,
            1,
            7.6
          ],
          "texture": "#4"
        },
        "west": {
          "uv": [
            9,
            0,
            15.7,
            7.6
          ],
          "texture": "#4"
        },
        "up": {
          "uv": [
            0,
            0,
            1,
            6.7
          ],
          "texture": "#4"
        },
        "down": {
          "uv": [
            0,
            0,
            1,
            6.7
          ],
          "texture": "#4"
        }
      }
    },
    {
      "from": [
        1,
        -0.00175,
        0.00175
      ],
      "to": [
        5.5,
        7.59825,
        1.00175
      ],
      "faces": {
        "north": {
          "uv": [
            0,
            0,
            4.5,
            7.6
          ],
          "texture": "#4"
        },
        "east": {
          "uv": [
            0,
            0,
            1,
            7.6
          ],
          "texture": "#4"
        },
        "south": {
          "uv": [
            0,
            0,
            4.5,
            7.6
          ],
          "texture": "#4"
        },
        "west": {
          "uv": [
            0,
            0,
            1,
            7.6
          ],
          "texture": "#4"
        },
        "up": {
          "uv": [
            0,
            0,
            4.5,
            1
          ],
          "texture": "#4"
        },
        "down": {
          "uv": [
            0,
            0,
            4.5,
            1
          ],
          "texture": "#4"
        }
      }
    },
    {
      "from": [
        0.28902,
        0.20927,
        0.30173
      ],
      "to": [
        0.88902,
        13.00927,
        15.80173
      ],
      "faces": {
        "north": {
          "uv": [
            0,
            0,
            0.6,
            12.8
          ],
          "texture": "#0"
        },
        "east": {
          "uv": [
            0,
            0,
            15.5,
            12.8
          ],
          "texture": "#0"
        },
        "south": {
          "uv": [
            0,
            0,
            0.6,
            12.8
          ],
          "texture": "#0"
        },
        "west": {
          "uv": [
            0,
            0,
            15.5,
            12.8
          ],
          "texture": "#0"
        },
        "up": {
          "uv": [
            0,
            0,
            0.6,
            15.5
          ],
          "texture": "#0"
        },
        "down": {
          "uv": [
            0,
            0,
            0.6,
            15.5
          ],
          "texture": "#0"
        }
      }
    },
    {
      "from": [
        0.28902,
        7.90927,
        0.30173
      ],
      "to": [
        5.88902,
        9.60927,
        0.80173
      ],
      "faces": {
        "north": {
          "uv": [
            0,
            0,
            5.6,
            1.7
          ],
          "texture": "#0"
        },
        "east": {
          "uv": [
            0,
            0,
            0.5,
            1.7
          ],
          "texture": "#0"
        },
        "south": {
          "uv": [
            0,
            0,
            5.6,
            1.7
          ],
          "texture": "#0"
        },
        "west": {
          "uv": [
            0,
            0,
            0.5,
            1.7
          ],
          "texture": "#0"
        },
        "up": {
          "uv": [
            0,
            0,
            5.6,
            0.5
          ],
          "texture": "#0"
        },
        "down": {
          "uv": [
            0,
            0,
            5.6,
            0.5
          ],
          "texture": "#0"
        }
      }
    },
    {
      "from": [
        0.26289,
        7.93549,
        15.30168
      ],
      "to": [
        5.86289,
        9.63549,
        15.80168
      ],
      "faces": {
        "north": {
          "uv": [
            0,
            0,
            5.6,
            1.7
          ],
          "texture": "#0"
        },
        "east": {
          "uv": [
            0,
            0,
            0.5,
            1.7
          ],
          "texture": "#0"
        },
        "south": {
          "uv": [
            0,
            0,
            5.6,
            1.7
          ],
          "texture": "#0"
        },
        "west": {
          "uv": [
            0,
            0,
            0.5,
            1.7
          ],
          "texture": "#0"
        },
        "up": {
          "uv": [
            0,
            0,
            5.6,
            0.5
          ],
          "texture": "#0"
        },
        "down": {
          "uv": [
            0,
            0,
            5.6,
            0.5
          ],
          "texture": "#0"
        }
      }
    },
    {
      "from": [
        0,
        9.09825,
        0.00175
      ],
      "to": [
        16,
        14.09825,
        16.00175
      ],
      "faces": {
        "north": {
          "uv": [
            2,
            0,
            16,
            5
          ],
          "texture": "#4"
        },
        "east": {
          "uv": [
            2,
            0,
            16,
            5
          ],
          "texture": "#4"
        },
        "south": {
          "uv": [
            2,
            0,
            16,
            5
          ],
          "texture": "#4"
        },
        "west": {
          "uv": [
            2,
            0,
            16,
            5
          ],
          "texture": "#4"
        },
        "up": {
          "uv": [
            0,
            0,
            1,
            14
          ],
          "texture": "#4"
        },
        "down": {
          "uv": [
            0,
            0,
            1,
            14
          ],
          "texture": "#4"
        }
      }
    },
    {
      "from": [
        14.99126,
        -0.00173,
        1.01047
      ],
      "to": [
        15.99126,
        9.09827,
        15.01047
      ],
      "faces": {
        "north": {
          "uv": [
            2,
            0,
            16,
            5
          ],
          "texture": "#4"
        },
        "east": {
          "uv": [
            4,
            0,
            16,
            9
          ],
          "texture": "#4"
        },
        "south": {
          "uv": [
            2,
            0,
            16,
            5
          ],
          "texture": "#4"
        },
        "west": {
          "uv": [
            2,
            0,
            16,
            5
          ],
          "texture": "#4"
        },
        "up": {
          "uv": [
            0,
            0,
            1,
            14
          ],
          "texture": "#4"
        },
        "down": {
          "uv": [
            0,
            0,
            1,
            14
          ],
          "texture": "#4"
        }
      }
    },
    {
      "from": [
        -0.0169,
        0.01521,
        9.30172
      ],
      "to": [
        0.9831,
        7.61521,
        15.60172
      ],
      "faces": {
        "north": {
          "uv": [
            0,
            0,
            1,
            7.6
          ],
          "texture": "#4"
        },
        "east": {
          "uv": [
            0,
            0,
            6.3,
            7.6
          ],
          "texture": "#4"
        },
        "south": {
          "uv": [
            0,
            0,
            1,
            7.6
          ],
          "texture": "#4"
        },
        "west": {
          "uv": [
            8,
            0,
            14.3,
            7.6
          ],
          "texture": "#4"
        },
        "up": {
          "uv": [
            0,
            0,
            1,
            6.3
          ],
          "texture": "#4"
        },
        "down": {
          "uv": [
            0,
            0,
            1,
            6.3
          ],
          "texture": "#4"
        }
      }
    },
    {
      "from": [
        -0.0169,
        7.61521,
        12.40172
      ],
      "to": [
        0.9831,
        8.01521,
        16.00172
      ],
      "faces": {
        "north": {
          "uv": [
            0,
            0,
            1,
            0.4
          ],
          "texture": "#4"
        },
        "east": {
          "uv": [
            0,
            0,
            3.6,
            0.4
          ],
          "texture": "#4"
        },
        "south": {
          "uv": [
            0,
            0,
            1,
            0.4
          ],
          "texture": "#4"
        },
        "west": {
          "uv": [
            0,
            0,
            3.6,
            0.4
          ],
          "texture": "#4"
        },
        "up": {
          "uv": [
            0,
            0,
            1,
            3.6
          ],
          "texture": "#4"
        },
        "down": {
          "uv": [
            0,
            0,
            1,
            3.6
          ],
          "texture": "#4"
        }
      }
    },
    {
      "from": [
        0,
        -0.00175,
        15.00175
      ],
      "to": [
        16,
        7.99825,
        16.00175
      ],
      "faces": {
        "north": {
          "uv": [
            0,
            0,
            16,
            8
          ],
          "texture": "#4"
        },
        "east": {
          "uv": [
            3,
            0,
            4,
            8
          ],
          "texture": "#4"
        },
        "south": {
          "uv": [
            0,
            0,
            16,
            8
          ],
          "texture": "#4"
        },
        "west": {
          "uv": [
            0,
            0,
            1,
            8
          ],
          "texture": "#4"
        },
        "up": {
          "uv": [
            0,
            0,
            16,
            1
          ],
          "texture": "#4"
        },
        "down": {
          "uv": [
            0,
            0,
            16,
            1
          ],
          "texture": "#4"
        }
      }
    },
    {
      "from": [
        4.02683,
        7.97203,
        0.00109
      ],
      "to": [
        5.02683,
        8.37203,
        1.00109
      ],
      "faces": {
        "north": {
          "uv": [
            0,
            0,
            1,
            0.4
          ],
          "texture": "#4"
        },
        "east": {
          "uv": [
            0,
            0,
            1,
            0.4
          ],
          "texture": "#4"
        },
        "south": {
          "uv": [
            0,
            0,
            1,
            0.4
          ],
          "texture": "#4"
        },
        "west": {
          "uv": [
            0,
            0,
            1,
            0.4
          ],
          "texture": "#4"
        },
        "up": {
          "uv": [
            0,
            0,
            1,
            1
          ],
          "texture": "#4"
        },
        "down": {
          "uv": [
            0,
            0,
            1,
            1
          ],
          "texture": "#4"
        }
      }
    },
    {
      "from": [
        4.0007,
        7.99825,
        15.00105
      ],
      "to": [
        5.0007,
        8.39825,
        16.00105
      ],
      "faces": {
        "north": {
          "uv": [
            0,
            0,
            1,
            0.4
          ],
          "texture": "#4"
        },
        "east": {
          "uv": [
            0,
            0,
            1,
            0.4
          ],
          "texture": "#4"
        },
        "south": {
          "uv": [
            0,
            0,
            1,
            0.4
          ],
          "texture": "#4"
        },
        "west": {
          "uv": [
            0,
            0,
            1,
            0.4
          ],
          "texture": "#4"
        },
        "up": {
          "uv": [
            0,
            0,
            1,
            1
          ],
          "texture": "#4"
        },
        "down": {
          "uv": [
            0,
            0,
            1,
            1
          ],
          "texture": "#4"
        }
      }
    },
    {
      "from": [
        5,
        7.99825,
        15.00175
      ],
      "to": [
        16,
        9.09825,
        16.00175
      ],
      "faces": {
        "north": {
          "uv": [
            0,
            0,
            11,
            1.1
          ],
          "texture": "#4"
        },
        "east": {
          "uv": [
            0,
            0,
            1,
            2
          ],
          "texture": "#4"
        },
        "south": {
          "uv": [
            3,
            13,
            13.2,
            14
          ],
          "texture": "#4"
        },
        "west": {
          "uv": [
            0,
            0,
            1,
            1.1
          ],
          "texture": "#4"
        },
        "up": {
          "uv": [
            0,
            0,
            11,
            1
          ],
          "texture": "#4"
        },
        "down": {
          "uv": [
            0,
            0,
            11,
            1
          ],
          "texture": "#4"
        }
      }
    },
    {
      "from": [
        5,
        7.99825,
        0.00175
      ],
      "to": [
        16,
        9.09825,
        1.00175
      ],
      "faces": {
        "north": {
          "uv": [
            5,
            7,
            16,
            8
          ],
          "texture": "#4"
        },
        "east": {
          "uv": [
            0,
            0,
            1,
            1.1
          ],
          "texture": "#4"
        },
        "south": {
          "uv": [
            0,
            0,
            11,
            1.1
          ],
          "texture": "#4"
        },
        "west": {
          "uv": [
            0,
            0,
            1,
            1.1
          ],
          "texture": "#4"
        },
        "up": {
          "uv": [
            0,
            0,
            11,
            1
          ],
          "texture": "#4"
        },
        "down": {
          "uv": [
            0,
            0,
            11,
            1
          ],
          "texture": "#4"
        }
      }
    },
    {
      "from": [
        6,
        5.99825,
        15.10175
      ],
      "to": [
        10,
        9.99825,
        16.40175
      ],
      "faces": {
        "north": {
          "uv": [
            0,
            0,
            4,
            4
          ],
          "texture": "#2"
        },
        "east": {
          "uv": [
            0,
            0,
            1.3,
            4
          ],
          "texture": "#2"
        },
        "south": {
          "uv": [
            0,
            0,
            4,
            4
          ],
          "texture": "#2"
        },
        "west": {
          "uv": [
            0,
            0,
            1.3,
            4
          ],
          "texture": "#2"
        },
        "up": {
          "uv": [
            0,
            0,
            4,
            1.3
          ],
          "texture": "#2"
        },
        "down": {
          "uv": [
            0,
            0,
            4,
            1.3
          ],
          "texture": "#2"
        }
      }
    },
    {
      "from": [
        6,
        5.99825,
        -0.40175
      ],
      "to": [
        10,
        9.99825,
        0.99825
      ],
      "faces": {
        "north": {
          "uv": [
            4,
            0,
            0,
            4
          ],
          "texture": "#2"
        },
        "east": {
          "uv": [
            1.4,
            0,
            0,
            4
          ],
          "texture": "#2"
        },
        "south": {
          "uv": [
            4,
            0,
            0,
            4
          ],
          "texture": "#2"
        },
        "west": {
          "uv": [
            1.4,
            0,
            0,
            4
          ],
          "texture": "#2"
        },
        "up": {
          "uv": [
            0,
            1.4,
            4,
            0
          ],
          "texture": "#2"
        },
        "down": {
          "uv": [
            0,
            1.4,
            4,
            0
          ],
          "texture": "#2"
        }
      }
    },
    {
      "from": [
        -0.19843,
        10.09825,
        -0.29983
      ],
      "to": [
        8.60157,
        10.59825,
        16.30017
      ],
      "faces": {
        "north": {
          "uv": [
            0,
            0,
            8.8,
            0.5
          ],
          "texture": "#2"
        },
        "east": {
          "uv": [
            0,
            0,
            16,
            0.5
          ],
          "texture": "#2"
        },
        "south": {
          "uv": [
            0,
            0,
            8.8,
            0.5
          ],
          "texture": "#2"
        },
        "west": {
          "uv": [
            0,
            0,
            16,
            0.5
          ],
          "texture": "#2"
        },
        "up": {
          "uv": [
            0,
            0,
            8.8,
            16
          ],
          "texture": "#2"
        },
        "down": {
          "uv": [
            0,
            0,
            8.8,
            16
          ],
          "texture": "#2"
        }
      }
    },
    {
      "from": [
        -0.39843,
        9.89825,
        6.70017
      ],
      "to": [
        16.40157,
        14.59825,
        9.40017
      ],
      "faces": {
        "north": {
          "uv": [
            0,
            0,
            16,
            4.7
          ],
          "texture": "#2"
        },
        "east": {
          "uv": [
            0,
            0,
            2.7,
            4.7
          ],
          "texture": "#2"
        },
        "south": {
          "uv": [
            0,
            0,
            16,
            4.7
          ],
          "texture": "#2"
        },
        "west": {
          "uv": [
            0,
            0,
            2.7,
            4.7
          ],
          "texture": "#2"
        },
        "up": {
          "uv": [
            0,
            0,
            16,
            2.7
          ],
          "texture": "#2"
        },
        "down": {
          "uv": [
            0,
            0,
            16,
            2.7
          ],
          "texture": "#2"
        }
      }
    },
    {
      "from": [
        0.70157,
        9.89825,
        6.70017
      ],
      "to": [
        15.60157,
        15.59825,
        9.40017
      ],
      "faces": {
        "north": {
          "uv": [
            0,
            0,
            14.9,
            5.7
          ],
          "texture": "#2"
        },
        "east": {
          "uv": [
            0,
            0,
            2.7,
            5.7
          ],
          "texture": "#2"
        },
        "south": {
          "uv": [
            0,
            0,
            14.9,
            5.7
          ],
          "texture": "#2"
        },
        "west": {
          "uv": [
            0,
            0,
            2.7,
            5.7
          ],
          "texture": "#2"
        },
        "up": {
          "uv": [
            0,
            0,
            14.9,
            2.7
          ],
          "texture": "#2"
        },
        "down": {
          "uv": [
            0,
            0,
            14.9,
            2.7
          ],
          "texture": "#2"
        }
      }
    },
    {
      "from": [
        15.00157,
        -0.30175,
        6.70017
      ],
      "to": [
        16.40157,
        14.79825,
        9.40017
      ],
      "faces": {
        "north": {
          "uv": [
            0,
            0,
            1.4,
            15.1
          ],
          "texture": "#2"
        },
        "east": {
          "uv": [
            0,
            0,
            2.7,
            15.1
          ],
          "texture": "#2"
        },
        "south": {
          "uv": [
            0,
            0,
            1.4,
            15.1
          ],
          "texture": "#2"
        },
        "west": {
          "uv": [
            0,
            0,
            2.7,
            15.1
          ],
          "texture": "#2"
        },
        "up": {
          "uv": [
            0,
            0,
            1.4,
            2.7
          ],
          "texture": "#2"
        },
        "down": {
          "uv": [
            0,
            0,
            1.4,
            2.7
          ],
          "texture": "#2"
        }
      }
    },
    {
      "from": [
        -0.49843,
        9.99825,
        7.70017
      ],
      "to": [
        16.50157,
        14.99825,
        8.40017
      ],
      "faces": {
        "north": {
          "uv": [
            0,
            10.5,
            16,
            15.5
          ],
          "texture": "#2"
        },
        "east": {
          "uv": [
            3.4,
            10.5,
            4.1,
            15.5
          ],
          "texture": "#2"
        },
        "south": {
          "uv": [
            0,
            10.5,
            16,
            15.5
          ],
          "texture": "#2"
        },
        "west": {
          "uv": [
            3.4,
            10.5,
            4.1,
            15.5
          ],
          "texture": "#2"
        },
        "up": {
          "uv": [
            3.4,
            15.5,
            4.1,
            16
          ],
          "texture": "#2"
        },
        "down": {
          "uv": [
            0,
            0,
            16,
            0.7
          ],
          "texture": "#2"
        }
      }
    },
    {
      "from": [
        0.40577,
        12.39824,
        7.69599
      ],
      "to": [
        15.80577,
        15.79824,
        8.39599
      ],
      "faces": {
        "north": {
          "uv": [
            3.4,
            10.5,
            4.1,
            15.5
          ],
          "texture": "#2"
        },
        "east": {
          "uv": [
            3.4,
            10.5,
            4.1,
            15.5
          ],
          "texture": "#2"
        },
        "south": {
          "uv": [
            0.6,
            10.5,
            16,
            13.9
          ],
          "texture": "#2"
        },
        "west": {
          "uv": [
            3.4,
            10.5,
            4.1,
            13.9
          ],
          "texture": "#2"
        },
        "up": {
          "uv": [
            0,
            0,
            15.4,
            0.7
          ],
          "texture": "#2"
        },
        "down": {
          "uv": [
            0,
            0,
            15.4,
            0.7
          ],
          "texture": "#2"
        }
      }
    },
    {
      "from": [
        15.00157,
        -0.40175,
        7.70017
      ],
      "to": [
        16.50157,
        9.99825,
        8.40017
      ],
      "faces": {
        "north": {
          "uv": [
            3.4,
            0.1,
            5.3,
            10.5
          ],
          "texture": "#2"
        },
        "east": {
          "uv": [
            3.4,
            0.1,
            4.1,
            10.5
          ],
          "texture": "#2"
        },
        "south": {
          "uv": [
            3.4,
            0.1,
            5.3,
            10.5
          ],
          "texture": "#2"
        },
        "west": {
          "uv": [
            3.4,
            10.5,
            4.1,
            15.5
          ],
          "texture": "#2"
        },
        "up": {
          "uv": [
            3.4,
            15,
            5.3,
            15.7
          ],
          "texture": "#2"
        },
        "down": {
          "uv": [
            14.7,
            3,
            15.7,
            4
          ],
          "texture": "#2"
        }
      }
    },
    {
      "from": [
        -0.39965,
        9.59825,
        7.1014
      ],
      "to": [
        14.40035,
        14.59825,
        9.0014
      ],
      "faces": {
        "north": {
          "uv": [
            0,
            0,
            14.8,
            5
          ],
          "texture": "#2"
        },
        "east": {
          "uv": [
            0,
            0,
            1.9,
            5
          ],
          "texture": "#2"
        },
        "south": {
          "uv": [
            0,
            0,
            14.8,
            5
          ],
          "texture": "#2"
        },
        "west": {
          "uv": [
            0,
            0,
            1.9,
            5
          ],
          "texture": "#2"
        },
        "up": {
          "uv": [
            0,
            0,
            14.8,
            1.9
          ],
          "texture": "#2"
        },
        "down": {
          "uv": [
            0,
            0,
            14.8,
            1.9
          ],
          "texture": "#2"
        }
      }
    },
    {
      "from": [
        7.6,
        -0.30175,
        15.10175
      ],
      "to": [
        8.4,
        9.99825,
        16.40175
      ],
      "faces": {
        "north": {
          "uv": [
            0,
            0,
            0.8,
            10.3
          ],
          "texture": "#2"
        },
        "east": {
          "uv": [
            0,
            0,
            1.3,
            10.3
          ],
          "texture": "#2"
        },
        "south": {
          "uv": [
            0,
            0,
            0.8,
            10.3
          ],
          "texture": "#2"
        },
        "west": {
          "uv": [
            0,
            0,
            1.3,
            10.3
          ],
          "texture": "#2"
        },
        "up": {
          "uv": [
            0,
            0,
            0.8,
            1.3
          ],
          "texture": "#2"
        },
        "down": {
          "uv": [
            0,
            0,
            0.8,
            1.3
          ],
          "texture": "#2"
        }
      }
    },
    {
      "from": [
        7.6,
        -0.30175,
        -0.40175
      ],
      "to": [
        8.4,
        9.99825,
        0.99825
      ],
      "faces": {
        "north": {
          "uv": [
            0.8,
            0,
            0,
            10.3
          ],
          "texture": "#2"
        },
        "east": {
          "uv": [
            1.4,
            0,
            0,
            10.3
          ],
          "texture": "#2"
        },
        "south": {
          "uv": [
            0.8,
            0,
            0,
            10.3
          ],
          "texture": "#2"
        },
        "west": {
          "uv": [
            1.4,
            0,
            0,
            10.3
          ],
          "texture": "#2"
        },
        "up": {
          "uv": [
            0,
            1.4,
            0.8,
            0
          ],
          "texture": "#2"
        },
        "down": {
          "uv": [
            0,
            1.4,
            0.8,
            0
          ],
          "texture": "#2"
        }
      }
    },
    {
      "from": [
        7,
        -0.20175,
        15.10175
      ],
      "to": [
        9,
        9.99825,
        16.30175
      ],
      "faces": {
        "north": {
          "uv": [
            0,
            0,
            2,
            10.2
          ],
          "texture": "#2"
        },
        "east": {
          "uv": [
            0,
            0,
            1.2,
            10.2
          ],
          "texture": "#2"
        },
        "south": {
          "uv": [
            0,
            0,
            2,
            10.2
          ],
          "texture": "#2"
        },
        "west": {
          "uv": [
            0,
            0,
            1.2,
            10.2
          ],
          "texture": "#2"
        },
        "up": {
          "uv": [
            0,
            0,
            2,
            1.2
          ],
          "texture": "#2"
        },
        "down": {
          "uv": [
            0,
            0,
            2,
            1.2
          ],
          "texture": "#2"
        }
      }
    },
    {
      "from": [
        7,
        -0.20175,
        -0.30175
      ],
      "to": [
        9,
        9.99825,
        0.99825
      ],
      "faces": {
        "north": {
          "uv": [
            2,
            0,
            4,
            10.2
          ],
          "texture": "#2"
        },
        "east": {
          "uv": [
            1.3,
            0,
            2.6,
            10.2
          ],
          "texture": "#2"
        },
        "south": {
          "uv": [
            2,
            0,
            4,
            10.2
          ],
          "texture": "#2"
        },
        "west": {
          "uv": [
            1.3,
            0,
            2.6,
            10.2
          ],
          "texture": "#2"
        },
        "up": {
          "uv": [
            0,
            1.3,
            2,
            2.6
          ],
          "texture": "#2"
        },
        "down": {
          "uv": [
            0,
            1.3,
            2,
            2.6
          ],
          "texture": "#2"
        }
      }
    },
    {
      "from": [
        7.6,
        -0.40262,
        -0.50087
      ],
      "to": [
        8.4,
        9.19738,
        0.99913
      ],
      "faces": {
        "north": {
          "uv": [
            3.4,
            5.6,
            4.2,
            15.2
          ],
          "texture": "#2"
        },
        "east": {
          "uv": [
            3.4,
            5.6,
            4.9,
            15.2
          ],
          "texture": "#2"
        },
        "south": {
          "uv": [
            2,
            0,
            2.8,
            9.6
          ],
          "texture": "#2"
        },
        "west": {
          "uv": [
            3.4,
            5.6,
            4.9,
            15.2
          ],
          "texture": "#2"
        },
        "up": {
          "uv": [
            0,
            1.3,
            0.8,
            2.8
          ],
          "texture": "#2"
        },
        "down": {
          "uv": [
            3.4,
            14.5,
            4.2,
            16
          ],
          "texture": "#2"
        }
      }
    },
    {
      "from": [
        6.89913,
        6.39913,
        15.50174
      ],
      "to": [
        9.09913,
        8.39913,
        17.00174
      ],
      "faces": {
        "north": {
          "uv": [
            0,
            0,
            3.4,
            3.4
          ],
          "texture": "#2"
        },
        "east": {
          "uv": [
            3.4,
            15,
            0,
            16
          ],
          "texture": "#2"
        },
        "south": {
          "uv": [
            3.4,
            15,
            0,
            16
          ],
          "texture": "#2"
        },
        "west": {
          "uv": [
            3.4,
            15,
            0,
            16
          ],
          "texture": "#2"
        },
        "up": {
          "uv": [
            3.4,
            15,
            0,
            16
          ],
          "texture": "#2"
        },
        "down": {
          "uv": [
            3.4,
            15,
            0,
            16
          ],
          "texture": "#2"
        }
      }
    },
    {
      "from": [
        6.89913,
        6.39913,
        -1.00174
      ],
      "to": [
        9.09913,
        8.39913,
        0.49826
      ],
      "faces": {
        "north": {
          "uv": [
            0,
            15,
            3.4,
            16
          ],
          "texture": "#2"
        },
        "east": {
          "uv": [
            0,
            15,
            3.4,
            16
          ],
          "texture": "#2"
        },
        "south": {
          "uv": [
            3.4,
            0,
            0,
            3.4
          ],
          "texture": "#2"
        },
        "west": {
          "uv": [
            0,
            15,
            3.4,
            16
          ],
          "texture": "#2"
        },
        "up": {
          "uv": [
            3.4,
            16,
            0,
            15
          ],
          "texture": "#2"
        },
        "down": {
          "uv": [
            3.4,
            16,
            0,
            15
          ],
          "texture": "#2"
        }
      }
    },
    {
      "from": [
        6.79913,
        6.39913,
        15.50174
      ],
      "to": [
        9.19913,
        8.49913,
        16.80174
      ],
      "faces": {
        "north": {
          "uv": [
            0,
            0,
            3.4,
            3.4
          ],
          "texture": "#5"
        },
        "east": {
          "uv": [
            3.4,
            15,
            0,
            16
          ],
          "texture": "#5"
        },
        "south": {
          "uv": [
            3.4,
            15,
            0,
            16
          ],
          "texture": "#5"
        },
        "west": {
          "uv": [
            3.4,
            15,
            0,
            16
          ],
          "texture": "#5"
        },
        "up": {
          "uv": [
            3.4,
            15,
            0,
            16
          ],
          "texture": "#5"
        },
        "down": {
          "uv": [
            3.4,
            15,
            0,
            16
          ],
          "texture": "#5"
        }
      }
    },
    {
      "from": [
        6.79913,
        6.39913,
        -0.80174
      ],
      "to": [
        9.19913,
        8.49913,
        0.49826
      ],
      "faces": {
        "north": {
          "uv": [
            0,
            15,
            3.4,
            16
          ],
          "texture": "#5"
        },
        "east": {
          "uv": [
            0,
            15,
            3.4,
            16
          ],
          "texture": "#5"
        },
        "south": {
          "uv": [
            3.4,
            0,
            0,
            3.4
          ],
          "texture": "#5"
        },
        "west": {
          "uv": [
            0,
            15,
            3.4,
            16
          ],
          "texture": "#5"
        },
        "up": {
          "uv": [
            3.4,
            16,
            0,
            15
          ],
          "texture": "#5"
        },
        "down": {
          "uv": [
            3.4,
            16,
            0,
            15
          ],
          "texture": "#5"
        }
      }
    },
    {
      "from": [
        7.19773,
        6.09913,
        15.50314
      ],
      "to": [
        8.79773,
        6.99913,
        17.00314
      ],
      "faces": {
        "north": {
          "uv": [
            0,
            0,
            3.4,
            3.4
          ],
          "texture": "#2"
        },
        "east": {
          "uv": [
            3.4,
            15,
            0,
            16
          ],
          "texture": "#2"
        },
        "south": {
          "uv": [
            3.4,
            15,
            0,
            16
          ],
          "texture": "#2"
        },
        "west": {
          "uv": [
            3.4,
            15,
            0,
            16
          ],
          "texture": "#2"
        },
        "up": {
          "uv": [
            3.4,
            15,
            0,
            16
          ],
          "texture": "#2"
        },
        "down": {
          "uv": [
            3.4,
            15,
            0,
            16
          ],
          "texture": "#2"
        }
      }
    },
    {
      "from": [
        7.19773,
        6.09913,
        -1.00314
      ],
      "to": [
        8.79773,
        6.99913,
        0.49686
      ],
      "faces": {
        "north": {
          "uv": [
            0,
            15,
            3.4,
            16
          ],
          "texture": "#2"
        },
        "east": {
          "uv": [
            0,
            15,
            3.4,
            16
          ],
          "texture": "#2"
        },
        "south": {
          "uv": [
            3.4,
            0,
            0,
            3.4
          ],
          "texture": "#2"
        },
        "west": {
          "uv": [
            0,
            15,
            3.4,
            16
          ],
          "texture": "#2"
        },
        "up": {
          "uv": [
            3.4,
            16,
            0,
            15
          ],
          "texture": "#2"
        },
        "down": {
          "uv": [
            3.4,
            16,
            0,
            15
          ],
          "texture": "#2"
        }
      }
    },
    {
      "from": [
        7.39703,
        5.99913,
        15.50384
      ],
      "to": [
        8.59703,
        6.59913,
        16.70384
      ],
      "faces": {
        "north": {
          "uv": [
            0,
            0,
            3.4,
            3.4
          ],
          "texture": "#2"
        },
        "east": {
          "uv": [
            3.4,
            15,
            0,
            16
          ],
          "texture": "#2"
        },
        "south": {
          "uv": [
            3.4,
            15,
            0,
            16
          ],
          "texture": "#2"
        },
        "west": {
          "uv": [
            3.4,
            15,
            0,
            16
          ],
          "texture": "#2"
        },
        "up": {
          "uv": [
            3.4,
            15,
            0,
            16
          ],
          "texture": "#2"
        },
        "down": {
          "uv": [
            3.4,
            15,
            0,
            16
          ],
          "texture": "#2"
        }
      }
    },
    {
      "from": [
        7.4965,
        5.69913,
        15.50436
      ],
      "to": [
        8.4965,
        6.29913,
        16.50436
      ],
      "faces": {
        "north": {
          "uv": [
            0,
            0,
            3.4,
            3.4
          ],
          "texture": "#4"
        },
        "east": {
          "uv": [
            3.4,
            15,
            0,
            16
          ],
          "texture": "#4"
        },
        "south": {
          "uv": [
            3.4,
            15,
            0,
            16
          ],
          "texture": "#4"
        },
        "west": {
          "uv": [
            3.4,
            15,
            0,
            16
          ],
          "texture": "#4"
        },
        "up": {
          "uv": [
            3.4,
            15,
            0,
            16
          ],
          "texture": "#4"
        },
        "down": {
          "uv": [
            3.4,
            15,
            0,
            16
          ],
          "texture": "#4"
        }
      }
    },
    {
      "from": [
        7.4965,
        5.69913,
        -0.60436
      ],
      "to": [
        8.4965,
        6.29913,
        0.49564
      ],
      "faces": {
        "north": {
          "uv": [
            0,
            15,
            3.4,
            16
          ],
          "texture": "#4"
        },
        "east": {
          "uv": [
            0,
            15,
            3.4,
            16
          ],
          "texture": "#4"
        },
        "south": {
          "uv": [
            3.4,
            0,
            0,
            3.4
          ],
          "texture": "#4"
        },
        "west": {
          "uv": [
            0,
            15,
            3.4,
            16
          ],
          "texture": "#4"
        },
        "up": {
          "uv": [
            3.4,
            16,
            0,
            15
          ],
          "texture": "#4"
        },
        "down": {
          "uv": [
            3.4,
            16,
            0,
            15
          ],
          "texture": "#4"
        }
      }
    },
    {
      "from": [
        7.39703,
        5.99913,
        -0.70384
      ],
      "to": [
        8.59703,
        6.59913,
        0.49616
      ],
      "faces": {
        "north": {
          "uv": [
            0,
            15,
            3.4,
            16
          ],
          "texture": "#2"
        },
        "east": {
          "uv": [
            0,
            15,
            3.4,
            16
          ],
          "texture": "#2"
        },
        "south": {
          "uv": [
            3.4,
            0,
            0,
            3.4
          ],
          "texture": "#2"
        },
        "west": {
          "uv": [
            0,
            15,
            3.4,
            16
          ],
          "texture": "#2"
        },
        "up": {
          "uv": [
            3.4,
            16,
            0,
            15
          ],
          "texture": "#2"
        },
        "down": {
          "uv": [
            3.4,
            16,
            0,
            15
          ],
          "texture": "#2"
        }
      }
    },
    {
      "from": [
        6.29965,
        7.69913,
        15.50122
      ],
      "to": [
        9.69965,
        9.19913,
        16.60122
      ],
      "faces": {
        "north": {
          "uv": [
            0,
            0,
            3.4,
            3.4
          ],
          "texture": "#2"
        },
        "east": {
          "uv": [
            3.4,
            15,
            0,
            16
          ],
          "texture": "#2"
        },
        "south": {
          "uv": [
            3.4,
            15,
            0,
            16
          ],
          "texture": "#2"
        },
        "west": {
          "uv": [
            3.4,
            15,
            0,
            16
          ],
          "texture": "#2"
        },
        "up": {
          "uv": [
            3.4,
            15,
            0,
            16
          ],
          "texture": "#2"
        },
        "down": {
          "uv": [
            3.4,
            15,
            0,
            16
          ],
          "texture": "#2"
        }
      }
    },
    {
      "from": [
        6.29965,
        7.69913,
        -0.60122
      ],
      "to": [
        9.69965,
        9.19913,
        0.49878
      ],
      "faces": {
        "north": {
          "uv": [
            0,
            15,
            3.4,
            16
          ],
          "texture": "#2"
        },
        "east": {
          "uv": [
            0,
            15,
            3.4,
            16
          ],
          "texture": "#2"
        },
        "south": {
          "uv": [
            3.4,
            0,
            0,
            3.4
          ],
          "texture": "#2"
        },
        "west": {
          "uv": [
            0,
            15,
            3.4,
            16
          ],
          "texture": "#2"
        },
        "up": {
          "uv": [
            3.4,
            16,
            0,
            15
          ],
          "texture": "#2"
        },
        "down": {
          "uv": [
            3.4,
            16,
            0,
            15
          ],
          "texture": "#2"
        }
      }
    },
    {
      "from": [
        6.50017,
        7.99913,
        15.5007
      ],
      "to": [
        9.50017,
        9.49913,
        16.6007
      ],
      "faces": {
        "north": {
          "uv": [
            0,
            0,
            3.4,
            3.4
          ],
          "texture": "#2"
        },
        "east": {
          "uv": [
            3.4,
            15,
            0,
            16
          ],
          "texture": "#2"
        },
        "south": {
          "uv": [
            3.4,
            15,
            0,
            16
          ],
          "texture": "#2"
        },
        "west": {
          "uv": [
            3.4,
            15,
            0,
            16
          ],
          "texture": "#2"
        },
        "up": {
          "uv": [
            3.4,
            15,
            0,
            16
          ],
          "texture": "#2"
        },
        "down": {
          "uv": [
            3.4,
            15,
            0,
            16
          ],
          "texture": "#2"
        }
      }
    },
    {
      "from": [
        6.50017,
        7.99913,
        -0.6007
      ],
      "to": [
        9.50017,
        9.49913,
        0.4993
      ],
      "faces": {
        "north": {
          "uv": [
            0,
            15,
            3.4,
            16
          ],
          "texture": "#2"
        },
        "east": {
          "uv": [
            0,
            15,
            3.4,
            16
          ],
          "texture": "#2"
        },
        "south": {
          "uv": [
            3.4,
            0,
            0,
            3.4
          ],
          "texture": "#2"
        },
        "west": {
          "uv": [
            0,
            15,
            3.4,
            16
          ],
          "texture": "#2"
        },
        "up": {
          "uv": [
            3.4,
            16,
            0,
            15
          ],
          "texture": "#2"
        },
        "down": {
          "uv": [
            3.4,
            16,
            0,
            15
          ],
          "texture": "#2"
        }
      }
    },
    {
      "from": [
        6.50017,
        7.99913,
        -0.6007
      ],
      "to": [
        9.50017,
        9.49913,
        0.4993
      ],
      "faces": {
        "north": {
          "uv": [
            0,
            15,
            3.4,
            16
          ],
          "texture": "#2"
        },
        "east": {
          "uv": [
            0,
            15,
            3.4,
            16
          ],
          "texture": "#2"
        },
        "south": {
          "uv": [
            3.4,
            0,
            0,
            3.4
          ],
          "texture": "#2"
        },
        "west": {
          "uv": [
            0,
            15,
            3.4,
            16
          ],
          "texture": "#2"
        },
        "up": {
          "uv": [
            3.4,
            16,
            0,
            15
          ],
          "texture": "#2"
        },
        "down": {
          "uv": [
            3.4,
            16,
            0,
            15
          ],
          "texture": "#2"
        }
      }
    },
    {
      "from": [
        6.70052,
        8.19913,
        15.50035
      ],
      "to": [
        9.20052,
        9.69913,
        16.60035
      ],
      "faces": {
        "north": {
          "uv": [
            0,
            0,
            3.4,
            3.4
          ],
          "texture": "#2"
        },
        "east": {
          "uv": [
            3.4,
            15,
            0,
            16
          ],
          "texture": "#2"
        },
        "south": {
          "uv": [
            3.4,
            15,
            0,
            16
          ],
          "texture": "#2"
        },
        "west": {
          "uv": [
            3.4,
            15,
            0,
            16
          ],
          "texture": "#2"
        },
        "up": {
          "uv": [
            3.4,
            15,
            0,
            16
          ],
          "texture": "#2"
        },
        "down": {
          "uv": [
            3.4,
            15,
            0,
            16
          ],
          "texture": "#2"
        }
      }
    },
    {
      "from": [
        6.70052,
        8.19913,
        -0.60035
      ],
      "to": [
        9.20052,
        9.69913,
        0.49965
      ],
      "faces": {
        "north": {
          "uv": [
            0,
            15,
            3.4,
            16
          ],
          "texture": "#2"
        },
        "east": {
          "uv": [
            0,
            15,
            3.4,
            16
          ],
          "texture": "#2"
        },
        "south": {
          "uv": [
            3.4,
            0,
            0,
            3.4
          ],
          "texture": "#2"
        },
        "west": {
          "uv": [
            0,
            15,
            3.4,
            16
          ],
          "texture": "#2"
        },
        "up": {
          "uv": [
            3.4,
            16,
            0,
            15
          ],
          "texture": "#2"
        },
        "down": {
          "uv": [
            3.4,
            16,
            0,
            15
          ],
          "texture": "#2"
        }
      }
    },
    {
      "from": [
        6.4972,
        6.29913,
        15.50366
      ],
      "to": [
        9.4972,
        8.29913,
        16.60366
      ],
      "faces": {
        "north": {
          "uv": [
            0,
            0,
            3.4,
            3.4
          ],
          "texture": "#2"
        },
        "east": {
          "uv": [
            3.4,
            15,
            0,
            16
          ],
          "texture": "#2"
        },
        "south": {
          "uv": [
            3.4,
            15,
            0,
            16
          ],
          "texture": "#2"
        },
        "west": {
          "uv": [
            3.4,
            15,
            0,
            16
          ],
          "texture": "#2"
        },
        "up": {
          "uv": [
            3.4,
            15,
            0,
            16
          ],
          "texture": "#2"
        },
        "down": {
          "uv": [
            3.4,
            15,
            0,
            16
          ],
          "texture": "#2"
        }
      }
    },
    {
      "from": [
        6.4972,
        6.29913,
        -0.60366
      ],
      "to": [
        9.4972,
        8.29913,
        0.49634
      ],
      "faces": {
        "north": {
          "uv": [
            0,
            15,
            3.4,
            16
          ],
          "texture": "#2"
        },
        "east": {
          "uv": [
            0,
            15,
            3.4,
            16
          ],
          "texture": "#2"
        },
        "south": {
          "uv": [
            3.4,
            0,
            0,
            3.4
          ],
          "texture": "#2"
        },
        "west": {
          "uv": [
            0,
            15,
            3.4,
            16
          ],
          "texture": "#2"
        },
        "up": {
          "uv": [
            3.4,
            16,
            0,
            15
          ],
          "texture": "#2"
        },
        "down": {
          "uv": [
            3.4,
            16,
            0,
            15
          ],
          "texture": "#2"
        }
      }
    },
    {
      "from": [
        7.1,
        6.79913,
        15.50087
      ],
      "to": [
        8.9,
        8.69913,
        17.00087
      ],
      "faces": {
        "north": {
          "uv": [
            0,
            0,
            3.4,
            3.4
          ],
          "texture": "#2"
        },
        "east": {
          "uv": [
            3.4,
            15,
            0,
            16
          ],
          "texture": "#2"
        },
        "south": {
          "uv": [
            3.4,
            15,
            0,
            16
          ],
          "texture": "#2"
        },
        "west": {
          "uv": [
            3.4,
            15,
            0,
            16
          ],
          "texture": "#2"
        },
        "up": {
          "uv": [
            3.4,
            15,
            0,
            16
          ],
          "texture": "#2"
        },
        "down": {
          "uv": [
            3.4,
            15,
            0,
            16
          ],
          "texture": "#2"
        }
      }
    },
    {
      "from": [
        7.1,
        6.79913,
        -1.00087
      ],
      "to": [
        8.9,
        8.69913,
        0.49913
      ],
      "faces": {
        "north": {
          "uv": [
            0,
            15,
            3.4,
            16
          ],
          "texture": "#2"
        },
        "east": {
          "uv": [
            0,
            15,
            3.4,
            16
          ],
          "texture": "#2"
        },
        "south": {
          "uv": [
            3.4,
            0,
            0,
            3.4
          ],
          "texture": "#2"
        },
        "west": {
          "uv": [
            0,
            15,
            3.4,
            16
          ],
          "texture": "#2"
        },
        "up": {
          "uv": [
            3.4,
            16,
            0,
            15
          ],
          "texture": "#2"
        },
        "down": {
          "uv": [
            3.4,
            16,
            0,
            15
          ],
          "texture": "#2"
        }
      }
    },
    {
      "from": [
        7,
        6.79913,
        15.50087
      ],
      "to": [
        9,
        8.79913,
        16.80087
      ],
      "faces": {
        "north": {
          "uv": [
            0,
            0,
            3.4,
            3.4
          ],
          "texture": "#5"
        },
        "east": {
          "uv": [
            3.4,
            15,
            0,
            16
          ],
          "texture": "#5"
        },
        "south": {
          "uv": [
            3.4,
            15,
            0,
            16
          ],
          "texture": "#5"
        },
        "west": {
          "uv": [
            3.4,
            15,
            0,
            16
          ],
          "texture": "#5"
        },
        "up": {
          "uv": [
            3.4,
            15,
            0,
            16
          ],
          "texture": "#5"
        },
        "down": {
          "uv": [
            3.4,
            15,
            0,
            16
          ],
          "texture": "#5"
        }
      }
    },
    {
      "from": [
        7,
        6.79913,
        -0.80087
      ],
      "to": [
        9,
        8.79913,
        0.49913
      ],
      "faces": {
        "north": {
          "uv": [
            0,
            15,
            3.4,
            16
          ],
          "texture": "#5"
        },
        "east": {
          "uv": [
            0,
            15,
            3.4,
            16
          ],
          "texture": "#5"
        },
        "south": {
          "uv": [
            3.4,
            0,
            0,
            3.4
          ],
          "texture": "#5"
        },
        "west": {
          "uv": [
            0,
            15,
            3.4,
            16
          ],
          "texture": "#5"
        },
        "up": {
          "uv": [
            3.4,
            16,
            0,
            15
          ],
          "texture": "#5"
        },
        "down": {
          "uv": [
            3.4,
            16,
            0,
            15
          ],
          "texture": "#5"
        }
      }
    },
    {
      "from": [
        7.30035,
        6.99913,
        15.50052
      ],
      "to": [
        8.60035,
        8.89913,
        17.00052
      ],
      "faces": {
        "north": {
          "uv": [
            0,
            0,
            3.4,
            3.4
          ],
          "texture": "#2"
        },
        "east": {
          "uv": [
            3.4,
            15,
            0,
            16
          ],
          "texture": "#2"
        },
        "south": {
          "uv": [
            3.4,
            15,
            0,
            16
          ],
          "texture": "#2"
        },
        "west": {
          "uv": [
            3.4,
            15,
            0,
            16
          ],
          "texture": "#2"
        },
        "up": {
          "uv": [
            3.4,
            15,
            0,
            16
          ],
          "texture": "#2"
        },
        "down": {
          "uv": [
            3.4,
            15,
            0,
            16
          ],
          "texture": "#2"
        }
      }
    },
    {
      "from": [
        7.30035,
        6.99913,
        -1.00052
      ],
      "to": [
        8.60035,
        8.89913,
        0.49948
      ],
      "faces": {
        "north": {
          "uv": [
            0,
            15,
            3.4,
            16
          ],
          "texture": "#2"
        },
        "east": {
          "uv": [
            0,
            15,
            3.4,
            16
          ],
          "texture": "#2"
        },
        "south": {
          "uv": [
            3.4,
            0,
            0,
            3.4
          ],
          "texture": "#2"
        },
        "west": {
          "uv": [
            0,
            15,
            3.4,
            16
          ],
          "texture": "#2"
        },
        "up": {
          "uv": [
            3.4,
            16,
            0,
            15
          ],
          "texture": "#2"
        },
        "down": {
          "uv": [
            3.4,
            16,
            0,
            15
          ],
          "texture": "#2"
        }
      }
    },
    {
      "from": [
        7.20035,
        6.99913,
        15.50052
      ],
      "to": [
        8.70035,
        8.99913,
        16.80052
      ],
      "faces": {
        "north": {
          "uv": [
            0,
            0,
            3.4,
            3.4
          ],
          "texture": "#5"
        },
        "east": {
          "uv": [
            3.4,
            15,
            0,
            16
          ],
          "texture": "#5"
        },
        "south": {
          "uv": [
            3.4,
            15,
            0,
            16
          ],
          "texture": "#5"
        },
        "west": {
          "uv": [
            3.4,
            15,
            0,
            16
          ],
          "texture": "#5"
        },
        "up": {
          "uv": [
            3.4,
            15,
            0,
            16
          ],
          "texture": "#5"
        },
        "down": {
          "uv": [
            3.4,
            15,
            0,
            16
          ],
          "texture": "#5"
        }
      }
    },
    {
      "from": [
        7.20035,
        6.99913,
        -0.80052
      ],
      "to": [
        8.70035,
        8.99913,
        0.49948
      ],
      "faces": {
        "north": {
          "uv": [
            0,
            15,
            3.4,
            16
          ],
          "texture": "#5"
        },
        "east": {
          "uv": [
            0,
            15,
            3.4,
            16
          ],
          "texture": "#5"
        },
        "south": {
          "uv": [
            3.4,
            0,
            0,
            3.4
          ],
          "texture": "#5"
        },
        "west": {
          "uv": [
            0,
            15,
            3.4,
            16
          ],
          "texture": "#5"
        },
        "up": {
          "uv": [
            3.4,
            16,
            0,
            15
          ],
          "texture": "#5"
        },
        "down": {
          "uv": [
            3.4,
            16,
            0,
            15
          ],
          "texture": "#5"
        }
      }
    },
    {
      "from": [
        7.29913,
        6.19913,
        15.50174
      ],
      "to": [
        8.69913,
        6.49913,
        17.10174
      ],
      "faces": {
        "north": {
          "uv": [
            0,
            0,
            3.4,
            3.4
          ],
          "texture": "#0"
        },
        "east": {
          "uv": [
            0,
            0,
            1.4,
            3.4
          ],
          "texture": "#0"
        },
        "south": {
          "uv": [
            0,
            0,
            1.4,
            2.7
          ],
          "texture": "#0"
        },
        "west": {
          "uv": [
            0,
            0,
            1.4,
            3.4
          ],
          "texture": "#0"
        },
        "up": {
          "uv": [
            0,
            0,
            3.4,
            1.4
          ],
          "texture": "#0"
        },
        "down": {
          "uv": [
            0,
            0,
            3.4,
            1.4
          ],
          "texture": "#0"
        }
      }
    },
    {
      "from": [
        7.29913,
        6.19913,
        -1.10174
      ],
      "to": [
        8.69913,
        6.49913,
        0.49826
      ],
      "faces": {
        "north": {
          "uv": [
            1.4,
            0,
            0,
            2.7
          ],
          "texture": "#0"
        },
        "east": {
          "uv": [
            1.4,
            0,
            0,
            3.4
          ],
          "texture": "#0"
        },
        "south": {
          "uv": [
            3.4,
            0,
            0,
            3.4
          ],
          "texture": "#0"
        },
        "west": {
          "uv": [
            1.4,
            0,
            0,
            3.4
          ],
          "texture": "#0"
        },
        "up": {
          "uv": [
            0,
            1.4,
            3.4,
            0
          ],
          "texture": "#0"
        },
        "down": {
          "uv": [
            0,
            1.4,
            3.4,
            0
          ],
          "texture": "#0"
        }
      }
    },
    {
      "from": [
        7.39983,
        6.59913,
        15.50105
      ],
      "to": [
        8.59983,
        7.89913,
        17.10105
      ],
      "faces": {
        "north": {
          "uv": [
            0,
            0,
            3.4,
            3.4
          ],
          "texture": "#2"
        },
        "east": {
          "uv": [
            0,
            0,
            1.4,
            3.4
          ],
          "texture": "#2"
        },
        "south": {
          "uv": [
            0,
            0,
            1.4,
            2.7
          ],
          "texture": "#2"
        },
        "west": {
          "uv": [
            0,
            0,
            1.4,
            3.4
          ],
          "texture": "#2"
        },
        "up": {
          "uv": [
            0,
            0,
            3.4,
            1.4
          ],
          "texture": "#2"
        },
        "down": {
          "uv": [
            0,
            0,
            3.4,
            1.4
          ],
          "texture": "#2"
        }
      }
    },
    {
      "from": [
        7.39983,
        6.59913,
        -1.10105
      ],
      "to": [
        8.59983,
        7.89913,
        0.49895
      ],
      "faces": {
        "north": {
          "uv": [
            1.4,
            0,
            0,
            2.7
          ],
          "texture": "#2"
        },
        "east": {
          "uv": [
            1.4,
            0,
            0,
            3.4
          ],
          "texture": "#2"
        },
        "south": {
          "uv": [
            3.4,
            0,
            0,
            3.4
          ],
          "texture": "#2"
        },
        "west": {
          "uv": [
            1.4,
            0,
            0,
            3.4
          ],
          "texture": "#2"
        },
        "up": {
          "uv": [
            0,
            1.4,
            3.4,
            0
          ],
          "texture": "#2"
        },
        "down": {
          "uv": [
            0,
            1.4,
            3.4,
            0
          ],
          "texture": "#2"
        }
      }
    },
    {
      "from": [
        7.29983,
        6.49913,
        15.50105
      ],
      "to": [
        7.39983,
        7.69913,
        17.10105
      ],
      "faces": {
        "north": {
          "uv": [
            0,
            0,
            3.4,
            3.4
          ],
          "texture": "#2"
        },
        "east": {
          "uv": [
            0,
            0,
            1.4,
            3.4
          ],
          "texture": "#2"
        },
        "south": {
          "uv": [
            0,
            0,
            1.4,
            2.7
          ],
          "texture": "#2"
        },
        "west": {
          "uv": [
            0,
            0,
            1.4,
            3.4
          ],
          "texture": "#2"
        },
        "up": {
          "uv": [
            0,
            0,
            3.4,
            1.4
          ],
          "texture": "#2"
        },
        "down": {
          "uv": [
            0,
            0,
            3.4,
            1.4
          ],
          "texture": "#2"
        }
      }
    },
    {
      "from": [
        7.29983,
        6.49913,
        -1.10105
      ],
      "to": [
        7.39983,
        7.69913,
        0.49895
      ],
      "faces": {
        "north": {
          "uv": [
            1.4,
            0,
            0,
            2.7
          ],
          "texture": "#2"
        },
        "east": {
          "uv": [
            1.4,
            0,
            0,
            3.4
          ],
          "texture": "#2"
        },
        "south": {
          "uv": [
            3.4,
            0,
            0,
            3.4
          ],
          "texture": "#2"
        },
        "west": {
          "uv": [
            1.4,
            0,
            0,
            3.4
          ],
          "texture": "#2"
        },
        "up": {
          "uv": [
            0,
            1.4,
            3.4,
            0
          ],
          "texture": "#2"
        },
        "down": {
          "uv": [
            0,
            1.4,
            3.4,
            0
          ],
          "texture": "#2"
        }
      }
    },
    {
      "from": [
        8.59982,
        6.49686,
        15.50331
      ],
      "to": [
        8.69982,
        7.69686,
        17.10331
      ],
      "faces": {
        "north": {
          "uv": [
            0,
            0,
            3.4,
            3.4
          ],
          "texture": "#2"
        },
        "east": {
          "uv": [
            0,
            0,
            1.4,
            3.4
          ],
          "texture": "#2"
        },
        "south": {
          "uv": [
            0,
            0,
            1.4,
            2.7
          ],
          "texture": "#2"
        },
        "west": {
          "uv": [
            0,
            0,
            1.4,
            3.4
          ],
          "texture": "#2"
        },
        "up": {
          "uv": [
            0,
            0,
            3.4,
            1.4
          ],
          "texture": "#2"
        },
        "down": {
          "uv": [
            0,
            0,
            3.4,
            1.4
          ],
          "texture": "#2"
        }
      }
    },
    {
      "from": [
        8.59982,
        6.49686,
        -1.10331
      ],
      "to": [
        8.69982,
        7.69686,
        0.49669
      ],
      "faces": {
        "north": {
          "uv": [
            1.4,
            0,
            0,
            2.7
          ],
          "texture": "#2"
        },
        "east": {
          "uv": [
            1.4,
            0,
            0,
            3.4
          ],
          "texture": "#2"
        },
        "south": {
          "uv": [
            3.4,
            0,
            0,
            3.4
          ],
          "texture": "#2"
        },
        "west": {
          "uv": [
            1.4,
            0,
            0,
            3.4
          ],
          "texture": "#2"
        },
        "up": {
          "uv": [
            0,
            1.4,
            3.4,
            0
          ],
          "texture": "#2"
        },
        "down": {
          "uv": [
            0,
            1.4,
            3.4,
            0
          ],
          "texture": "#2"
        }
      }
    },
    {
      "from": [
        7.5,
        6.69913,
        15.50087
      ],
      "to": [
        8.5,
        7.99913,
        17.10087
      ],
      "faces": {
        "north": {
          "uv": [
            0,
            0,
            3.4,
            3.4
          ],
          "texture": "#2"
        },
        "east": {
          "uv": [
            0,
            0,
            1.4,
            3.4
          ],
          "texture": "#2"
        },
        "south": {
          "uv": [
            0,
            0,
            1.4,
            2.7
          ],
          "texture": "#2"
        },
        "west": {
          "uv": [
            0,
            0,
            1.4,
            3.4
          ],
          "texture": "#2"
        },
        "up": {
          "uv": [
            0,
            0,
            3.4,
            1.4
          ],
          "texture": "#2"
        },
        "down": {
          "uv": [
            0,
            0,
            3.4,
            1.4
          ],
          "texture": "#2"
        }
      }
    },
    {
      "from": [
        7.5,
        6.69913,
        -1.10087
      ],
      "to": [
        8.5,
        7.99913,
        0.49913
      ],
      "faces": {
        "north": {
          "uv": [
            1.4,
            0,
            0,
            2.7
          ],
          "texture": "#2"
        },
        "east": {
          "uv": [
            1.4,
            0,
            0,
            3.4
          ],
          "texture": "#2"
        },
        "south": {
          "uv": [
            3.4,
            0,
            0,
            3.4
          ],
          "texture": "#2"
        },
        "west": {
          "uv": [
            1.4,
            0,
            0,
            3.4
          ],
          "texture": "#2"
        },
        "up": {
          "uv": [
            0,
            1.4,
            3.4,
            0
          ],
          "texture": "#2"
        },
        "down": {
          "uv": [
            0,
            1.4,
            3.4,
            0
          ],
          "texture": "#2"
        }
      }
    },
    {
      "from": [
        7.3993,
        6.29913,
        15.50157
      ],
      "to": [
        8.5993,
        6.59913,
        17.10157
      ],
      "faces": {
        "north": {
          "uv": [
            0,
            0,
            3.4,
            3.4
          ],
          "texture": "#0"
        },
        "east": {
          "uv": [
            0,
            0,
            1.4,
            3.4
          ],
          "texture": "#0"
        },
        "south": {
          "uv": [
            0,
            0,
            1.4,
            2.7
          ],
          "texture": "#0"
        },
        "west": {
          "uv": [
            0,
            0,
            1.4,
            3.4
          ],
          "texture": "#0"
        },
        "up": {
          "uv": [
            0,
            0,
            3.4,
            1.4
          ],
          "texture": "#0"
        },
        "down": {
          "uv": [
            0,
            0,
            3.4,
            1.4
          ],
          "texture": "#0"
        }
      }
    },
    {
      "from": [
        7.3993,
        6.29913,
        -1.10157
      ],
      "to": [
        8.5993,
        6.59913,
        0.49843
      ],
      "faces": {
        "north": {
          "uv": [
            1.4,
            0,
            0,
            2.7
          ],
          "texture": "#0"
        },
        "east": {
          "uv": [
            1.4,
            0,
            0,
            3.4
          ],
          "texture": "#0"
        },
        "south": {
          "uv": [
            3.4,
            0,
            0,
            3.4
          ],
          "texture": "#0"
        },
        "west": {
          "uv": [
            1.4,
            0,
            0,
            3.4
          ],
          "texture": "#0"
        },
        "up": {
          "uv": [
            0,
            1.4,
            3.4,
            0
          ],
          "texture": "#0"
        },
        "down": {
          "uv": [
            0,
            1.4,
            3.4,
            0
          ],
          "texture": "#0"
        }
      }
    },
    {
      "from": [
        6.60122,
        6.69825,
        15.10052
      ],
      "to": [
        9.40122,
        10.69825,
        16.40052
      ],
      "faces": {
        "north": {
          "uv": [
            0,
            0,
            2.8,
            4
          ],
          "texture": "#2"
        },
        "east": {
          "uv": [
            0,
            0,
            1.3,
            4
          ],
          "texture": "#2"
        },
        "south": {
          "uv": [
            0,
            0,
            2.8,
            4
          ],
          "texture": "#2"
        },
        "west": {
          "uv": [
            0,
            0,
            1.3,
            4
          ],
          "texture": "#2"
        },
        "up": {
          "uv": [
            0,
            0,
            2.8,
            1.3
          ],
          "texture": "#2"
        },
        "down": {
          "uv": [
            0,
            0,
            2.8,
            1.3
          ],
          "texture": "#2"
        }
      }
    },
    {
      "from": [
        6.30122,
        6.69825,
        15.10052
      ],
      "to": [
        9.70122,
        10.29825,
        16.40052
      ],
      "faces": {
        "north": {
          "uv": [
            0,
            0,
            3.4,
            3.6
          ],
          "texture": "#2"
        },
        "east": {
          "uv": [
            0,
            0,
            1.3,
            3.6
          ],
          "texture": "#2"
        },
        "south": {
          "uv": [
            0,
            0,
            3.4,
            3.6
          ],
          "texture": "#2"
        },
        "west": {
          "uv": [
            0,
            0,
            1.3,
            3.6
          ],
          "texture": "#2"
        },
        "up": {
          "uv": [
            0,
            0,
            3.4,
            1.3
          ],
          "texture": "#2"
        },
        "down": {
          "uv": [
            0,
            0,
            3.4,
            1.3
          ],
          "texture": "#2"
        }
      }
    },
    {
      "from": [
        6.32805,
        6.67133,
        -0.39943
      ],
      "to": [
        9.72805,
        10.27133,
        1.00057
      ],
      "faces": {
        "north": {
          "uv": [
            0,
            0,
            3.4,
            3.6
          ],
          "texture": "#2"
        },
        "east": {
          "uv": [
            0,
            0,
            1.4,
            3.6
          ],
          "texture": "#2"
        },
        "south": {
          "uv": [
            0,
            0,
            3.4,
            3.6
          ],
          "texture": "#2"
        },
        "west": {
          "uv": [
            0,
            0,
            1.4,
            3.6
          ],
          "texture": "#2"
        },
        "up": {
          "uv": [
            0,
            0,
            3.4,
            1.4
          ],
          "texture": "#2"
        },
        "down": {
          "uv": [
            0,
            0,
            3.4,
            1.4
          ],
          "texture": "#2"
        }
      }
    },
    {
      "from": [
        6.60122,
        6.69825,
        -0.40052
      ],
      "to": [
        9.40122,
        10.69825,
        0.99948
      ],
      "faces": {
        "north": {
          "uv": [
            2.8,
            0,
            0,
            4
          ],
          "texture": "#2"
        },
        "east": {
          "uv": [
            1.4,
            0,
            0,
            4
          ],
          "texture": "#2"
        },
        "south": {
          "uv": [
            2.8,
            0,
            0,
            4
          ],
          "texture": "#2"
        },
        "west": {
          "uv": [
            1.4,
            0,
            0,
            4
          ],
          "texture": "#2"
        },
        "up": {
          "uv": [
            0,
            1.4,
            2.8,
            0
          ],
          "texture": "#2"
        },
        "down": {
          "uv": [
            0,
            1.4,
            2.8,
            0
          ],
          "texture": "#2"
        }
      }
    },
    {
      "from": [
        6.90035,
        9.69913,
        15.50052
      ],
      "to": [
        9.10035,
        10.09913,
        16.50052
      ],
      "faces": {
        "north": {
          "uv": [
            0,
            0,
            2.2,
            3.4
          ],
          "texture": "#0"
        },
        "east": {
          "uv": [
            3.4,
            15,
            0,
            16
          ],
          "texture": "#0"
        },
        "south": {
          "uv": [
            3.4,
            15,
            0,
            16
          ],
          "texture": "#0"
        },
        "west": {
          "uv": [
            3.4,
            15,
            0,
            16
          ],
          "texture": "#0"
        },
        "up": {
          "uv": [
            3.4,
            15,
            0,
            16
          ],
          "texture": "#0"
        },
        "down": {
          "uv": [
            0,
            0,
            2.2,
            1.4
          ],
          "texture": "#0"
        }
      }
    },
    {
      "from": [
        6.90035,
        9.69913,
        -0.50052
      ],
      "to": [
        9.10035,
        10.09913,
        0.49948
      ],
      "faces": {
        "north": {
          "uv": [
            0,
            15,
            3.4,
            16
          ],
          "texture": "#0"
        },
        "east": {
          "uv": [
            0,
            15,
            3.4,
            16
          ],
          "texture": "#0"
        },
        "south": {
          "uv": [
            2.2,
            0,
            0,
            3.4
          ],
          "texture": "#0"
        },
        "west": {
          "uv": [
            0,
            15,
            3.4,
            16
          ],
          "texture": "#0"
        },
        "up": {
          "uv": [
            3.4,
            16,
            0,
            15
          ],
          "texture": "#0"
        },
        "down": {
          "uv": [
            0,
            1.4,
            2.2,
            0
          ],
          "texture": "#0"
        }
      }
    },
    {
      "from": [
        6.60035,
        9.59913,
        15.50052
      ],
      "to": [
        9.40035,
        9.89913,
        16.50052
      ],
      "faces": {
        "north": {
          "uv": [
            0,
            0,
            2.2,
            3.4
          ],
          "texture": "#0"
        },
        "east": {
          "uv": [
            3.4,
            15,
            0,
            16
          ],
          "texture": "#0"
        },
        "south": {
          "uv": [
            3.4,
            15,
            0,
            16
          ],
          "texture": "#0"
        },
        "west": {
          "uv": [
            3.4,
            15,
            0,
            16
          ],
          "texture": "#0"
        },
        "up": {
          "uv": [
            3.4,
            15,
            0,
            16
          ],
          "texture": "#0"
        },
        "down": {
          "uv": [
            0,
            0,
            2.2,
            1.4
          ],
          "texture": "#0"
        }
      }
    },
    {
      "from": [
        6.60035,
        9.59913,
        -0.50052
      ],
      "to": [
        9.40035,
        9.89913,
        0.49948
      ],
      "faces": {
        "north": {
          "uv": [
            0,
            15,
            3.4,
            16
          ],
          "texture": "#0"
        },
        "east": {
          "uv": [
            0,
            15,
            3.4,
            16
          ],
          "texture": "#0"
        },
        "south": {
          "uv": [
            2.2,
            0,
            0,
            3.4
          ],
          "texture": "#0"
        },
        "west": {
          "uv": [
            0,
            15,
            3.4,
            16
          ],
          "texture": "#0"
        },
        "up": {
          "uv": [
            3.4,
            16,
            0,
            15
          ],
          "texture": "#0"
        },
        "down": {
          "uv": [
            0,
            1.4,
            2.2,
            0
          ],
          "texture": "#0"
        }
      }
    },
    {
      "from": [
        6.30017,
        9.19913,
        15.5007
      ],
      "to": [
        6.50017,
        9.69913,
        16.5007
      ],
      "faces": {
        "north": {
          "uv": [
            0,
            0,
            2.2,
            3.4
          ],
          "texture": "#0"
        },
        "east": {
          "uv": [
            3.4,
            15,
            0,
            16
          ],
          "texture": "#0"
        },
        "south": {
          "uv": [
            3.4,
            15,
            0,
            16
          ],
          "texture": "#0"
        },
        "west": {
          "uv": [
            3.4,
            15,
            0,
            16
          ],
          "texture": "#0"
        },
        "up": {
          "uv": [
            3.4,
            15,
            0,
            16
          ],
          "texture": "#0"
        },
        "down": {
          "uv": [
            0,
            0,
            2.2,
            1.4
          ],
          "texture": "#0"
        }
      }
    },
    {
      "from": [
        6.30017,
        9.19913,
        -0.5007
      ],
      "to": [
        6.50017,
        9.69913,
        0.4993
      ],
      "faces": {
        "north": {
          "uv": [
            0,
            15,
            3.4,
            16
          ],
          "texture": "#0"
        },
        "east": {
          "uv": [
            0,
            15,
            3.4,
            16
          ],
          "texture": "#0"
        },
        "south": {
          "uv": [
            2.2,
            0,
            0,
            3.4
          ],
          "texture": "#0"
        },
        "west": {
          "uv": [
            0,
            15,
            3.4,
            16
          ],
          "texture": "#0"
        },
        "up": {
          "uv": [
            3.4,
            16,
            0,
            15
          ],
          "texture": "#0"
        },
        "down": {
          "uv": [
            0,
            1.4,
            2.2,
            0
          ],
          "texture": "#0"
        }
      }
    },
    {
      "from": [
        9.50017,
        9.19354,
        15.50628
      ],
      "to": [
        9.70017,
        9.69354,
        16.50628
      ],
      "faces": {
        "north": {
          "uv": [
            0,
            0,
            2.2,
            3.4
          ],
          "texture": "#0"
        },
        "east": {
          "uv": [
            3.4,
            15,
            0,
            16
          ],
          "texture": "#0"
        },
        "south": {
          "uv": [
            3.4,
            15,
            0,
            16
          ],
          "texture": "#0"
        },
        "west": {
          "uv": [
            3.4,
            15,
            0,
            16
          ],
          "texture": "#0"
        },
        "up": {
          "uv": [
            3.4,
            15,
            0,
            16
          ],
          "texture": "#0"
        },
        "down": {
          "uv": [
            0,
            0,
            2.2,
            1.4
          ],
          "texture": "#0"
        }
      }
    },
    {
      "from": [
        9.50017,
        9.19354,
        -0.50628
      ],
      "to": [
        9.70017,
        9.69354,
        0.49372
      ],
      "faces": {
        "north": {
          "uv": [
            0,
            15,
            3.4,
            16
          ],
          "texture": "#0"
        },
        "east": {
          "uv": [
            0,
            15,
            3.4,
            16
          ],
          "texture": "#0"
        },
        "south": {
          "uv": [
            2.2,
            0,
            0,
            3.4
          ],
          "texture": "#0"
        },
        "west": {
          "uv": [
            0,
            15,
            3.4,
            16
          ],
          "texture": "#0"
        },
        "up": {
          "uv": [
            3.4,
            16,
            0,
            15
          ],
          "texture": "#0"
        },
        "down": {
          "uv": [
            0,
            1.4,
            2.2,
            0
          ],
          "texture": "#0"
        }
      }
    },
    {
      "from": [
        6.30017,
        9.49913,
        15.5007
      ],
      "to": [
        6.80017,
        9.69913,
        16.5007
      ],
      "faces": {
        "north": {
          "uv": [
            0,
            0,
            2.2,
            3.4
          ],
          "texture": "#0"
        },
        "east": {
          "uv": [
            3.4,
            15,
            0,
            16
          ],
          "texture": "#0"
        },
        "south": {
          "uv": [
            3.4,
            15,
            0,
            16
          ],
          "texture": "#0"
        },
        "west": {
          "uv": [
            3.4,
            15,
            0,
            16
          ],
          "texture": "#0"
        },
        "up": {
          "uv": [
            3.4,
            15,
            0,
            16
          ],
          "texture": "#0"
        },
        "down": {
          "uv": [
            0,
            0,
            2.2,
            1.4
          ],
          "texture": "#0"
        }
      }
    },
    {
      "from": [
        6.30017,
        9.49913,
        -0.5007
      ],
      "to": [
        6.80017,
        9.69913,
        0.4993
      ],
      "faces": {
        "north": {
          "uv": [
            0,
            15,
            3.4,
            16
          ],
          "texture": "#0"
        },
        "east": {
          "uv": [
            0,
            15,
            3.4,
            16
          ],
          "texture": "#0"
        },
        "south": {
          "uv": [
            2.2,
            0,
            0,
            3.4
          ],
          "texture": "#0"
        },
        "west": {
          "uv": [
            0,
            15,
            3.4,
            16
          ],
          "texture": "#0"
        },
        "up": {
          "uv": [
            3.4,
            16,
            0,
            15
          ],
          "texture": "#0"
        },
        "down": {
          "uv": [
            0,
            1.4,
            2.2,
            0
          ],
          "texture": "#0"
        }
      }
    },
    {
      "from": [
        9.20017,
        9.49407,
        15.50576
      ],
      "to": [
        9.70017,
        9.69407,
        16.50576
      ],
      "faces": {
        "north": {
          "uv": [
            0,
            0,
            2.2,
            3.4
          ],
          "texture": "#0"
        },
        "east": {
          "uv": [
            3.4,
            15,
            0,
            16
          ],
          "texture": "#0"
        },
        "south": {
          "uv": [
            3.4,
            15,
            0,
            16
          ],
          "texture": "#0"
        },
        "west": {
          "uv": [
            3.4,
            15,
            0,
            16
          ],
          "texture": "#0"
        },
        "up": {
          "uv": [
            3.4,
            15,
            0,
            16
          ],
          "texture": "#0"
        },
        "down": {
          "uv": [
            0,
            0,
            2.2,
            1.4
          ],
          "texture": "#0"
        }
      }
    },
    {
      "from": [
        9.20017,
        9.49407,
        -0.50576
      ],
      "to": [
        9.70017,
        9.69407,
        0.49424
      ],
      "faces": {
        "north": {
          "uv": [
            0,
            15,
            3.4,
            16
          ],
          "texture": "#0"
        },
        "east": {
          "uv": [
            0,
            15,
            3.4,
            16
          ],
          "texture": "#0"
        },
        "south": {
          "uv": [
            2.2,
            0,
            0,
            3.4
          ],
          "texture": "#0"
        },
        "west": {
          "uv": [
            0,
            15,
            3.4,
            16
          ],
          "texture": "#0"
        },
        "up": {
          "uv": [
            3.4,
            16,
            0,
            15
          ],
          "texture": "#0"
        },
        "down": {
          "uv": [
            0,
            1.4,
            2.2,
            0
          ],
          "texture": "#0"
        }
      }
    },
    {
      "from": [
        0.3,
        0,
        0
      ],
      "to": [
        16,
        8,
        1.1
      ],
      "faces": {
        "north": {
          "uv": [
            0,
            0,
            15.7,
            8
          ],
          "texture": "#4"
        },
        "east": {
          "uv": [
            0,
            0,
            1.1,
            8
          ],
          "texture": "#4"
        },
        "south": {
          "uv": [
            0,
            0,
            15.7,
            8
          ],
          "texture": "#4"
        },
        "west": {
          "uv": [
            0,
            0,
            1.1,
            8
          ],
          "texture": "#4"
        },
        "up": {
          "uv": [
            0,
            0,
            15.7,
            1.1
          ],
          "texture": "#4"
        },
        "down": {
          "uv": [
            0,
            0,
            15.7,
            1.1
          ],
          "texture": "#4"
        }
      }
    },
    {
      "from": [
        0,
        7.6,
        0
      ],
      "to": [
        0.4,
        8,
        3.8
      ],
      "faces": {
        "north": {
          "uv": [
            0,
            0,
            0.4,
            0.4
          ],
          "texture": "#4"
        },
        "east": {
          "uv": [
            0,
            0,
            3.8,
            0.4
          ],
          "texture": "#4"
        },
        "south": {
          "uv": [
            0,
            0,
            0.4,
            0.4
          ],
          "texture": "#4"
        },
        "west": {
          "uv": [
            0,
            0,
            3.8,
            0.4
          ],
          "texture": "#4"
        },
        "up": {
          "uv": [
            0,
            0,
            0.4,
            3.8
          ],
          "texture": "#4"
        },
        "down": {
          "uv": [
            0,
            0,
            0.4,
            3.8
          ],
          "texture": "#4"
        }
      }
    },
    {
      "from": [
        1,
        13.1,
        1
      ],
      "to": [
        15,
        15,
        15
      ],
      "faces": {
        "north": {
          "uv": [
            0,
            0,
            14,
            1.9
          ],
          "texture": "#4"
        },
        "east": {
          "uv": [
            0,
            0,
            14,
            1.9
          ],
          "texture": "#4"
        },
        "south": {
          "uv": [
            0,
            0,
            14,
            1.9
          ],
          "texture": "#4"
        },
        "west": {
          "uv": [
            0,
            0,
            14,
            1.9
          ],
          "texture": "#4"
        },
        "up": {
          "uv": [
            0,
            0,
            14,
            14
          ],
          "texture": "#4"
        },
        "down": {
          "uv": [
            0,
            0,
            14,
            14
          ],
          "texture": "#4"
        }
      }
    }
  ],
  "display": {
    "thirdperson_righthand": {
      "rotation": [
        0,
        14.5,
        0
      ],
      "translation": [
        0.75,
        1,
        -1.75
      ],
      "scale": [
        0.29,
        0.29,
        0.29
      ]
    },
    "thirdperson_lefthand": {
      "rotation": [
        0,
        221.75,
        0
      ],
      "translation": [
        0.5,
        0.75,
        -2
      ],
      "scale": [
        0.29,
        0.29,
        0.29
      ]
    },
    "firstperson_righthand": {
      "rotation": [
        0,
        28.75,
        0
      ],
      "translation": [
        0.25,
        3.75,
        0
      ],
      "scale": [
        0.4,
        0.4,
        0.4
      ]
    },
    "firstperson_lefthand": {
      "rotation": [
        0,
        203.25,
        0
      ],
      "translation": [
        0,
        4.25,
        0
      ],
      "scale": [
        0.4,
        0.4,
        0.4
      ]
    },
    "ground": {
      "translation": [
        0,
        3,
        0
      ],
      "scale": [
        0.6,
        0.6,
        0.6
      ]
    },
    "gui": {
      "rotation": [
        5.5,
        104.75,
        0
      ],
      "scale": [
        0.55,
        0.55,
        0.55
      ]
    },
    "head": {
      "rotation": [
        0,
        -90,
        0
      ],
      "translation": [
        0,
        1,
        0
      ],
      "scale": [
        0.94,
        0.94,
        0.94
      ]
    },
    "fixed": {
      "rotation": [
        0,
        -89.5,
        0
      ],
      "translation": [
        0,
        0,
        4
      ]
    }
  }
}
