{
  "credit": "Made_with_Blockbench",
  "textures": {
    "0": "block/gray_concrete_powder",
    "1": "block/coal_block",
    "particle": "block/gray_concrete_powder"
  },
  "elements": [
    {
      "from": [
        0.6,
        13,
        1
      ],
      "to": [
        15.4,
        14.5,
        15
      ],
      "faces": {
        "north": {
          "uv": [
            0,
            10,
            15,
            11.5
          ],
          "texture": "#0"
        },
        "east": {
          "uv": [
            0,
            4,
            14,
            5.5
          ],
          "texture": "#0"
        },
        "south": {
          "uv": [
            1,
            10,
            16,
            11.5
          ],
          "texture": "#0"
        },
        "west": {
          "uv": [
            0,
            13,
            14,
            14.5
          ],
          "texture": "#0"
        },
        "up": {
          "uv": [
            0,
            1,
            15,
            15
          ],
          "texture": "#0"
        },
        "down": {
          "uv": [
            0,
            0,
            15,
            14
          ],
          "texture": "#0"
        }
      }
    },
    {
      "from": [
        0.7,
        14.5,
        1.1
      ],
      "to": [
        15.3,
        15.5,
        14.9
      ],
      "faces": {
        "north": {
          "uv": [
            1,
            3,
            15.8,
            4
          ],
          "texture": "#0"
        },
        "east": {
          "uv": [
            0,
            15,
            13.8,
            16
          ],
          "texture": "#0"
        },
        "south": {
          "uv": [
            1,
            13,
            15.8,
            14
          ],
          "texture": "#0"
        },
        "west": {
          "uv": [
            0,
            14,
            13.8,
            15
          ],
          "texture": "#0"
        },
        "up": {
          "uv": [
            0,
            1,
            15,
            15
          ],
          "texture": "#0"
        },
        "down": {
          "uv": [
            0,
            0,
            14.8,
            13.8
          ],
          "texture": "#0"
        }
      }
    },
    {
      "from": [
        0.8,
        15.5,
        1.2
      ],
      "to": [
        15.2,
        16.3,
        14.8
      ],
      "faces": {
        "north": {
          "uv": [
            1,
            12,
            15.6,
            12.8
          ],
          "texture": "#0"
        },
        "east": {
          "uv": [
            0,
            1,
            13.6,
            1.8
          ],
          "texture": "#0"
        },
        "south": {
          "uv": [
            1,
            15,
            15.6,
            15.8
          ],
          "texture": "#0"
        },
        "west": {
          "uv": [
            2,
            10,
            15.6,
            10.8
          ],
          "texture": "#0"
        },
        "up": {
          "uv": [
            0,
            0,
            14.6,
            13.6
          ],
          "texture": "#0"
        },
        "down": {
          "uv": [
            0,
            0,
            14.6,
            13.6
          ],
          "texture": "#0"
        }
      }
    },
    {
      "from": [
        14.3,
        16.3,
        1.2
      ],
      "to": [
        15.2,
        16.8,
        14.8
      ],
      "faces": {
        "north": {
          "uv": [
            1,
            2,
            2.1,
            2.5
          ],
          "texture": "#0"
        },
        "east": {
          "uv": [
            1,
            2,
            14.6,
            2.5
          ],
          "texture": "#0"
        },
        "south": {
          "uv": [
            1,
            2,
            2.1,
            2.5
          ],
          "texture": "#0"
        },
        "west": {
          "uv": [
            1,
            2,
            14.6,
            2.5
          ],
          "texture": "#0"
        },
        "up": {
          "uv": [
            1,
            2,
            2.1,
            15.6
          ],
          "texture": "#0"
        },
        "down": {
          "uv": [
            1,
            2,
            2.1,
            15.6
          ],
          "texture": "#0"
        }
      }
    },
    {
      "from": [
        14.3,
        16.8,
        12.2
      ],
      "to": [
        15.2,
        17,
        14.8
      ],
      "faces": {
        "north": {
          "uv": [
            1,
            2,
            1.9,
            2.2
          ],
          "texture": "#0"
        },
        "east": {
          "uv": [
            1,
            2,
            3.6,
            2.2
          ],
          "texture": "#0"
        },
        "south": {
          "uv": [
            1,
            2,
            1.9,
            2.2
          ],
          "texture": "#0"
        },
        "west": {
          "uv": [
            1,
            2,
            3.6,
            2.2
          ],
          "texture": "#0"
        },
        "up": {
          "uv": [
            1,
            2,
            1.9,
            4.6
          ],
          "texture": "#0"
        },
        "down": {
          "uv": [
            1,
            2,
            1.9,
            4.6
          ],
          "texture": "#0"
        }
      }
    },
    {
      "from": [
        12.2,
        12.8,
        0.9
      ],
      "to": [
        14.8,
        13,
        1.8
      ],
      "faces": {
        "north": {
          "uv": [
            1,
            2,
            3.6,
            2.2
          ],
          "texture": "#0"
        },
        "east": {
          "uv": [
            1,
            2,
            1.9,
            2.2
          ],
          "texture": "#0"
        },
        "south": {
          "uv": [
            1,
            2,
            3.6,
            2.2
          ],
          "texture": "#0"
        },
        "west": {
          "uv": [
            1,
            2,
            1.9,
            2.2
          ],
          "texture": "#0"
        },
        "up": {
          "uv": [
            1,
            2,
            1.9,
            4.6
          ],
          "rotation": 270,
          "texture": "#0"
        },
        "down": {
          "uv": [
            1,
            2,
            1.9,
            4.6
          ],
          "rotation": 90,
          "texture": "#0"
        }
      }
    },
    {
      "from": [
        0.8,
        16.8,
        1.2
      ],
      "to": [
        1.7,
        17,
        5.3
      ],
      "faces": {
        "north": {
          "uv": [
            1,
            2,
            1.9,
            2.2
          ],
          "texture": "#0"
        },
        "east": {
          "uv": [
            1,
            2,
            5.1,
            2.2
          ],
          "texture": "#0"
        },
        "south": {
          "uv": [
            1,
            2,
            1.9,
            2.2
          ],
          "texture": "#0"
        },
        "west": {
          "uv": [
            1,
            2,
            5.1,
            2.2
          ],
          "texture": "#0"
        },
        "up": {
          "uv": [
            1,
            2,
            1.9,
            6.1
          ],
          "rotation": 180,
          "texture": "#0"
        },
        "down": {
          "uv": [
            1,
            2,
            1.9,
            6.1
          ],
          "rotation": 180,
          "texture": "#0"
        }
      }
    },
    {
      "from": [
        1.7,
        12.8,
        14.1
      ],
      "to": [
        5.8,
        13,
        15
      ],
      "faces": {
        "north": {
          "uv": [
            1,
            2,
            5.1,
            2.2
          ],
          "texture": "#0"
        },
        "east": {
          "uv": [
            1,
            2,
            1.9,
            2.2
          ],
          "texture": "#0"
        },
        "south": {
          "uv": [
            1,
            2,
            5.1,
            2.2
          ],
          "texture": "#0"
        },
        "west": {
          "uv": [
            1,
            2,
            1.9,
            2.2
          ],
          "texture": "#0"
        },
        "up": {
          "uv": [
            1,
            2,
            1.9,
            6.1
          ],
          "rotation": 90,
          "texture": "#0"
        },
        "down": {
          "uv": [
            1,
            2,
            1.9,
            6.1
          ],
          "rotation": 270,
          "texture": "#0"
        }
      }
    },
    {
      "from": [
        1.2,
        16.8,
        13.8
      ],
      "to": [
        3.8,
        17,
        14.7
      ],
      "faces": {
        "north": {
          "uv": [
            1,
            2,
            3.6,
            2.2
          ],
          "texture": "#0"
        },
        "east": {
          "uv": [
            1,
            2,
            1.9,
            2.2
          ],
          "texture": "#0"
        },
        "south": {
          "uv": [
            1,
            2,
            3.6,
            2.2
          ],
          "texture": "#0"
        },
        "west": {
          "uv": [
            1,
            2,
            1.9,
            2.2
          ],
          "texture": "#0"
        },
        "up": {
          "uv": [
            1,
            2,
            1.9,
            4.6
          ],
          "rotation": 90,
          "texture": "#0"
        },
        "down": {
          "uv": [
            1,
            2,
            1.9,
            4.6
          ],
          "rotation": 270,
          "texture": "#0"
        }
      }
    },
    {
      "from": [
        14.5,
        12.8,
        12.2
      ],
      "to": [
        15.4,
        13,
        14.8
      ],
      "faces": {
        "north": {
          "uv": [
            1,
            2,
            1.9,
            2.2
          ],
          "texture": "#0"
        },
        "east": {
          "uv": [
            1,
            2,
            3.6,
            2.2
          ],
          "texture": "#0"
        },
        "south": {
          "uv": [
            1,
            2,
            1.9,
            2.2
          ],
          "texture": "#0"
        },
        "west": {
          "uv": [
            1,
            2,
            3.6,
            2.2
          ],
          "texture": "#0"
        },
        "up": {
          "uv": [
            1,
            2,
            1.9,
            4.6
          ],
          "texture": "#0"
        },
        "down": {
          "uv": [
            1,
            2,
            1.9,
            4.6
          ],
          "texture": "#0"
        }
      }
    },
    {
      "from": [
        11.7,
        16.8,
        1.3
      ],
      "to": [
        13.3,
        17,
        2.2
      ],
      "faces": {
        "north": {
          "uv": [
            1,
            2,
            2.6,
            2.2
          ],
          "texture": "#0"
        },
        "east": {
          "uv": [
            1,
            2,
            1.9,
            2.2
          ],
          "texture": "#0"
        },
        "south": {
          "uv": [
            1,
            2,
            2.6,
            2.2
          ],
          "texture": "#0"
        },
        "west": {
          "uv": [
            1,
            2,
            1.9,
            2.2
          ],
          "texture": "#0"
        },
        "up": {
          "uv": [
            1,
            2,
            1.9,
            3.6
          ],
          "rotation": 270,
          "texture": "#0"
        },
        "down": {
          "uv": [
            1,
            2,
            1.9,
            3.6
          ],
          "rotation": 90,
          "texture": "#0"
        }
      }
    },
    {
      "from": [
        0.6,
        12.8,
        2.7
      ],
      "to": [
        1.5,
        13,
        4.3
      ],
      "faces": {
        "north": {
          "uv": [
            1,
            2,
            1.9,
            2.2
          ],
          "texture": "#0"
        },
        "east": {
          "uv": [
            1,
            2,
            2.6,
            2.2
          ],
          "texture": "#0"
        },
        "south": {
          "uv": [
            1,
            2,
            1.9,
            2.2
          ],
          "texture": "#0"
        },
        "west": {
          "uv": [
            1,
            2,
            2.6,
            2.2
          ],
          "texture": "#0"
        },
        "up": {
          "uv": [
            1,
            2,
            1.9,
            3.6
          ],
          "rotation": 180,
          "texture": "#0"
        },
        "down": {
          "uv": [
            1,
            2,
            1.9,
            3.6
          ],
          "rotation": 180,
          "texture": "#0"
        }
      }
    },
    {
      "from": [
        14.3,
        16.8,
        6.7
      ],
      "to": [
        15.2,
        17,
        10.8
      ],
      "faces": {
        "north": {
          "uv": [
            1,
            2,
            1.9,
            2.2
          ],
          "texture": "#0"
        },
        "east": {
          "uv": [
            1,
            2,
            5.1,
            2.2
          ],
          "texture": "#0"
        },
        "south": {
          "uv": [
            1,
            2,
            1.9,
            2.2
          ],
          "texture": "#0"
        },
        "west": {
          "uv": [
            1,
            2,
            5.1,
            2.2
          ],
          "texture": "#0"
        },
        "up": {
          "uv": [
            1,
            2,
            1.9,
            6.1
          ],
          "texture": "#0"
        },
        "down": {
          "uv": [
            1,
            2,
            1.9,
            6.1
          ],
          "texture": "#0"
        }
      }
    },
    {
      "from": [
        6.7,
        12.8,
        0.9
      ],
      "to": [
        10.8,
        13,
        1.8
      ],
      "faces": {
        "north": {
          "uv": [
            1,
            2,
            5.1,
            2.2
          ],
          "texture": "#0"
        },
        "east": {
          "uv": [
            1,
            2,
            1.9,
            2.2
          ],
          "texture": "#0"
        },
        "south": {
          "uv": [
            1,
            2,
            5.1,
            2.2
          ],
          "texture": "#0"
        },
        "west": {
          "uv": [
            1,
            2,
            1.9,
            2.2
          ],
          "texture": "#0"
        },
        "up": {
          "uv": [
            1,
            2,
            1.9,
            6.1
          ],
          "rotation": 270,
          "texture": "#0"
        },
        "down": {
          "uv": [
            1,
            2,
            1.9,
            6.1
          ],
          "rotation": 90,
          "texture": "#0"
        }
      }
    },
    {
      "from": [
        0.8,
        16.8,
        7.2
      ],
      "to": [
        1.7,
        17,
        9.3
      ],
      "faces": {
        "north": {
          "uv": [
            1,
            2,
            1.9,
            2.2
          ],
          "texture": "#0"
        },
        "east": {
          "uv": [
            1,
            2,
            3.1,
            2.2
          ],
          "texture": "#0"
        },
        "south": {
          "uv": [
            1,
            2,
            1.9,
            2.2
          ],
          "texture": "#0"
        },
        "west": {
          "uv": [
            1,
            2,
            3.1,
            2.2
          ],
          "texture": "#0"
        },
        "up": {
          "uv": [
            1,
            2,
            1.9,
            4.1
          ],
          "rotation": 180,
          "texture": "#0"
        },
        "down": {
          "uv": [
            1,
            2,
            1.9,
            4.1
          ],
          "rotation": 180,
          "texture": "#0"
        }
      }
    },
    {
      "from": [
        7.7,
        12.8,
        14.1
      ],
      "to": [
        9.8,
        13,
        15
      ],
      "faces": {
        "north": {
          "uv": [
            1,
            2,
            3.1,
            2.2
          ],
          "texture": "#0"
        },
        "east": {
          "uv": [
            1,
            2,
            1.9,
            2.2
          ],
          "texture": "#0"
        },
        "south": {
          "uv": [
            1,
            2,
            3.1,
            2.2
          ],
          "texture": "#0"
        },
        "west": {
          "uv": [
            1,
            2,
            1.9,
            2.2
          ],
          "texture": "#0"
        },
        "up": {
          "uv": [
            1,
            2,
            1.9,
            4.1
          ],
          "rotation": 90,
          "texture": "#0"
        },
        "down": {
          "uv": [
            1,
            2,
            1.9,
            4.1
          ],
          "rotation": 270,
          "texture": "#0"
        }
      }
    },
    {
      "from": [
        4.7,
        16.8,
        13.8
      ],
      "to": [
        7.8,
        17,
        14.7
      ],
      "faces": {
        "north": {
          "uv": [
            1,
            2,
            4.1,
            2.2
          ],
          "texture": "#0"
        },
        "east": {
          "uv": [
            1,
            2,
            1.9,
            2.2
          ],
          "texture": "#0"
        },
        "south": {
          "uv": [
            1,
            2,
            4.1,
            2.2
          ],
          "texture": "#0"
        },
        "west": {
          "uv": [
            1,
            2,
            1.9,
            2.2
          ],
          "texture": "#0"
        },
        "up": {
          "uv": [
            1,
            2,
            1.9,
            5.1
          ],
          "rotation": 90,
          "texture": "#0"
        },
        "down": {
          "uv": [
            1,
            2,
            1.9,
            5.1
          ],
          "rotation": 270,
          "texture": "#0"
        }
      }
    },
    {
      "from": [
        14.5,
        12.8,
        8.2
      ],
      "to": [
        15.4,
        13,
        11.3
      ],
      "faces": {
        "north": {
          "uv": [
            1,
            2,
            1.9,
            2.2
          ],
          "texture": "#0"
        },
        "east": {
          "uv": [
            1,
            2,
            4.1,
            2.2
          ],
          "texture": "#0"
        },
        "south": {
          "uv": [
            1,
            2,
            1.9,
            2.2
          ],
          "texture": "#0"
        },
        "west": {
          "uv": [
            1,
            2,
            4.1,
            2.2
          ],
          "texture": "#0"
        },
        "up": {
          "uv": [
            1,
            2,
            1.9,
            5.1
          ],
          "texture": "#0"
        },
        "down": {
          "uv": [
            1,
            2,
            1.9,
            5.1
          ],
          "texture": "#0"
        }
      }
    },
    {
      "from": [
        6.7,
        16.8,
        1.3
      ],
      "to": [
        9.8,
        17,
        2.2
      ],
      "faces": {
        "north": {
          "uv": [
            1,
            2,
            4.1,
            2.2
          ],
          "texture": "#0"
        },
        "east": {
          "uv": [
            1,
            2,
            1.9,
            2.2
          ],
          "texture": "#0"
        },
        "south": {
          "uv": [
            1,
            2,
            4.1,
            2.2
          ],
          "texture": "#0"
        },
        "west": {
          "uv": [
            1,
            2,
            1.9,
            2.2
          ],
          "texture": "#0"
        },
        "up": {
          "uv": [
            1,
            2,
            1.9,
            5.1
          ],
          "rotation": 270,
          "texture": "#0"
        },
        "down": {
          "uv": [
            1,
            2,
            1.9,
            5.1
          ],
          "rotation": 90,
          "texture": "#0"
        }
      }
    },
    {
      "from": [
        0.6,
        12.8,
        6.2
      ],
      "to": [
        1.5,
        13,
        9.3
      ],
      "faces": {
        "north": {
          "uv": [
            1,
            2,
            1.9,
            2.2
          ],
          "texture": "#0"
        },
        "east": {
          "uv": [
            1,
            2,
            4.1,
            2.2
          ],
          "texture": "#0"
        },
        "south": {
          "uv": [
            1,
            2,
            1.9,
            2.2
          ],
          "texture": "#0"
        },
        "west": {
          "uv": [
            1,
            2,
            4.1,
            2.2
          ],
          "texture": "#0"
        },
        "up": {
          "uv": [
            1,
            2,
            1.9,
            5.1
          ],
          "rotation": 180,
          "texture": "#0"
        },
        "down": {
          "uv": [
            1,
            2,
            1.9,
            5.1
          ],
          "rotation": 180,
          "texture": "#0"
        }
      }
    },
    {
      "from": [
        14.3,
        16.8,
        2.2
      ],
      "to": [
        15.2,
        17,
        4.8
      ],
      "faces": {
        "north": {
          "uv": [
            1,
            2,
            1.9,
            2.2
          ],
          "texture": "#0"
        },
        "east": {
          "uv": [
            1,
            2,
            3.6,
            2.2
          ],
          "texture": "#0"
        },
        "south": {
          "uv": [
            1,
            2,
            1.9,
            2.2
          ],
          "texture": "#0"
        },
        "west": {
          "uv": [
            1,
            2,
            3.6,
            2.2
          ],
          "texture": "#0"
        },
        "up": {
          "uv": [
            1,
            2,
            1.9,
            4.6
          ],
          "texture": "#0"
        },
        "down": {
          "uv": [
            1,
            2,
            1.9,
            4.6
          ],
          "texture": "#0"
        }
      }
    },
    {
      "from": [
        2.2,
        12.8,
        0.9
      ],
      "to": [
        4.8,
        13,
        1.8
      ],
      "faces": {
        "north": {
          "uv": [
            1,
            2,
            3.6,
            2.2
          ],
          "texture": "#0"
        },
        "east": {
          "uv": [
            1,
            2,
            1.9,
            2.2
          ],
          "texture": "#0"
        },
        "south": {
          "uv": [
            1,
            2,
            3.6,
            2.2
          ],
          "texture": "#0"
        },
        "west": {
          "uv": [
            1,
            2,
            1.9,
            2.2
          ],
          "texture": "#0"
        },
        "up": {
          "uv": [
            1,
            2,
            1.9,
            4.6
          ],
          "rotation": 270,
          "texture": "#0"
        },
        "down": {
          "uv": [
            1,
            2,
            1.9,
            4.6
          ],
          "rotation": 90,
          "texture": "#0"
        }
      }
    },
    {
      "from": [
        0.8,
        16.8,
        10.2
      ],
      "to": [
        1.7,
        17,
        12.3
      ],
      "faces": {
        "north": {
          "uv": [
            1,
            2,
            1.9,
            2.2
          ],
          "texture": "#0"
        },
        "east": {
          "uv": [
            1,
            2,
            3.1,
            2.2
          ],
          "texture": "#0"
        },
        "south": {
          "uv": [
            1,
            2,
            1.9,
            2.2
          ],
          "texture": "#0"
        },
        "west": {
          "uv": [
            1,
            2,
            3.1,
            2.2
          ],
          "texture": "#0"
        },
        "up": {
          "uv": [
            1,
            2,
            1.9,
            4.1
          ],
          "rotation": 180,
          "texture": "#0"
        },
        "down": {
          "uv": [
            1,
            2,
            1.9,
            4.1
          ],
          "rotation": 180,
          "texture": "#0"
        }
      }
    },
    {
      "from": [
        10.7,
        12.8,
        14.1
      ],
      "to": [
        12.8,
        13,
        15
      ],
      "faces": {
        "north": {
          "uv": [
            1,
            2,
            3.1,
            2.2
          ],
          "texture": "#0"
        },
        "east": {
          "uv": [
            1,
            2,
            1.9,
            2.2
          ],
          "texture": "#0"
        },
        "south": {
          "uv": [
            1,
            2,
            3.1,
            2.2
          ],
          "texture": "#0"
        },
        "west": {
          "uv": [
            1,
            2,
            1.9,
            2.2
          ],
          "texture": "#0"
        },
        "up": {
          "uv": [
            1,
            2,
            1.9,
            4.1
          ],
          "rotation": 90,
          "texture": "#0"
        },
        "down": {
          "uv": [
            1,
            2,
            1.9,
            4.1
          ],
          "rotation": 270,
          "texture": "#0"
        }
      }
    },
    {
      "from": [
        10.2,
        16.8,
        13.8
      ],
      "to": [
        12.3,
        17,
        14.7
      ],
      "faces": {
        "north": {
          "uv": [
            1,
            2,
            3.1,
            2.2
          ],
          "texture": "#0"
        },
        "east": {
          "uv": [
            1,
            2,
            1.9,
            2.2
          ],
          "texture": "#0"
        },
        "south": {
          "uv": [
            1,
            2,
            3.1,
            2.2
          ],
          "texture": "#0"
        },
        "west": {
          "uv": [
            1,
            2,
            1.9,
            2.2
          ],
          "texture": "#0"
        },
        "up": {
          "uv": [
            1,
            2,
            1.9,
            4.1
          ],
          "rotation": 90,
          "texture": "#0"
        },
        "down": {
          "uv": [
            1,
            2,
            1.9,
            4.1
          ],
          "rotation": 270,
          "texture": "#0"
        }
      }
    },
    {
      "from": [
        14.5,
        12.8,
        3.7
      ],
      "to": [
        15.4,
        13,
        5.8
      ],
      "faces": {
        "north": {
          "uv": [
            1,
            2,
            1.9,
            2.2
          ],
          "texture": "#0"
        },
        "east": {
          "uv": [
            1,
            2,
            3.1,
            2.2
          ],
          "texture": "#0"
        },
        "south": {
          "uv": [
            1,
            2,
            1.9,
            2.2
          ],
          "texture": "#0"
        },
        "west": {
          "uv": [
            1,
            2,
            3.1,
            2.2
          ],
          "texture": "#0"
        },
        "up": {
          "uv": [
            1,
            2,
            1.9,
            4.1
          ],
          "texture": "#0"
        },
        "down": {
          "uv": [
            1,
            2,
            1.9,
            4.1
          ],
          "texture": "#0"
        }
      }
    },
    {
      "from": [
        2.2,
        16.8,
        1.3
      ],
      "to": [
        5.3,
        17,
        2.2
      ],
      "faces": {
        "north": {
          "uv": [
            1,
            2,
            4.1,
            2.2
          ],
          "texture": "#0"
        },
        "east": {
          "uv": [
            1,
            2,
            1.9,
            2.2
          ],
          "texture": "#0"
        },
        "south": {
          "uv": [
            1,
            2,
            4.1,
            2.2
          ],
          "texture": "#0"
        },
        "west": {
          "uv": [
            1,
            2,
            1.9,
            2.2
          ],
          "texture": "#0"
        },
        "up": {
          "uv": [
            1,
            2,
            1.9,
            5.1
          ],
          "rotation": 270,
          "texture": "#0"
        },
        "down": {
          "uv": [
            1,
            2,
            1.9,
            5.1
          ],
          "rotation": 90,
          "texture": "#0"
        }
      }
    },
    {
      "from": [
        0.6,
        12.8,
        10.7
      ],
      "to": [
        1.5,
        13,
        13.8
      ],
      "faces": {
        "north": {
          "uv": [
            1,
            2,
            1.9,
            2.2
          ],
          "texture": "#0"
        },
        "east": {
          "uv": [
            1,
            2,
            4.1,
            2.2
          ],
          "texture": "#0"
        },
        "south": {
          "uv": [
            1,
            2,
            1.9,
            2.2
          ],
          "texture": "#0"
        },
        "west": {
          "uv": [
            1,
            2,
            4.1,
            2.2
          ],
          "texture": "#0"
        },
        "up": {
          "uv": [
            1,
            2,
            1.9,
            5.1
          ],
          "rotation": 180,
          "texture": "#0"
        },
        "down": {
          "uv": [
            1,
            2,
            1.9,
            5.1
          ],
          "rotation": 180,
          "texture": "#0"
        }
      }
    },
    {
      "from": [
        0.8,
        16.3,
        1.2
      ],
      "to": [
        1.7,
        16.8,
        14.8
      ],
      "faces": {
        "north": {
          "uv": [
            1,
            2,
            2.1,
            2.5
          ],
          "texture": "#0"
        },
        "east": {
          "uv": [
            1,
            2,
            14.6,
            2.5
          ],
          "texture": "#0"
        },
        "south": {
          "uv": [
            1,
            2,
            2.1,
            2.5
          ],
          "texture": "#0"
        },
        "west": {
          "uv": [
            1,
            2,
            14.6,
            2.5
          ],
          "texture": "#0"
        },
        "up": {
          "uv": [
            1,
            2,
            2.1,
            15.6
          ],
          "texture": "#0"
        },
        "down": {
          "uv": [
            1,
            2,
            2.1,
            15.6
          ],
          "texture": "#0"
        }
      }
    },
    {
      "from": [
        1.7,
        16.3,
        1.2
      ],
      "to": [
        14.3,
        16.8,
        2.3
      ],
      "faces": {
        "north": {
          "uv": [
            2,
            6,
            15.6,
            6.5
          ],
          "texture": "#0"
        },
        "east": {
          "uv": [
            0,
            0,
            1.1,
            0.5
          ],
          "texture": "#0"
        },
        "south": {
          "uv": [
            0,
            0,
            13.6,
            0.5
          ],
          "texture": "#0"
        },
        "west": {
          "uv": [
            0,
            0,
            1.1,
            0.5
          ],
          "texture": "#0"
        },
        "up": {
          "uv": [
            4,
            2,
            5.1,
            15.6
          ],
          "rotation": 270,
          "texture": "#0"
        },
        "down": {
          "uv": [
            0,
            0,
            1.1,
            13.6
          ],
          "rotation": 90,
          "texture": "#0"
        }
      }
    },
    {
      "from": [
        1.7,
        16.3,
        13.7
      ],
      "to": [
        14.3,
        16.8,
        14.8
      ],
      "faces": {
        "north": {
          "uv": [
            1,
            2,
            13.5,
            2.5
          ],
          "texture": "#0"
        },
        "east": {
          "uv": [
            1,
            2,
            2.1,
            2.5
          ],
          "texture": "#0"
        },
        "south": {
          "uv": [
            1,
            2,
            13.5,
            2.5
          ],
          "texture": "#0"
        },
        "west": {
          "uv": [
            1,
            2,
            2.1,
            2.5
          ],
          "texture": "#0"
        },
        "up": {
          "uv": [
            1,
            2,
            13.5,
            3.1
          ],
          "texture": "#0"
        },
        "down": {
          "uv": [
            1,
            2,
            13.5,
            3.1
          ],
          "texture": "#0"
        }
      }
    },
    {
      "from": [
        5,
        10.1,
        13.6
      ],
      "to": [
        9,
        12.6,
        17.6
      ],
      "faces": {
        "north": {
          "uv": [
            0,
            0,
            4,
            2.5
          ],
          "texture": "#1"
        },
        "east": {
          "uv": [
            0,
            0,
            4,
            2.5
          ],
          "texture": "#1"
        },
        "south": {
          "uv": [
            0,
            0,
            4,
            2.5
          ],
          "texture": "#1"
        },
        "west": {
          "uv": [
            0,
            0,
            4,
            2.5
          ],
          "texture": "#1"
        },
        "up": {
          "uv": [
            0,
            0,
            4,
            4
          ],
          "texture": "#1"
        },
        "down": {
          "uv": [
            0,
            0,
            4,
            4
          ],
          "texture": "#1"
        }
      }
    },
    {
      "from": [
        4.8,
        12.6,
        13
      ],
      "to": [
        8.9,
        13.7,
        16.5
      ],
      "faces": {
        "north": {
          "uv": [
            4,
            5,
            8.1,
            6.1
          ],
          "texture": "#0"
        },
        "east": {
          "uv": [
            4,
            5,
            7.5,
            6.1
          ],
          "texture": "#0"
        },
        "south": {
          "uv": [
            4,
            5,
            8.1,
            6.1
          ],
          "texture": "#0"
        },
        "west": {
          "uv": [
            4,
            5,
            7.5,
            6.1
          ],
          "texture": "#0"
        },
        "up": {
          "uv": [
            4,
            5,
            8.1,
            8.5
          ],
          "texture": "#0"
        },
        "down": {
          "uv": [
            4,
            5,
            8.1,
            8.5
          ],
          "texture": "#0"
        }
      }
    },
    {
      "from": [
        5.2,
        7.6,
        13.8
      ],
      "to": [
        9.2,
        10.1,
        17.8
      ],
      "faces": {
        "north": {
          "uv": [
            4,
            5,
            8,
            7.5
          ],
          "texture": "#0"
        },
        "east": {
          "uv": [
            4,
            5,
            8,
            7.5
          ],
          "texture": "#0"
        },
        "south": {
          "uv": [
            4,
            5,
            8,
            7.5
          ],
          "texture": "#0"
        },
        "west": {
          "uv": [
            4,
            5,
            8,
            7.5
          ],
          "texture": "#0"
        },
        "up": {
          "uv": [
            4,
            5,
            8,
            9
          ],
          "texture": "#0"
        },
        "down": {
          "uv": [
            4,
            5,
            8,
            9
          ],
          "texture": "#0"
        }
      }
    },
    {
      "from": [
        5.7,
        5.1,
        14.1
      ],
      "to": [
        9.7,
        7.6,
        18.1
      ],
      "faces": {
        "north": {
          "uv": [
            0,
            0,
            4,
            2.5
          ],
          "texture": "#1"
        },
        "east": {
          "uv": [
            0,
            0,
            4,
            2.5
          ],
          "texture": "#1"
        },
        "south": {
          "uv": [
            0,
            0,
            4,
            2.5
          ],
          "texture": "#1"
        },
        "west": {
          "uv": [
            0,
            0,
            4,
            2.5
          ],
          "texture": "#1"
        },
        "up": {
          "uv": [
            0,
            0,
            4,
            4
          ],
          "texture": "#1"
        },
        "down": {
          "uv": [
            0,
            0,
            4,
            4
          ],
          "texture": "#1"
        }
      }
    },
    {
      "from": [
        5.5,
        2.6,
        14.5
      ],
      "to": [
        9.5,
        5.1,
        18.5
      ],
      "faces": {
        "north": {
          "uv": [
            4,
            5,
            8,
            7.5
          ],
          "texture": "#0"
        },
        "east": {
          "uv": [
            4,
            5,
            8,
            7.5
          ],
          "texture": "#0"
        },
        "south": {
          "uv": [
            4,
            5,
            8,
            7.5
          ],
          "texture": "#0"
        },
        "west": {
          "uv": [
            4,
            5,
            8,
            7.5
          ],
          "texture": "#0"
        },
        "up": {
          "uv": [
            4,
            5,
            8,
            9
          ],
          "texture": "#0"
        },
        "down": {
          "uv": [
            4,
            5,
            8,
            9
          ],
          "texture": "#0"
        }
      }
    },
    {
      "from": [
        5.4,
        0.4,
        14.2
      ],
      "to": [
        9.1,
        2.6,
        18.2
      ],
      "faces": {
        "north": {
          "uv": [
            0,
            0,
            3.7,
            2.2
          ],
          "texture": "#1"
        },
        "east": {
          "uv": [
            0,
            0,
            4,
            2.2
          ],
          "texture": "#1"
        },
        "south": {
          "uv": [
            0,
            0,
            3.7,
            2.2
          ],
          "texture": "#1"
        },
        "west": {
          "uv": [
            0,
            0,
            4,
            2.2
          ],
          "texture": "#1"
        },
        "up": {
          "uv": [
            0,
            0,
            3.7,
            4
          ],
          "texture": "#1"
        },
        "down": {
          "uv": [
            0,
            0,
            3.7,
            4
          ],
          "texture": "#1"
        }
      }
    },
    {
      "from": [
        5.7,
        -1.6,
        14.7
      ],
      "to": [
        8.7,
        0.4,
        17.8
      ],
      "faces": {
        "north": {
          "uv": [
            4,
            5,
            7,
            7
          ],
          "texture": "#0"
        },
        "east": {
          "uv": [
            4,
            5,
            7.1,
            7
          ],
          "texture": "#0"
        },
        "south": {
          "uv": [
            4,
            5,
            7,
            7
          ],
          "texture": "#0"
        },
        "west": {
          "uv": [
            4,
            5,
            7.1,
            7
          ],
          "texture": "#0"
        },
        "up": {
          "uv": [
            4,
            5,
            7,
            8.1
          ],
          "texture": "#0"
        },
        "down": {
          "uv": [
            4,
            5,
            7,
            8.1
          ],
          "texture": "#0"
        }
      }
    }
  ],
  "display": {
    "thirdperson_righthand": {
      "rotation": [
        45,
        -180,
        0
      ],
      "translation": [
        0,
        -1,
        -1.5
      ],
      "scale": [
        0.3,
        0.3,
        0.3
      ]
    },
    "thirdperson_lefthand": {
      "rotation": [
        45,
        -180,
        0
      ],
      "translation": [
        0,
        -1,
        -1.5
      ],
      "scale": [
        0.3,
        0.3,
        0.3
      ]
    },
    "firstperson_righthand": {
      "rotation": [
        -9,
        -19,
        14
      ],
      "translation": [
        3,
        3.25,
        -1.5
      ],
      "scale": [
        0.3,
        0.3,
        0.3
      ]
    },
    "firstperson_lefthand": {
      "rotation": [
        -9,
        -19,
        14
      ],
      "translation": [
        3,
        3.25,
        -1.5
      ],
      "scale": [
        0.3,
        0.3,
        0.3
      ]
    },
    "ground": {
      "translation": [
        0,
        1.25,
        0
      ],
      "scale": [
        0.5,
        0.5,
        0.5
      ]
    },
    "gui": {
      "rotation": [
        16,
        35,
        -3
      ],
      "translation": [
        0,
        0.25,
        0
      ],
      "scale": [
        0.7,
        0.7,
        0.7
      ]
    },
    "head": {
      "translation": [
        0,
        -1.75,
        0
      ],
      "scale": [
        1.1,
        1.1,
        1.1
      ]
    },
    "fixed": {
      "rotation": [
        36,
        80,
        -35
      ],
      "translation": [
        0,
        0,
        -6.25
      ],
      "scale": [
        0.7,
        0.7,
        0.7
      ]
    }
  }
}
