{
	"credit": "Credit: Ontvlambaar, Sammie_gaga",
	"textures": {
		"0": "block/yellow_concrete_powder",
		"1": "block/green_concrete",
		"particle": "block/yellow_concrete_powder"
	},
	"elements": [
		{
			"from": [3.12, 8.8, 6.08],
			"to": [4.42, 9.6, 7.12],
			"rotation": {"angle": 0, "axis": "y", "origin": [9.52, 14.4, 11.12]},
			"faces": {
				"north": {"uv": [0, 0, 1, 1], "texture": "#0"},
				"east": {"uv": [0, 0, 1.3, 1], "texture": "#0"},
				"south": {"uv": [0, 0, 1, 1], "texture": "#0"},
				"west": {"uv": [0, 0, 1.3, 1], "texture": "#0"},
				"up": {"uv": [0, 0, 1, 1.3], "texture": "#0"},
				"down": {"uv": [0, 0, 1, 1.3], "texture": "#0"}
			}
		},
		{
			"from": [2.8, 0, 4],
			"to": [3.8, 1, 12],
			"rotation": {"angle": 0, "axis": "y", "origin": [10.8, 8, 10]},
			"faces": {
				"north": {"uv": [0, 0, 1, 1], "texture": "#0"},
				"east": {"uv": [0, 0, 8, 1], "texture": "#0"},
				"south": {"uv": [0, 0, 1, 1], "texture": "#0"},
				"west": {"uv": [0, 0, 8, 1], "texture": "#0"},
				"up": {"uv": [0, 0, 1, 8], "texture": "#0"},
				"down": {"uv": [0, 0, 1, 8], "texture": "#0"}
			}
		},
		{
			"from": [3.52, 0.8, 1.36],
			"to": [4.82, 1.6, 4],
			"rotation": {"angle": 0, "axis": "y", "origin": [9.92, 7.2, 7.2]},
			"faces": {
				"north": {"uv": [0, 0, 1, 1], "texture": "#0"},
				"east": {"uv": [0, 0, 3.3, 1], "texture": "#0"},
				"south": {"uv": [0, 0, 1, 1], "texture": "#0"},
				"west": {"uv": [0, 0, 3.3, 1], "texture": "#0"},
				"up": {"uv": [0, 0, 1, 3.3], "texture": "#0"},
				"down": {"uv": [0, 0, 1, 3.3], "texture": "#0"}
			}
		},
		{
			"from": [3.52, 0.8, 4],
			"to": [4.82, 1.12, 4.88],
			"rotation": {"angle": 0, "axis": "y", "origin": [9.92, 7.2, 8.08]},
			"faces": {
				"north": {"uv": [0, 0, 1, 0.4], "texture": "#0"},
				"east": {"uv": [0, 0, 1.1, 0.4], "texture": "#0"},
				"south": {"uv": [0, 0, 1, 0.4], "texture": "#0"},
				"west": {"uv": [0, 0, 1.1, 0.4], "texture": "#0"},
				"up": {"uv": [0, 0, 1, 1.1], "texture": "#0"},
				"down": {"uv": [0, 0, 1, 1.1], "texture": "#0"}
			}
		},
		{
			"from": [3.28, 1.6, 0.56],
			"to": [4.58, 2.4, 2.4],
			"rotation": {"angle": 0, "axis": "y", "origin": [9.68, 8, 5.6]},
			"faces": {
				"north": {"uv": [0, 0, 1, 1], "texture": "#0"},
				"east": {"uv": [0, 0, 2.3, 1], "texture": "#0"},
				"south": {"uv": [0, 0, 1, 1], "texture": "#0"},
				"west": {"uv": [0, 0, 2.3, 1], "texture": "#0"},
				"up": {"uv": [0, 0, 1, 2.3], "texture": "#0"},
				"down": {"uv": [0, 0, 1, 2.3], "texture": "#0"}
			}
		},
		{
			"from": [3.28, 1.6, 2.4],
			"to": [4.58, 1.92, 3.04],
			"rotation": {"angle": 0, "axis": "y", "origin": [9.68, 8, 6.24]},
			"faces": {
				"north": {"uv": [0, 0, 1, 0.4], "texture": "#0"},
				"east": {"uv": [0, 0, 0.8, 0.4], "texture": "#0"},
				"south": {"uv": [0, 0, 1, 0.4], "texture": "#0"},
				"west": {"uv": [0, 0, 0.8, 0.4], "texture": "#0"},
				"up": {"uv": [0, 0, 1, 0.8], "texture": "#0"},
				"down": {"uv": [0, 0, 1, 0.8], "texture": "#0"}
			}
		},
		{
			"from": [3.12, 2.4, 0.56],
			"to": [4.42, 4, 1.6],
			"rotation": {"angle": 0, "axis": "y", "origin": [9.52, 8.8, 5.6]},
			"faces": {
				"north": {"uv": [0, 0, 1, 2], "texture": "#0"},
				"east": {"uv": [0, 0, 1.3, 2], "texture": "#0"},
				"south": {"uv": [0, 0, 1, 2], "texture": "#0"},
				"west": {"uv": [0, 0, 1.3, 2], "texture": "#0"},
				"up": {"uv": [0, 0, 1, 1.3], "texture": "#0"},
				"down": {"uv": [0, 0, 1, 1.3], "texture": "#0"}
			}
		},
		{
			"from": [3.12, 3.6, 0],
			"to": [4.34, 4.4, 0.72],
			"rotation": {"angle": 0, "axis": "y", "origin": [9.52, 8.8, 5.04]},
			"faces": {
				"north": {"uv": [0, 0, 0.9, 1], "texture": "#0"},
				"east": {"uv": [0, 0, 0.9, 1], "texture": "#0"},
				"south": {"uv": [0, 0, 0.9, 1], "texture": "#0"},
				"west": {"uv": [0, 0, 0.9, 1], "texture": "#0"},
				"up": {"uv": [0, 0, 0.9, 0.9], "texture": "#0"},
				"down": {"uv": [0, 0, 0.9, 0.9], "texture": "#0"}
			}
		},
		{
			"from": [2.8, 4, -0.24],
			"to": [4.1, 7.12, 0.8],
			"rotation": {"angle": 0, "axis": "y", "origin": [9.2, 10.4, 4.8]},
			"faces": {
				"north": {"uv": [0, 0, 1, 3.9], "texture": "#0"},
				"east": {"uv": [0, 0, 1.3, 3.9], "texture": "#0"},
				"south": {"uv": [0, 0, 1, 3.9], "texture": "#0"},
				"west": {"uv": [0, 0, 1.3, 3.9], "texture": "#0"},
				"up": {"uv": [0, 0, 1, 1.3], "texture": "#0"},
				"down": {"uv": [0, 0, 1, 1.3], "texture": "#0"}
			}
		},
		{
			"from": [2.4, 6.4, -0.24],
			"to": [3.7, 8, 0.8],
			"rotation": {"angle": 0, "axis": "y", "origin": [8.8, 10.4, 4.8]},
			"faces": {
				"north": {"uv": [0, 0, 1, 2], "texture": "#0"},
				"east": {"uv": [0, 0, 1.3, 2], "texture": "#0"},
				"south": {"uv": [0, 0, 1, 2], "texture": "#0"},
				"west": {"uv": [0, 0, 1.3, 2], "texture": "#0"},
				"up": {"uv": [0, 0, 1, 1.3], "texture": "#0"},
				"down": {"uv": [0, 0, 1, 1.3], "texture": "#0"}
			}
		},
		{
			"from": [2.4, 8, 0.56],
			"to": [3.7, 9.6, 1.6],
			"rotation": {"angle": 0, "axis": "y", "origin": [8.8, 14.4, 5.6]},
			"faces": {
				"north": {"uv": [0, 0, 1, 2], "texture": "#0"},
				"east": {"uv": [0, 0, 1.3, 2], "texture": "#0"},
				"south": {"uv": [0, 0, 1, 2], "texture": "#0"},
				"west": {"uv": [0, 0, 1.3, 2], "texture": "#0"},
				"up": {"uv": [0, 0, 1, 1.3], "texture": "#0"},
				"down": {"uv": [0, 0, 1, 1.3], "texture": "#0"}
			}
		},
		{
			"from": [2.4, 9.2, 1.52],
			"to": [3.7, 9.6, 2.24],
			"rotation": {"angle": 0, "axis": "y", "origin": [8.8, 14.4, 6.56]},
			"faces": {
				"north": {"uv": [0, 0, 1, 0.5], "texture": "#0"},
				"east": {"uv": [0, 0, 0.9, 0.5], "texture": "#0"},
				"south": {"uv": [0, 0, 1, 0.5], "texture": "#0"},
				"west": {"uv": [0, 0, 0.9, 0.5], "texture": "#0"},
				"up": {"uv": [0, 0, 1, 0.9], "texture": "#0"},
				"down": {"uv": [0, 0, 1, 0.9], "texture": "#0"}
			}
		},
		{
			"from": [2.4, 7.76, 0.32],
			"to": [3.7, 8.16, 1.04],
			"rotation": {"angle": 0, "axis": "y", "origin": [8.8, 12.96, 5.36]},
			"faces": {
				"north": {"uv": [0, 0, 1, 0.5], "texture": "#0"},
				"east": {"uv": [0, 0, 0.9, 0.5], "texture": "#0"},
				"south": {"uv": [0, 0, 1, 0.5], "texture": "#0"},
				"west": {"uv": [0, 0, 0.9, 0.5], "texture": "#0"},
				"up": {"uv": [0, 0, 1, 0.9], "texture": "#0"},
				"down": {"uv": [0, 0, 1, 0.9], "texture": "#0"}
			}
		},
		{
			"from": [2.4, 9.6, 1.36],
			"to": [3.7, 10.4, 3.2],
			"rotation": {"angle": 0, "axis": "y", "origin": [8.8, 16, 6.4]},
			"faces": {
				"north": {"uv": [0, 0, 1, 1], "texture": "#0"},
				"east": {"uv": [0, 0, 2.3, 1], "texture": "#0"},
				"south": {"uv": [0, 0, 1, 1], "texture": "#0"},
				"west": {"uv": [0, 0, 2.3, 1], "texture": "#0"},
				"up": {"uv": [0, 0, 1, 2.3], "texture": "#0"},
				"down": {"uv": [0, 0, 1, 2.3], "texture": "#0"}
			}
		},
		{
			"from": [2.48, 10.08, 2.88],
			"to": [3.78, 10.4, 3.92],
			"rotation": {"angle": 0, "axis": "y", "origin": [8.88, 16, 7.12]},
			"faces": {
				"north": {"uv": [0, 0, 1, 0.4], "texture": "#0"},
				"east": {"uv": [0, 0, 1.3, 0.4], "texture": "#0"},
				"south": {"uv": [0, 0, 1, 0.4], "texture": "#0"},
				"west": {"uv": [0, 0, 1.3, 0.4], "texture": "#0"},
				"up": {"uv": [0, 0, 1, 1.3], "texture": "#0"},
				"down": {"uv": [0, 0, 1, 1.3], "texture": "#0"}
			}
		},
		{
			"from": [2.56, 10.4, 2.96],
			"to": [3.86, 11.2, 5.28],
			"rotation": {"angle": 0, "axis": "y", "origin": [8.96, 16.8, 8]},
			"faces": {
				"north": {"uv": [0, 0, 1, 1], "texture": "#0"},
				"east": {"uv": [0, 0, 2.9, 1], "texture": "#0"},
				"south": {"uv": [0, 0, 1, 1], "texture": "#0"},
				"west": {"uv": [0, 0, 2.9, 1], "texture": "#0"},
				"up": {"uv": [0, 0, 1, 2.9], "texture": "#0"},
				"down": {"uv": [0, 0, 1, 2.9], "texture": "#0"}
			}
		},
		{
			"from": [2.88, 9.6, 5.28],
			"to": [4.18, 10.4, 6.32],
			"rotation": {"angle": 0, "axis": "y", "origin": [9.28, 16, 10.32]},
			"faces": {
				"north": {"uv": [0, 0, 1, 1], "texture": "#0"},
				"east": {"uv": [0, 0, 1.3, 1], "texture": "#0"},
				"south": {"uv": [0, 0, 1, 1], "texture": "#0"},
				"west": {"uv": [0, 0, 1.3, 1], "texture": "#0"},
				"up": {"uv": [0, 0, 1, 1.3], "texture": "#0"},
				"down": {"uv": [0, 0, 1, 1.3], "texture": "#0"}
			}
		},
		{
			"from": [2.88, 10.32, 5.2],
			"to": [4.1, 10.72, 5.92],
			"rotation": {"angle": 0, "axis": "y", "origin": [9.28, 16.72, 10.32]},
			"faces": {
				"north": {"uv": [0, 0, 0.9, 0.5], "texture": "#0"},
				"east": {"uv": [0, 0, 0.9, 0.5], "texture": "#0"},
				"south": {"uv": [0, 0, 0.9, 0.5], "texture": "#0"},
				"west": {"uv": [0, 0, 0.9, 0.5], "texture": "#0"},
				"up": {"uv": [0, 0, 0.9, 0.9], "texture": "#0"},
				"down": {"uv": [0, 0, 0.9, 0.9], "texture": "#0"}
			}
		},
		{
			"from": [3.8, 0, 3],
			"to": [4.8, 1.2, 4],
			"rotation": {"angle": 0, "axis": "y", "origin": [11.8, 8, 11]},
			"faces": {
				"north": {"uv": [0, 0, 1, 1.2], "texture": "#0"},
				"east": {"uv": [0, 0, 1, 1.2], "texture": "#0"},
				"south": {"uv": [0, 0, 1, 1.2], "texture": "#0"},
				"west": {"uv": [0, 0, 1, 1.2], "texture": "#0"},
				"up": {"uv": [0, 0, 1, 1], "texture": "#0"},
				"down": {"uv": [0, 0, 1, 1], "texture": "#0"}
			}
		},
		{
			"from": [2.8, 0, 3],
			"to": [3.8, 0.8, 4],
			"rotation": {"angle": 0, "axis": "y", "origin": [10.8, 8, 11]},
			"faces": {
				"north": {"uv": [0, 0, 1, 0.8], "texture": "#0"},
				"east": {"uv": [0, 0, 1, 0.8], "texture": "#0"},
				"south": {"uv": [0, 0, 1, 0.8], "texture": "#0"},
				"west": {"uv": [0, 0, 1, 0.8], "texture": "#0"},
				"up": {"uv": [0, 0, 1, 1], "texture": "#0"},
				"down": {"uv": [0, 0, 1, 1], "texture": "#0"}
			}
		},
		{
			"from": [11.2, 0, 3],
			"to": [12.2, 1.2, 4],
			"rotation": {"angle": 0, "axis": "y", "origin": [19.2, 8, 11]},
			"faces": {
				"north": {"uv": [0, 0, 1, 1.2], "texture": "#0"},
				"east": {"uv": [0, 0, 1, 1.2], "texture": "#0"},
				"south": {"uv": [0, 0, 1, 1.2], "texture": "#0"},
				"west": {"uv": [0, 0, 1, 1.2], "texture": "#0"},
				"up": {"uv": [0, 0, 1, 1], "texture": "#0"},
				"down": {"uv": [0, 0, 1, 1], "texture": "#0"}
			}
		},
		{
			"from": [12.2, 0, 3],
			"to": [13.2, 0.8, 4],
			"rotation": {"angle": 0, "axis": "y", "origin": [20.2, 8, 11]},
			"faces": {
				"north": {"uv": [0, 0, 1, 0.8], "texture": "#0"},
				"east": {"uv": [0, 0, 1, 0.8], "texture": "#0"},
				"south": {"uv": [0, 0, 1, 0.8], "texture": "#0"},
				"west": {"uv": [0, 0, 1, 0.8], "texture": "#0"},
				"up": {"uv": [0, 0, 1, 1], "texture": "#0"},
				"down": {"uv": [0, 0, 1, 1], "texture": "#0"}
			}
		},
		{
			"from": [9.2, -0.2, 2.8],
			"to": [11.2, 1, 3.8],
			"rotation": {"angle": 0, "axis": "y", "origin": [18.2, 7.8, 10.8]},
			"faces": {
				"north": {"uv": [0, 0, 2, 1.2], "texture": "#0"},
				"east": {"uv": [0, 0, 1, 1.2], "texture": "#0"},
				"south": {"uv": [0, 0, 2, 1.2], "texture": "#0"},
				"west": {"uv": [0, 0, 1, 1.2], "texture": "#0"},
				"up": {"uv": [0, 0, 2, 1], "texture": "#0"},
				"down": {"uv": [0, 0, 2, 1], "texture": "#0"}
			}
		},
		{
			"from": [4.8, -0.2, 2.8],
			"to": [6.8, 1, 3.8],
			"rotation": {"angle": 0, "axis": "y", "origin": [12.8, 7.8, 10.8]},
			"faces": {
				"north": {"uv": [0, 0, 2, 1.2], "texture": "#0"},
				"east": {"uv": [0, 0, 1, 1.2], "texture": "#0"},
				"south": {"uv": [0, 0, 2, 1.2], "texture": "#0"},
				"west": {"uv": [0, 0, 1, 1.2], "texture": "#0"},
				"up": {"uv": [0, 0, 2, 1], "texture": "#0"},
				"down": {"uv": [0, 0, 2, 1], "texture": "#0"}
			}
		},
		{
			"from": [6, -1.3, 2.8],
			"to": [10, -0.2, 3.8],
			"rotation": {"angle": 0, "axis": "y", "origin": [14.3, 6.6, 10.8]},
			"faces": {
				"north": {"uv": [0, 0, 4, 1.1], "texture": "#0"},
				"east": {"uv": [0, 0, 1, 1.1], "texture": "#0"},
				"south": {"uv": [0, 0, 4, 1.1], "texture": "#0"},
				"west": {"uv": [0, 0, 1, 1.1], "texture": "#0"},
				"up": {"uv": [0, 0, 4, 1], "texture": "#0"},
				"down": {"uv": [0, 0, 4, 1], "texture": "#0"}
			}
		},
		{
			"from": [6.6, -1.7, 2.8],
			"to": [9.4, -1.3, 3.8],
			"rotation": {"angle": 0, "axis": "y", "origin": [14.3, 5.5, 10.8]},
			"faces": {
				"north": {"uv": [0, 0, 2.8, 0.4], "texture": "#0"},
				"east": {"uv": [0, 0, 1, 0.4], "texture": "#0"},
				"south": {"uv": [0, 0, 2.8, 0.4], "texture": "#0"},
				"west": {"uv": [0, 0, 1, 0.4], "texture": "#0"},
				"up": {"uv": [0, 0, 2.8, 1], "texture": "#0"},
				"down": {"uv": [0, 0, 2.8, 1], "texture": "#0"}
			}
		},
		{
			"from": [7.4, -1.9, 2.8],
			"to": [8.4, -1.7, 3.8],
			"rotation": {"angle": 0, "axis": "y", "origin": [14.3, 5.1, 10.8]},
			"faces": {
				"north": {"uv": [0, 0, 1, 0.2], "texture": "#0"},
				"east": {"uv": [0, 0, 1, 0.2], "texture": "#0"},
				"south": {"uv": [0, 0, 1, 0.2], "texture": "#0"},
				"west": {"uv": [0, 0, 1, 0.2], "texture": "#0"},
				"up": {"uv": [0, 0, 1, 1], "texture": "#0"},
				"down": {"uv": [0, 0, 1, 1], "texture": "#0"}
			}
		},
		{
			"from": [6.3, -0.6, 2.7],
			"to": [7.1, 0.6, 2.8],
			"rotation": {"angle": 0, "axis": "y", "origin": [13.5, 7.4, 9.8]},
			"faces": {
				"north": {"uv": [0, 0, 0.8, 1.2], "texture": "#1"},
				"east": {"uv": [0, 0, 0.1, 1.2], "texture": "#1"},
				"south": {"uv": [0, 0, 0.8, 1.2], "texture": "#1"},
				"west": {"uv": [0, 0, 0.1, 1.2], "texture": "#1"},
				"up": {"uv": [0, 0, 0.8, 0.1], "texture": "#1"},
				"down": {"uv": [0, 0, 0.8, 0.1], "texture": "#1"}
			}
		},
		{
			"from": [8.9, -0.6, 2.7],
			"to": [9.7, 0.6, 2.8],
			"rotation": {"angle": 0, "axis": "y", "origin": [2.5, 7.4, 9.8]},
			"faces": {
				"north": {"uv": [0.8, 0, 0, 1.2], "texture": "#1"},
				"east": {"uv": [0.1, 0, 0, 1.2], "texture": "#1"},
				"south": {"uv": [0.8, 0, 0, 1.2], "texture": "#1"},
				"west": {"uv": [0.1, 0, 0, 1.2], "texture": "#1"},
				"up": {"uv": [0.8, 0, 0, 0.1], "texture": "#1"},
				"down": {"uv": [0.8, 0, 0, 0.1], "texture": "#1"}
			}
		},
		{
			"from": [6.6, -1.2, 2.7],
			"to": [7.1, -0.3, 2.8],
			"rotation": {"angle": 0, "axis": "y", "origin": [13.6, 6.5, 9.8]},
			"faces": {
				"north": {"uv": [0, 0, 0.5, 0.9], "texture": "#1"},
				"east": {"uv": [0, 0, 0.1, 0.9], "texture": "#1"},
				"south": {"uv": [0, 0, 0.5, 0.9], "texture": "#1"},
				"west": {"uv": [0, 0, 0.1, 0.9], "texture": "#1"},
				"up": {"uv": [0, 0, 0.5, 0.1], "texture": "#1"},
				"down": {"uv": [0, 0, 0.5, 0.1], "texture": "#1"}
			}
		},
		{
			"from": [7.1, -1.4, 2.7],
			"to": [7.6, -1, 2.8],
			"rotation": {"angle": 0, "axis": "y", "origin": [14.1, 6.3, 9.8]},
			"faces": {
				"north": {"uv": [0, 0, 0.5, 0.4], "texture": "#1"},
				"east": {"uv": [0, 0, 0.1, 0.4], "texture": "#1"},
				"south": {"uv": [0, 0, 0.5, 0.4], "texture": "#1"},
				"west": {"uv": [0, 0, 0.1, 0.4], "texture": "#1"},
				"up": {"uv": [0, 0, 0.5, 0.1], "texture": "#1"},
				"down": {"uv": [0, 0, 0.5, 0.1], "texture": "#1"}
			}
		},
		{
			"from": [8.4, -1.4, 2.7],
			"to": [8.9, -1, 2.8],
			"rotation": {"angle": 0, "axis": "y", "origin": [15.4, 6.3, 9.8]},
			"faces": {
				"north": {"uv": [0, 0, 0.5, 0.4], "texture": "#1"},
				"east": {"uv": [0, 0, 0.1, 0.4], "texture": "#1"},
				"south": {"uv": [0, 0, 0.5, 0.4], "texture": "#1"},
				"west": {"uv": [0, 0, 0.1, 0.4], "texture": "#1"},
				"up": {"uv": [0, 0, 0.5, 0.1], "texture": "#1"},
				"down": {"uv": [0, 0, 0.5, 0.1], "texture": "#1"}
			}
		},
		{
			"from": [8.9, -1.2, 2.7],
			"to": [9.4, -0.3, 2.8],
			"rotation": {"angle": 0, "axis": "y", "origin": [2.4, 6.5, 9.8]},
			"faces": {
				"north": {"uv": [0.5, 0, 0, 0.9], "texture": "#1"},
				"east": {"uv": [0.1, 0, 0, 0.9], "texture": "#1"},
				"south": {"uv": [0.5, 0, 0, 0.9], "texture": "#1"},
				"west": {"uv": [0.1, 0, 0, 0.9], "texture": "#1"},
				"up": {"uv": [0.5, 0, 0, 0.1], "texture": "#1"},
				"down": {"uv": [0.5, 0, 0, 0.1], "texture": "#1"}
			}
		},
		{
			"from": [6.8, -0.4, 2.6],
			"to": [9.2, 0.8, 3.6],
			"rotation": {"angle": 0, "axis": "y", "origin": [14.8, 7.6, 10.6]},
			"faces": {
				"north": {"uv": [0, 0, 2.4, 1.2], "texture": "#0"},
				"east": {"uv": [0, 0, 1, 1.2], "texture": "#0"},
				"south": {"uv": [0, 0, 2.4, 1.2], "texture": "#0"},
				"west": {"uv": [0, 0, 1, 1.2], "texture": "#0"},
				"up": {"uv": [0, 0, 2.4, 1], "texture": "#0"},
				"down": {"uv": [0, 0, 2.4, 1], "texture": "#0"}
			}
		},
		{
			"from": [7.3, -0.7, 2.6],
			"to": [8.7, -0.4, 3.6],
			"rotation": {"angle": 0, "axis": "y", "origin": [14.8, 6.4, 10.6]},
			"faces": {
				"north": {"uv": [0, 0, 1.4, 0.3], "texture": "#0"},
				"east": {"uv": [0, 0, 1, 0.3], "texture": "#0"},
				"south": {"uv": [0, 0, 1.4, 0.3], "texture": "#0"},
				"west": {"uv": [0, 0, 1, 0.3], "texture": "#0"},
				"up": {"uv": [0, 0, 1.4, 1], "texture": "#0"},
				"down": {"uv": [0, 0, 1.4, 1], "texture": "#0"}
			}
		},
		{
			"from": [2.8, -2, 5],
			"to": [3.8, 0, 6.4],
			"rotation": {"angle": 0, "axis": "y", "origin": [10.8, 7, 13]},
			"faces": {
				"north": {"uv": [0, 0, 1, 2], "texture": "#0"},
				"east": {"uv": [0, 0, 1.4, 2], "texture": "#0"},
				"south": {"uv": [0, 0, 1, 2], "texture": "#0"},
				"west": {"uv": [0, 0, 1.4, 2], "texture": "#0"},
				"up": {"uv": [0, 0, 1, 1.4], "texture": "#0"},
				"down": {"uv": [0, 0, 1, 1.4], "texture": "#0"}
			}
		},
		{
			"from": [12.2, -2, 5],
			"to": [13.2, 0, 6.4],
			"rotation": {"angle": 0, "axis": "y", "origin": [20.4, 7, 13]},
			"faces": {
				"north": {"uv": [0, 0, 1, 2], "texture": "#0"},
				"east": {"uv": [0, 0, 1.4, 2], "texture": "#0"},
				"south": {"uv": [0, 0, 1, 2], "texture": "#0"},
				"west": {"uv": [0, 0, 1.4, 2], "texture": "#0"},
				"up": {"uv": [0, 0, 1, 1.4], "texture": "#0"},
				"down": {"uv": [0, 0, 1, 1.4], "texture": "#0"}
			}
		},
		{
			"from": [2.8, -8, 3.5],
			"to": [3.2, -3, 4.9],
			"rotation": {"angle": 0, "axis": "y", "origin": [10.8, 4, 11.5]},
			"faces": {
				"north": {"uv": [0, 0, 0.4, 5], "texture": "#0"},
				"east": {"uv": [0, 0, 1.4, 5], "texture": "#0"},
				"south": {"uv": [0, 0, 0.4, 5], "texture": "#0"},
				"west": {"uv": [0, 0, 1.4, 5], "texture": "#0"},
				"up": {"uv": [0, 0, 0.4, 1.4], "texture": "#0"},
				"down": {"uv": [0, 0, 0.4, 1.4], "texture": "#0"}
			}
		},
		{
			"from": [2.8, -9, 2.5],
			"to": [3.2, -6, 3.9],
			"rotation": {"angle": 0, "axis": "y", "origin": [10.8, 1, 10.5]},
			"faces": {
				"north": {"uv": [0, 0, 0.4, 3], "texture": "#0"},
				"east": {"uv": [0, 0, 1.4, 3], "texture": "#0"},
				"south": {"uv": [0, 0, 0.4, 3], "texture": "#0"},
				"west": {"uv": [0, 0, 1.4, 3], "texture": "#0"},
				"up": {"uv": [0, 0, 0.4, 1.4], "texture": "#0"},
				"down": {"uv": [0, 0, 0.4, 1.4], "texture": "#0"}
			}
		},
		{
			"from": [2.75, -11.5, 6.4],
			"to": [2.85, -6.5, 6.8],
			"rotation": {"angle": 22.5, "axis": "x", "origin": [10.3, -1.5, 14.4]},
			"faces": {
				"north": {"uv": [0, 0, 0.1, 5], "texture": "#1"},
				"east": {"uv": [0, 0, 0.4, 5], "texture": "#1"},
				"south": {"uv": [0, 0, 0.1, 5], "texture": "#1"},
				"west": {"uv": [0, 0, 0.4, 5], "texture": "#1"},
				"up": {"uv": [0, 0, 0.1, 0.4], "texture": "#1"},
				"down": {"uv": [0, 0, 0.1, 0.4], "texture": "#1"}
			}
		},
		{
			"from": [13.15, -11.5, 6.4],
			"to": [13.25, -6.5, 6.8],
			"rotation": {"angle": 22.5, "axis": "x", "origin": [5.7, -1.5, 14.4]},
			"faces": {
				"north": {"uv": [0.1, 0, 0.2, 5], "texture": "#1"},
				"east": {"uv": [0.4, 0, 0.8, 5], "texture": "#1"},
				"south": {"uv": [0.1, 0, 0.2, 5], "texture": "#1"},
				"west": {"uv": [0.4, 0, 0.8, 5], "texture": "#1"},
				"up": {"uv": [0.1, 0, 0.2, 0.4], "texture": "#1"},
				"down": {"uv": [0.1, 0, 0.2, 0.4], "texture": "#1"}
			}
		},
		{
			"from": [2.75, -3.2, 5.1],
			"to": [2.85, 0.6, 5.5],
			"rotation": {"angle": 0, "axis": "x", "origin": [10.3, 5.6, 13.1]},
			"faces": {
				"north": {"uv": [0, 0, 0.1, 3.8], "texture": "#1"},
				"east": {"uv": [0, 0, 0.4, 3.8], "texture": "#1"},
				"south": {"uv": [0, 0, 0.1, 3.8], "texture": "#1"},
				"west": {"uv": [0, 0, 0.4, 3.8], "texture": "#1"},
				"up": {"uv": [0, 0, 0.1, 0.4], "texture": "#1"},
				"down": {"uv": [0, 0, 0.1, 0.4], "texture": "#1"}
			}
		},
		{
			"from": [13.15, -3.2, 5.1],
			"to": [13.25, 0.6, 5.5],
			"rotation": {"angle": 0, "axis": "x", "origin": [5.7, 5.6, 13.1]},
			"faces": {
				"north": {"uv": [0.1, 0, 0.2, 3.8], "texture": "#1"},
				"east": {"uv": [0.4, 0, 0.8, 3.8], "texture": "#1"},
				"south": {"uv": [0.1, 0, 0.2, 3.8], "texture": "#1"},
				"west": {"uv": [0.4, 0, 0.8, 3.8], "texture": "#1"},
				"up": {"uv": [0.1, 0, 0.2, 0.4], "texture": "#1"},
				"down": {"uv": [0.1, 0, 0.2, 0.4], "texture": "#1"}
			}
		},
		{
			"from": [12.8, -9, 2.5],
			"to": [13.2, -6, 3.9],
			"rotation": {"angle": 0, "axis": "y", "origin": [20.8, 1, 10.5]},
			"faces": {
				"north": {"uv": [0, 0, 0.4, 3], "texture": "#0"},
				"east": {"uv": [0, 0, 1.4, 3], "texture": "#0"},
				"south": {"uv": [0, 0, 0.4, 3], "texture": "#0"},
				"west": {"uv": [0, 0, 1.4, 3], "texture": "#0"},
				"up": {"uv": [0, 0, 0.4, 1.4], "texture": "#0"},
				"down": {"uv": [0, 0, 0.4, 1.4], "texture": "#0"}
			}
		},
		{
			"from": [2.8, -4, 4.5],
			"to": [3.2, 1, 5.9],
			"rotation": {"angle": 0, "axis": "y", "origin": [10.8, 8, 12.5]},
			"faces": {
				"north": {"uv": [0, 0, 0.4, 5], "texture": "#0"},
				"east": {"uv": [0, 0, 1.4, 5], "texture": "#0"},
				"south": {"uv": [0, 0, 0.4, 5], "texture": "#0"},
				"west": {"uv": [0, 0, 1.4, 5], "texture": "#0"},
				"up": {"uv": [0, 0, 0.4, 1.4], "texture": "#0"},
				"down": {"uv": [0, 0, 0.4, 1.4], "texture": "#0"}
			}
		},
		{
			"from": [2.8, -6.1, 4.5],
			"to": [3.2, -4, 5.5],
			"rotation": {"angle": 0, "axis": "y", "origin": [10.8, 3, 12.5]},
			"faces": {
				"north": {"uv": [0, 0, 0.4, 2.1], "texture": "#0"},
				"east": {"uv": [0, 0, 1, 2.1], "texture": "#0"},
				"south": {"uv": [0, 0, 0.4, 2.1], "texture": "#0"},
				"west": {"uv": [0, 0, 1, 2.1], "texture": "#0"},
				"up": {"uv": [0, 0, 0.4, 1], "texture": "#0"},
				"down": {"uv": [0, 0, 0.4, 1], "texture": "#0"}
			}
		},
		{
			"from": [12.8, -4, 4.5],
			"to": [13.2, 1, 5.9],
			"rotation": {"angle": 0, "axis": "y", "origin": [5.2, 8, 12.5]},
			"faces": {
				"north": {"uv": [0.4, 0, 0.8, 5], "texture": "#0"},
				"east": {"uv": [1, 0, 2.4, 5], "texture": "#0"},
				"south": {"uv": [0.4, 0, 0.8, 5], "texture": "#0"},
				"west": {"uv": [1, 0, 2.4, 5], "texture": "#0"},
				"up": {"uv": [0.4, 0, 0.8, 1.4], "texture": "#0"},
				"down": {"uv": [0.4, 0, 0.8, 1.4], "texture": "#0"}
			}
		},
		{
			"from": [12.8, -8, 3.5],
			"to": [13.2, -3, 4.9],
			"rotation": {"angle": 0, "axis": "y", "origin": [5.2, 4, 11.5]},
			"faces": {
				"north": {"uv": [0.4, 0, 0.8, 5], "texture": "#0"},
				"east": {"uv": [1, 0, 2.4, 5], "texture": "#0"},
				"south": {"uv": [0.4, 0, 0.8, 5], "texture": "#0"},
				"west": {"uv": [1, 0, 2.4, 5], "texture": "#0"},
				"up": {"uv": [0.4, 0, 0.8, 1.4], "texture": "#0"},
				"down": {"uv": [0.4, 0, 0.8, 1.4], "texture": "#0"}
			}
		},
		{
			"from": [12.8, -6, 4],
			"to": [13.2, 0, 5.4],
			"rotation": {"angle": 0, "axis": "y", "origin": [20.2, 7, 12]},
			"faces": {
				"north": {"uv": [0, 0, 0.4, 6], "texture": "#0"},
				"east": {"uv": [0, 0, 1.4, 6], "texture": "#0"},
				"south": {"uv": [0, 0, 0.4, 6], "texture": "#0"},
				"west": {"uv": [0, 0, 1.4, 6], "texture": "#0"},
				"up": {"uv": [0, 0, 0.4, 1.4], "texture": "#0"},
				"down": {"uv": [0, 0, 0.4, 1.4], "texture": "#0"}
			}
		},
		{
			"from": [11.58, 8.8, 6.08],
			"to": [12.88, 9.6, 7.12],
			"rotation": {"angle": 0, "axis": "y", "origin": [6.48, 14.4, 11.12]},
			"faces": {
				"north": {"uv": [1, 0, 2, 1], "texture": "#0"},
				"east": {"uv": [1.3, 0, 2.6, 1], "texture": "#0"},
				"south": {"uv": [1, 0, 2, 1], "texture": "#0"},
				"west": {"uv": [1.3, 0, 2.6, 1], "texture": "#0"},
				"up": {"uv": [1, 0, 2, 1.3], "texture": "#0"},
				"down": {"uv": [1, 0, 2, 1.3], "texture": "#0"}
			}
		},
		{
			"from": [12.2, 0, 4],
			"to": [13.2, 1, 12],
			"rotation": {"angle": 0, "axis": "y", "origin": [5.2, 8, 10]},
			"faces": {
				"north": {"uv": [1, 0, 2, 1], "texture": "#0"},
				"east": {"uv": [4, 0, 12, 1], "texture": "#0"},
				"south": {"uv": [1, 0, 2, 1], "texture": "#0"},
				"west": {"uv": [4, 0, 12, 1], "texture": "#0"},
				"up": {"uv": [1, 0, 2, 8], "texture": "#0"},
				"down": {"uv": [1, 0, 2, 8], "texture": "#0"}
			}
		},
		{
			"from": [2.8, 0, 12],
			"to": [13.2, 1, 13],
			"rotation": {"angle": 0, "axis": "y", "origin": [5.2, 8, 20]},
			"faces": {
				"north": {"uv": [1, 0, 11.4, 1], "texture": "#0"},
				"east": {"uv": [4, 0, 5, 1], "texture": "#0"},
				"south": {"uv": [1, 0, 11.4, 1], "texture": "#0"},
				"west": {"uv": [4, 0, 5, 1], "texture": "#0"},
				"up": {"uv": [1, 0, 11.4, 1], "texture": "#0"},
				"down": {"uv": [1, 0, 11.4, 1], "texture": "#0"}
			}
		},
		{
			"from": [11.18, 0.8, 1.36],
			"to": [12.48, 1.6, 4],
			"rotation": {"angle": 0, "axis": "y", "origin": [6.08, 7.2, 7.2]},
			"faces": {
				"north": {"uv": [1, 0, 2, 1], "texture": "#0"},
				"east": {"uv": [3.3, 0, 6.6, 1], "texture": "#0"},
				"south": {"uv": [1, 0, 2, 1], "texture": "#0"},
				"west": {"uv": [3.3, 0, 6.6, 1], "texture": "#0"},
				"up": {"uv": [1, 0, 2, 3.3], "texture": "#0"},
				"down": {"uv": [1, 0, 2, 3.3], "texture": "#0"}
			}
		},
		{
			"from": [11.18, 0.8, 4],
			"to": [12.48, 1.12, 4.88],
			"rotation": {"angle": 0, "axis": "y", "origin": [6.08, 7.2, 8.08]},
			"faces": {
				"north": {"uv": [1, 0, 2, 0.4], "texture": "#0"},
				"east": {"uv": [1.1, 0, 2.2, 0.4], "texture": "#0"},
				"south": {"uv": [1, 0, 2, 0.4], "texture": "#0"},
				"west": {"uv": [1.1, 0, 2.2, 0.4], "texture": "#0"},
				"up": {"uv": [1, 0, 2, 1.1], "texture": "#0"},
				"down": {"uv": [1, 0, 2, 1.1], "texture": "#0"}
			}
		},
		{
			"from": [11.42, 1.6, 0.56],
			"to": [12.72, 2.4, 2.4],
			"rotation": {"angle": 0, "axis": "y", "origin": [6.32, 8, 5.6]},
			"faces": {
				"north": {"uv": [1, 0, 2, 1], "texture": "#0"},
				"east": {"uv": [2.3, 0, 4.6, 1], "texture": "#0"},
				"south": {"uv": [1, 0, 2, 1], "texture": "#0"},
				"west": {"uv": [2.3, 0, 4.6, 1], "texture": "#0"},
				"up": {"uv": [1, 0, 2, 2.3], "texture": "#0"},
				"down": {"uv": [1, 0, 2, 2.3], "texture": "#0"}
			}
		},
		{
			"from": [11.42, 1.6, 2.4],
			"to": [12.72, 1.92, 3.04],
			"rotation": {"angle": 0, "axis": "y", "origin": [6.32, 8, 6.24]},
			"faces": {
				"north": {"uv": [1, 0, 2, 0.4], "texture": "#0"},
				"east": {"uv": [0.8, 0, 1.6, 0.4], "texture": "#0"},
				"south": {"uv": [1, 0, 2, 0.4], "texture": "#0"},
				"west": {"uv": [0.8, 0, 1.6, 0.4], "texture": "#0"},
				"up": {"uv": [1, 0, 2, 0.8], "texture": "#0"},
				"down": {"uv": [1, 0, 2, 0.8], "texture": "#0"}
			}
		},
		{
			"from": [11.58, 2.4, 0.56],
			"to": [12.88, 4, 1.6],
			"rotation": {"angle": 0, "axis": "y", "origin": [6.48, 8.8, 5.6]},
			"faces": {
				"north": {"uv": [1, 0, 2, 2], "texture": "#0"},
				"east": {"uv": [1.3, 0, 2.6, 2], "texture": "#0"},
				"south": {"uv": [1, 0, 2, 2], "texture": "#0"},
				"west": {"uv": [1.3, 0, 2.6, 2], "texture": "#0"},
				"up": {"uv": [1, 0, 2, 1.3], "texture": "#0"},
				"down": {"uv": [1, 0, 2, 1.3], "texture": "#0"}
			}
		},
		{
			"from": [11.66, 3.6, 0],
			"to": [12.88, 4.4, 0.72],
			"rotation": {"angle": 0, "axis": "y", "origin": [6.48, 8.8, 5.04]},
			"faces": {
				"north": {"uv": [0.9, 0, 1.8, 1], "texture": "#0"},
				"east": {"uv": [0.9, 0, 1.8, 1], "texture": "#0"},
				"south": {"uv": [0.9, 0, 1.8, 1], "texture": "#0"},
				"west": {"uv": [0.9, 0, 1.8, 1], "texture": "#0"},
				"up": {"uv": [0.9, 0, 1.8, 0.9], "texture": "#0"},
				"down": {"uv": [0.9, 0, 1.8, 0.9], "texture": "#0"}
			}
		},
		{
			"from": [11.9, 4, -0.24],
			"to": [13.2, 7.12, 0.8],
			"rotation": {"angle": 0, "axis": "y", "origin": [6.8, 10.4, 4.8]},
			"faces": {
				"north": {"uv": [1, 0, 2, 3.9], "texture": "#0"},
				"east": {"uv": [1.3, 0, 2.6, 3.9], "texture": "#0"},
				"south": {"uv": [1, 0, 2, 3.9], "texture": "#0"},
				"west": {"uv": [1.3, 0, 2.6, 3.9], "texture": "#0"},
				"up": {"uv": [1, 0, 2, 1.3], "texture": "#0"},
				"down": {"uv": [1, 0, 2, 1.3], "texture": "#0"}
			}
		},
		{
			"from": [12.3, 6.4, -0.24],
			"to": [13.6, 8, 0.8],
			"rotation": {"angle": 0, "axis": "y", "origin": [7.2, 10.4, 4.8]},
			"faces": {
				"north": {"uv": [1, 0, 2, 2], "texture": "#0"},
				"east": {"uv": [1.3, 0, 2.6, 2], "texture": "#0"},
				"south": {"uv": [1, 0, 2, 2], "texture": "#0"},
				"west": {"uv": [1.3, 0, 2.6, 2], "texture": "#0"},
				"up": {"uv": [1, 0, 2, 1.3], "texture": "#0"},
				"down": {"uv": [1, 0, 2, 1.3], "texture": "#0"}
			}
		},
		{
			"from": [12.3, 8, 0.56],
			"to": [13.6, 9.6, 1.6],
			"rotation": {"angle": 0, "axis": "y", "origin": [7.2, 14.4, 5.6]},
			"faces": {
				"north": {"uv": [1, 0, 2, 2], "texture": "#0"},
				"east": {"uv": [1.3, 0, 2.6, 2], "texture": "#0"},
				"south": {"uv": [1, 0, 2, 2], "texture": "#0"},
				"west": {"uv": [1.3, 0, 2.6, 2], "texture": "#0"},
				"up": {"uv": [1, 0, 2, 1.3], "texture": "#0"},
				"down": {"uv": [1, 0, 2, 1.3], "texture": "#0"}
			}
		},
		{
			"from": [12.3, 9.2, 1.52],
			"to": [13.6, 9.6, 2.24],
			"rotation": {"angle": 0, "axis": "y", "origin": [7.2, 14.4, 6.56]},
			"faces": {
				"north": {"uv": [1, 0, 2, 0.5], "texture": "#0"},
				"east": {"uv": [0.9, 0, 1.8, 0.5], "texture": "#0"},
				"south": {"uv": [1, 0, 2, 0.5], "texture": "#0"},
				"west": {"uv": [0.9, 0, 1.8, 0.5], "texture": "#0"},
				"up": {"uv": [1, 0, 2, 0.9], "texture": "#0"},
				"down": {"uv": [1, 0, 2, 0.9], "texture": "#0"}
			}
		},
		{
			"from": [12.3, 7.76, 0.32],
			"to": [13.6, 8.16, 1.04],
			"rotation": {"angle": 0, "axis": "y", "origin": [7.2, 12.96, 5.36]},
			"faces": {
				"north": {"uv": [1, 0, 2, 0.5], "texture": "#0"},
				"east": {"uv": [0.9, 0, 1.8, 0.5], "texture": "#0"},
				"south": {"uv": [1, 0, 2, 0.5], "texture": "#0"},
				"west": {"uv": [0.9, 0, 1.8, 0.5], "texture": "#0"},
				"up": {"uv": [1, 0, 2, 0.9], "texture": "#0"},
				"down": {"uv": [1, 0, 2, 0.9], "texture": "#0"}
			}
		},
		{
			"from": [12.3, 9.6, 1.36],
			"to": [13.6, 10.4, 3.2],
			"rotation": {"angle": 0, "axis": "y", "origin": [7.2, 16, 6.4]},
			"faces": {
				"north": {"uv": [1, 0, 2, 1], "texture": "#0"},
				"east": {"uv": [2.3, 0, 4.6, 1], "texture": "#0"},
				"south": {"uv": [1, 0, 2, 1], "texture": "#0"},
				"west": {"uv": [2.3, 0, 4.6, 1], "texture": "#0"},
				"up": {"uv": [1, 0, 2, 2.3], "texture": "#0"},
				"down": {"uv": [1, 0, 2, 2.3], "texture": "#0"}
			}
		},
		{
			"from": [12.22, 10.08, 2.88],
			"to": [13.52, 10.4, 3.92],
			"rotation": {"angle": 0, "axis": "y", "origin": [7.12, 16, 7.12]},
			"faces": {
				"north": {"uv": [1, 0, 2, 0.4], "texture": "#0"},
				"east": {"uv": [1.3, 0, 2.6, 0.4], "texture": "#0"},
				"south": {"uv": [1, 0, 2, 0.4], "texture": "#0"},
				"west": {"uv": [1.3, 0, 2.6, 0.4], "texture": "#0"},
				"up": {"uv": [1, 0, 2, 1.3], "texture": "#0"},
				"down": {"uv": [1, 0, 2, 1.3], "texture": "#0"}
			}
		},
		{
			"from": [12.14, 10.4, 2.96],
			"to": [13.44, 11.2, 5.28],
			"rotation": {"angle": 0, "axis": "y", "origin": [7.04, 16.8, 8]},
			"faces": {
				"north": {"uv": [1, 0, 2, 1], "texture": "#0"},
				"east": {"uv": [2.9, 0, 5.8, 1], "texture": "#0"},
				"south": {"uv": [1, 0, 2, 1], "texture": "#0"},
				"west": {"uv": [2.9, 0, 5.8, 1], "texture": "#0"},
				"up": {"uv": [1, 0, 2, 2.9], "texture": "#0"},
				"down": {"uv": [1, 0, 2, 2.9], "texture": "#0"}
			}
		},
		{
			"from": [11.82, 9.6, 5.28],
			"to": [13.12, 10.4, 6.32],
			"rotation": {"angle": 0, "axis": "y", "origin": [6.72, 16, 10.32]},
			"faces": {
				"north": {"uv": [1, 0, 2, 1], "texture": "#0"},
				"east": {"uv": [1.3, 0, 2.6, 1], "texture": "#0"},
				"south": {"uv": [1, 0, 2, 1], "texture": "#0"},
				"west": {"uv": [1.3, 0, 2.6, 1], "texture": "#0"},
				"up": {"uv": [1, 0, 2, 1.3], "texture": "#0"},
				"down": {"uv": [1, 0, 2, 1.3], "texture": "#0"}
			}
		},
		{
			"from": [11.9, 10.32, 5.2],
			"to": [13.12, 10.72, 5.92],
			"rotation": {"angle": 0, "axis": "y", "origin": [6.72, 16.72, 10.32]},
			"faces": {
				"north": {"uv": [0.9, 0, 1.8, 0.5], "texture": "#0"},
				"east": {"uv": [0.9, 0, 1.8, 0.5], "texture": "#0"},
				"south": {"uv": [0.9, 0, 1.8, 0.5], "texture": "#0"},
				"west": {"uv": [0.9, 0, 1.8, 0.5], "texture": "#0"},
				"up": {"uv": [0.9, 0, 1.8, 0.9], "texture": "#0"},
				"down": {"uv": [0.9, 0, 1.8, 0.9], "texture": "#0"}
			}
		}
	],
	"display": {
		"thirdperson_righthand": {
			"rotation": [49, 0, 0],
			"translation": [0, 1.25, 2],
			"scale": [0.5, 0.5, 0.5]
		},
		"thirdperson_lefthand": {
			"rotation": [49, 0, 0],
			"translation": [0, 1.25, 2],
			"scale": [0.5, 0.5, 0.5]
		},
		"firstperson_righthand": {
			"translation": [3.75, 3.5, 0],
			"scale": [0.7, 0.7, 0.7]
		},
		"firstperson_lefthand": {
			"translation": [3.75, 3.5, 0],
			"scale": [0.7, 0.7, 0.7]
		},
		"ground": {
			"rotation": [37, 0, 0],
			"translation": [0, 4.5, 0],
			"scale": [0.7, 0.7, 0.7]
		},
		"gui": {
			"rotation": [23, 137, 0],
			"translation": [0, 5.5, 0],
			"scale": [0.7, 0.7, 0.7]
		},
		"head": {
			"translation": [0, 12, 0],
			"scale": [1.3, 1, 1.3]
		},
		"fixed": {
			"rotation": [-45, 0, 0],
			"translation": [0, 11.5, -10.75],
			"scale": [1.3, 1.3, 1.3]
		}
	},
	"groups": [
		{
			"name": "group",
			"origin": [8, 8, 8],
			"children": [
				{
					"name": "group",
					"origin": [8, 20, 11],
					"children": [0, 1, 2, 3, 4, 5, 6, 7, 8, 9, 10, 11, 12, 13, 14, 15, 16, 17, 18, 19, 20, 21, 22, 23, 24, 25, 26, 27, 28, 29, 30, 31, 32, 33, 34, 35, 36, 37, 38, 39, 40, 41, 42, 43, 44, 45, 46, 47, 48]
				},
				{
					"name": "group",
					"origin": [8, 20, 11],
					"children": [49, 50, 51, 52, 53, 54, 55, 56, 57, 58, 59, 60, 61, 62, 63, 64, 65, 66, 67]
				}
			]
		}
	]
}