{
	"credit": "Credit:  Ontvlambaar",
	"textures": {
		"0": "block/white_terracotta",
		"1": "block/orange_concrete",
		"2": "block/white_concrete",
		"particle": "block/white_terracotta"
	},
	"elements": [
		{
			"name": "Cube",
			"from": [3.5, 10, 4],
			"to": [4, 10.5, 12],
			"faces": {
				"north": {"uv": [1, 5, 2, 6], "texture": "#0"},
				"east": {"uv": [1, 5, 2, 6], "texture": "#0"},
				"south": {"uv": [1, 5, 2, 6], "texture": "#0"},
				"west": {"uv": [1, 5, 2, 6], "texture": "#0"},
				"up": {"uv": [1, 5, 2, 6], "texture": "#0"},
				"down": {"uv": [1, 5, 2, 6], "texture": "#0"}
			}
		},
		{
			"name": "Cube",
			"from": [5.5, 14.5, 7],
			"to": [10.5, 15, 9],
			"faces": {
				"north": {"uv": [6, 0, 10.5, 0.5], "texture": "#0"},
				"east": {"uv": [6, 0, 10.5, 0.5], "texture": "#0"},
				"south": {"uv": [6, 0, 10.5, 0.5], "texture": "#0"},
				"west": {"uv": [6, 0, 10.5, 0.5], "texture": "#0"},
				"up": {"uv": [6, 0, 10.5, 0.5], "texture": "#0"},
				"down": {"uv": [6, 0, 10.5, 0.5], "texture": "#0"}
			}
		},
		{
			"name": "Cube",
			"from": [5, 14, 6.5],
			"to": [6.5, 14.5, 10.5],
			"faces": {
				"north": {"uv": [6, 0, 10.5, 0.5], "texture": "#0"},
				"east": {"uv": [6, 0, 10.5, 0.5], "texture": "#0"},
				"south": {"uv": [6, 0, 10.5, 0.5], "texture": "#0"},
				"west": {"uv": [6, 0, 10.5, 0.5], "texture": "#0"},
				"up": {"uv": [6, 0, 10.5, 0.5], "texture": "#0"},
				"down": {"uv": [6, 0, 10.5, 0.5], "texture": "#0"}
			}
		},
		{
			"name": "Cube",
			"from": [5.5, 14, 10.5],
			"to": [6.5, 14.5, 11],
			"faces": {
				"north": {"uv": [6, 0, 10.5, 0.5], "texture": "#0"},
				"east": {"uv": [6, 0, 10.5, 0.5], "texture": "#0"},
				"south": {"uv": [6, 0, 10.5, 0.5], "texture": "#0"},
				"west": {"uv": [6, 0, 10.5, 0.5], "texture": "#0"},
				"up": {"uv": [6, 0, 10.5, 0.5], "texture": "#0"},
				"down": {"uv": [6, 0, 10.5, 0.5], "texture": "#0"}
			}
		},
		{
			"name": "Cube",
			"from": [5, 14, 5.5],
			"to": [6.5, 14.5, 6.5],
			"faces": {
				"north": {"uv": [6, 0, 10.5, 0.5], "texture": "#0"},
				"east": {"uv": [6, 0, 10.5, 0.5], "texture": "#0"},
				"south": {"uv": [6, 0, 10.5, 0.5], "texture": "#0"},
				"west": {"uv": [6, 0, 10.5, 0.5], "texture": "#0"},
				"up": {"uv": [6, 0, 10.5, 0.5], "texture": "#0"},
				"down": {"uv": [6, 0, 10.5, 0.5], "texture": "#0"}
			}
		},
		{
			"name": "Cube",
			"from": [5.5, 14, 5],
			"to": [6.5, 14.5, 5.5],
			"faces": {
				"north": {"uv": [6, 0, 10.5, 0.5], "texture": "#0"},
				"east": {"uv": [6, 0, 10.5, 0.5], "texture": "#0"},
				"south": {"uv": [6, 0, 10.5, 0.5], "texture": "#0"},
				"west": {"uv": [6, 0, 10.5, 0.5], "texture": "#0"},
				"up": {"uv": [6, 0, 10.5, 0.5], "texture": "#0"},
				"down": {"uv": [6, 0, 10.5, 0.5], "texture": "#0"}
			}
		},
		{
			"name": "Cube",
			"from": [9.5, 14, 5],
			"to": [10.5, 14.5, 5.5],
			"faces": {
				"north": {"uv": [6, 0, 10.5, 0.5], "texture": "#0"},
				"east": {"uv": [6, 0, 10.5, 0.5], "texture": "#0"},
				"south": {"uv": [6, 0, 10.5, 0.5], "texture": "#0"},
				"west": {"uv": [6, 0, 10.5, 0.5], "texture": "#0"},
				"up": {"uv": [6, 0, 10.5, 0.5], "texture": "#0"},
				"down": {"uv": [6, 0, 10.5, 0.5], "texture": "#0"}
			}
		},
		{
			"name": "Cube",
			"from": [9.5, 14, 5.5],
			"to": [11, 14.5, 6.5],
			"faces": {
				"north": {"uv": [6, 0, 10.5, 0.5], "texture": "#0"},
				"east": {"uv": [6, 0, 10.5, 0.5], "texture": "#0"},
				"south": {"uv": [6, 0, 10.5, 0.5], "texture": "#0"},
				"west": {"uv": [6, 0, 10.5, 0.5], "texture": "#0"},
				"up": {"uv": [6, 0, 10.5, 0.5], "texture": "#0"},
				"down": {"uv": [6, 0, 10.5, 0.5], "texture": "#0"}
			}
		},
		{
			"name": "Cube",
			"from": [9.5, 14, 6.5],
			"to": [11, 14.5, 10.5],
			"faces": {
				"north": {"uv": [6, 0, 10.5, 0.5], "texture": "#0"},
				"east": {"uv": [6, 0, 10.5, 0.5], "texture": "#0"},
				"south": {"uv": [6, 0, 10.5, 0.5], "texture": "#0"},
				"west": {"uv": [6, 0, 10.5, 0.5], "texture": "#0"},
				"up": {"uv": [6, 0, 10.5, 0.5], "texture": "#0"},
				"down": {"uv": [6, 0, 10.5, 0.5], "texture": "#0"}
			}
		},
		{
			"name": "Cube",
			"from": [9.5, 14, 10.5],
			"to": [10.5, 14.5, 11],
			"faces": {
				"north": {"uv": [6, 0, 10.5, 0.5], "texture": "#0"},
				"east": {"uv": [6, 0, 10.5, 0.5], "texture": "#0"},
				"south": {"uv": [6, 0, 10.5, 0.5], "texture": "#0"},
				"west": {"uv": [6, 0, 10.5, 0.5], "texture": "#0"},
				"up": {"uv": [6, 0, 10.5, 0.5], "texture": "#0"},
				"down": {"uv": [6, 0, 10.5, 0.5], "texture": "#0"}
			}
		},
		{
			"name": "Cube",
			"from": [6.5, 14, 4.5],
			"to": [9.5, 14.5, 11],
			"faces": {
				"north": {"uv": [6, 0, 10.5, 0.5], "texture": "#0"},
				"east": {"uv": [6, 0, 10.5, 0.5], "texture": "#0"},
				"south": {"uv": [6, 0, 10.5, 0.5], "texture": "#0"},
				"west": {"uv": [6, 0, 10.5, 0.5], "texture": "#0"},
				"up": {"uv": [6, 0, 10.5, 0.5], "texture": "#0"},
				"down": {"uv": [6, 0, 10.5, 0.5], "texture": "#0"}
			}
		},
		{
			"name": "Cube",
			"from": [10, 13.5, 4.5],
			"to": [11, 14, 10],
			"faces": {
				"north": {"uv": [6, 0, 10.5, 0.5], "texture": "#0"},
				"east": {"uv": [6, 0, 10.5, 0.5], "texture": "#0"},
				"south": {"uv": [6, 0, 10.5, 0.5], "texture": "#0"},
				"west": {"uv": [6, 0, 10.5, 0.5], "texture": "#0"},
				"up": {"uv": [6, 0, 10.5, 0.5], "texture": "#0"},
				"down": {"uv": [6, 0, 10.5, 0.5], "texture": "#0"}
			}
		},
		{
			"name": "Cube",
			"from": [10, 13.5, 10],
			"to": [11, 14, 11.5],
			"faces": {
				"north": {"uv": [6, 0, 10.5, 0.5], "texture": "#0"},
				"east": {"uv": [6, 0, 10.5, 0.5], "texture": "#0"},
				"south": {"uv": [6, 0, 10.5, 0.5], "texture": "#0"},
				"west": {"uv": [6, 0, 10.5, 0.5], "texture": "#0"},
				"up": {"uv": [6, 0, 10.5, 0.5], "texture": "#0"},
				"down": {"uv": [6, 0, 10.5, 0.5], "texture": "#0"}
			}
		},
		{
			"name": "Cube",
			"from": [5, 13.5, 10],
			"to": [6, 14, 11.5],
			"faces": {
				"north": {"uv": [6, 0, 10.5, 0.5], "texture": "#0"},
				"east": {"uv": [6, 0, 10.5, 0.5], "texture": "#0"},
				"south": {"uv": [6, 0, 10.5, 0.5], "texture": "#0"},
				"west": {"uv": [6, 0, 10.5, 0.5], "texture": "#0"},
				"up": {"uv": [6, 0, 10.5, 0.5], "texture": "#0"},
				"down": {"uv": [6, 0, 10.5, 0.5], "texture": "#0"}
			}
		},
		{
			"name": "Cube",
			"from": [5, 13.5, 4.5],
			"to": [6, 14, 10],
			"faces": {
				"north": {"uv": [6, 0, 10.5, 0.5], "texture": "#0"},
				"east": {"uv": [6, 0, 10.5, 0.5], "texture": "#0"},
				"south": {"uv": [6, 0, 10.5, 0.5], "texture": "#0"},
				"west": {"uv": [6, 0, 10.5, 0.5], "texture": "#0"},
				"up": {"uv": [6, 0, 10.5, 0.5], "texture": "#0"},
				"down": {"uv": [6, 0, 10.5, 0.5], "texture": "#0"}
			}
		},
		{
			"name": "Cube",
			"from": [6, 13.5, 4],
			"to": [10, 14, 11],
			"faces": {
				"north": {"uv": [6, 0, 10.5, 0.5], "texture": "#0"},
				"east": {"uv": [6, 0, 10.5, 0.5], "texture": "#0"},
				"south": {"uv": [6, 0, 10.5, 0.5], "texture": "#0"},
				"west": {"uv": [6, 0, 10.5, 0.5], "texture": "#0"},
				"up": {"uv": [6, 0, 10.5, 0.5], "texture": "#0"},
				"down": {"uv": [6, 0, 10.5, 0.5], "texture": "#0"}
			}
		},
		{
			"name": "Cube",
			"from": [11, 12.5, 5],
			"to": [11.5, 13.5, 11.5],
			"faces": {
				"north": {"uv": [6, 0, 10.5, 0.5], "texture": "#0"},
				"east": {"uv": [6, 0, 10.5, 0.5], "texture": "#0"},
				"south": {"uv": [6, 0, 10.5, 0.5], "texture": "#0"},
				"west": {"uv": [6, 0, 10.5, 0.5], "texture": "#0"},
				"up": {"uv": [6, 0, 10.5, 0.5], "texture": "#0"},
				"down": {"uv": [6, 0, 10.5, 0.5], "texture": "#0"}
			}
		},
		{
			"name": "Cube",
			"from": [4.5, 12.5, 11],
			"to": [5, 13.5, 11.5],
			"faces": {
				"north": {"uv": [6, 0, 10.5, 0.5], "texture": "#0"},
				"east": {"uv": [6, 0, 10.5, 0.5], "texture": "#0"},
				"south": {"uv": [6, 0, 10.5, 0.5], "texture": "#0"},
				"west": {"uv": [6, 0, 10.5, 0.5], "texture": "#0"},
				"up": {"uv": [6, 0, 10.5, 0.5], "texture": "#0"},
				"down": {"uv": [6, 0, 10.5, 0.5], "texture": "#0"}
			}
		},
		{
			"name": "Cube",
			"from": [4.5, 12.5, 4.5],
			"to": [5, 13.5, 11],
			"faces": {
				"north": {"uv": [6, 0, 10.5, 0.5], "texture": "#0"},
				"east": {"uv": [6, 0, 10.5, 0.5], "texture": "#0"},
				"south": {"uv": [6, 0, 10.5, 0.5], "texture": "#0"},
				"west": {"uv": [6, 0, 10.5, 0.5], "texture": "#0"},
				"up": {"uv": [6, 0, 10.5, 0.5], "texture": "#0"},
				"down": {"uv": [6, 0, 10.5, 0.5], "texture": "#0"}
			}
		},
		{
			"name": "Cube",
			"from": [5, 12.5, 4],
			"to": [6, 13.5, 4.5],
			"faces": {
				"north": {"uv": [6, 0, 10.5, 0.5], "texture": "#0"},
				"east": {"uv": [6, 0, 10.5, 0.5], "texture": "#0"},
				"south": {"uv": [6, 0, 10.5, 0.5], "texture": "#0"},
				"west": {"uv": [6, 0, 10.5, 0.5], "texture": "#0"},
				"up": {"uv": [6, 0, 10.5, 0.5], "texture": "#0"},
				"down": {"uv": [6, 0, 10.5, 0.5], "texture": "#0"}
			}
		},
		{
			"name": "Cube",
			"from": [10, 12.5, 4],
			"to": [11, 13.5, 4.5],
			"faces": {
				"north": {"uv": [6, 0, 10.5, 0.5], "texture": "#0"},
				"east": {"uv": [6, 0, 10.5, 0.5], "texture": "#0"},
				"south": {"uv": [6, 0, 10.5, 0.5], "texture": "#0"},
				"west": {"uv": [6, 0, 10.5, 0.5], "texture": "#0"},
				"up": {"uv": [6, 0, 10.5, 0.5], "texture": "#0"},
				"down": {"uv": [6, 0, 10.5, 0.5], "texture": "#0"}
			}
		},
		{
			"name": "Cube",
			"from": [11, 12.5, 4.5],
			"to": [11.5, 13.5, 5],
			"faces": {
				"north": {"uv": [6, 0, 10.5, 0.5], "texture": "#0"},
				"east": {"uv": [6, 0, 10.5, 0.5], "texture": "#0"},
				"south": {"uv": [6, 0, 10.5, 0.5], "texture": "#0"},
				"west": {"uv": [6, 0, 10.5, 0.5], "texture": "#0"},
				"up": {"uv": [6, 0, 10.5, 0.5], "texture": "#0"},
				"down": {"uv": [6, 0, 10.5, 0.5], "texture": "#0"}
			}
		},
		{
			"name": "Cube",
			"from": [6, 12.5, 3.5],
			"to": [10, 13.5, 4],
			"faces": {
				"north": {"uv": [6, 0, 10.5, 0.5], "texture": "#0"},
				"east": {"uv": [6, 0, 10.5, 0.5], "texture": "#0"},
				"south": {"uv": [6, 0, 10.5, 0.5], "texture": "#0"},
				"west": {"uv": [6, 0, 10.5, 0.5], "texture": "#0"},
				"up": {"uv": [6, 0, 10.5, 0.5], "texture": "#0"},
				"down": {"uv": [6, 0, 10.5, 0.5], "texture": "#0"}
			}
		},
		{
			"name": "Cube",
			"from": [11, 12, 11.5],
			"to": [12, 12.5, 12],
			"faces": {
				"north": {"uv": [6, 0, 10.5, 0.5], "texture": "#0"},
				"east": {"uv": [6, 0, 10.5, 0.5], "texture": "#0"},
				"south": {"uv": [6, 0, 10.5, 0.5], "texture": "#0"},
				"west": {"uv": [6, 0, 10.5, 0.5], "texture": "#0"},
				"up": {"uv": [6, 0, 10.5, 0.5], "texture": "#0"},
				"down": {"uv": [6, 0, 10.5, 0.5], "texture": "#0"}
			}
		},
		{
			"name": "Cube",
			"from": [11, 10.5, 3.5],
			"to": [12, 12, 4],
			"faces": {
				"north": {"uv": [6, 0, 10.5, 0.5], "texture": "#0"},
				"east": {"uv": [6, 0, 10.5, 0.5], "texture": "#0"},
				"south": {"uv": [6, 0, 10.5, 0.5], "texture": "#0"},
				"west": {"uv": [6, 0, 10.5, 0.5], "texture": "#0"},
				"up": {"uv": [6, 0, 10.5, 0.5], "texture": "#0"},
				"down": {"uv": [6, 0, 10.5, 0.5], "texture": "#0"}
			}
		},
		{
			"name": "Cube",
			"from": [11.5, 12, 5],
			"to": [12.5, 12.5, 11.5],
			"faces": {
				"north": {"uv": [6, 0, 10.5, 0.5], "texture": "#0"},
				"east": {"uv": [6, 0, 10.5, 0.5], "texture": "#0"},
				"south": {"uv": [6, 0, 10.5, 0.5], "texture": "#0"},
				"west": {"uv": [6, 0, 10.5, 0.5], "texture": "#0"},
				"up": {"uv": [6, 0, 10.5, 0.5], "texture": "#0"},
				"down": {"uv": [6, 0, 10.5, 0.5], "texture": "#0"}
			}
		},
		{
			"name": "Cube",
			"from": [11, 12, 4],
			"to": [12, 12.5, 4.5],
			"faces": {
				"north": {"uv": [6, 0, 10.5, 0.5], "texture": "#0"},
				"east": {"uv": [6, 0, 10.5, 0.5], "texture": "#0"},
				"south": {"uv": [6, 0, 10.5, 0.5], "texture": "#0"},
				"west": {"uv": [6, 0, 10.5, 0.5], "texture": "#0"},
				"up": {"uv": [6, 0, 10.5, 0.5], "texture": "#0"},
				"down": {"uv": [6, 0, 10.5, 0.5], "texture": "#0"}
			}
		},
		{
			"name": "Cube",
			"from": [4, 12, 11.5],
			"to": [5, 12.5, 12],
			"faces": {
				"north": {"uv": [6, 0, 10.5, 0.5], "texture": "#0"},
				"east": {"uv": [6, 0, 10.5, 0.5], "texture": "#0"},
				"south": {"uv": [6, 0, 10.5, 0.5], "texture": "#0"},
				"west": {"uv": [6, 0, 10.5, 0.5], "texture": "#0"},
				"up": {"uv": [6, 0, 10.5, 0.5], "texture": "#0"},
				"down": {"uv": [6, 0, 10.5, 0.5], "texture": "#0"}
			}
		},
		{
			"name": "Cube",
			"from": [10, 12, 12],
			"to": [11, 12.5, 12.5],
			"faces": {
				"north": {"uv": [6, 0, 10.5, 0.5], "texture": "#0"},
				"east": {"uv": [6, 0, 10.5, 0.5], "texture": "#0"},
				"south": {"uv": [6, 0, 10.5, 0.5], "texture": "#0"},
				"west": {"uv": [6, 0, 10.5, 0.5], "texture": "#0"},
				"up": {"uv": [6, 0, 10.5, 0.5], "texture": "#0"},
				"down": {"uv": [6, 0, 10.5, 0.5], "texture": "#0"}
			}
		},
		{
			"name": "Cube",
			"from": [10, 10.5, 3.5],
			"to": [11, 12.5, 4],
			"faces": {
				"north": {"uv": [6, 0, 10.5, 0.5], "texture": "#0"},
				"east": {"uv": [6, 0, 10.5, 0.5], "texture": "#0"},
				"south": {"uv": [6, 0, 10.5, 0.5], "texture": "#0"},
				"west": {"uv": [6, 0, 10.5, 0.5], "texture": "#0"},
				"up": {"uv": [6, 0, 10.5, 0.5], "texture": "#0"},
				"down": {"uv": [6, 0, 10.5, 0.5], "texture": "#0"}
			}
		},
		{
			"name": "Cube",
			"from": [5, 10.5, 3.5],
			"to": [6, 12.5, 4],
			"faces": {
				"north": {"uv": [6, 0, 10.5, 0.5], "texture": "#0"},
				"east": {"uv": [6, 0, 10.5, 0.5], "texture": "#0"},
				"south": {"uv": [6, 0, 10.5, 0.5], "texture": "#0"},
				"west": {"uv": [6, 0, 10.5, 0.5], "texture": "#0"},
				"up": {"uv": [6, 0, 10.5, 0.5], "texture": "#0"},
				"down": {"uv": [6, 0, 10.5, 0.5], "texture": "#0"}
			}
		},
		{
			"name": "Cube",
			"from": [11.5, 12, 4.5],
			"to": [12.5, 12.5, 5],
			"faces": {
				"north": {"uv": [6, 0, 10.5, 0.5], "texture": "#0"},
				"east": {"uv": [6, 0, 10.5, 0.5], "texture": "#0"},
				"south": {"uv": [6, 0, 10.5, 0.5], "texture": "#0"},
				"west": {"uv": [6, 0, 10.5, 0.5], "texture": "#0"},
				"up": {"uv": [6, 0, 10.5, 0.5], "texture": "#0"},
				"down": {"uv": [6, 0, 10.5, 0.5], "texture": "#0"}
			}
		},
		{
			"name": "Cube",
			"from": [3.5, 12, 4.5],
			"to": [4.5, 12.5, 5],
			"faces": {
				"north": {"uv": [6, 0, 10.5, 0.5], "texture": "#0"},
				"east": {"uv": [6, 0, 10.5, 0.5], "texture": "#0"},
				"south": {"uv": [6, 0, 10.5, 0.5], "texture": "#0"},
				"west": {"uv": [6, 0, 10.5, 0.5], "texture": "#0"},
				"up": {"uv": [6, 0, 10.5, 0.5], "texture": "#0"},
				"down": {"uv": [6, 0, 10.5, 0.5], "texture": "#0"}
			}
		},
		{
			"name": "Cube",
			"from": [4, 12, 4],
			"to": [5, 12.5, 4.5],
			"faces": {
				"north": {"uv": [6, 0, 10.5, 0.5], "texture": "#0"},
				"east": {"uv": [6, 0, 10.5, 0.5], "texture": "#0"},
				"south": {"uv": [6, 0, 10.5, 0.5], "texture": "#0"},
				"west": {"uv": [6, 0, 10.5, 0.5], "texture": "#0"},
				"up": {"uv": [6, 0, 10.5, 0.5], "texture": "#0"},
				"down": {"uv": [6, 0, 10.5, 0.5], "texture": "#0"}
			}
		},
		{
			"name": "Cube",
			"from": [3.5, 12, 5],
			"to": [4.5, 12.5, 11.5],
			"faces": {
				"north": {"uv": [6, 0, 10.5, 0.5], "texture": "#0"},
				"east": {"uv": [6, 0, 10.5, 0.5], "texture": "#0"},
				"south": {"uv": [6, 0, 10.5, 0.5], "texture": "#0"},
				"west": {"uv": [6, 0, 10.5, 0.5], "texture": "#0"},
				"up": {"uv": [6, 0, 10.5, 0.5], "texture": "#0"},
				"down": {"uv": [6, 0, 10.5, 0.5], "texture": "#0"}
			}
		},
		{
			"name": "Cube",
			"from": [12, 12, 7],
			"to": [13, 12.5, 9],
			"rotation": {"angle": 0, "axis": "y", "origin": [8, 8, 10]},
			"faces": {
				"north": {"uv": [6, 0, 10.5, 0.5], "texture": "#0"},
				"east": {"uv": [6, 0, 10.5, 0.5], "texture": "#0"},
				"south": {"uv": [6, 0, 10.5, 0.5], "texture": "#0"},
				"west": {"uv": [6, 0, 10.5, 0.5], "texture": "#0"},
				"up": {"uv": [6, 0, 10.5, 0.5], "texture": "#0"},
				"down": {"uv": [6, 0, 10.5, 0.5], "texture": "#0"}
			}
		},
		{
			"name": "Cube",
			"from": [11.5, 12.5, 7],
			"to": [12.5, 13, 9],
			"rotation": {"angle": 0, "axis": "y", "origin": [7, 9, 10]},
			"faces": {
				"north": {"uv": [6, 0, 10.5, 0.5], "texture": "#0"},
				"east": {"uv": [6, 0, 10.5, 0.5], "texture": "#0"},
				"south": {"uv": [6, 0, 10.5, 0.5], "texture": "#0"},
				"west": {"uv": [6, 0, 10.5, 0.5], "texture": "#0"},
				"up": {"uv": [6, 0, 10.5, 0.5], "texture": "#0"},
				"down": {"uv": [6, 0, 10.5, 0.5], "texture": "#0"}
			}
		},
		{
			"name": "Cube",
			"from": [3.5, 10.5, 4],
			"to": [4, 12, 5],
			"faces": {
				"north": {"uv": [6, 0, 10.5, 0.5], "texture": "#0"},
				"east": {"uv": [6, 0, 10.5, 0.5], "texture": "#0"},
				"south": {"uv": [6, 0, 10.5, 0.5], "texture": "#0"},
				"west": {"uv": [6, 0, 10.5, 0.5], "texture": "#0"},
				"up": {"uv": [6, 0, 10.5, 0.5], "texture": "#0"},
				"down": {"uv": [6, 0, 10.5, 0.5], "texture": "#0"}
			}
		},
		{
			"name": "Cube",
			"from": [3, 11, 5],
			"to": [3.5, 12, 10],
			"faces": {
				"north": {"uv": [6, 0, 10.5, 0.5], "texture": "#0"},
				"east": {"uv": [6, 0, 10.5, 0.5], "texture": "#0"},
				"south": {"uv": [6, 0, 10.5, 0.5], "texture": "#0"},
				"west": {"uv": [6, 0, 10.5, 0.5], "texture": "#0"},
				"up": {"uv": [6, 0, 10.5, 0.5], "texture": "#0"},
				"down": {"uv": [6, 0, 10.5, 0.5], "texture": "#0"}
			}
		},
		{
			"name": "Cube",
			"from": [12, 10.5, 4],
			"to": [12.5, 12, 5],
			"faces": {
				"north": {"uv": [6, 0, 10.5, 0.5], "texture": "#0"},
				"east": {"uv": [6, 0, 10.5, 0.5], "texture": "#0"},
				"south": {"uv": [6, 0, 10.5, 0.5], "texture": "#0"},
				"west": {"uv": [6, 0, 10.5, 0.5], "texture": "#0"},
				"up": {"uv": [6, 0, 10.5, 0.5], "texture": "#0"},
				"down": {"uv": [6, 0, 10.5, 0.5], "texture": "#0"}
			}
		},
		{
			"name": "Cube",
			"from": [12.5, 11, 5],
			"to": [13, 12, 6],
			"faces": {
				"north": {"uv": [6, 0, 10.5, 0.5], "texture": "#0"},
				"east": {"uv": [6, 0, 10.5, 0.5], "texture": "#0"},
				"south": {"uv": [6, 0, 10.5, 0.5], "texture": "#0"},
				"west": {"uv": [6, 0, 10.5, 0.5], "texture": "#0"},
				"up": {"uv": [6, 0, 10.5, 0.5], "texture": "#0"},
				"down": {"uv": [6, 0, 10.5, 0.5], "texture": "#0"}
			}
		},
		{
			"name": "Cube",
			"from": [4, 10.5, 12],
			"to": [6.5, 12, 12.5],
			"faces": {
				"north": {"uv": [6, 0, 10.5, 0.5], "texture": "#0"},
				"east": {"uv": [6, 0, 10.5, 0.5], "texture": "#0"},
				"south": {"uv": [6, 0, 10.5, 0.5], "texture": "#0"},
				"west": {"uv": [6, 0, 10.5, 0.5], "texture": "#0"},
				"up": {"uv": [6, 0, 10.5, 0.5], "texture": "#0"},
				"down": {"uv": [6, 0, 10.5, 0.5], "texture": "#0"}
			}
		},
		{
			"name": "Cube",
			"from": [4, 10.5, 3.5],
			"to": [5, 12, 4],
			"faces": {
				"north": {"uv": [6, 0, 10.5, 0.5], "texture": "#0"},
				"east": {"uv": [6, 0, 10.5, 0.5], "texture": "#0"},
				"south": {"uv": [6, 0, 10.5, 0.5], "texture": "#0"},
				"west": {"uv": [6, 0, 10.5, 0.5], "texture": "#0"},
				"up": {"uv": [6, 0, 10.5, 0.5], "texture": "#0"},
				"down": {"uv": [6, 0, 10.5, 0.5], "texture": "#0"}
			}
		},
		{
			"name": "Cube",
			"from": [3, 12, 7],
			"to": [4, 12.5, 9],
			"rotation": {"angle": 0, "axis": "y", "origin": [8, 8, 11]},
			"faces": {
				"north": {"uv": [6, 0, 10.5, 0.5], "texture": "#0"},
				"east": {"uv": [6, 0, 10.5, 0.5], "texture": "#0"},
				"south": {"uv": [6, 0, 10.5, 0.5], "texture": "#0"},
				"west": {"uv": [6, 0, 10.5, 0.5], "texture": "#0"},
				"up": {"uv": [6, 0, 10.5, 0.5], "texture": "#0"},
				"down": {"uv": [6, 0, 10.5, 0.5], "texture": "#0"}
			}
		},
		{
			"name": "Cube",
			"from": [3.5, 12.5, 7],
			"to": [4.5, 13, 9],
			"rotation": {"angle": 0, "axis": "y", "origin": [9, 9, 11]},
			"faces": {
				"north": {"uv": [6, 0, 10.5, 0.5], "texture": "#0"},
				"east": {"uv": [6, 0, 10.5, 0.5], "texture": "#0"},
				"south": {"uv": [6, 0, 10.5, 0.5], "texture": "#0"},
				"west": {"uv": [6, 0, 10.5, 0.5], "texture": "#0"},
				"up": {"uv": [6, 0, 10.5, 0.5], "texture": "#0"},
				"down": {"uv": [6, 0, 10.5, 0.5], "texture": "#0"}
			}
		},
		{
			"name": "Cube",
			"from": [3, 11, 10],
			"to": [4, 12, 11],
			"faces": {
				"north": {"uv": [6, 0, 10.5, 0.5], "texture": "#0"},
				"east": {"uv": [6, 0, 10.5, 0.5], "texture": "#0"},
				"south": {"uv": [6, 0, 10.5, 0.5], "texture": "#0"},
				"west": {"uv": [6, 0, 10.5, 0.5], "texture": "#0"},
				"up": {"uv": [6, 0, 10.5, 0.5], "texture": "#0"},
				"down": {"uv": [6, 0, 10.5, 0.5], "texture": "#0"}
			}
		},
		{
			"name": "Cube",
			"from": [12, 10.5, 11],
			"to": [12.5, 12, 12],
			"faces": {
				"north": {"uv": [6, 0, 10.5, 0.5], "texture": "#0"},
				"east": {"uv": [6, 0, 10.5, 0.5], "texture": "#0"},
				"south": {"uv": [6, 0, 10.5, 0.5], "texture": "#0"},
				"west": {"uv": [6, 0, 10.5, 0.5], "texture": "#0"},
				"up": {"uv": [6, 0, 10.5, 0.5], "texture": "#0"},
				"down": {"uv": [6, 0, 10.5, 0.5], "texture": "#0"}
			}
		},
		{
			"name": "Cube",
			"from": [12.5, 11, 6],
			"to": [13, 12, 11],
			"faces": {
				"north": {"uv": [6, 0, 10.5, 0.5], "texture": "#0"},
				"east": {"uv": [6, 0, 10.5, 0.5], "texture": "#0"},
				"south": {"uv": [6, 0, 10.5, 0.5], "texture": "#0"},
				"west": {"uv": [6, 0, 10.5, 0.5], "texture": "#0"},
				"up": {"uv": [6, 0, 10.5, 0.5], "texture": "#0"},
				"down": {"uv": [6, 0, 10.5, 0.5], "texture": "#0"}
			}
		},
		{
			"name": "Cube",
			"from": [3, 10.5, 5],
			"to": [3.5, 11, 11],
			"faces": {
				"north": {"uv": [6, 0, 10.5, 0.5], "texture": "#0"},
				"east": {"uv": [6, 0, 10.5, 0.5], "texture": "#0"},
				"south": {"uv": [6, 0, 10.5, 0.5], "texture": "#0"},
				"west": {"uv": [6, 0, 10.5, 0.5], "texture": "#0"},
				"up": {"uv": [6, 0, 10.5, 0.5], "texture": "#0"},
				"down": {"uv": [6, 0, 10.5, 0.5], "texture": "#0"}
			}
		},
		{
			"name": "Cube",
			"from": [12.5, 10.5, 5],
			"to": [13, 11, 11],
			"faces": {
				"north": {"uv": [6, 0, 10.5, 0.5], "texture": "#0"},
				"east": {"uv": [6, 0, 10.5, 0.5], "texture": "#0"},
				"south": {"uv": [6, 0, 10.5, 0.5], "texture": "#0"},
				"west": {"uv": [6, 0, 10.5, 0.5], "texture": "#0"},
				"up": {"uv": [6, 0, 10.5, 0.5], "texture": "#0"},
				"down": {"uv": [6, 0, 10.5, 0.5], "texture": "#0"}
			}
		},
		{
			"name": "Cube",
			"from": [6, 14.5, 6],
			"to": [10, 15, 10],
			"faces": {
				"north": {"uv": [6, 0, 10.5, 0.5], "texture": "#0"},
				"east": {"uv": [6, 0, 10.5, 0.5], "texture": "#0"},
				"south": {"uv": [6, 0, 10.5, 0.5], "texture": "#0"},
				"west": {"uv": [6, 0, 10.5, 0.5], "texture": "#0"},
				"up": {"uv": [6, 0, 10.5, 0.5], "texture": "#0"},
				"down": {"uv": [6, 0, 10.5, 0.5], "texture": "#0"}
			}
		},
		{
			"name": "Cube",
			"from": [5, 12, 12],
			"to": [6, 12.5, 12.5],
			"faces": {
				"north": {"uv": [6, 0, 10.5, 0.5], "texture": "#0"},
				"east": {"uv": [6, 0, 10.5, 0.5], "texture": "#0"},
				"south": {"uv": [6, 0, 10.5, 0.5], "texture": "#0"},
				"west": {"uv": [6, 0, 10.5, 0.5], "texture": "#0"},
				"up": {"uv": [6, 0, 10.5, 0.5], "texture": "#0"},
				"down": {"uv": [6, 0, 10.5, 0.5], "texture": "#0"}
			}
		},
		{
			"name": "Cube",
			"from": [6, 10.5, 3],
			"to": [10, 12.5, 3.5],
			"faces": {
				"north": {"uv": [6, 0, 10.5, 0.5], "texture": "#0"},
				"east": {"uv": [6, 0, 10.5, 0.5], "texture": "#0"},
				"south": {"uv": [6, 0, 10.5, 0.5], "texture": "#0"},
				"west": {"uv": [6, 0, 10.5, 0.5], "texture": "#0"},
				"up": {"uv": [6, 0, 10.5, 0.5], "texture": "#0"},
				"down": {"uv": [6, 0, 10.5, 0.5], "texture": "#0"}
			}
		},
		{
			"name": "Cube",
			"from": [5.5, 11.5, 3],
			"to": [6, 12, 3.5],
			"faces": {
				"north": {"uv": [6, 0, 10.5, 0.5], "texture": "#0"},
				"east": {"uv": [6, 0, 10.5, 0.5], "texture": "#0"},
				"south": {"uv": [6, 0, 10.5, 0.5], "texture": "#0"},
				"west": {"uv": [6, 0, 10.5, 0.5], "texture": "#0"},
				"up": {"uv": [6, 0, 10.5, 0.5], "texture": "#0"},
				"down": {"uv": [6, 0, 10.5, 0.5], "texture": "#0"}
			}
		},
		{
			"name": "Cube",
			"from": [10, 11.5, 3],
			"to": [10.5, 12, 3.5],
			"faces": {
				"north": {"uv": [6, 0, 10.5, 0.5], "texture": "#0"},
				"east": {"uv": [6, 0, 10.5, 0.5], "texture": "#0"},
				"south": {"uv": [6, 0, 10.5, 0.5], "texture": "#0"},
				"west": {"uv": [6, 0, 10.5, 0.5], "texture": "#0"},
				"up": {"uv": [6, 0, 10.5, 0.5], "texture": "#0"},
				"down": {"uv": [6, 0, 10.5, 0.5], "texture": "#0"}
			}
		},
		{
			"name": "Cube",
			"from": [9, 13, 11],
			"to": [11, 13.5, 11.5],
			"faces": {
				"north": {"uv": [6, 0, 10.5, 0.5], "texture": "#0"},
				"east": {"uv": [6, 0, 10.5, 0.5], "texture": "#0"},
				"south": {"uv": [6, 0, 10.5, 0.5], "texture": "#0"},
				"west": {"uv": [6, 0, 10.5, 0.5], "texture": "#0"},
				"up": {"uv": [6, 0, 10.5, 0.5], "texture": "#0"},
				"down": {"uv": [6, 0, 10.5, 0.5], "texture": "#0"}
			}
		},
		{
			"name": "Cube",
			"from": [3.5, 10.5, 11],
			"to": [4, 12, 12],
			"faces": {
				"north": {"uv": [6, 0, 10.5, 0.5], "texture": "#0"},
				"east": {"uv": [6, 0, 10.5, 0.5], "texture": "#0"},
				"south": {"uv": [6, 0, 10.5, 0.5], "texture": "#0"},
				"west": {"uv": [6, 0, 10.5, 0.5], "texture": "#0"},
				"up": {"uv": [6, 0, 10.5, 0.5], "texture": "#0"},
				"down": {"uv": [6, 0, 10.5, 0.5], "texture": "#0"}
			}
		},
		{
			"name": "Cube",
			"from": [6, 10.5, 12.5],
			"to": [10.5, 11, 13],
			"faces": {
				"north": {"uv": [6, 0, 10.5, 0.5], "texture": "#0"},
				"east": {"uv": [6, 0, 10.5, 0.5], "texture": "#0"},
				"south": {"uv": [6, 0, 10.5, 0.5], "texture": "#0"},
				"west": {"uv": [6, 0, 10.5, 0.5], "texture": "#0"},
				"up": {"uv": [6, 0, 10.5, 0.5], "texture": "#0"},
				"down": {"uv": [6, 0, 10.5, 0.5], "texture": "#0"}
			}
		},
		{
			"name": "Cube",
			"from": [5.5, 10.5, 12],
			"to": [12, 12, 12.5],
			"faces": {
				"north": {"uv": [6, 0, 10.5, 0.5], "texture": "#0"},
				"east": {"uv": [6, 0, 10.5, 0.5], "texture": "#0"},
				"south": {"uv": [6, 0, 10.5, 0.5], "texture": "#0"},
				"west": {"uv": [6, 0, 10.5, 0.5], "texture": "#0"},
				"up": {"uv": [6, 0, 10.5, 0.5], "texture": "#0"},
				"down": {"uv": [6, 0, 10.5, 0.5], "texture": "#0"}
			}
		},
		{
			"name": "Cube",
			"from": [6.5, 10, 3],
			"to": [10, 10.5, 3.5],
			"faces": {
				"north": {"uv": [1, 5, 2, 6], "texture": "#0"},
				"east": {"uv": [1, 5, 2, 6], "texture": "#0"},
				"south": {"uv": [1, 5, 2, 6], "texture": "#0"},
				"west": {"uv": [1, 5, 2, 6], "texture": "#0"},
				"up": {"uv": [1, 5, 2, 6], "texture": "#0"},
				"down": {"uv": [1, 5, 2, 6], "texture": "#0"}
			}
		},
		{
			"name": "Cube",
			"from": [4, 10, 3.5],
			"to": [12, 10.5, 4],
			"faces": {
				"north": {"uv": [1, 5, 2, 6], "texture": "#0"},
				"east": {"uv": [1, 5, 2, 6], "texture": "#0"},
				"south": {"uv": [1, 5, 2, 6], "texture": "#0"},
				"west": {"uv": [1, 5, 2, 6], "texture": "#0"},
				"up": {"uv": [1, 5, 2, 6], "texture": "#0"},
				"down": {"uv": [1, 5, 2, 6], "texture": "#0"}
			}
		},
		{
			"name": "Cube",
			"from": [12.5, 10, 6.5],
			"to": [13, 10.5, 9.5],
			"faces": {
				"north": {"uv": [1, 5, 2, 6], "texture": "#0"},
				"east": {"uv": [1, 5, 2, 6], "texture": "#0"},
				"south": {"uv": [1, 5, 2, 6], "texture": "#0"},
				"west": {"uv": [1, 5, 2, 6], "texture": "#0"},
				"up": {"uv": [1, 5, 2, 6], "texture": "#0"},
				"down": {"uv": [1, 5, 2, 6], "texture": "#0"}
			}
		},
		{
			"name": "Cube",
			"from": [4, 10, 12],
			"to": [12, 10.5, 12.5],
			"faces": {
				"north": {"uv": [1, 5, 2, 6], "texture": "#0"},
				"east": {"uv": [1, 5, 2, 6], "texture": "#0"},
				"south": {"uv": [1, 5, 2, 6], "texture": "#0"},
				"west": {"uv": [1, 5, 2, 6], "texture": "#0"},
				"up": {"uv": [1, 5, 2, 6], "texture": "#0"},
				"down": {"uv": [1, 5, 2, 6], "texture": "#0"}
			}
		},
		{
			"name": "Cube",
			"from": [12, 10, 4],
			"to": [12.5, 10.5, 12],
			"faces": {
				"north": {"uv": [1, 5, 2, 6], "texture": "#0"},
				"east": {"uv": [1, 5, 2, 6], "texture": "#0"},
				"south": {"uv": [1, 5, 2, 6], "texture": "#0"},
				"west": {"uv": [1, 5, 2, 6], "texture": "#0"},
				"up": {"uv": [1, 5, 2, 6], "texture": "#0"},
				"down": {"uv": [1, 5, 2, 6], "texture": "#0"}
			}
		},
		{
			"name": "Cube",
			"from": [3, 10, 6.5],
			"to": [3.5, 10.5, 9.5],
			"faces": {
				"north": {"uv": [1, 5, 2, 6], "texture": "#0"},
				"east": {"uv": [1, 5, 2, 6], "texture": "#0"},
				"south": {"uv": [1, 5, 2, 6], "texture": "#0"},
				"west": {"uv": [1, 5, 2, 6], "texture": "#0"},
				"up": {"uv": [1, 5, 2, 6], "texture": "#0"},
				"down": {"uv": [1, 5, 2, 6], "texture": "#0"}
			}
		},
		{
			"name": "Cube",
			"from": [6.5, 10, 12.5],
			"to": [10, 10.5, 13],
			"faces": {
				"north": {"uv": [1, 5, 2, 6], "texture": "#0"},
				"east": {"uv": [1, 5, 2, 6], "texture": "#0"},
				"south": {"uv": [1, 5, 2, 6], "texture": "#0"},
				"west": {"uv": [1, 5, 2, 6], "texture": "#0"},
				"up": {"uv": [1, 5, 2, 6], "texture": "#0"},
				"down": {"uv": [1, 5, 2, 6], "texture": "#0"}
			}
		},
		{
			"name": "Cube",
			"from": [5, 12, 11.5],
			"to": [9.5, 13, 12],
			"faces": {
				"north": {"uv": [6, 0, 10.5, 0.5], "texture": "#0"},
				"east": {"uv": [6, 0, 10.5, 0.5], "texture": "#0"},
				"south": {"uv": [6, 0, 10.5, 0.5], "texture": "#0"},
				"west": {"uv": [6, 0, 10.5, 0.5], "texture": "#0"},
				"up": {"uv": [6, 0, 10.5, 0.5], "texture": "#0"},
				"down": {"uv": [6, 0, 10.5, 0.5], "texture": "#0"}
			}
		},
		{
			"name": "Cube",
			"from": [10, 11, 12.5],
			"to": [11, 11.5, 13],
			"faces": {
				"north": {"uv": [6, 0, 10.5, 0.5], "texture": "#0"},
				"east": {"uv": [6, 0, 10.5, 0.5], "texture": "#0"},
				"south": {"uv": [6, 0, 10.5, 0.5], "texture": "#0"},
				"west": {"uv": [6, 0, 10.5, 0.5], "texture": "#0"},
				"up": {"uv": [6, 0, 10.5, 0.5], "texture": "#0"},
				"down": {"uv": [6, 0, 10.5, 0.5], "texture": "#0"}
			}
		},
		{
			"name": "Cube",
			"from": [5.5, 11, 12.5],
			"to": [6.5, 11.5, 13],
			"faces": {
				"north": {"uv": [6, 0, 10.5, 0.5], "texture": "#0"},
				"east": {"uv": [6, 0, 10.5, 0.5], "texture": "#0"},
				"south": {"uv": [6, 0, 10.5, 0.5], "texture": "#0"},
				"west": {"uv": [6, 0, 10.5, 0.5], "texture": "#0"},
				"up": {"uv": [6, 0, 10.5, 0.5], "texture": "#0"},
				"down": {"uv": [6, 0, 10.5, 0.5], "texture": "#0"}
			}
		},
		{
			"name": "Cube",
			"from": [7, 14.5, 5.5],
			"to": [9, 15, 10.5],
			"faces": {
				"north": {"uv": [6, 0, 10.5, 0.5], "texture": "#0"},
				"east": {"uv": [6, 0, 10.5, 0.5], "texture": "#0"},
				"south": {"uv": [6, 0, 10.5, 0.5], "texture": "#0"},
				"west": {"uv": [6, 0, 10.5, 0.5], "texture": "#0"},
				"up": {"uv": [6, 0, 10.5, 0.5], "texture": "#0"},
				"down": {"uv": [6, 0, 10.5, 0.5], "texture": "#0"}
			}
		},
		{
			"name": "Cube",
			"from": [7, 12.5, 11],
			"to": [9, 14.5, 11.5],
			"faces": {
				"north": {"uv": [6, 0, 10.5, 0.5], "texture": "#0"},
				"east": {"uv": [6, 0, 10.5, 0.5], "texture": "#0"},
				"south": {"uv": [6, 0, 10.5, 0.5], "texture": "#0"},
				"west": {"uv": [6, 0, 10.5, 0.5], "texture": "#0"},
				"up": {"uv": [6, 0, 10.5, 0.5], "texture": "#0"},
				"down": {"uv": [6, 0, 10.5, 0.5], "texture": "#0"}
			}
		},
		{
			"name": "Cube",
			"from": [5, 13, 11],
			"to": [7, 13.5, 11.5],
			"faces": {
				"north": {"uv": [6, 0, 10.5, 0.5], "texture": "#0"},
				"east": {"uv": [6, 0, 10.5, 0.5], "texture": "#0"},
				"south": {"uv": [6, 0, 10.5, 0.5], "texture": "#0"},
				"west": {"uv": [6, 0, 10.5, 0.5], "texture": "#0"},
				"up": {"uv": [6, 0, 10.5, 0.5], "texture": "#0"},
				"down": {"uv": [6, 0, 10.5, 0.5], "texture": "#0"}
			}
		},
		{
			"name": "Cube",
			"from": [9.5, 12, 11.5],
			"to": [11, 13, 12],
			"faces": {
				"north": {"uv": [6, 0, 10.5, 0.5], "texture": "#0"},
				"east": {"uv": [6, 0, 10.5, 0.5], "texture": "#0"},
				"south": {"uv": [6, 0, 10.5, 0.5], "texture": "#0"},
				"west": {"uv": [6, 0, 10.5, 0.5], "texture": "#0"},
				"up": {"uv": [6, 0, 10.5, 0.5], "texture": "#0"},
				"down": {"uv": [6, 0, 10.5, 0.5], "texture": "#0"}
			}
		},
		{
			"from": [7, 12, 12],
			"to": [8.5, 13.5, 13],
			"rotation": {"angle": 0, "axis": "y", "origin": [7.75108, 12.67408, 12.425]},
			"faces": {
				"north": {"uv": [0, 0, 1.5, 1.5], "texture": "#1"},
				"east": {"uv": [0, 0, 1, 1.5], "texture": "#1"},
				"south": {"uv": [0, 0, 1.5, 1.5], "texture": "#1"},
				"west": {"uv": [0, 0, 1, 1.5], "texture": "#1"},
				"up": {"uv": [0, 0, 1.5, 1], "texture": "#1"},
				"down": {"uv": [0, 0, 1.5, 1], "texture": "#1"}
			}
		},
		{
			"from": [7.25, 12.75, 12],
			"to": [8.25, 13.75, 13],
			"rotation": {"angle": 0, "axis": "y", "origin": [7.75108, 12.67408, 12.425]},
			"faces": {
				"north": {"uv": [0, 0, 1, 1], "texture": "#1"},
				"east": {"uv": [0, 0, 1, 1], "texture": "#1"},
				"south": {"uv": [0, 0, 1, 1], "texture": "#1"},
				"west": {"uv": [0, 0, 1, 1], "texture": "#1"},
				"up": {"uv": [0, 0, 1, 1], "texture": "#1"},
				"down": {"uv": [0, 0, 1, 1], "texture": "#1"}
			}
		},
		{
			"from": [7.25, 11.75, 12],
			"to": [8.25, 12.75, 13],
			"rotation": {"angle": 0, "axis": "y", "origin": [7.75108, 12.67408, 12.425]},
			"faces": {
				"north": {"uv": [0, 0, 1, 1], "texture": "#1"},
				"east": {"uv": [0, 0, 1, 1], "texture": "#1"},
				"south": {"uv": [0, 0, 1, 1], "texture": "#1"},
				"west": {"uv": [0, 0, 1, 1], "texture": "#1"},
				"up": {"uv": [0, 0, 1, 1], "texture": "#1"},
				"down": {"uv": [0, 0, 1, 1], "texture": "#1"}
			}
		},
		{
			"from": [7.75, 12.25, 12],
			"to": [8.75, 13.25, 13],
			"rotation": {"angle": 0, "axis": "y", "origin": [7.75108, 12.67408, 12.425]},
			"faces": {
				"north": {"uv": [0, 0, 1, 1], "texture": "#1"},
				"east": {"uv": [0, 0, 1, 1], "texture": "#1"},
				"south": {"uv": [0, 0, 1, 1], "texture": "#1"},
				"west": {"uv": [0, 0, 1, 1], "texture": "#1"},
				"up": {"uv": [0, 0, 1, 1], "texture": "#1"},
				"down": {"uv": [0, 0, 1, 1], "texture": "#1"}
			}
		},
		{
			"from": [6.75, 12.25, 12],
			"to": [7.75, 13.25, 13],
			"rotation": {"angle": 0, "axis": "y", "origin": [7.75108, 12.67408, 12.425]},
			"faces": {
				"north": {"uv": [0, 0, 1, 1], "texture": "#1"},
				"east": {"uv": [0, 0, 1, 1], "texture": "#1"},
				"south": {"uv": [0, 0, 1, 1], "texture": "#1"},
				"west": {"uv": [0, 0, 1, 1], "texture": "#1"},
				"up": {"uv": [0, 0, 1, 1], "texture": "#1"},
				"down": {"uv": [0, 0, 1, 1], "texture": "#1"}
			}
		},
		{
			"from": [7.25, 13.75, 12],
			"to": [8.25, 15.35, 12.8],
			"rotation": {"angle": 0, "axis": "y", "origin": [7.75108, 12.67408, 12.425]},
			"faces": {
				"north": {"uv": [0, 0, 1, 1.6], "texture": "#2"},
				"east": {"uv": [0, 0, 0.8, 1.6], "texture": "#2"},
				"south": {"uv": [0, 0, 1, 1.6], "texture": "#2"},
				"west": {"uv": [0, 0, 0.8, 1.6], "texture": "#2"},
				"up": {"uv": [0, 0, 1, 0.8], "texture": "#2"},
				"down": {"uv": [0, 0, 1, 0.8], "texture": "#2"}
			}
		},
		{
			"from": [6.8817, 13.21668, 12],
			"to": [7.8817, 15.21668, 12.8],
			"rotation": {"angle": -22.5, "axis": "z", "origin": [7.75108, 12.67408, 12.425]},
			"faces": {
				"north": {"uv": [0, 0, 1, 2], "texture": "#2"},
				"east": {"uv": [0, 0, 0.8, 2], "texture": "#2"},
				"south": {"uv": [0, 0, 1, 2], "texture": "#2"},
				"west": {"uv": [0, 0, 0.8, 2], "texture": "#2"},
				"up": {"uv": [0, 0, 1, 0.8], "texture": "#2"},
				"down": {"uv": [0, 0, 1, 0.8], "texture": "#2"}
			}
		},
		{
			"from": [6.882, 10.47968, 12],
			"to": [7.882, 11.97968, 12.8],
			"rotation": {"angle": -22.5, "axis": "z", "origin": [7.75108, 12.67408, 12.425]},
			"faces": {
				"north": {"uv": [0, 0, 1, 1.5], "texture": "#2"},
				"east": {"uv": [0, 0, 0.8, 1.5], "texture": "#2"},
				"south": {"uv": [0, 0, 1, 1.5], "texture": "#2"},
				"west": {"uv": [0, 0, 0.8, 1.5], "texture": "#2"},
				"up": {"uv": [0, 0, 1, 0.8], "texture": "#2"},
				"down": {"uv": [0, 0, 1, 0.8], "texture": "#2"}
			}
		},
		{
			"from": [7.65652, 13.20885, 12],
			"to": [8.65652, 15.20885, 12.8],
			"rotation": {"angle": 22.5, "axis": "z", "origin": [7.75108, 12.67408, 12.425]},
			"faces": {
				"north": {"uv": [1, 0, 2, 2], "texture": "#2"},
				"east": {"uv": [0.8, 0, 1.6, 2], "texture": "#2"},
				"south": {"uv": [1, 0, 2, 2], "texture": "#2"},
				"west": {"uv": [0.8, 0, 1.6, 2], "texture": "#2"},
				"up": {"uv": [1, 0, 2, 0.8], "texture": "#2"},
				"down": {"uv": [1, 0, 2, 0.8], "texture": "#2"}
			}
		},
		{
			"from": [7.63235, 10.55452, 12],
			"to": [8.63235, 12.05452, 12.8],
			"rotation": {"angle": 22.5, "axis": "z", "origin": [7.75108, 12.67408, 12.425]},
			"faces": {
				"north": {"uv": [1, 0, 2, 1.5], "texture": "#2"},
				"east": {"uv": [0.8, 0, 1.6, 1.5], "texture": "#2"},
				"south": {"uv": [1, 0, 2, 1.5], "texture": "#2"},
				"west": {"uv": [0.8, 0, 1.6, 1.5], "texture": "#2"},
				"up": {"uv": [1, 0, 2, 0.8], "texture": "#2"},
				"down": {"uv": [1, 0, 2, 0.8], "texture": "#2"}
			}
		},
		{
			"from": [6.5, 10.75, 12],
			"to": [7.5, 11.75, 12.8],
			"rotation": {"angle": 0, "axis": "y", "origin": [7.75108, 12.67408, 12.425]},
			"faces": {
				"north": {"uv": [0, 0, 1, 1], "texture": "#2"},
				"east": {"uv": [0, 0, 0.8, 1], "texture": "#2"},
				"south": {"uv": [0, 0, 1, 1], "texture": "#2"},
				"west": {"uv": [0, 0, 0.8, 1], "texture": "#2"},
				"up": {"uv": [0, 0, 1, 0.8], "texture": "#2"},
				"down": {"uv": [0, 0, 1, 0.8], "texture": "#2"}
			}
		},
		{
			"from": [7.17319, 11.03624, 12],
			"to": [8.17319, 12.03624, 12.8],
			"rotation": {"angle": -22.5, "axis": "z", "origin": [7.75108, 12.67408, 12.425]},
			"faces": {
				"north": {"uv": [0, 0, 1, 1], "texture": "#2"},
				"east": {"uv": [0, 0, 0.8, 1], "texture": "#2"},
				"south": {"uv": [0, 0, 1, 1], "texture": "#2"},
				"west": {"uv": [0, 0, 0.8, 1], "texture": "#2"},
				"up": {"uv": [0, 0, 1, 0.8], "texture": "#2"},
				"down": {"uv": [0, 0, 1, 0.8], "texture": "#2"}
			}
		},
		{
			"from": [8, 10.75, 12],
			"to": [9, 11.75, 12.8],
			"rotation": {"angle": 0, "axis": "y", "origin": [7.75108, 12.67408, 12.425]},
			"faces": {
				"north": {"uv": [0, 0, 1, 1], "texture": "#2"},
				"east": {"uv": [0, 0, 0.8, 1], "texture": "#2"},
				"south": {"uv": [0, 0, 1, 1], "texture": "#2"},
				"west": {"uv": [0, 0, 0.8, 1], "texture": "#2"},
				"up": {"uv": [0, 0, 1, 0.8], "texture": "#2"},
				"down": {"uv": [0, 0, 1, 0.8], "texture": "#2"}
			}
		},
		{
			"from": [7.33888, 10.87292, 12],
			"to": [8.33888, 11.87292, 12.8],
			"rotation": {"angle": 22.5, "axis": "z", "origin": [7.75108, 12.67408, 12.425]},
			"faces": {
				"north": {"uv": [0, 0, 1, 1], "texture": "#2"},
				"east": {"uv": [0, 0, 0.8, 1], "texture": "#2"},
				"south": {"uv": [0, 0, 1, 1], "texture": "#2"},
				"west": {"uv": [0, 0, 0.8, 1], "texture": "#2"},
				"up": {"uv": [0, 0, 1, 0.8], "texture": "#2"},
				"down": {"uv": [0, 0, 1, 0.8], "texture": "#2"}
			}
		},
		{
			"from": [8.25, 12.5, 12],
			"to": [9.85, 13.5, 12.8],
			"rotation": {"angle": 0, "axis": "y", "origin": [7.75108, 12.67408, 12.425]},
			"faces": {
				"north": {"uv": [0, 0, 1.6, 1], "texture": "#2"},
				"east": {"uv": [0, 0, 0.8, 1], "texture": "#2"},
				"south": {"uv": [0, 0, 1.6, 1], "texture": "#2"},
				"west": {"uv": [0, 0, 0.8, 1], "texture": "#2"},
				"up": {"uv": [0, 0, 1.6, 0.8], "texture": "#2"},
				"down": {"uv": [0, 0, 1.6, 0.8], "texture": "#2"}
			}
		},
		{
			"from": [8.42813, 12.38799, 12],
			"to": [9.92813, 13.38799, 12.8],
			"rotation": {"angle": 22.5, "axis": "z", "origin": [7.75108, 12.67408, 12.425]},
			"faces": {
				"north": {"uv": [0, 0, 1.5, 1], "texture": "#2"},
				"east": {"uv": [0, 0, 0.8, 1], "texture": "#2"},
				"south": {"uv": [0, 0, 1.5, 1], "texture": "#2"},
				"west": {"uv": [0, 0, 0.8, 1], "texture": "#2"},
				"up": {"uv": [0, 0, 1.5, 0.8], "texture": "#2"},
				"down": {"uv": [0, 0, 1.5, 0.8], "texture": "#2"}
			}
		},
		{
			"from": [8.17868, 12.56239, 12],
			"to": [9.67868, 13.56239, 12.8],
			"rotation": {"angle": -22.5, "axis": "z", "origin": [7.75108, 12.67408, 12.425]},
			"faces": {
				"north": {"uv": [0, 1, 1.5, 2], "texture": "#2"},
				"east": {"uv": [0, 1, 0.8, 2], "texture": "#2"},
				"south": {"uv": [0, 1, 1.5, 2], "texture": "#2"},
				"west": {"uv": [0, 1, 0.8, 2], "texture": "#2"},
				"up": {"uv": [0, 0.8, 1.5, 1.6], "texture": "#2"},
				"down": {"uv": [0, 0.8, 1.5, 1.6], "texture": "#2"}
			}
		},
		{
			"from": [5.77381, 12.61216, 12],
			"to": [7.27381, 13.61216, 12.8],
			"rotation": {"angle": 22.5, "axis": "z", "origin": [7.75108, 12.67408, 12.425]},
			"faces": {
				"north": {"uv": [0, 0, 1.5, 1], "texture": "#2"},
				"east": {"uv": [0, 0, 0.8, 1], "texture": "#2"},
				"south": {"uv": [0, 0, 1.5, 1], "texture": "#2"},
				"west": {"uv": [0, 0, 0.8, 1], "texture": "#2"},
				"up": {"uv": [0, 0, 1.5, 0.8], "texture": "#2"},
				"down": {"uv": [0, 0, 1.5, 0.8], "texture": "#2"}
			}
		},
		{
			"from": [5.52436, 12.33822, 12],
			"to": [7.02436, 13.33822, 12.8],
			"rotation": {"angle": -22.5, "axis": "z", "origin": [7.75108, 12.67408, 12.425]},
			"faces": {
				"north": {"uv": [0, 1, 1.5, 2], "texture": "#2"},
				"east": {"uv": [0, 1, 0.8, 2], "texture": "#2"},
				"south": {"uv": [0, 1, 1.5, 2], "texture": "#2"},
				"west": {"uv": [0, 1, 0.8, 2], "texture": "#2"},
				"up": {"uv": [0, 0.8, 1.5, 1.6], "texture": "#2"},
				"down": {"uv": [0, 0.8, 1.5, 1.6], "texture": "#2"}
			}
		},
		{
			"from": [5.6, 12.5, 12],
			"to": [7.4, 13.5, 12.8],
			"rotation": {"angle": 0, "axis": "y", "origin": [7.75108, 12.67408, 12.425]},
			"faces": {
				"north": {"uv": [0, 0, 1.8, 1], "texture": "#2"},
				"east": {"uv": [0, 0, 0.8, 1], "texture": "#2"},
				"south": {"uv": [0, 0, 1.8, 1], "texture": "#2"},
				"west": {"uv": [0, 0, 0.8, 1], "texture": "#2"},
				"up": {"uv": [0, 0, 1.8, 0.8], "texture": "#2"},
				"down": {"uv": [0, 0, 1.8, 0.8], "texture": "#2"}
			}
		}
	],
	"display": {
		"thirdperson_righthand": {
			"rotation": [73, -148, 47],
			"translation": [-2.084, 0.6963, -2.086],
			"scale": [0.7, 0.7, 0.7]
		},
		"thirdperson_lefthand": {
			"rotation": [73, -148, 47],
			"translation": [-2.084, 0.6963, -2.086],
			"scale": [0.7, 0.7, 0.7]
		},
		"firstperson_righthand": {
			"rotation": [-7, -62, 5],
			"translation": [4.1739, -3.375, -5.564]
		},
		"firstperson_lefthand": {
			"rotation": [-7, -62, 5],
			"translation": [4.1739, -3.375, -5.564]
		},
		"gui": {
			"rotation": [21, -32, 2],
			"translation": [0.5006, -4.498, 0]
		},
		"head": {
			"rotation": [0, 180, 0],
			"translation": [0, 1.35, 0],
			"scale": [1.6, 1.6, 1.5]
		},
		"fixed": {
			"rotation": [-10, 164, 1],
			"translation": [0, -3.478, -4.869]
		}
	},
	"groups": [
		{
			"name": "Hat",
			"origin": [8, 8, 8],
			"children": [0, 1, 2, 3, 4, 5, 6, 7, 8, 9, 10, 11, 12, 13, 14, 15, 16, 17, 18, 19, 20, 21, 22, 23, 24, 25, 26, 27, 28, 29, 30, 31, 32, 33, 34, 35, 36, 37, 38, 39, 40, 41, 42, 43, 44, 45, 46, 47, 48, 49, 50, 51, 52, 53, 54, 55, 56, 57, 58, 59, 60, 61, 62, 63, 64, 65, 66, 67, 68, 69, 70, 71, 72]
		},
		{
			"name": "flower",
			"origin": [8, 8, 8],
			"children": [
				{
					"name": "group",
					"origin": [8, 8, 8],
					"children": [73, 74, 75, 76, 77]
				},
				{
					"name": "group",
					"origin": [8, 8, 8],
					"children": [78, 79, 80, 81, 82, 83, 84, 85, 86, 87, 88, 89, 90, 91, 92]
				}
			]
		}
	]
}