{
	"credit": "Credit: Ontvlambaar, Sammie_gaga",
	"textures": {
		"2": "block/blue_concrete",
		"particle": "block/birch_planks",
		"wood": "block/birch_planks"
	},
	"elements": [
		{
			"from": [3, 3.7, 16],
			"to": [13, 11.7, 16],
			"rotation": {"angle": 0, "axis": "y", "origin": [8, 8.7, 8]},
			"faces": {
				"north": {"uv": [3, 3, 13, 13], "texture": "#2"},
				"east": {"uv": [0, 0, 0, 0], "texture": "#2"},
				"south": {"uv": [3, 3, 13, 13], "texture": "#2"},
				"west": {"uv": [0, 0, 0, 0], "texture": "#2"},
				"up": {"uv": [0, 0, 0, 0], "texture": "#2"},
				"down": {"uv": [0, 0, 0, 0], "texture": "#2"}
			}
		},
		{
			"from": [12, 9.7, 16],
			"to": [16, 13.7, 16],
			"rotation": {"angle": 0, "axis": "y", "origin": [11, 11.7, 8]},
			"faces": {
				"north": {"uv": [3, 3, 13, 13], "texture": "#2"},
				"east": {"uv": [0, 0, 0, 0], "texture": "#2"},
				"south": {"uv": [3, 3, 13, 13], "texture": "#2"},
				"west": {"uv": [0, 0, 0, 0], "texture": "#2"},
				"up": {"uv": [0, 0, 0, 0], "texture": "#2"},
				"down": {"uv": [0, 0, 0, 0], "texture": "#2"}
			}
		},
		{
			"from": [0, 9.7, 16],
			"to": [4, 13.7, 16],
			"rotation": {"angle": 0, "axis": "y", "origin": [-1, 10.7, 8]},
			"faces": {
				"north": {"uv": [3, 3, 13, 13], "texture": "#2"},
				"east": {"uv": [0, 0, 0, 0], "texture": "#2"},
				"south": {"uv": [3, 3, 13, 13], "texture": "#2"},
				"west": {"uv": [0, 0, 0, 0], "texture": "#2"},
				"up": {"uv": [0, 0, 0, 0], "texture": "#2"},
				"down": {"uv": [0, 0, 0, 0], "texture": "#2"}
			}
		},
		{
			"from": [3, 2.7, 16],
			"to": [13, 3.7, 16],
			"rotation": {"angle": 0, "axis": "y", "origin": [8, 8.7, 8]},
			"faces": {
				"north": {"uv": [2, 13, 14, 14], "texture": "#wood"},
				"east": {"uv": [0, 13, 1, 14], "texture": "#wood"},
				"south": {"uv": [2, 13, 14, 14], "texture": "#wood"},
				"west": {"uv": [15, 13, 16, 14], "texture": "#wood"},
				"up": {"uv": [2, 15, 14, 16], "texture": "#wood"},
				"down": {"uv": [2, 0, 14, 1], "texture": "#wood"}
			}
		},
		{
			"from": [4, 11.7, 16],
			"to": [12, 12.7, 16],
			"rotation": {"angle": 0, "axis": "y", "origin": [10, 6.7, 8]},
			"faces": {
				"north": {"uv": [2, 2, 4, 9], "rotation": 90, "texture": "#wood"},
				"east": {"uv": [0, 2, 1, 3], "texture": "#wood"},
				"south": {"uv": [2, 2, 14, 3], "texture": "#wood"},
				"west": {"uv": [15, 2, 16, 3], "texture": "#wood"},
				"up": {"uv": [2, 15, 14, 16], "texture": "#wood"},
				"down": {"uv": [2, 0, 14, 1], "texture": "#wood"}
			}
		},
		{
			"from": [11, 12.7, 16],
			"to": [12, 13.7, 16],
			"rotation": {"angle": 0, "axis": "y", "origin": [9, 6.7, 8]},
			"faces": {
				"north": {"uv": [2, 2, 2, 5], "texture": "#wood"},
				"east": {"uv": [0, 2, 1, 3], "texture": "#wood"},
				"south": {"uv": [2, 2, 14, 3], "texture": "#wood"},
				"west": {"uv": [15, 2, 16, 3], "texture": "#wood"},
				"up": {"uv": [2, 15, 14, 16], "texture": "#wood"},
				"down": {"uv": [2, 0, 14, 1], "texture": "#wood"}
			}
		},
		{
			"from": [14, 8.7, 16],
			"to": [16, 9.7, 16],
			"rotation": {"angle": 0, "axis": "y", "origin": [12, 2.7, 8]},
			"faces": {
				"north": {"uv": [2, 2, 3, 5], "rotation": 90, "texture": "#wood"},
				"east": {"uv": [0, 2, 1, 3], "texture": "#wood"},
				"south": {"uv": [2, 2, 14, 3], "texture": "#wood"},
				"west": {"uv": [15, 2, 16, 3], "texture": "#wood"},
				"up": {"uv": [2, 15, 14, 16], "texture": "#wood"},
				"down": {"uv": [2, 0, 14, 1], "texture": "#wood"}
			}
		},
		{
			"from": [0, 8.7, 16],
			"to": [2, 9.7, 16],
			"rotation": {"angle": 0, "axis": "y", "origin": [-1, 2.7, 8]},
			"faces": {
				"north": {"uv": [2, 2, 3, 5], "rotation": 90, "texture": "#wood"},
				"east": {"uv": [0, 2, 1, 3], "texture": "#wood"},
				"south": {"uv": [2, 2, 14, 3], "texture": "#wood"},
				"west": {"uv": [15, 2, 16, 3], "texture": "#wood"},
				"up": {"uv": [2, 15, 14, 16], "texture": "#wood"},
				"down": {"uv": [2, 0, 14, 1], "texture": "#wood"}
			}
		},
		{
			"from": [4, 12.7, 16],
			"to": [5, 13.7, 16],
			"rotation": {"angle": 0, "axis": "y", "origin": [2, 6.7, 8]},
			"faces": {
				"north": {"uv": [2, 2, 2, 5], "texture": "#wood"},
				"east": {"uv": [0, 2, 1, 3], "texture": "#wood"},
				"south": {"uv": [2, 2, 14, 3], "texture": "#wood"},
				"west": {"uv": [15, 2, 16, 3], "texture": "#wood"},
				"up": {"uv": [2, 15, 14, 16], "texture": "#wood"},
				"down": {"uv": [2, 0, 14, 1], "texture": "#wood"}
			}
		},
		{
			"from": [4, 12.7, 16],
			"to": [5, 13.7, 16],
			"rotation": {"angle": 0, "axis": "y", "origin": [2, 6.7, 8]},
			"faces": {
				"north": {"uv": [2, 2, 2, 5], "texture": "#wood"},
				"east": {"uv": [0, 2, 1, 3], "texture": "#wood"},
				"south": {"uv": [2, 2, 14, 3], "texture": "#wood"},
				"west": {"uv": [15, 2, 16, 3], "texture": "#wood"},
				"up": {"uv": [2, 15, 14, 16], "texture": "#wood"},
				"down": {"uv": [2, 0, 14, 1], "texture": "#wood"}
			}
		},
		{
			"from": [-1, 9.7, 16],
			"to": [0, 13.7, 16],
			"rotation": {"angle": 0, "axis": "y", "origin": [-3, 7.7, 8]},
			"faces": {
				"north": {"uv": [1, 2, 3, 9], "texture": "#wood"},
				"east": {"uv": [0, 2, 1, 3], "texture": "#wood"},
				"south": {"uv": [2, 2, 14, 3], "texture": "#wood"},
				"west": {"uv": [15, 2, 16, 3], "texture": "#wood"},
				"up": {"uv": [2, 15, 14, 16], "texture": "#wood"},
				"down": {"uv": [2, 0, 14, 1], "texture": "#wood"}
			}
		},
		{
			"from": [16, 9.7, 16],
			"to": [17, 13.7, 16],
			"rotation": {"angle": 0, "axis": "y", "origin": [14, 7.7, 8]},
			"faces": {
				"north": {"uv": [2, 2, 3, 9], "texture": "#wood"},
				"east": {"uv": [0, 2, 1, 3], "texture": "#wood"},
				"south": {"uv": [2, 2, 14, 3], "texture": "#wood"},
				"west": {"uv": [15, 2, 16, 3], "texture": "#wood"},
				"up": {"uv": [2, 15, 14, 16], "texture": "#wood"},
				"down": {"uv": [2, 0, 14, 1], "texture": "#wood"}
			}
		},
		{
			"from": [12, 13.7, 16],
			"to": [16, 14.7, 16],
			"rotation": {"angle": 0, "axis": "y", "origin": [11, 8.7, 8]},
			"faces": {
				"north": {"uv": [2, 2, 3, 8], "rotation": 90, "texture": "#wood"},
				"east": {"uv": [0, 2, 1, 3], "texture": "#wood"},
				"south": {"uv": [2, 2, 14, 3], "texture": "#wood"},
				"west": {"uv": [15, 2, 16, 3], "texture": "#wood"},
				"up": {"uv": [2, 15, 14, 16], "texture": "#wood"},
				"down": {"uv": [2, 0, 14, 1], "texture": "#wood"}
			}
		},
		{
			"from": [0, 13.7, 16],
			"to": [4, 14.7, 16],
			"rotation": {"angle": 0, "axis": "y", "origin": [-1, 8.7, 8]},
			"faces": {
				"north": {"uv": [2, 2, 3, 8], "rotation": 90, "texture": "#wood"},
				"east": {"uv": [0, 2, 1, 3], "texture": "#wood"},
				"south": {"uv": [2, 2, 14, 3], "texture": "#wood"},
				"west": {"uv": [15, 2, 16, 3], "texture": "#wood"},
				"up": {"uv": [2, 15, 14, 16], "texture": "#wood"},
				"down": {"uv": [2, 0, 14, 1], "texture": "#wood"}
			}
		},
		{
			"from": [2, 3.7, 16],
			"to": [3, 9.7, 16],
			"rotation": {"angle": 0, "axis": "y", "origin": [8, 4.7, 8]},
			"faces": {
				"north": {"uv": [13, 3, 14, 13], "texture": "#wood"},
				"east": {"uv": [0, 3, 1, 13], "texture": "#wood"},
				"south": {"uv": [2, 3, 3, 13], "texture": "#wood"},
				"west": {"uv": [15, 3, 16, 13], "texture": "#wood"}
			}
		},
		{
			"from": [13, 3.7, 16],
			"to": [14, 9.7, 16],
			"rotation": {"angle": 0, "axis": "y", "origin": [8, 4.7, 8]},
			"faces": {
				"north": {"uv": [2, 3, 3, 13], "texture": "#wood"},
				"east": {"uv": [0, 3, 1, 13], "texture": "#wood"},
				"south": {"uv": [13, 3, 14, 13], "texture": "#wood"},
				"west": {"uv": [15, 3, 16, 13], "texture": "#wood"}
			}
		}
	],
	"display": {
		"fixed": {
			"translation": [0, 0, -8]
		}
	}
}