{
	"credit": "Made with Blockbench",
	"textures": {
		"1": "block/light_blue_concrete",
		"2": "block/brown_concrete",
		"3": "block/black_concrete",
		"4": "block/white_concrete",
		"particle": "block/light_blue_concrete",
		"shulker_gray": "block/yellow_concrete"
	},
	"elements": [
		{
			"name": "shulker_gray25",
			"from": [12, 10, 12.5],
			"to": [12.5, 10.5, 15.5],
			"faces": {
				"north": {"uv": [3.5, 5.5, 4, 6], "texture": "#shulker_gray"},
				"east": {"uv": [0.50002, 5.5, 3.50002, 6], "texture": "#shulker_gray"},
				"south": {"uv": [12, 5.5, 12.5, 6], "texture": "#shulker_gray"},
				"west": {"uv": [12.49998, 5.5, 15.49998, 6], "texture": "#shulker_gray"},
				"up": {"uv": [12, 12.49998, 12.5, 15.49998], "texture": "#shulker_gray"},
				"down": {"uv": [12, 0.50002, 12.5, 3.50002], "texture": "#shulker_gray"}
			}
		},
		{
			"name": "shulker_gray25",
			"from": [11, 10.5, 13],
			"to": [11.5, 11, 15],
			"faces": {
				"north": {"uv": [4.5, 5, 5, 5.5], "texture": "#shulker_gray"},
				"east": {"uv": [1.00002, 5, 3.00002, 5.5], "texture": "#shulker_gray"},
				"south": {"uv": [11, 5, 11.5, 5.5], "texture": "#shulker_gray"},
				"west": {"uv": [12.99998, 5, 14.99998, 5.5], "texture": "#shulker_gray"},
				"up": {"uv": [11, 12.99998, 11.5, 14.99998], "texture": "#shulker_gray"},
				"down": {"uv": [11, 1.00002, 11.5, 3.00002], "texture": "#shulker_gray"}
			}
		},
		{
			"name": "wool_red4",
			"from": [12, 10, 12],
			"to": [12.5, 10.5, 12.5],
			"faces": {
				"north": {"uv": [3.5, 5.5, 4, 6], "texture": "#shulker_gray"},
				"east": {"uv": [3.5, 5.5, 12, 6], "texture": "#shulker_gray"},
				"south": {"uv": [12, 5.5, 12.5, 6], "texture": "#shulker_gray"},
				"west": {"uv": [4, 5.5, 12.5, 6], "texture": "#shulker_gray"},
				"up": {"uv": [12, 4, 12.5, 12.5], "texture": "#shulker_gray"},
				"down": {"uv": [12, 3.5, 12.5, 12], "texture": "#shulker_gray"}
			}
		},
		{
			"name": "shulker_gray25",
			"from": [11.5, 10, 13],
			"to": [12, 10.5, 17],
			"faces": {
				"north": {"uv": [4, 5.5, 4.5, 6], "texture": "#shulker_gray"},
				"east": {"uv": [0, 5.5, 3.00003, 6], "texture": "#shulker_gray"},
				"south": {"uv": [11.5, 5.5, 12, 6], "texture": "#shulker_gray"},
				"west": {"uv": [12.99997, 5.5, 16, 6], "texture": "#shulker_gray"},
				"up": {"uv": [11.5, 12.99997, 12, 16], "texture": "#shulker_gray"},
				"down": {"uv": [11.5, 0, 12, 3.00003], "texture": "#shulker_gray"}
			}
		},
		{
			"name": "shulker_gray25",
			"from": [10.5, 10, 12.5],
			"to": [11.5, 10.5, 17.5],
			"faces": {
				"north": {"uv": [4.5, 5.5, 5.5, 6], "texture": "#shulker_gray"},
				"east": {"uv": [0, 5.5, 3.50004, 6], "texture": "#shulker_gray"},
				"south": {"uv": [10.5, 5.5, 11.5, 6], "texture": "#shulker_gray"},
				"west": {"uv": [12.49996, 5.5, 16, 6], "texture": "#shulker_gray"},
				"up": {"uv": [10.5, 12.49996, 11.5, 16], "texture": "#shulker_gray"},
				"down": {"uv": [10.5, 0, 11.5, 3.50004], "texture": "#shulker_gray"}
			}
		},
		{
			"name": "shulker_gray25",
			"from": [9, 10.5, 13.5],
			"to": [10.5, 11, 18],
			"faces": {
				"north": {"uv": [5.5, 5, 7, 5.5], "texture": "#shulker_gray"},
				"east": {"uv": [0, 5, 2.50003, 5.5], "texture": "#shulker_gray"},
				"south": {"uv": [9, 5, 10.5, 5.5], "texture": "#shulker_gray"},
				"west": {"uv": [13.49997, 5, 16, 5.5], "texture": "#shulker_gray"},
				"up": {"uv": [9, 13.49997, 10.5, 16], "texture": "#shulker_gray"},
				"down": {"uv": [9, 0, 10.5, 2.50003], "texture": "#shulker_gray"}
			}
		},
		{
			"name": "shulker_gray25",
			"from": [10.5, 10.5, 13],
			"to": [11, 11, 16.5],
			"faces": {
				"north": {"uv": [5, 5, 5.5, 5.5], "texture": "#shulker_gray"},
				"east": {"uv": [0, 5, 3.00003, 5.5], "texture": "#shulker_gray"},
				"south": {"uv": [10.5, 5, 11, 5.5], "texture": "#shulker_gray"},
				"west": {"uv": [12.99997, 5, 16, 5.5], "texture": "#shulker_gray"},
				"up": {"uv": [10.5, 12.99997, 11, 16], "texture": "#shulker_gray"},
				"down": {"uv": [10.5, 0, 11, 3.00003], "texture": "#shulker_gray"}
			}
		},
		{
			"name": "wool_red5",
			"from": [10.5, 10.5, 12.5],
			"to": [11.5, 11, 13],
			"faces": {
				"north": {"uv": [4.5, 5, 5.5, 5.5], "texture": "#shulker_gray"},
				"east": {"uv": [3, 5, 3.5, 5.5], "texture": "#shulker_gray"},
				"south": {"uv": [10.5, 5, 11.5, 5.5], "texture": "#shulker_gray"},
				"west": {"uv": [12.5, 5, 13, 5.5], "texture": "#shulker_gray"},
				"up": {"uv": [10.5, 12.5, 11.5, 13], "texture": "#shulker_gray"},
				"down": {"uv": [10.5, 3, 11.5, 3.5], "texture": "#shulker_gray"}
			}
		},
		{
			"name": "wool_red5",
			"from": [11.5, 10, 12.5],
			"to": [12, 10.5, 13],
			"faces": {
				"north": {"uv": [4, 5.5, 4.5, 6], "texture": "#shulker_gray"},
				"east": {"uv": [3, 5.5, 3.5, 6], "texture": "#shulker_gray"},
				"south": {"uv": [11.5, 5.5, 12, 6], "texture": "#shulker_gray"},
				"west": {"uv": [12.5, 5.5, 13, 6], "texture": "#shulker_gray"},
				"up": {"uv": [11.5, 12.5, 12, 13], "texture": "#shulker_gray"},
				"down": {"uv": [11.5, 3, 12, 3.5], "texture": "#shulker_gray"}
			}
		},
		{
			"name": "shulker_gray25",
			"from": [9.5, 11, 13],
			"to": [10, 11.5, 16.5],
			"faces": {
				"north": {"uv": [6, 4.5, 6.5, 5], "texture": "#shulker_gray"},
				"east": {"uv": [0, 4.5, 3.00003, 5], "texture": "#shulker_gray"},
				"south": {"uv": [9.5, 4.5, 10, 5], "texture": "#shulker_gray"},
				"west": {"uv": [12.99997, 4.5, 16, 5], "texture": "#shulker_gray"},
				"up": {"uv": [9.5, 12.99997, 10, 16], "texture": "#shulker_gray"},
				"down": {"uv": [9.5, 0, 10, 3.00003], "texture": "#shulker_gray"}
			}
		},
		{
			"name": "shulker_gray25",
			"from": [10, 11, 13],
			"to": [10.5, 11.5, 15],
			"faces": {
				"north": {"uv": [5.5, 4.5, 6, 5], "texture": "#shulker_gray"},
				"east": {"uv": [1.00002, 4.5, 3.00002, 5], "texture": "#shulker_gray"},
				"south": {"uv": [10, 4.5, 10.5, 5], "texture": "#shulker_gray"},
				"west": {"uv": [12.99998, 4.5, 14.99998, 5], "texture": "#shulker_gray"},
				"up": {"uv": [10, 12.99998, 10.5, 14.99998], "texture": "#shulker_gray"},
				"down": {"uv": [10, 1.00002, 10.5, 3.00002], "texture": "#shulker_gray"}
			}
		},
		{
			"name": "shulker_gray25",
			"from": [6.5, 11, 13],
			"to": [9.5, 11.5, 18],
			"faces": {
				"north": {"uv": [6.5, 4.5, 9.5, 5], "texture": "#shulker_gray"},
				"east": {"uv": [0, 4.5, 3.00004, 5], "texture": "#shulker_gray"},
				"south": {"uv": [6.5, 4.5, 9.5, 5], "texture": "#shulker_gray"},
				"west": {"uv": [12.99996, 4.5, 16, 5], "texture": "#shulker_gray"},
				"up": {"uv": [6.5, 12.99996, 9.5, 16], "texture": "#shulker_gray"},
				"down": {"uv": [6.5, 0, 9.5, 3.00004], "texture": "#shulker_gray"}
			}
		},
		{
			"name": "shulker_gray25",
			"from": [6, 11, 13],
			"to": [6.5, 11.5, 16.5],
			"faces": {
				"north": {"uv": [9.5, 4.5, 10, 5], "texture": "#shulker_gray"},
				"east": {"uv": [0, 4.5, 3.00003, 5], "texture": "#shulker_gray"},
				"south": {"uv": [6, 4.5, 6.5, 5], "texture": "#shulker_gray"},
				"west": {"uv": [12.99997, 4.5, 16, 5], "texture": "#shulker_gray"},
				"up": {"uv": [6, 12.99997, 6.5, 16], "texture": "#shulker_gray"},
				"down": {"uv": [6, 0, 6.5, 3.00003], "texture": "#shulker_gray"}
			}
		},
		{
			"name": "shulker_gray25",
			"from": [4.5, 10.5, 13],
			"to": [5, 11, 15],
			"faces": {
				"north": {"uv": [11, 5, 11.5, 5.5], "texture": "#shulker_gray"},
				"east": {"uv": [1.00002, 5, 3.00002, 5.5], "texture": "#shulker_gray"},
				"south": {"uv": [4.5, 5, 5, 5.5], "texture": "#shulker_gray"},
				"west": {"uv": [12.99998, 5, 14.99998, 5.5], "texture": "#shulker_gray"},
				"up": {"uv": [4.5, 12.99998, 5, 14.99998], "texture": "#shulker_gray"},
				"down": {"uv": [4.5, 1.00002, 5, 3.00002], "texture": "#shulker_gray"}
			}
		},
		{
			"name": "shulker_gray25",
			"from": [5.5, 11, 13],
			"to": [6, 11.5, 15],
			"faces": {
				"north": {"uv": [10, 4.5, 10.5, 5], "texture": "#shulker_gray"},
				"east": {"uv": [1.00002, 4.5, 3.00002, 5], "texture": "#shulker_gray"},
				"south": {"uv": [5.5, 4.5, 6, 5], "texture": "#shulker_gray"},
				"west": {"uv": [12.99998, 4.5, 14.99998, 5], "texture": "#shulker_gray"},
				"up": {"uv": [5.5, 12.99998, 6, 14.99998], "texture": "#shulker_gray"},
				"down": {"uv": [5.5, 1.00002, 6, 3.00002], "texture": "#shulker_gray"}
			}
		},
		{
			"name": "shulker_gray25",
			"from": [4, 10, 13],
			"to": [4.5, 10.5, 17],
			"faces": {
				"north": {"uv": [11.5, 5.5, 12, 6], "texture": "#shulker_gray"},
				"east": {"uv": [0, 5.5, 3.00003, 6], "texture": "#shulker_gray"},
				"south": {"uv": [4, 5.5, 4.5, 6], "texture": "#shulker_gray"},
				"west": {"uv": [12.99997, 5.5, 16, 6], "texture": "#shulker_gray"},
				"up": {"uv": [4, 12.99997, 4.5, 16], "texture": "#shulker_gray"},
				"down": {"uv": [4, 0, 4.5, 3.00003], "texture": "#shulker_gray"}
			}
		},
		{
			"name": "shulker_gray25",
			"from": [3.5, 10, 12.5],
			"to": [4, 10.5, 15.5],
			"faces": {
				"north": {"uv": [12, 5.5, 12.5, 6], "texture": "#shulker_gray"},
				"east": {"uv": [0.50002, 5.5, 3.50002, 6], "texture": "#shulker_gray"},
				"south": {"uv": [3.5, 5.5, 4, 6], "texture": "#shulker_gray"},
				"west": {"uv": [12.49998, 5.5, 15.49998, 6], "texture": "#shulker_gray"},
				"up": {"uv": [3.5, 12.49998, 4, 15.49998], "texture": "#shulker_gray"},
				"down": {"uv": [3.5, 0.50002, 4, 3.50002], "texture": "#shulker_gray"}
			}
		},
		{
			"name": "wool_red5",
			"from": [4, 10, 12.5],
			"to": [4.5, 10.5, 13],
			"faces": {
				"north": {"uv": [11.5, 5.5, 12, 6], "texture": "#shulker_gray"},
				"east": {"uv": [3, 5.5, 3.5, 6], "texture": "#shulker_gray"},
				"south": {"uv": [4, 5.5, 4.5, 6], "texture": "#shulker_gray"},
				"west": {"uv": [12.5, 5.5, 13, 6], "texture": "#shulker_gray"},
				"up": {"uv": [4, 12.5, 4.5, 13], "texture": "#shulker_gray"},
				"down": {"uv": [4, 3, 4.5, 3.5], "texture": "#shulker_gray"}
			}
		},
		{
			"name": "wool_red4",
			"from": [3.5, 10, 12],
			"to": [4, 10.5, 12.5],
			"faces": {
				"north": {"uv": [12, 5.5, 12.5, 6], "texture": "#shulker_gray"},
				"east": {"uv": [3.5, 5.5, 12, 6], "texture": "#shulker_gray"},
				"south": {"uv": [3.5, 5.5, 4, 6], "texture": "#shulker_gray"},
				"west": {"uv": [4, 5.5, 12.5, 6], "texture": "#shulker_gray"},
				"up": {"uv": [3.5, 4, 4, 12.5], "texture": "#shulker_gray"},
				"down": {"uv": [3.5, 3.5, 4, 12], "texture": "#shulker_gray"}
			}
		},
		{
			"name": "wool_red5",
			"from": [4.5, 10.5, 12.5],
			"to": [5.5, 11, 13],
			"faces": {
				"north": {"uv": [10.5, 5, 11.5, 5.5], "texture": "#shulker_gray"},
				"east": {"uv": [3, 5, 3.5, 5.5], "texture": "#shulker_gray"},
				"south": {"uv": [4.5, 5, 5.5, 5.5], "texture": "#shulker_gray"},
				"west": {"uv": [12.5, 5, 13, 5.5], "texture": "#shulker_gray"},
				"up": {"uv": [4.5, 12.5, 5.5, 13], "texture": "#shulker_gray"},
				"down": {"uv": [4.5, 3, 5.5, 3.5], "texture": "#shulker_gray"}
			}
		},
		{
			"name": "shulker_gray25",
			"from": [5, 10.5, 13],
			"to": [5.5, 11, 16.5],
			"faces": {
				"north": {"uv": [10.5, 5, 11, 5.5], "texture": "#shulker_gray"},
				"east": {"uv": [0, 5, 3.00003, 5.5], "texture": "#shulker_gray"},
				"south": {"uv": [5, 5, 5.5, 5.5], "texture": "#shulker_gray"},
				"west": {"uv": [12.99997, 5, 16, 5.5], "texture": "#shulker_gray"},
				"up": {"uv": [5, 12.99997, 5.5, 16], "texture": "#shulker_gray"},
				"down": {"uv": [5, 0, 5.5, 3.00003], "texture": "#shulker_gray"}
			}
		},
		{
			"name": "shulker_gray25",
			"from": [5.5, 10.5, 13.5],
			"to": [7, 11, 18],
			"faces": {
				"north": {"uv": [9, 5, 10.5, 5.5], "texture": "#shulker_gray"},
				"east": {"uv": [0, 5, 2.50003, 5.5], "texture": "#shulker_gray"},
				"south": {"uv": [5.5, 5, 7, 5.5], "texture": "#shulker_gray"},
				"west": {"uv": [13.49997, 5, 16, 5.5], "texture": "#shulker_gray"},
				"up": {"uv": [5.5, 13.49997, 7, 16], "texture": "#shulker_gray"},
				"down": {"uv": [5.5, 0, 7, 2.50003], "texture": "#shulker_gray"}
			}
		},
		{
			"name": "shulker_gray25",
			"from": [4.5, 10, 12.5],
			"to": [5.5, 10.5, 17.5],
			"faces": {
				"north": {"uv": [10.5, 5.5, 11.5, 6], "texture": "#shulker_gray"},
				"east": {"uv": [0, 5.5, 3.50004, 6], "texture": "#shulker_gray"},
				"south": {"uv": [4.5, 5.5, 5.5, 6], "texture": "#shulker_gray"},
				"west": {"uv": [12.49996, 5.5, 16, 6], "texture": "#shulker_gray"},
				"up": {"uv": [4.5, 12.49996, 5.5, 16], "texture": "#shulker_gray"},
				"down": {"uv": [4.5, 0, 5.5, 3.50004], "texture": "#shulker_gray"}
			}
		},
		{
			"name": "shulker_gray25",
			"from": [4, 13.5, 7],
			"to": [4.5, 14, 7.5],
			"faces": {
				"north": {"uv": [1, 2, 1.5, 2.5], "texture": "#1"},
				"east": {"uv": [8.5, 2, 9, 2.5], "texture": "#1"},
				"south": {"uv": [14.5, 2, 15, 2.5], "texture": "#1"},
				"west": {"uv": [7, 2, 7.5, 2.5], "texture": "#1"},
				"up": {"uv": [14.5, 7, 15, 7.5], "texture": "#1"},
				"down": {"uv": [14.5, 8.5, 15, 9], "texture": "#1"}
			}
		},
		{
			"name": "shulker_gray25",
			"from": [11.5, 13.5, 7],
			"to": [12, 14, 7.5],
			"faces": {
				"north": {"uv": [3.5, 2, 4, 2.5], "texture": "#1"},
				"east": {"uv": [8.5, 2, 9, 2.5], "texture": "#1"},
				"south": {"uv": [12, 2, 12.5, 2.5], "texture": "#1"},
				"west": {"uv": [7, 2, 7.5, 2.5], "texture": "#1"},
				"up": {"uv": [12, 7, 12.5, 7.5], "texture": "#1"},
				"down": {"uv": [12, 8.5, 12.5, 9], "texture": "#1"}
			}
		},
		{
			"name": "shulker_gray25",
			"from": [5.5, 11.5, 12.5],
			"to": [10.5, 12.5, 13],
			"faces": {
				"north": {"uv": [5.5, 3.5, 10.5, 4.5], "texture": "#1"},
				"east": {"uv": [3, 3.5, 3.5, 4.5], "texture": "#1"},
				"south": {"uv": [5.5, 3.5, 10.5, 4.5], "texture": "#1"},
				"west": {"uv": [12.5, 3.5, 13, 4.5], "texture": "#1"},
				"up": {"uv": [5.5, 12.5, 10.5, 13], "texture": "#1"},
				"down": {"uv": [5.5, 3, 10.5, 3.5], "texture": "#1"}
			}
		},
		{
			"name": "shulker_gray26",
			"from": [7.2, 11.5, 12.6],
			"to": [8.6, 12.1, 13.4],
			"faces": {
				"north": {"uv": [5.5, 3.5, 10.5, 4.5], "texture": "#shulker_gray"},
				"east": {"uv": [3, 3.5, 3.5, 4.5], "texture": "#shulker_gray"},
				"south": {"uv": [5.5, 3.5, 10.5, 4.5], "texture": "#shulker_gray"},
				"west": {"uv": [12.5, 3.5, 13, 4.5], "texture": "#shulker_gray"},
				"up": {"uv": [5.5, 12.5, 10.5, 13], "texture": "#shulker_gray"},
				"down": {"uv": [5.5, 3, 10.5, 3.5], "texture": "#shulker_gray"}
			}
		},
		{
			"name": "shulker_gray27",
			"from": [7, 11.5, 12.6],
			"to": [8.8, 11.7, 13.4],
			"faces": {
				"north": {"uv": [5.5, 3.5, 10.5, 4.5], "texture": "#shulker_gray"},
				"east": {"uv": [3, 3.5, 3.5, 4.5], "texture": "#shulker_gray"},
				"south": {"uv": [5.5, 3.5, 10.5, 4.5], "texture": "#shulker_gray"},
				"west": {"uv": [12.5, 3.5, 13, 4.5], "texture": "#shulker_gray"},
				"up": {"uv": [5.5, 12.5, 10.5, 13], "texture": "#shulker_gray"},
				"down": {"uv": [5.5, 3, 10.5, 3.5], "texture": "#shulker_gray"}
			}
		},
		{
			"name": "shulker_gray27",
			"from": [7.4, 12.1, 12.6],
			"to": [8.4, 12.3, 13.35],
			"rotation": {"angle": 0, "axis": "y", "origin": [8, 8.2, 8]},
			"faces": {
				"north": {"uv": [5.5, 3.5, 10.5, 4.5], "texture": "#shulker_gray"},
				"east": {"uv": [3, 3.5, 3.5, 4.5], "texture": "#shulker_gray"},
				"south": {"uv": [5.5, 3.5, 10.5, 4.5], "texture": "#shulker_gray"},
				"west": {"uv": [12.5, 3.5, 13, 4.5], "texture": "#shulker_gray"},
				"up": {"uv": [5.5, 12.5, 10.5, 13], "texture": "#shulker_gray"},
				"down": {"uv": [5.5, 3, 10.5, 3.5], "texture": "#shulker_gray"}
			}
		},
		{
			"name": "shulker_gray",
			"from": [10.5, 10.5, 3.5],
			"to": [12, 12.5, 4],
			"faces": {
				"north": {"uv": [4.00001, 3.5, 5.50001, 5.5], "texture": "#1"},
				"east": {"uv": [12, 3.5, 12.5, 5.5], "texture": "#1"},
				"south": {"uv": [10.49999, 3.5, 11.99999, 5.5], "texture": "#1"},
				"west": {"uv": [3.5, 3.5, 4, 5.5], "texture": "#1"},
				"up": {"uv": [10.49999, 3.5, 11.99999, 4], "texture": "#1"},
				"down": {"uv": [10.49999, 12, 11.99999, 12.5], "texture": "#1"}
			}
		},
		{
			"name": "shulker_gray1",
			"from": [3.5, 10.5, 4],
			"to": [4, 12.5, 5.5],
			"faces": {
				"north": {"uv": [12, 3.5, 12.5, 5.5], "texture": "#1"},
				"east": {"uv": [10.49999, 3.5, 11.99999, 5.5], "texture": "#1"},
				"south": {"uv": [3.5, 3.5, 4, 5.5], "texture": "#1"},
				"west": {"uv": [4.00001, 3.5, 5.50001, 5.5], "texture": "#1"},
				"up": {"uv": [3.5, 4.00001, 4, 5.50001], "texture": "#1"},
				"down": {"uv": [3.5, 10.49999, 4, 11.99999], "texture": "#1"}
			}
		},
		{
			"name": "shulker_gray2",
			"from": [12, 10.5, 4],
			"to": [12.5, 12.5, 5.5],
			"faces": {
				"north": {"uv": [3.5, 3.5, 4, 5.5], "texture": "#1"},
				"east": {"uv": [10.5, 3.5, 12, 5.5], "texture": "#1"},
				"south": {"uv": [12, 3.5, 12.5, 5.5], "texture": "#1"},
				"west": {"uv": [4, 3.5, 5.5, 5.5], "texture": "#1"},
				"up": {"uv": [12, 4, 12.5, 5.5], "texture": "#1"},
				"down": {"uv": [12, 10.5, 12.5, 12], "texture": "#1"}
			}
		},
		{
			"name": "shulker_gray3",
			"from": [4, 10.5, 12],
			"to": [5.5, 12.5, 12.5],
			"faces": {
				"north": {"uv": [10.49999, 3.5, 11.99999, 5.5], "texture": "#1"},
				"east": {"uv": [3.5, 3.5, 4, 5.5], "texture": "#1"},
				"south": {"uv": [4.00001, 3.5, 5.50001, 5.5], "texture": "#1"},
				"west": {"uv": [12, 3.5, 12.5, 5.5], "texture": "#1"},
				"up": {"uv": [4.00001, 12, 5.50001, 12.5], "texture": "#1"},
				"down": {"uv": [4.00001, 3.5, 5.50001, 4], "texture": "#1"}
			}
		},
		{
			"name": "shulker_gray4",
			"from": [4, 10.5, 3.5],
			"to": [5.5, 12.5, 4],
			"faces": {
				"north": {"uv": [10.5, 3.5, 12, 5.5], "texture": "#1"},
				"east": {"uv": [12, 3.5, 12.5, 5.5], "texture": "#1"},
				"south": {"uv": [4, 3.5, 5.5, 5.5], "texture": "#1"},
				"west": {"uv": [3.50001, 3.5, 4.00001, 5.5], "texture": "#1"},
				"up": {"uv": [4, 3.50001, 5.5, 4.00001], "texture": "#1"},
				"down": {"uv": [4, 12, 5.5, 12.5], "texture": "#1"}
			}
		},
		{
			"name": "shulker_gray5",
			"from": [12, 10.5, 10.5],
			"to": [12.5, 12.5, 12],
			"faces": {
				"north": {"uv": [3.5, 3.5, 4, 5.5], "texture": "#1"},
				"east": {"uv": [4.00001, 3.5, 5.50001, 5.5], "texture": "#1"},
				"south": {"uv": [12, 3.5, 12.5, 5.5], "texture": "#1"},
				"west": {"uv": [10.49999, 3.5, 11.99999, 5.5], "texture": "#1"},
				"up": {"uv": [12, 10.49999, 12.5, 11.99999], "texture": "#1"},
				"down": {"uv": [12, 4.00001, 12.5, 5.50001], "texture": "#1"}
			}
		},
		{
			"name": "shulker_gray6",
			"from": [3, 10.5, 5.5],
			"to": [3.5, 12.5, 10.5],
			"faces": {
				"north": {"uv": [12.5, 3.5, 13, 5.5], "texture": "#1"},
				"east": {"uv": [5.5, 3.5, 10.5, 5.5], "texture": "#1"},
				"south": {"uv": [3, 3.5, 3.5, 5.5], "texture": "#1"},
				"west": {"uv": [5.5, 3.5, 10.5, 5.5], "texture": "#1"},
				"up": {"uv": [3, 5.5, 3.5, 10.5], "texture": "#1"},
				"down": {"uv": [3, 5.5, 3.5, 10.5], "texture": "#1"}
			}
		},
		{
			"name": "shulker_gray7",
			"from": [12.5, 10.5, 5.5],
			"to": [13, 12.5, 10.5],
			"faces": {
				"north": {"uv": [3, 3.5, 3.5, 5.5], "texture": "#1"},
				"east": {"uv": [5.5, 3.5, 10.5, 5.5], "texture": "#1"},
				"south": {"uv": [12.5, 3.5, 13, 5.5], "texture": "#1"},
				"west": {"uv": [5.5, 3.5, 10.5, 5.5], "texture": "#1"},
				"up": {"uv": [12.5, 5.5, 13, 10.5], "texture": "#1"},
				"down": {"uv": [12.5, 5.5, 13, 10.5], "texture": "#1"}
			}
		},
		{
			"name": "shulker_gray8",
			"from": [10, 10.5, 3],
			"to": [10.5, 11, 3.5],
			"faces": {
				"north": {"uv": [5.5, 5, 6, 5.5], "texture": "#1"},
				"east": {"uv": [12.5, 5, 13, 5.5], "texture": "#1"},
				"south": {"uv": [10, 5, 10.5, 5.5], "texture": "#1"},
				"west": {"uv": [3, 5, 3.5, 5.5], "texture": "#1"},
				"up": {"uv": [10, 3, 10.5, 3.5], "texture": "#1"},
				"down": {"uv": [10, 12.5, 10.5, 13], "texture": "#1"}
			}
		},
		{
			"name": "shulker_gray9",
			"from": [3.5, 10.5, 10.5],
			"to": [4, 12.5, 12],
			"faces": {
				"north": {"uv": [12, 3.5, 12.5, 5.5], "texture": "#1"},
				"east": {"uv": [4, 3.5, 5.5, 5.5], "texture": "#1"},
				"south": {"uv": [3.5, 3.5, 4, 5.5], "texture": "#1"},
				"west": {"uv": [10.5, 3.5, 12, 5.5], "texture": "#1"},
				"up": {"uv": [3.5, 10.5, 4, 12], "texture": "#1"},
				"down": {"uv": [3.5, 4, 4, 5.5], "texture": "#1"}
			}
		},
		{
			"name": "shulker_gray10",
			"from": [11.5, 12.5, 11.5],
			"to": [12, 13.5, 12],
			"faces": {
				"north": {"uv": [4, 2.5, 4.5, 3.5], "texture": "#1"},
				"east": {"uv": [4, 2.5, 4.5, 3.5], "texture": "#1"},
				"south": {"uv": [11.5, 2.5, 12, 3.5], "texture": "#1"},
				"west": {"uv": [11.5, 2.5, 12, 3.5], "texture": "#1"},
				"up": {"uv": [11.5, 11.5, 12, 12], "texture": "#1"},
				"down": {"uv": [11.5, 4, 12, 4.5], "texture": "#1"}
			}
		},
		{
			"name": "shulker_gray11",
			"from": [10.5, 10.5, 12],
			"to": [12, 12.5, 12.5],
			"faces": {
				"north": {"uv": [4, 3.5, 5.5, 5.5], "texture": "#1"},
				"east": {"uv": [3.5, 3.5, 4, 5.5], "texture": "#1"},
				"south": {"uv": [10.5, 3.5, 12, 5.5], "texture": "#1"},
				"west": {"uv": [12, 3.5, 12.5, 5.5], "texture": "#1"},
				"up": {"uv": [10.5, 12, 12, 12.5], "texture": "#1"},
				"down": {"uv": [10.5, 3.5, 12, 4], "texture": "#1"}
			}
		},
		{
			"name": "wool_red",
			"from": [6, 10, 3],
			"to": [10, 10.5, 3.5],
			"faces": {
				"north": {"uv": [6, 5.5, 10, 6], "texture": "#1"},
				"east": {"uv": [12.5, 5.5, 13, 6], "texture": "#1"},
				"south": {"uv": [6, 5.5, 10, 6], "texture": "#1"},
				"west": {"uv": [3, 5.5, 3.5, 6], "texture": "#1"},
				"up": {"uv": [6, 3, 10, 3.5], "texture": "#1"},
				"down": {"uv": [6, 12.5, 10, 13], "texture": "#1"}
			}
		},
		{
			"name": "wool_red1",
			"from": [4, 10, 3.5],
			"to": [12, 10.5, 4],
			"faces": {
				"north": {"uv": [4, 5.5, 12, 6], "texture": "#1"},
				"east": {"uv": [12, 5.5, 12.5, 6], "texture": "#1"},
				"south": {"uv": [4, 5.5, 12, 6], "texture": "#1"},
				"west": {"uv": [3.5, 5.5, 4, 6], "texture": "#1"},
				"up": {"uv": [4, 3.5, 12, 4], "texture": "#1"},
				"down": {"uv": [4, 12, 12, 12.5], "texture": "#1"}
			}
		},
		{
			"name": "wool_red2",
			"from": [12.5, 10, 6],
			"to": [13, 10.5, 10],
			"faces": {
				"north": {"uv": [3, 5.5, 3.5, 6], "texture": "#1"},
				"east": {"uv": [6, 5.5, 10, 6], "texture": "#1"},
				"south": {"uv": [12.5, 5.5, 13, 6], "texture": "#1"},
				"west": {"uv": [6, 5.5, 10, 6], "texture": "#1"},
				"up": {"uv": [12.5, 6, 13, 10], "texture": "#1"},
				"down": {"uv": [12.5, 6, 13, 10], "texture": "#1"}
			}
		},
		{
			"name": "wool_red3",
			"from": [12, 10, 4],
			"to": [12.5, 10.5, 12],
			"faces": {
				"north": {"uv": [3.5, 5.5, 4, 6], "texture": "#1"},
				"east": {"uv": [3.5, 5.5, 12, 6], "texture": "#1"},
				"south": {"uv": [12, 5.5, 12.5, 6], "texture": "#1"},
				"west": {"uv": [4, 5.5, 12.5, 6], "texture": "#1"},
				"up": {"uv": [12, 4, 12.5, 12.5], "texture": "#1"},
				"down": {"uv": [12, 3.5, 12.5, 12], "texture": "#1"}
			}
		},
		{
			"name": "wool_red5",
			"from": [3.5, 10, 4],
			"to": [4, 10.5, 12],
			"faces": {
				"north": {"uv": [12, 5.5, 12.5, 6], "texture": "#1"},
				"east": {"uv": [3.5, 5.5, 12, 6], "texture": "#1"},
				"south": {"uv": [3.5, 5.5, 4, 6], "texture": "#1"},
				"west": {"uv": [4, 5.5, 12.5, 6], "texture": "#1"},
				"up": {"uv": [3.5, 4, 4, 12.5], "texture": "#1"},
				"down": {"uv": [3.5, 3.5, 4, 12], "texture": "#1"}
			}
		},
		{
			"name": "shulker_gray21",
			"from": [12, 12.5, 4.5],
			"to": [12.5, 13.5, 6],
			"faces": {
				"north": {"uv": [3.5, 2.5, 4, 3.5], "texture": "#1"},
				"east": {"uv": [10.00001, 2.5, 11.50001, 3.5], "texture": "#1"},
				"south": {"uv": [12, 2.5, 12.5, 3.5], "texture": "#1"},
				"west": {"uv": [4.49999, 2.5, 5.99999, 3.5], "texture": "#1"},
				"up": {"uv": [12, 4.49999, 12.5, 5.99999], "texture": "#1"},
				"down": {"uv": [12, 10.00001, 12.5, 11.50001], "texture": "#1"}
			}
		},
		{
			"name": "shulker_gray22",
			"from": [4.5, 12.5, 3.5],
			"to": [6, 13.5, 4],
			"faces": {
				"north": {"uv": [10, 2.5, 11.5, 3.5], "texture": "#1"},
				"east": {"uv": [12, 2.5, 12.5, 3.5], "texture": "#1"},
				"south": {"uv": [4.5, 2.5, 6, 3.5], "texture": "#1"},
				"west": {"uv": [3.5, 2.5, 4, 3.5], "texture": "#1"},
				"up": {"uv": [4.5, 3.5, 6, 4], "texture": "#1"},
				"down": {"uv": [4.5, 12, 6, 12.5], "texture": "#1"}
			}
		},
		{
			"name": "shulker_gray23",
			"from": [10, 12.5, 12],
			"to": [11.5, 13.5, 12.5],
			"faces": {
				"north": {"uv": [4.5, 2.5, 6, 3.5], "texture": "#1"},
				"east": {"uv": [3.5, 2.5, 4, 3.5], "texture": "#1"},
				"south": {"uv": [10, 2.5, 11.5, 3.5], "texture": "#1"},
				"west": {"uv": [12, 2.5, 12.5, 3.5], "texture": "#1"},
				"up": {"uv": [10, 12, 11.5, 12.5], "texture": "#1"},
				"down": {"uv": [10, 3.5, 11.5, 4], "texture": "#1"}
			}
		},
		{
			"name": "shulker_gray24",
			"from": [4.5, 12.5, 12],
			"to": [6, 13.5, 12.5],
			"faces": {
				"north": {"uv": [10, 2.5, 11.5, 3.5], "texture": "#1"},
				"east": {"uv": [3.5, 2.5, 4, 3.5], "texture": "#1"},
				"south": {"uv": [4.5, 2.5, 6, 3.5], "texture": "#1"},
				"west": {"uv": [12, 2.5, 12.5, 3.5], "texture": "#1"},
				"up": {"uv": [4.5, 12, 6, 12.5], "texture": "#1"},
				"down": {"uv": [4.5, 3.5, 6, 4], "texture": "#1"}
			}
		},
		{
			"name": "shulker_gray26",
			"from": [6, 12.5, 3],
			"to": [10, 13.5, 3.5],
			"faces": {
				"north": {"uv": [6, 2.5, 10, 3.5], "texture": "#1"},
				"east": {"uv": [12.5, 2.5, 13, 3.5], "texture": "#1"},
				"south": {"uv": [6, 2.5, 10, 3.5], "texture": "#1"},
				"west": {"uv": [3, 2.5, 3.5, 3.5], "texture": "#1"},
				"up": {"uv": [6, 3, 10, 3.5], "texture": "#1"},
				"down": {"uv": [6, 12.5, 10, 13], "texture": "#1"}
			}
		},
		{
			"name": "shulker_gray27",
			"from": [12.5, 12.5, 6],
			"to": [13, 13.5, 10],
			"faces": {
				"north": {"uv": [3, 2.5, 3.5, 3.5], "texture": "#1"},
				"east": {"uv": [6.00003, 2.5, 10.00003, 3.5], "texture": "#1"},
				"south": {"uv": [12.5, 2.5, 13, 3.5], "texture": "#1"},
				"west": {"uv": [5.99997, 2.5, 9.99997, 3.5], "texture": "#1"},
				"up": {"uv": [12.5, 5.99997, 13, 9.99997], "texture": "#1"},
				"down": {"uv": [12.5, 6.00003, 13, 10.00003], "texture": "#1"}
			}
		},
		{
			"name": "shulker_gray28",
			"from": [12, 12.5, 10],
			"to": [12.5, 13.5, 11.5],
			"faces": {
				"north": {"uv": [3.5, 2.5, 4, 3.5], "texture": "#1"},
				"east": {"uv": [4.50001, 2.5, 6.00001, 3.5], "texture": "#1"},
				"south": {"uv": [12, 2.5, 12.5, 3.5], "texture": "#1"},
				"west": {"uv": [9.99999, 2.5, 11.49999, 3.5], "texture": "#1"},
				"up": {"uv": [12, 9.99999, 12.5, 11.49999], "texture": "#1"},
				"down": {"uv": [12, 4.50001, 12.5, 6.00001], "texture": "#1"}
			}
		},
		{
			"name": "shulker_gray29",
			"from": [3.5, 12.5, 4.5],
			"to": [4, 13.5, 6],
			"faces": {
				"north": {"uv": [12, 2.5, 12.5, 3.5], "texture": "#1"},
				"east": {"uv": [10.00001, 2.5, 11.50001, 3.5], "texture": "#1"},
				"south": {"uv": [3.5, 2.5, 4, 3.5], "texture": "#1"},
				"west": {"uv": [4.49999, 2.5, 5.99999, 3.5], "texture": "#1"},
				"up": {"uv": [3.5, 4.49999, 4, 5.99999], "texture": "#1"},
				"down": {"uv": [3.5, 10.00001, 4, 11.50001], "texture": "#1"}
			}
		},
		{
			"name": "shulker_gray30",
			"from": [3.5, 12.5, 10],
			"to": [4, 13.5, 11.5],
			"faces": {
				"north": {"uv": [12, 2.5, 12.5, 3.5], "texture": "#1"},
				"east": {"uv": [4.50001, 2.5, 6.00001, 3.5], "texture": "#1"},
				"south": {"uv": [3.5, 2.5, 4, 3.5], "texture": "#1"},
				"west": {"uv": [9.99999, 2.5, 11.49999, 3.5], "texture": "#1"},
				"up": {"uv": [3.5, 9.99999, 4, 11.49999], "texture": "#1"},
				"down": {"uv": [3.5, 4.50001, 4, 6.00001], "texture": "#1"}
			}
		},
		{
			"name": "shulker_gray31",
			"from": [3, 12.5, 6],
			"to": [3.5, 13.5, 10],
			"faces": {
				"north": {"uv": [12.5, 2.5, 13, 3.5], "texture": "#1"},
				"east": {"uv": [6.00003, 2.5, 10.00003, 3.5], "texture": "#1"},
				"south": {"uv": [3, 2.5, 3.5, 3.5], "texture": "#1"},
				"west": {"uv": [5.99997, 2.5, 9.99997, 3.5], "texture": "#1"},
				"up": {"uv": [3, 5.99997, 3.5, 9.99997], "texture": "#1"},
				"down": {"uv": [3, 6.00003, 3.5, 10.00003], "texture": "#1"}
			}
		},
		{
			"name": "shulker_gray32",
			"from": [4, 13.5, 4.4999],
			"to": [12, 14, 11.4999],
			"faces": {
				"north": {"uv": [4, 2, 12, 2.5], "texture": "#1"},
				"east": {"uv": [4.50005, 2, 11.50005, 2.5], "texture": "#1"},
				"south": {"uv": [4, 2, 12, 2.5], "texture": "#1"},
				"west": {"uv": [4.49995, 2, 11.49995, 2.5], "texture": "#1"},
				"up": {"uv": [4, 4.49995, 12, 11.49995], "texture": "#1"},
				"down": {"uv": [4, 4.50005, 12, 11.50005], "texture": "#1"}
			}
		},
		{
			"name": "shulker_gray33",
			"from": [11.5, 12.5, 4],
			"to": [12, 13.5, 4.5],
			"faces": {
				"north": {"uv": [4, 2.5, 4.5, 3.5], "texture": "#1"},
				"east": {"uv": [11.5, 2.5, 12, 3.5], "texture": "#1"},
				"south": {"uv": [11.5, 2.5, 12, 3.5], "texture": "#1"},
				"west": {"uv": [4, 2.5, 4.5, 3.5], "texture": "#1"},
				"up": {"uv": [11.5, 4, 12, 4.5], "texture": "#1"},
				"down": {"uv": [11.5, 11.5, 12, 12], "texture": "#1"}
			}
		},
		{
			"name": "shulker_gray34",
			"from": [4, 12.5, 4],
			"to": [4.5, 13.5, 4.5],
			"faces": {
				"north": {"uv": [11.5, 2.5, 12, 3.5], "texture": "#1"},
				"east": {"uv": [11.5, 2.5, 12, 3.5], "texture": "#1"},
				"south": {"uv": [4, 2.5, 4.5, 3.5], "texture": "#1"},
				"west": {"uv": [4, 2.5, 4.5, 3.5], "texture": "#1"},
				"up": {"uv": [4, 4, 4.5, 4.5], "texture": "#1"},
				"down": {"uv": [4, 11.5, 4.5, 12], "texture": "#1"}
			}
		},
		{
			"name": "shulker_gray35",
			"from": [4, 12.5, 11.5],
			"to": [4.5, 13.5, 12],
			"faces": {
				"north": {"uv": [11.5, 2.5, 12, 3.5], "texture": "#1"},
				"east": {"uv": [4, 2.5, 4.5, 3.5], "texture": "#1"},
				"south": {"uv": [4, 2.5, 4.5, 3.5], "texture": "#1"},
				"west": {"uv": [11.5, 2.5, 12, 3.5], "texture": "#1"},
				"up": {"uv": [4, 11.5, 4.5, 12], "texture": "#1"},
				"down": {"uv": [4, 4, 4.5, 4.5], "texture": "#1"}
			}
		},
		{
			"name": "shulker_gray36",
			"from": [10, 12.5, 3.5],
			"to": [11.5, 13.5, 4],
			"faces": {
				"north": {"uv": [4.5, 2.5, 6, 3.5], "texture": "#1"},
				"east": {"uv": [12, 2.5, 12.5, 3.5], "texture": "#1"},
				"south": {"uv": [10, 2.5, 11.5, 3.5], "texture": "#1"},
				"west": {"uv": [3.5, 2.5, 4, 3.5], "texture": "#1"},
				"up": {"uv": [10, 3.5, 11.5, 4], "texture": "#1"},
				"down": {"uv": [10, 12, 11.5, 12.5], "texture": "#1"}
			}
		},
		{
			"name": "shulker_gray37",
			"from": [6, 13.5, 12],
			"to": [10, 14, 12.5],
			"faces": {
				"north": {"uv": [6, 2, 10, 2.5], "texture": "#1"},
				"east": {"uv": [3.5, 2, 4, 2.5], "texture": "#1"},
				"south": {"uv": [6, 2, 10, 2.5], "texture": "#1"},
				"west": {"uv": [12, 2, 12.5, 2.5], "texture": "#1"},
				"up": {"uv": [6, 12, 10, 12.5], "texture": "#1"},
				"down": {"uv": [6, 3.5, 10, 4], "texture": "#1"}
			}
		},
		{
			"name": "shulker_gray38",
			"from": [4.5, 13.5, 4],
			"to": [11.5, 14, 4.5],
			"faces": {
				"north": {"uv": [4.5, 2, 11.5, 2.5], "texture": "#1"},
				"east": {"uv": [11.5, 2, 12, 2.5], "texture": "#1"},
				"south": {"uv": [4.5, 2, 11.5, 2.5], "texture": "#1"},
				"west": {"uv": [4, 2, 4.5, 2.5], "texture": "#1"},
				"up": {"uv": [4.5, 4, 11.5, 4.5], "texture": "#1"},
				"down": {"uv": [4.5, 11.5, 11.5, 12], "texture": "#1"}
			}
		},
		{
			"name": "shulker_gray39",
			"from": [4.5, 13.5, 11.5],
			"to": [11.5, 14, 12],
			"faces": {
				"north": {"uv": [4.5, 2, 11.5, 2.5], "texture": "#1"},
				"east": {"uv": [4, 2, 4.5, 2.5], "texture": "#1"},
				"south": {"uv": [4.5, 2, 11.5, 2.5], "texture": "#1"},
				"west": {"uv": [11.5, 2, 12, 2.5], "texture": "#1"},
				"up": {"uv": [4.5, 11.5, 11.5, 12], "texture": "#1"},
				"down": {"uv": [4.5, 4, 11.5, 4.5], "texture": "#1"}
			}
		},
		{
			"name": "shulker_gray40",
			"from": [3.5, 13.5, 6],
			"to": [4, 14, 10],
			"faces": {
				"north": {"uv": [12, 2, 12.5, 2.5], "texture": "#1"},
				"east": {"uv": [6.00003, 2, 10.00003, 2.5], "texture": "#1"},
				"south": {"uv": [3.5, 2, 4, 2.5], "texture": "#1"},
				"west": {"uv": [5.99997, 2, 9.99997, 2.5], "texture": "#1"},
				"up": {"uv": [3.5, 5.99997, 4, 9.99997], "texture": "#1"},
				"down": {"uv": [3.5, 6.00003, 4, 10.00003], "texture": "#1"}
			}
		},
		{
			"name": "shulker_gray41",
			"from": [12, 13.5, 6],
			"to": [12.5, 14, 10],
			"faces": {
				"north": {"uv": [3.5, 2, 4, 2.5], "texture": "#1"},
				"east": {"uv": [6.00003, 2, 10.00003, 2.5], "texture": "#1"},
				"south": {"uv": [12, 2, 12.5, 2.5], "texture": "#1"},
				"west": {"uv": [5.99997, 2, 9.99997, 2.5], "texture": "#1"},
				"up": {"uv": [12, 5.99997, 12.5, 9.99997], "texture": "#1"},
				"down": {"uv": [12, 6.00003, 12.5, 10.00003], "texture": "#1"}
			}
		},
		{
			"name": "shulker_gray42",
			"from": [5, 13.5, 3.5],
			"to": [11, 14, 4],
			"faces": {
				"north": {"uv": [5, 2, 11, 2.5], "texture": "#1"},
				"east": {"uv": [12, 2, 12.5, 2.5], "texture": "#1"},
				"south": {"uv": [5, 2, 11, 2.5], "texture": "#1"},
				"west": {"uv": [3.5, 2, 4, 2.5], "texture": "#1"},
				"up": {"uv": [5, 3.5, 11, 4], "texture": "#1"},
				"down": {"uv": [5, 12, 11, 12.5], "texture": "#1"}
			}
		},
		{
			"name": "shulker_gray25",
			"from": [6, 12.5, 12.5],
			"to": [10, 13.5, 13],
			"faces": {
				"north": {"uv": [6, 2.5, 10, 3.5], "texture": "#1"},
				"east": {"uv": [3, 2.5, 3.5, 3.5], "texture": "#1"},
				"south": {"uv": [6, 2.5, 10, 3.5], "texture": "#1"},
				"west": {"uv": [12.5, 2.5, 13, 3.5], "texture": "#1"},
				"up": {"uv": [6, 12.5, 10, 13], "texture": "#1"},
				"down": {"uv": [6, 3, 10, 3.5], "texture": "#1"}
			}
		},
		{
			"name": "shulker_gray8",
			"from": [5.5, 11, 3],
			"to": [10.5, 12.5, 3.5],
			"faces": {
				"north": {"uv": [5.5, 3.5, 10.5, 5], "texture": "#1"},
				"east": {"uv": [12.5, 3.5, 13, 5], "texture": "#1"},
				"south": {"uv": [5.5, 3.5, 10.5, 5], "texture": "#1"},
				"west": {"uv": [3, 3.5, 3.5, 5], "texture": "#1"},
				"up": {"uv": [5.5, 3, 10.5, 3.5], "texture": "#1"},
				"down": {"uv": [5.5, 12.5, 10.5, 13], "texture": "#1"}
			}
		},
		{
			"name": "shulker_gray8",
			"from": [7, 10.5, 3],
			"to": [7.5, 11, 3.5],
			"faces": {
				"north": {"uv": [8.5, 5, 9, 5.5], "texture": "#1"},
				"east": {"uv": [12.5, 5, 13, 5.5], "texture": "#1"},
				"south": {"uv": [7, 5, 7.5, 5.5], "texture": "#1"},
				"west": {"uv": [3, 5, 3.5, 5.5], "texture": "#1"},
				"up": {"uv": [7, 3, 7.5, 3.5], "texture": "#1"},
				"down": {"uv": [7, 12.5, 7.5, 13], "texture": "#1"}
			}
		},
		{
			"name": "shulker_gray8",
			"from": [5.5, 10.5, 3],
			"to": [6, 11, 3.5],
			"faces": {
				"north": {"uv": [10, 5, 10.5, 5.5], "texture": "#1"},
				"east": {"uv": [12.5, 5, 13, 5.5], "texture": "#1"},
				"south": {"uv": [5.5, 5, 6, 5.5], "texture": "#1"},
				"west": {"uv": [3, 5, 3.5, 5.5], "texture": "#1"},
				"up": {"uv": [5.5, 3, 6, 3.5], "texture": "#1"},
				"down": {"uv": [5.5, 12.5, 6, 13], "texture": "#1"}
			}
		},
		{
			"name": "shulker_gray8",
			"from": [8.5, 10.5, 3],
			"to": [9, 11, 3.5],
			"faces": {
				"north": {"uv": [7, 5, 7.5, 5.5], "texture": "#1"},
				"east": {"uv": [12.5, 5, 13, 5.5], "texture": "#1"},
				"south": {"uv": [8.5, 5, 9, 5.5], "texture": "#1"},
				"west": {"uv": [3, 5, 3.5, 5.5], "texture": "#1"},
				"up": {"uv": [8.5, 3, 9, 3.5], "texture": "#1"},
				"down": {"uv": [8.5, 12.5, 9, 13], "texture": "#1"}
			}
		},
		{
			"name": "shulker_gray20",
			"from": [5.5, 10.5, 12.5],
			"to": [10.5, 11.5, 13],
			"faces": {
				"north": {"uv": [5.5, 4.5, 10.5, 5.5], "texture": "#1"},
				"east": {"uv": [3, 4.5, 3.5, 5.5], "texture": "#1"},
				"south": {"uv": [5.5, 4.5, 10.5, 5.5], "texture": "#1"},
				"west": {"uv": [12.5, 4.5, 13, 5.5], "texture": "#1"},
				"up": {"uv": [5.5, 12.5, 10.5, 13], "texture": "#1"},
				"down": {"uv": [5.5, 3, 10.5, 3.5], "texture": "#1"}
			}
		},
		{
			"name": "wool_red5",
			"from": [3, 10, 6],
			"to": [3.5, 10.5, 10],
			"faces": {
				"north": {"uv": [12.5, 5.5, 13, 6], "texture": "#1"},
				"east": {"uv": [6, 5.5, 10, 6], "texture": "#1"},
				"south": {"uv": [3, 5.5, 3.5, 6], "texture": "#1"},
				"west": {"uv": [6, 5.5, 10, 6], "texture": "#1"},
				"up": {"uv": [3, 6, 3.5, 10], "texture": "#1"},
				"down": {"uv": [3, 6, 3.5, 10], "texture": "#1"}
			}
		},
		{
			"name": "wool_red5",
			"from": [5.5, 10.5, 13],
			"to": [10.5, 11, 13.5],
			"faces": {
				"north": {"uv": [5.5, 5, 10.5, 5.5], "texture": "#1"},
				"east": {"uv": [2.5, 5, 3, 5.5], "texture": "#1"},
				"south": {"uv": [5.5, 5, 10.5, 5.5], "texture": "#shulker_gray"},
				"west": {"uv": [13, 5, 13.5, 5.5], "texture": "#1"},
				"up": {"uv": [5.5, 13, 10.5, 13.5], "texture": "#1"},
				"down": {"uv": [5.5, 2.5, 10.5, 3], "texture": "#shulker_gray"}
			}
		},
		{
			"name": "shulker_gray32",
			"from": [4, 14, 5],
			"to": [12, 14.5, 10],
			"faces": {
				"north": {"uv": [4, 1.5, 12, 2], "texture": "#1"},
				"east": {"uv": [6.00004, 1.5, 11.00004, 2], "texture": "#1"},
				"south": {"uv": [4, 1.5, 12, 2], "texture": "#1"},
				"west": {"uv": [4.99996, 1.5, 9.99996, 2], "texture": "#1"},
				"up": {"uv": [4, 4.99996, 12, 9.99996], "texture": "#1"},
				"down": {"uv": [4, 6.00004, 12, 11.00004], "texture": "#1"}
			}
		},
		{
			"name": "shulker_gray32",
			"from": [5.5, 14, 10],
			"to": [10.5, 14.5, 11.5],
			"faces": {
				"north": {"uv": [5.5, 1.5, 10.5, 2], "texture": "#1"},
				"east": {"uv": [4.50001, 1.5, 6.00001, 2], "texture": "#1"},
				"south": {"uv": [5.5, 1.5, 10.5, 2], "texture": "#1"},
				"west": {"uv": [9.99999, 1.5, 11.49999, 2], "texture": "#1"},
				"up": {"uv": [5.5, 9.99999, 10.5, 11.49999], "texture": "#1"},
				"down": {"uv": [5.5, 4.50001, 10.5, 6.00001], "texture": "#1"}
			}
		},
		{
			"name": "shulker_gray32",
			"from": [5.5, 14, 3.5],
			"to": [10.5, 14.5, 5],
			"faces": {
				"north": {"uv": [5.5, 1.5, 10.5, 2], "texture": "#1"},
				"east": {"uv": [11.00001, 1.5, 12.50001, 2], "texture": "#1"},
				"south": {"uv": [5.5, 1.5, 10.5, 2], "texture": "#1"},
				"west": {"uv": [3.49999, 1.5, 4.99999, 2], "texture": "#1"},
				"up": {"uv": [5.5, 3.49999, 10.5, 4.99999], "texture": "#1"},
				"down": {"uv": [5.5, 11.00001, 10.5, 12.50001], "texture": "#1"}
			}
		},
		{
			"name": "shulker_gray32",
			"from": [10.5, 14, 10],
			"to": [11.5, 14.5, 11],
			"faces": {
				"north": {"uv": [4.5, 1.5, 5.5, 2], "texture": "#1"},
				"east": {"uv": [5.00001, 1.5, 6.00001, 2], "texture": "#1"},
				"south": {"uv": [10.5, 1.5, 11.5, 2], "texture": "#1"},
				"west": {"uv": [9.99999, 1.5, 10.99999, 2], "texture": "#1"},
				"up": {"uv": [10.5, 9.99999, 11.5, 10.99999], "texture": "#1"},
				"down": {"uv": [10.5, 5.00001, 11.5, 6.00001], "texture": "#1"}
			}
		},
		{
			"name": "shulker_gray32",
			"from": [4.5, 14, 10],
			"to": [5.5, 14.5, 11],
			"faces": {
				"north": {"uv": [10.5, 1.5, 11.5, 2], "texture": "#1"},
				"east": {"uv": [5.00001, 1.5, 6.00001, 2], "texture": "#1"},
				"south": {"uv": [4.5, 1.5, 5.5, 2], "texture": "#1"},
				"west": {"uv": [9.99999, 1.5, 10.99999, 2], "texture": "#1"},
				"up": {"uv": [4.5, 9.99999, 5.5, 10.99999], "texture": "#1"},
				"down": {"uv": [4.5, 5.00001, 5.5, 6.00001], "texture": "#1"}
			}
		},
		{
			"name": "shulker_gray32",
			"from": [4.5, 14, 4],
			"to": [5.5, 14.5, 5],
			"faces": {
				"north": {"uv": [10.5, 1.5, 11.5, 2], "texture": "#1"},
				"east": {"uv": [11.00001, 1.5, 12.00001, 2], "texture": "#1"},
				"south": {"uv": [4.5, 1.5, 5.5, 2], "texture": "#1"},
				"west": {"uv": [3.99999, 1.5, 4.99999, 2], "texture": "#1"},
				"up": {"uv": [4.5, 3.99999, 5.5, 4.99999], "texture": "#1"},
				"down": {"uv": [4.5, 11.00001, 5.5, 12.00001], "texture": "#1"}
			}
		},
		{
			"name": "shulker_gray32",
			"from": [10.5, 14, 4],
			"to": [11.5, 14.5, 5],
			"faces": {
				"north": {"uv": [4.5, 1.5, 5.5, 2], "texture": "#1"},
				"east": {"uv": [11.00001, 1.5, 12.00001, 2], "texture": "#1"},
				"south": {"uv": [10.5, 1.5, 11.5, 2], "texture": "#1"},
				"west": {"uv": [3.99999, 1.5, 4.99999, 2], "texture": "#1"},
				"up": {"uv": [10.5, 3.99999, 11.5, 4.99999], "texture": "#1"},
				"down": {"uv": [10.5, 11.00001, 11.5, 12.00001], "texture": "#1"}
			}
		},
		{
			"name": "shulker_gray32",
			"from": [12, 14, 6],
			"to": [12.5, 14.5, 9],
			"faces": {
				"north": {"uv": [3.5, 1.5, 4, 2], "texture": "#1"},
				"east": {"uv": [7.00002, 1.5, 10.00002, 2], "texture": "#1"},
				"south": {"uv": [12, 1.5, 12.5, 2], "texture": "#1"},
				"west": {"uv": [5.99998, 1.5, 8.99998, 2], "texture": "#1"},
				"up": {"uv": [12, 5.99998, 12.5, 8.99998], "texture": "#1"},
				"down": {"uv": [12, 7.00002, 12.5, 10.00002], "texture": "#1"}
			}
		},
		{
			"name": "shulker_gray32",
			"from": [3.5, 14, 6],
			"to": [4, 14.5, 9],
			"faces": {
				"north": {"uv": [12, 1.5, 12.5, 2], "texture": "#1"},
				"east": {"uv": [7.00002, 1.5, 10.00002, 2], "texture": "#1"},
				"south": {"uv": [3.5, 1.5, 4, 2], "texture": "#1"},
				"west": {"uv": [5.99998, 1.5, 8.99998, 2], "texture": "#1"},
				"up": {"uv": [3.5, 5.99998, 4, 8.99998], "texture": "#1"},
				"down": {"uv": [3.5, 7.00002, 4, 10.00002], "texture": "#1"}
			}
		},
		{
			"name": "shulker_gray32",
			"from": [6.5, 14, 11.5],
			"to": [9.5, 14.5, 12],
			"faces": {
				"north": {"uv": [6.5, 1.5, 9.5, 2], "texture": "#1"},
				"east": {"uv": [4, 1.5, 4.5, 2], "texture": "#1"},
				"south": {"uv": [6.5, 1.5, 9.5, 2], "texture": "#1"},
				"west": {"uv": [11.5, 1.5, 12, 2], "texture": "#1"},
				"up": {"uv": [6.5, 11.5, 9.5, 12], "texture": "#1"},
				"down": {"uv": [6.5, 4, 9.5, 4.5], "texture": "#1"}
			}
		},
		{
			"name": "shulker_gray32",
			"from": [6.5, 13.5, 3],
			"to": [9.5, 14, 3.5],
			"faces": {
				"north": {"uv": [6.5, 2, 9.5, 2.5], "texture": "#1"},
				"east": {"uv": [12.5, 2, 13, 2.5], "texture": "#1"},
				"south": {"uv": [6.5, 2, 9.5, 2.5], "texture": "#1"},
				"west": {"uv": [3, 2, 3.5, 2.5], "texture": "#1"},
				"up": {"uv": [6.5, 3, 9.5, 3.5], "texture": "#1"},
				"down": {"uv": [6.5, 12.5, 9.5, 13], "texture": "#1"}
			}
		},
		{
			"name": "shulker_gray32",
			"from": [7, 15, 5],
			"to": [9, 15.5, 10],
			"faces": {
				"north": {"uv": [7, 0.5, 9, 1], "texture": "#1"},
				"east": {"uv": [7.00002, 0.5, 10.00002, 1], "texture": "#1"},
				"south": {"uv": [7, 0.5, 9, 1], "texture": "#1"},
				"west": {"uv": [5.99998, 0.5, 8.99998, 1], "texture": "#1"},
				"up": {"uv": [7, 5.99998, 9, 8.99998], "texture": "#1"},
				"down": {"uv": [7, 7.00002, 9, 10.00002], "texture": "#1"}
			}
		},
		{
			"name": "shulker_gray32",
			"from": [9, 15, 6.5],
			"to": [10.5, 15.5, 8.5],
			"faces": {
				"north": {"uv": [6.5, 0.5, 7, 1], "texture": "#1"},
				"east": {"uv": [7.50002, 0.5, 9.50002, 1], "texture": "#1"},
				"south": {"uv": [9, 0.5, 9.5, 1], "texture": "#1"},
				"west": {"uv": [6.49999, 0.5, 8.49999, 1], "texture": "#1"},
				"up": {"uv": [9, 6.49999, 9.5, 8.49999], "texture": "#1"},
				"down": {"uv": [9, 7.50002, 9.5, 9.50002], "texture": "#1"}
			}
		},
		{
			"name": "shulker_gray33",
			"from": [9, 15, 8.5],
			"to": [10, 15.5, 9.5],
			"rotation": {"angle": 0, "axis": "y", "origin": [8, 8, 9]},
			"faces": {
				"north": {"uv": [6.5, 0.5, 7, 1], "texture": "#1"},
				"east": {"uv": [7.50002, 0.5, 9.50002, 1], "texture": "#1"},
				"south": {"uv": [9, 0.5, 9.5, 1], "texture": "#1"},
				"west": {"uv": [6.49999, 0.5, 8.49999, 1], "texture": "#1"},
				"up": {"uv": [9, 6.49999, 9.5, 8.49999], "texture": "#1"},
				"down": {"uv": [9, 7.50002, 9.5, 9.50002], "texture": "#1"}
			}
		},
		{
			"name": "shulker_gray34",
			"from": [6, 15, 8.5],
			"to": [7, 15.5, 9.5],
			"rotation": {"angle": 0, "axis": "y", "origin": [5, 8, 9]},
			"faces": {
				"north": {"uv": [6.5, 0.5, 7, 1], "texture": "#1"},
				"east": {"uv": [7.50002, 0.5, 9.50002, 1], "texture": "#1"},
				"south": {"uv": [9, 0.5, 9.5, 1], "texture": "#1"},
				"west": {"uv": [6.49999, 0.5, 8.49999, 1], "texture": "#1"},
				"up": {"uv": [9, 6.49999, 9.5, 8.49999], "texture": "#1"},
				"down": {"uv": [9, 7.50002, 9.5, 9.50002], "texture": "#1"}
			}
		},
		{
			"name": "shulker_gray34",
			"from": [9, 15, 5.5],
			"to": [10, 15.5, 6.5],
			"rotation": {"angle": 0, "axis": "y", "origin": [8, 8, 6]},
			"faces": {
				"north": {"uv": [6.5, 0.5, 7, 1], "texture": "#1"},
				"east": {"uv": [7.50002, 0.5, 9.50002, 1], "texture": "#1"},
				"south": {"uv": [9, 0.5, 9.5, 1], "texture": "#1"},
				"west": {"uv": [6.49999, 0.5, 8.49999, 1], "texture": "#1"},
				"up": {"uv": [9, 6.49999, 9.5, 8.49999], "texture": "#1"},
				"down": {"uv": [9, 7.50002, 9.5, 9.50002], "texture": "#1"}
			}
		},
		{
			"name": "shulker_gray35",
			"from": [6, 15, 5.5],
			"to": [7, 15.5, 6.5],
			"rotation": {"angle": 0, "axis": "y", "origin": [5, 8, 6]},
			"faces": {
				"north": {"uv": [6.5, 0.5, 7, 1], "texture": "#1"},
				"east": {"uv": [7.50002, 0.5, 9.50002, 1], "texture": "#1"},
				"south": {"uv": [9, 0.5, 9.5, 1], "texture": "#1"},
				"west": {"uv": [6.49999, 0.5, 8.49999, 1], "texture": "#1"},
				"up": {"uv": [9, 6.49999, 9.5, 8.49999], "texture": "#1"},
				"down": {"uv": [9, 7.50002, 9.5, 9.50002], "texture": "#1"}
			}
		},
		{
			"name": "shulker_gray32",
			"from": [5.5, 15, 6.5],
			"to": [7, 15.5, 8.5],
			"faces": {
				"north": {"uv": [9, 0.5, 9.5, 1], "texture": "#1"},
				"east": {"uv": [7.50002, 0.5, 9.50002, 1], "texture": "#1"},
				"south": {"uv": [6.5, 0.5, 7, 1], "texture": "#1"},
				"west": {"uv": [6.49999, 0.5, 8.49999, 1], "texture": "#1"},
				"up": {"uv": [6.5, 6.49999, 7, 8.49999], "texture": "#1"},
				"down": {"uv": [6.5, 7.50002, 7, 9.50002], "texture": "#1"}
			}
		},
		{
			"name": "shulker_gray32",
			"from": [4.5, 14.5, 6],
			"to": [11.5, 15, 9],
			"faces": {
				"north": {"uv": [4.5, 1, 11.5, 1.5], "texture": "#1"},
				"east": {"uv": [7.00002, 1, 10.00002, 1.5], "texture": "#1"},
				"south": {"uv": [4.5, 1, 11.5, 1.5], "texture": "#1"},
				"west": {"uv": [5.99998, 1, 8.99998, 1.5], "texture": "#1"},
				"up": {"uv": [4.5, 5.99998, 11.5, 8.99998], "texture": "#1"},
				"down": {"uv": [4.5, 7.00002, 11.5, 10.00002], "texture": "#1"}
			}
		},
		{
			"name": "shulker_gray32",
			"from": [6.5, 14.5, 4],
			"to": [9.5, 15, 6],
			"faces": {
				"north": {"uv": [6.5, 1, 9.5, 1.5], "texture": "#1"},
				"east": {"uv": [10.00002, 1, 12.00002, 1.5], "texture": "#1"},
				"south": {"uv": [6.5, 1, 9.5, 1.5], "texture": "#1"},
				"west": {"uv": [3.99999, 1, 5.99999, 1.5], "texture": "#1"},
				"up": {"uv": [6.5, 3.99999, 9.5, 5.99999], "texture": "#1"},
				"down": {"uv": [6.5, 10.00002, 9.5, 12.00002], "texture": "#1"}
			}
		},
		{
			"name": "shulker_gray32",
			"from": [6.5, 14.5, 9],
			"to": [9.5, 15, 11],
			"faces": {
				"north": {"uv": [6.5, 1, 9.5, 1.5], "texture": "#1"},
				"east": {"uv": [5.00002, 1, 7.00002, 1.5], "texture": "#1"},
				"south": {"uv": [6.5, 1, 9.5, 1.5], "texture": "#1"},
				"west": {"uv": [8.99999, 1, 10.99998, 1.5], "texture": "#1"},
				"up": {"uv": [6.5, 8.99999, 9.5, 10.99998], "texture": "#1"},
				"down": {"uv": [6.5, 5.00002, 9.5, 7.00002], "texture": "#1"}
			}
		},
		{
			"name": "shulker_gray32",
			"from": [9.5, 14.5, 9],
			"to": [10.5, 15, 10],
			"faces": {
				"north": {"uv": [5.5, 1, 6.5, 1.5], "texture": "#1"},
				"east": {"uv": [6.00001, 1, 7.00001, 1.5], "texture": "#1"},
				"south": {"uv": [9.5, 1, 10.5, 1.5], "texture": "#1"},
				"west": {"uv": [8.99999, 1, 9.99999, 1.5], "texture": "#1"},
				"up": {"uv": [9.5, 8.99999, 10.5, 9.99999], "texture": "#1"},
				"down": {"uv": [9.5, 6.00001, 10.5, 7.00001], "texture": "#1"}
			}
		},
		{
			"name": "shulker_gray32",
			"from": [5.5, 14.5, 9],
			"to": [6.5, 15, 10],
			"faces": {
				"north": {"uv": [9.5, 1, 10.5, 1.5], "texture": "#1"},
				"east": {"uv": [6.00001, 1, 7.00001, 1.5], "texture": "#1"},
				"south": {"uv": [5.5, 1, 6.5, 1.5], "texture": "#1"},
				"west": {"uv": [8.99999, 1, 9.99999, 1.5], "texture": "#1"},
				"up": {"uv": [5.5, 8.99999, 6.5, 9.99999], "texture": "#1"},
				"down": {"uv": [5.5, 6.00001, 6.5, 7.00001], "texture": "#1"}
			}
		},
		{
			"name": "shulker_gray32",
			"from": [5.5, 14.5, 5],
			"to": [6.5, 15, 6],
			"faces": {
				"north": {"uv": [9.5, 1, 10.5, 1.5], "texture": "#1"},
				"east": {"uv": [10.00001, 1, 11.00001, 1.5], "texture": "#1"},
				"south": {"uv": [5.5, 1, 6.5, 1.5], "texture": "#1"},
				"west": {"uv": [4.99999, 1, 5.99999, 1.5], "texture": "#1"},
				"up": {"uv": [5.5, 4.99999, 6.5, 5.99999], "texture": "#1"},
				"down": {"uv": [5.5, 10.00001, 6.5, 11.00001], "texture": "#1"}
			}
		},
		{
			"name": "shulker_gray32",
			"from": [9.5, 14.5, 5],
			"to": [10.5, 15, 6],
			"faces": {
				"north": {"uv": [5.5, 1, 6.5, 1.5], "texture": "#1"},
				"east": {"uv": [10.00001, 1, 11.00001, 1.5], "texture": "#1"},
				"south": {"uv": [9.5, 1, 10.5, 1.5], "texture": "#1"},
				"west": {"uv": [4.99999, 1, 5.99999, 1.5], "texture": "#1"},
				"up": {"uv": [9.5, 4.99999, 10.5, 5.99999], "texture": "#1"},
				"down": {"uv": [9.5, 10.00001, 10.5, 11.00001], "texture": "#1"}
			}
		},
		{
			"from": [4.3, 13.8, 1.4],
			"to": [11.7, 14.5, 14],
			"rotation": {"angle": 0, "axis": "y", "origin": [15.5, 21.8, 15]},
			"faces": {
				"north": {"uv": [0, 0, 7.4, 0.7], "texture": "#2"},
				"east": {"uv": [0, 0, 12.6, 0.7], "texture": "#2"},
				"south": {"uv": [0, 0, 7.4, 0.7], "texture": "#2"},
				"west": {"uv": [0, 0, 12.6, 0.7], "texture": "#2"},
				"up": {"uv": [0, 0, 7.4, 12.6], "texture": "#2"},
				"down": {"uv": [0, 0, 7.4, 12.6], "texture": "#2"}
			}
		},
		{
			"from": [5.4, 13.8, 3.1],
			"to": [10.6, 16.8, 12.3],
			"rotation": {"angle": 0, "axis": "y", "origin": [15.5, 22.8, 15]},
			"faces": {
				"north": {"uv": [0, 0, 5.2, 3], "texture": "#2"},
				"east": {"uv": [0, 0, 9.2, 3], "texture": "#2"},
				"south": {"uv": [0, 0, 5.2, 3], "texture": "#2"},
				"west": {"uv": [0, 0, 9.2, 3], "texture": "#2"},
				"up": {"uv": [0, 0, 5.2, 9.2], "texture": "#2"},
				"down": {"uv": [0, 0, 5.2, 9.2], "texture": "#2"}
			}
		},
		{
			"from": [5.4, 13.8, 4.4],
			"to": [10.6, 17.8, 11],
			"rotation": {"angle": 0, "axis": "y", "origin": [15.5, 22.8, 15]},
			"faces": {
				"north": {"uv": [0, 0, 5.2, 4], "texture": "#2"},
				"east": {"uv": [0, 0, 6.6, 4], "texture": "#2"},
				"south": {"uv": [0, 0, 5.2, 4], "texture": "#2"},
				"west": {"uv": [0, 0, 6.6, 4], "texture": "#2"},
				"up": {"uv": [0, 0, 5.2, 6.6], "texture": "#2"},
				"down": {"uv": [0, 0, 5.2, 6.6], "texture": "#2"}
			}
		},
		{
			"from": [2.5, 14, 2.1],
			"to": [9.5, 14.9, 13.3],
			"rotation": {"angle": 0, "axis": "y", "origin": [11.5, 22.2, 15]},
			"faces": {
				"north": {"uv": [0, 0, 7, 0.9], "texture": "#2"},
				"east": {"uv": [0, 0, 11.2, 0.9], "texture": "#2"},
				"south": {"uv": [0, 0, 7, 0.9], "texture": "#2"},
				"west": {"uv": [0, 0, 11.2, 0.9], "texture": "#2"},
				"up": {"uv": [0, 0, 7, 11.2], "texture": "#2"},
				"down": {"uv": [0, 0, 7, 11.2], "texture": "#2"}
			}
		},
		{
			"from": [4.2, 14.1, 5.1],
			"to": [6.5, 17.2, 10.3],
			"rotation": {"angle": 0, "axis": "y", "origin": [11.5, 23.2, 15]},
			"faces": {
				"north": {"uv": [0, 0, 2.3, 3.1], "texture": "#2"},
				"east": {"uv": [0, 0, 5.2, 3.1], "texture": "#2"},
				"south": {"uv": [0, 0, 2.3, 3.1], "texture": "#2"},
				"west": {"uv": [0, 0, 5.2, 3.1], "texture": "#2"},
				"up": {"uv": [0, 0, 2.3, 5.2], "texture": "#2"},
				"down": {"uv": [0, 0, 2.3, 5.2], "texture": "#2"}
			}
		},
		{
			"from": [1.5, 14.2, 3.4],
			"to": [2.5, 15.1, 12],
			"rotation": {"angle": 0, "axis": "y", "origin": [10.5, 22.2, 15]},
			"faces": {
				"north": {"uv": [0, 0, 1, 0.9], "texture": "#2"},
				"east": {"uv": [0, 0, 8.6, 0.9], "texture": "#2"},
				"south": {"uv": [0, 0, 1, 0.9], "texture": "#2"},
				"west": {"uv": [0, 0, 8.6, 0.9], "texture": "#2"},
				"up": {"uv": [0, 0, 1, 8.6], "texture": "#2"},
				"down": {"uv": [0, 0, 1, 8.6], "texture": "#2"}
			}
		},
		{
			"from": [13.5, 14.2, 3.4],
			"to": [14.5, 15.1, 12],
			"rotation": {"angle": 0, "axis": "y", "origin": [23.5, 22.2, 15]},
			"faces": {
				"north": {"uv": [0, 0, 1, 0.9], "texture": "#2"},
				"east": {"uv": [0, 0, 8.6, 0.9], "texture": "#2"},
				"south": {"uv": [0, 0, 1, 0.9], "texture": "#2"},
				"west": {"uv": [0, 0, 8.6, 0.9], "texture": "#2"},
				"up": {"uv": [0, 0, 1, 8.6], "texture": "#2"},
				"down": {"uv": [0, 0, 1, 8.6], "texture": "#2"}
			}
		},
		{
			"from": [9.5, 14, 2.1],
			"to": [13.5, 14.9, 13.3],
			"rotation": {"angle": 0, "axis": "y", "origin": [19.5, 22.2, 15]},
			"faces": {
				"north": {"uv": [0, 0, 4, 0.9], "texture": "#2"},
				"east": {"uv": [0, 0, 11.2, 0.9], "texture": "#2"},
				"south": {"uv": [0, 0, 4, 0.9], "texture": "#2"},
				"west": {"uv": [0, 0, 11.2, 0.9], "texture": "#2"},
				"up": {"uv": [0, 0, 4, 11.2], "texture": "#2"},
				"down": {"uv": [0, 0, 4, 11.2], "texture": "#2"}
			}
		},
		{
			"from": [9.5, 14.1, 5.1],
			"to": [11.8, 17.3, 10.3],
			"rotation": {"angle": 0, "axis": "y", "origin": [19.5, 23.2, 15]},
			"faces": {
				"north": {"uv": [0, 0, 2.3, 3.2], "texture": "#2"},
				"east": {"uv": [0, 0, 5.2, 3.2], "texture": "#2"},
				"south": {"uv": [0, 0, 2.3, 3.2], "texture": "#2"},
				"west": {"uv": [0, 0, 5.2, 3.2], "texture": "#2"},
				"up": {"uv": [0, 0, 2.3, 5.2], "texture": "#2"},
				"down": {"uv": [0, 0, 2.3, 5.2], "texture": "#2"}
			}
		},
		{
			"from": [3.5, 14.1, 4.1],
			"to": [12.5, 16.5, 11.3],
			"rotation": {"angle": 0, "axis": "y", "origin": [19.5, 23.2, 15]},
			"faces": {
				"north": {"uv": [0, 0, 9, 2.4], "texture": "#2"},
				"east": {"uv": [0, 0, 7.2, 2.4], "texture": "#2"},
				"south": {"uv": [0, 0, 9, 2.4], "texture": "#2"},
				"west": {"uv": [0, 0, 7.2, 2.4], "texture": "#2"},
				"up": {"uv": [0, 0, 9, 7.2], "texture": "#2"},
				"down": {"uv": [0, 0, 9, 7.2], "texture": "#2"}
			}
		},
		{
			"from": [5.1, 14.2, 2.8],
			"to": [10.9, 15.5, 12.6],
			"rotation": {"angle": 0, "axis": "y", "origin": [19.5, 23.2, 15.8]},
			"faces": {
				"north": {"uv": [0, 0, 5.8, 1.3], "texture": "#3"},
				"east": {"uv": [0, 0, 9.8, 1.3], "texture": "#3"},
				"south": {"uv": [0, 0, 5.8, 1.3], "texture": "#3"},
				"west": {"uv": [0, 0, 9.8, 1.3], "texture": "#3"},
				"up": {"uv": [0, 0, 5.8, 9.8], "texture": "#3"},
				"down": {"uv": [0, 0, 5.8, 9.8], "texture": "#3"}
			}
		},
		{
			"from": [3.2, 14.2, 3.8],
			"to": [12.8, 15.5, 11.7],
			"rotation": {"angle": 0, "axis": "y", "origin": [19.5, 23.2, 15.8]},
			"faces": {
				"north": {"uv": [0, 0, 9.6, 1.3], "texture": "#3"},
				"east": {"uv": [0, 0, 7.9, 1.3], "texture": "#3"},
				"south": {"uv": [0, 0, 9.6, 1.3], "texture": "#3"},
				"west": {"uv": [0, 0, 7.9, 1.3], "texture": "#3"},
				"up": {"uv": [0, 0, 9.6, 7.9], "texture": "#3"},
				"down": {"uv": [0, 0, 9.6, 7.9], "texture": "#3"}
			}
		},
		{
			"from": [3.8, 12.1, 12.1],
			"to": [7.8, 14.1, 13.1],
			"rotation": {"angle": 0, "axis": "y", "origin": [14.8, 20.1, 20.1]},
			"faces": {
				"north": {"uv": [0, 0, 7, 2], "texture": "#4"},
				"east": {"uv": [0, 0, 1, 2], "texture": "#4"},
				"south": {"uv": [0.141, 1.391, 8.248, 7.343], "texture": "#4"},
				"west": {"uv": [0, 0, 1, 2], "texture": "#4"},
				"up": {"uv": [0, 0, 7, 1], "texture": "#4"},
				"down": {"uv": [0, 0, 7, 1], "texture": "#4"}
			}
		},
		{
			"from": [8, 12.1, 12.1],
			"to": [12, 14.1, 13.1],
			"rotation": {"angle": 0, "axis": "y", "origin": [1, 20.1, 20.1]},
			"faces": {
				"north": {"uv": [7, 0, 0, 2], "texture": "#4"},
				"east": {"uv": [1, 0, 0, 2], "texture": "#4"},
				"south": {"uv": [8.248, 1.391, 0.141, 7.343], "texture": "#4"},
				"west": {"uv": [1, 0, 0, 2], "texture": "#4"},
				"up": {"uv": [7, 0, 0, 1], "texture": "#4"},
				"down": {"uv": [7, 0, 0, 1], "texture": "#4"}
			}
		},
		{
			"from": [5, 12.5, 13],
			"to": [6, 13.5, 13.2],
			"rotation": {"angle": 0, "axis": "y", "origin": [13, 20, 21]},
			"faces": {
				"north": {"uv": [0, 0, 1, 1], "texture": "#3"},
				"east": {"uv": [0, 0, 0.2, 1], "texture": "#3"},
				"south": {"uv": [0, 0, 1, 1], "texture": "#3"},
				"west": {"uv": [0, 0, 0.2, 1], "texture": "#3"},
				"up": {"uv": [0, 0, 1, 0.2], "texture": "#3"},
				"down": {"uv": [0, 0, 1, 0.2], "texture": "#3"}
			}
		},
		{
			"from": [10, 12.5, 13],
			"to": [11, 13.5, 13.2],
			"rotation": {"angle": 0, "axis": "y", "origin": [18, 20, 21]},
			"faces": {
				"north": {"uv": [0, 0, 1, 1], "texture": "#3"},
				"east": {"uv": [0, 0, 0.2, 1], "texture": "#3"},
				"south": {"uv": [0, 0, 1, 1], "texture": "#3"},
				"west": {"uv": [0, 0, 0.2, 1], "texture": "#3"},
				"up": {"uv": [0, 0, 1, 0.2], "texture": "#3"},
				"down": {"uv": [0, 0, 1, 0.2], "texture": "#3"}
			}
		}
	],
	"display": {
		"thirdperson_righthand": {
			"rotation": [73, -148, 47],
			"translation": [-2.084, 0.6962, -2.086],
			"scale": [0.6, 0.6, 0.6]
		},
		"thirdperson_lefthand": {
			"rotation": [73, -148, 47],
			"translation": [-2.084, 0.6962, -2.086],
			"scale": [0.6, 0.6, 0.6]
		},
		"firstperson_righthand": {
			"rotation": [-6, -66, 2],
			"translation": [4.1739, -2.679, -5.564],
			"scale": [0.8, 0.8, 0.8]
		},
		"firstperson_lefthand": {
			"rotation": [-6, -66, 2],
			"translation": [4.1739, -2.679, -5.564],
			"scale": [0.8, 0.8, 0.8]
		},
		"gui": {
			"rotation": [18, -36, 5],
			"translation": [0.4462, -3.661, 0],
			"scale": [0.89, 0.89, 0.89]
		},
		"head": {
			"rotation": [0, 180, 0],
			"translation": [0, -2.291, 0],
			"scale": [1.62, 1.62, 1.62]
		},
		"fixed": {
			"rotation": [-10, 155, 1],
			"translation": [0, -3.477, -4.869]
		}
	},
	"groups": [
		{
			"name": "bill",
			"origin": [8, 8, 8],
			"children": [0, 1, 2, 3, 4, 5, 6, 7, 8, 9, 10, 11, 12, 13, 14, 15, 16, 17, 18, 19, 20, 21, 22]
		},
		{
			"name": "base",
			"origin": [8, 8, 8],
			"children": [23, 24, 25, 26, 27, 28, 29, 30, 31, 32, 33, 34, 35, 36, 37, 38, 39, 40, 41, 42, 43, 44, 45, 46, 47, 48, 49, 50, 51, 52, 53, 54, 55, 56, 57, 58, 59, 60, 61, 62, 63, 64, 65, 66, 67, 68, 69, 70, 71, 72, 73, 74, 75, 76, 77, 78, 79, 80, 81, 82, 83, 84, 85, 86, 87, 88, 89, 90, 91, 92, 93, 94, 95, 96, 97, 98, 99]
		},
		{
			"name": "hat",
			"origin": [8, 8, 8],
			"children": [100, 101, 102, 103, 104, 105, 106, 107, 108, 109, 110, 111]
		},
		{
			"name": "eyes",
			"origin": [1, 20.1, 20.1],
			"children": [112, 113, 114, 115]
		}
	]
}