{
	"credit": "Credit:  Ontvlambaar",
	"textures": {
		"1": "block/purple_concrete",
		"10": "block/black_concrete",
		"particle": "block/purple_concrete"
	},
	"elements": [
		{
			"from": [-0.5, 5.5, 7],
			"to": [0, 16, 9.25],
			"faces": {
				"north": {"uv": [3, 3, 4.5, 4.5], "texture": "#10"},
				"east": {"uv": [3, 3, 4.5, 4.5], "texture": "#10"},
				"south": {"uv": [3, 3, 4.5, 4.5], "texture": "#10"},
				"west": {"uv": [3, 3, 4.5, 4.5], "texture": "#10"},
				"up": {"uv": [3, 3, 4.5, 4.5], "texture": "#10"},
				"down": {"uv": [3, 3, 4.5, 4.5], "texture": "#10"}
			}
		},
		{
			"from": [-0.5, 16, 7],
			"to": [16.5, 16.5, 9.25],
			"faces": {
				"north": {"uv": [3, 3, 4.5, 4.5], "texture": "#10"},
				"east": {"uv": [3, 3, 4.5, 4.5], "texture": "#10"},
				"south": {"uv": [3, 3, 4.5, 4.5], "texture": "#10"},
				"west": {"uv": [3, 3, 4.5, 4.5], "texture": "#10"},
				"up": {"uv": [3, 3, 4.5, 4.5], "texture": "#10"},
				"down": {"uv": [3, 3, 4.5, 4.5], "texture": "#10"}
			}
		},
		{
			"from": [16, 5.5, 7],
			"to": [16.5, 16, 9.25],
			"faces": {
				"north": {"uv": [3, 3, 4.5, 4.5], "texture": "#10"},
				"east": {"uv": [3, 3, 4.5, 4.5], "texture": "#10"},
				"south": {"uv": [3, 3, 4.5, 4.5], "texture": "#10"},
				"west": {"uv": [3, 3, 4.5, 4.5], "texture": "#10"},
				"up": {"uv": [3, 3, 4.5, 4.5], "texture": "#10"},
				"down": {"uv": [3, 3, 4.5, 4.5], "texture": "#10"}
			}
		},
		{
			"from": [17.75, 17.625, 7.75],
			"to": [19.125, 20.875, 8.25],
			"faces": {
				"north": {"uv": [3, 3, 4.5, 4.5], "texture": "#10"},
				"east": {"uv": [3, 3, 4.5, 4.5], "texture": "#10"},
				"south": {"uv": [3, 3, 4.5, 4.5], "texture": "#10"},
				"west": {"uv": [3, 3, 4.5, 4.5], "texture": "#10"},
				"up": {"uv": [3, 3, 4.5, 4.5], "texture": "#10"},
				"down": {"uv": [3, 3, 4.5, 4.5], "texture": "#10"}
			}
		},
		{
			"from": [17.625, 10.5, 7.75],
			"to": [19.125, 13.75, 8.25],
			"faces": {
				"north": {"uv": [3, 3, 4.5, 4.5], "texture": "#10"},
				"east": {"uv": [3, 3, 4.5, 4.5], "texture": "#10"},
				"south": {"uv": [3, 3, 4.5, 4.5], "texture": "#10"},
				"west": {"uv": [3, 3, 4.5, 4.5], "texture": "#10"},
				"up": {"uv": [3, 3, 4.5, 4.5], "texture": "#10"},
				"down": {"uv": [3, 3, 4.5, 4.5], "texture": "#10"}
			}
		},
		{
			"from": [16.5, 10.5, 7.75],
			"to": [18, 13.375, 8.25],
			"faces": {
				"north": {"uv": [3, 3, 4.5, 4.5], "texture": "#10"},
				"east": {"uv": [3, 3, 4.5, 4.5], "texture": "#10"},
				"south": {"uv": [3, 3, 4.5, 4.5], "texture": "#10"},
				"west": {"uv": [3, 3, 4.5, 4.5], "texture": "#10"},
				"up": {"uv": [3, 3, 4.5, 4.5], "texture": "#10"},
				"down": {"uv": [3, 3, 4.5, 4.5], "texture": "#10"}
			}
		},
		{
			"from": [13.25, 17, 7.75],
			"to": [14.125, 19.375, 8.25],
			"faces": {
				"north": {"uv": [3, 3, 4.5, 4.5], "texture": "#10"},
				"east": {"uv": [3, 3, 4.5, 4.5], "texture": "#10"},
				"south": {"uv": [3, 3, 4.5, 4.5], "texture": "#10"},
				"west": {"uv": [3, 3, 4.5, 4.5], "texture": "#10"},
				"up": {"uv": [3, 3, 4.5, 4.5], "texture": "#10"},
				"down": {"uv": [3, 3, 4.5, 4.5], "texture": "#10"}
			}
		},
		{
			"from": [16, 17.625, 7.75],
			"to": [16.75, 20.375, 8.25],
			"faces": {
				"north": {"uv": [3, 3, 4.5, 4.5], "texture": "#10"},
				"east": {"uv": [3, 3, 4.5, 4.5], "texture": "#10"},
				"south": {"uv": [3, 3, 4.5, 4.5], "texture": "#10"},
				"west": {"uv": [3, 3, 4.5, 4.5], "texture": "#10"},
				"up": {"uv": [3, 3, 4.5, 4.5], "texture": "#10"},
				"down": {"uv": [3, 3, 4.5, 4.5], "texture": "#10"}
			}
		},
		{
			"from": [14.25, 17.25, 7.75],
			"to": [16.375, 20.25, 8.25],
			"faces": {
				"north": {"uv": [3, 3, 4.5, 4.5], "texture": "#10"},
				"east": {"uv": [3, 3, 4.5, 4.5], "texture": "#10"},
				"south": {"uv": [3, 3, 4.5, 4.5], "texture": "#10"},
				"west": {"uv": [3, 3, 4.5, 4.5], "texture": "#10"},
				"up": {"uv": [3, 3, 4.5, 4.5], "texture": "#10"},
				"down": {"uv": [3, 3, 4.5, 4.5], "texture": "#10"}
			}
		},
		{
			"from": [12.75, 17.25, 7.75],
			"to": [13.625, 18.375, 8.25],
			"faces": {
				"north": {"uv": [3, 3, 4.5, 4.5], "texture": "#10"},
				"east": {"uv": [3, 3, 4.5, 4.5], "texture": "#10"},
				"south": {"uv": [3, 3, 4.5, 4.5], "texture": "#10"},
				"west": {"uv": [3, 3, 4.5, 4.5], "texture": "#10"},
				"up": {"uv": [3, 3, 4.5, 4.5], "texture": "#10"},
				"down": {"uv": [3, 3, 4.5, 4.5], "texture": "#10"}
			}
		},
		{
			"from": [12.25, 16.375, 7.75],
			"to": [15, 17.375, 8.25],
			"faces": {
				"north": {"uv": [3, 3, 4.5, 4.5], "texture": "#10"},
				"east": {"uv": [3, 3, 4.5, 4.5], "texture": "#10"},
				"south": {"uv": [3, 3, 4.5, 4.5], "texture": "#10"},
				"west": {"uv": [3, 3, 4.5, 4.5], "texture": "#10"},
				"up": {"uv": [3, 3, 4.5, 4.5], "texture": "#10"},
				"down": {"uv": [3, 3, 4.5, 4.5], "texture": "#10"}
			}
		},
		{
			"from": [18.75, 17.25, 7.75],
			"to": [20.125, 20.375, 8.25],
			"faces": {
				"north": {"uv": [3, 3, 4.5, 4.5], "texture": "#10"},
				"east": {"uv": [3, 3, 4.5, 4.5], "texture": "#10"},
				"south": {"uv": [3, 3, 4.5, 4.5], "texture": "#10"},
				"west": {"uv": [3, 3, 4.5, 4.5], "texture": "#10"},
				"up": {"uv": [3, 3, 4.5, 4.5], "texture": "#10"},
				"down": {"uv": [3, 3, 4.5, 4.5], "texture": "#10"}
			}
		},
		{
			"from": [18.75, 11.125, 7.75],
			"to": [20.125, 14.25, 8.25],
			"faces": {
				"north": {"uv": [3, 3, 4.5, 4.5], "texture": "#10"},
				"east": {"uv": [3, 3, 4.5, 4.5], "texture": "#10"},
				"south": {"uv": [3, 3, 4.5, 4.5], "texture": "#10"},
				"west": {"uv": [3, 3, 4.5, 4.5], "texture": "#10"},
				"up": {"uv": [3, 3, 4.5, 4.5], "texture": "#10"},
				"down": {"uv": [3, 3, 4.5, 4.5], "texture": "#10"}
			}
		},
		{
			"from": [16.125, 11.125, 7.75],
			"to": [17.25, 13.75, 8.25],
			"faces": {
				"north": {"uv": [3, 3, 4.5, 4.5], "texture": "#10"},
				"east": {"uv": [3, 3, 4.5, 4.5], "texture": "#10"},
				"south": {"uv": [3, 3, 4.5, 4.5], "texture": "#10"},
				"west": {"uv": [3, 3, 4.5, 4.5], "texture": "#10"},
				"up": {"uv": [3, 3, 4.5, 4.5], "texture": "#10"},
				"down": {"uv": [3, 3, 4.5, 4.5], "texture": "#10"}
			}
		},
		{
			"from": [20.25, 11.5, 7.75],
			"to": [21.125, 19.875, 8.25],
			"faces": {
				"north": {"uv": [3, 3, 4.5, 4.5], "texture": "#10"},
				"east": {"uv": [3, 3, 4.5, 4.5], "texture": "#10"},
				"south": {"uv": [3, 3, 4.5, 4.5], "texture": "#10"},
				"west": {"uv": [3, 3, 4.5, 4.5], "texture": "#10"},
				"up": {"uv": [3, 3, 4.5, 4.5], "texture": "#10"},
				"down": {"uv": [3, 3, 4.5, 4.5], "texture": "#10"}
			}
		},
		{
			"from": [19.75, 16.25, 7.75],
			"to": [20.625, 19.875, 8.25],
			"faces": {
				"north": {"uv": [3, 3, 4.5, 4.5], "texture": "#10"},
				"east": {"uv": [3, 3, 4.5, 4.5], "texture": "#10"},
				"south": {"uv": [3, 3, 4.5, 4.5], "texture": "#10"},
				"west": {"uv": [3, 3, 4.5, 4.5], "texture": "#10"},
				"up": {"uv": [3, 3, 4.5, 4.5], "texture": "#10"},
				"down": {"uv": [3, 3, 4.5, 4.5], "texture": "#10"}
			}
		},
		{
			"from": [19.75, 11.5, 7.75],
			"to": [20.625, 15.25, 8.25],
			"faces": {
				"north": {"uv": [3, 3, 4.5, 4.5], "texture": "#10"},
				"east": {"uv": [3, 3, 4.5, 4.5], "texture": "#10"},
				"south": {"uv": [3, 3, 4.5, 4.5], "texture": "#10"},
				"west": {"uv": [3, 3, 4.5, 4.5], "texture": "#10"},
				"up": {"uv": [3, 3, 4.5, 4.5], "texture": "#10"},
				"down": {"uv": [3, 3, 4.5, 4.5], "texture": "#10"}
			}
		},
		{
			"from": [20.75, 12, 7.75],
			"to": [21.625, 19.375, 8.25],
			"faces": {
				"north": {"uv": [3, 3, 4.5, 4.5], "texture": "#10"},
				"east": {"uv": [3, 3, 4.5, 4.5], "texture": "#10"},
				"south": {"uv": [3, 3, 4.5, 4.5], "texture": "#10"},
				"west": {"uv": [3, 3, 4.5, 4.5], "texture": "#10"},
				"up": {"uv": [3, 3, 4.5, 4.5], "texture": "#10"},
				"down": {"uv": [3, 3, 4.5, 4.5], "texture": "#10"}
			}
		},
		{
			"from": [21.75, 14, 7.75],
			"to": [22.625, 17.375, 8.25],
			"faces": {
				"north": {"uv": [3, 3, 4.5, 4.5], "texture": "#10"},
				"east": {"uv": [3, 3, 4.5, 4.5], "texture": "#10"},
				"south": {"uv": [3, 3, 4.5, 4.5], "texture": "#10"},
				"west": {"uv": [3, 3, 4.5, 4.5], "texture": "#10"},
				"up": {"uv": [3, 3, 4.5, 4.5], "texture": "#10"},
				"down": {"uv": [3, 3, 4.5, 4.5], "texture": "#10"}
			}
		},
		{
			"from": [21.25, 13, 7.75],
			"to": [22.125, 18.375, 8.25],
			"faces": {
				"north": {"uv": [3, 3, 4.5, 4.5], "texture": "#10"},
				"east": {"uv": [3, 3, 4.5, 4.5], "texture": "#10"},
				"south": {"uv": [3, 3, 4.5, 4.5], "texture": "#10"},
				"west": {"uv": [3, 3, 4.5, 4.5], "texture": "#10"},
				"up": {"uv": [3, 3, 4.5, 4.5], "texture": "#10"},
				"down": {"uv": [3, 3, 4.5, 4.5], "texture": "#10"}
			}
		},
		{
			"from": [16.625, 10.75, 7.25],
			"to": [18.875, 13, 8.75],
			"faces": {
				"north": {"uv": [3, 3, 4.5, 4.5], "texture": "#10"},
				"east": {"uv": [3, 3, 4.5, 4.5], "texture": "#10"},
				"south": {"uv": [3, 3, 4.5, 4.5], "texture": "#10"},
				"west": {"uv": [3, 3, 4.5, 4.5], "texture": "#10"},
				"up": {"uv": [3, 3, 4.5, 4.5], "texture": "#10"},
				"down": {"uv": [3, 3, 4.5, 4.5], "texture": "#10"}
			}
		},
		{
			"from": [16.125, 11.25, 7.25],
			"to": [17, 13.5, 8.75],
			"faces": {
				"north": {"uv": [3, 3, 4.5, 4.5], "texture": "#10"},
				"east": {"uv": [3, 3, 4.5, 4.5], "texture": "#10"},
				"south": {"uv": [3, 3, 4.5, 4.5], "texture": "#10"},
				"west": {"uv": [3, 3, 4.5, 4.5], "texture": "#10"},
				"up": {"uv": [3, 3, 4.5, 4.5], "texture": "#10"},
				"down": {"uv": [3, 3, 4.5, 4.5], "texture": "#10"}
			}
		},
		{
			"from": [18, 11.25, 7.25],
			"to": [19.875, 13.5, 8.75],
			"faces": {
				"north": {"uv": [3, 3, 4.5, 4.5], "texture": "#10"},
				"east": {"uv": [3, 3, 4.5, 4.5], "texture": "#10"},
				"south": {"uv": [3, 3, 4.5, 4.5], "texture": "#10"},
				"west": {"uv": [3, 3, 4.5, 4.5], "texture": "#10"},
				"up": {"uv": [3, 3, 4.5, 4.5], "texture": "#10"},
				"down": {"uv": [3, 3, 4.5, 4.5], "texture": "#10"}
			}
		},
		{
			"from": [19, 11.75, 7.25],
			"to": [20.875, 14.125, 8.75],
			"faces": {
				"north": {"uv": [3, 3, 4.5, 4.5], "texture": "#10"},
				"east": {"uv": [3, 3, 4.5, 4.5], "texture": "#10"},
				"south": {"uv": [3, 3, 4.5, 4.5], "texture": "#10"},
				"west": {"uv": [3, 3, 4.5, 4.5], "texture": "#10"},
				"up": {"uv": [3, 3, 4.5, 4.5], "texture": "#10"},
				"down": {"uv": [3, 3, 4.5, 4.5], "texture": "#10"}
			}
		},
		{
			"from": [16.5, 12.25, 7.25],
			"to": [21.375, 16, 8.75],
			"faces": {
				"north": {"uv": [3, 3, 4.5, 4.5], "texture": "#10"},
				"east": {"uv": [3, 3, 4.5, 4.5], "texture": "#10"},
				"south": {"uv": [3, 3, 4.5, 4.5], "texture": "#10"},
				"west": {"uv": [3, 3, 4.5, 4.5], "texture": "#10"},
				"up": {"uv": [3, 3, 4.5, 4.5], "texture": "#10"},
				"down": {"uv": [3, 3, 4.5, 4.5], "texture": "#10"}
			}
		},
		{
			"from": [20.5, 13.25, 7.25],
			"to": [21.875, 16.125, 8.75],
			"faces": {
				"north": {"uv": [3, 3, 4.5, 4.5], "texture": "#10"},
				"east": {"uv": [3, 3, 4.5, 4.5], "texture": "#10"},
				"south": {"uv": [3, 3, 4.5, 4.5], "texture": "#10"},
				"west": {"uv": [3, 3, 4.5, 4.5], "texture": "#10"},
				"up": {"uv": [3, 3, 4.5, 4.5], "texture": "#10"},
				"down": {"uv": [3, 3, 4.5, 4.5], "texture": "#10"}
			}
		},
		{
			"from": [21, 14.25, 7.25],
			"to": [22.375, 17.125, 8.75],
			"faces": {
				"north": {"uv": [3, 3, 4.5, 4.5], "texture": "#10"},
				"east": {"uv": [3, 3, 4.5, 4.5], "texture": "#10"},
				"south": {"uv": [3, 3, 4.5, 4.5], "texture": "#10"},
				"west": {"uv": [3, 3, 4.5, 4.5], "texture": "#10"},
				"up": {"uv": [3, 3, 4.5, 4.5], "texture": "#10"},
				"down": {"uv": [3, 3, 4.5, 4.5], "texture": "#10"}
			}
		},
		{
			"from": [15, 16.375, 7.25],
			"to": [16.25, 19.625, 8.75],
			"faces": {
				"north": {"uv": [3, 3, 4.5, 4.5], "texture": "#10"},
				"east": {"uv": [3, 3, 4.5, 4.5], "texture": "#10"},
				"south": {"uv": [3, 3, 4.5, 4.5], "texture": "#10"},
				"west": {"uv": [3, 3, 4.5, 4.5], "texture": "#10"},
				"up": {"uv": [3, 3, 4.5, 4.5], "texture": "#10"},
				"down": {"uv": [3, 3, 4.5, 4.5], "texture": "#10"}
			}
		},
		{
			"from": [14.5, 18, 7.25],
			"to": [16.75, 20.125, 8.75],
			"faces": {
				"north": {"uv": [3, 3, 4.5, 4.5], "texture": "#10"},
				"east": {"uv": [3, 3, 4.5, 4.5], "texture": "#10"},
				"south": {"uv": [3, 3, 4.5, 4.5], "texture": "#10"},
				"west": {"uv": [3, 3, 4.5, 4.5], "texture": "#10"},
				"up": {"uv": [3, 3, 4.5, 4.5], "texture": "#10"},
				"down": {"uv": [3, 3, 4.5, 4.5], "texture": "#10"}
			}
		},
		{
			"from": [16.375, 18.25, 7.25],
			"to": [18.875, 20.625, 8.75],
			"faces": {
				"north": {"uv": [3, 3, 4.5, 4.5], "texture": "#10"},
				"east": {"uv": [3, 3, 4.5, 4.5], "texture": "#10"},
				"south": {"uv": [3, 3, 4.5, 4.5], "texture": "#10"},
				"west": {"uv": [3, 3, 4.5, 4.5], "texture": "#10"},
				"up": {"uv": [3, 3, 4.5, 4.5], "texture": "#10"},
				"down": {"uv": [3, 3, 4.5, 4.5], "texture": "#10"}
			}
		},
		{
			"from": [15.875, 17.25, 7.25],
			"to": [19.875, 20.125, 8.75],
			"faces": {
				"north": {"uv": [3, 3, 4.5, 4.5], "texture": "#10"},
				"east": {"uv": [3, 3, 4.5, 4.5], "texture": "#10"},
				"south": {"uv": [3, 3, 4.5, 4.5], "texture": "#10"},
				"west": {"uv": [3, 3, 4.5, 4.5], "texture": "#10"},
				"up": {"uv": [3, 3, 4.5, 4.5], "texture": "#10"},
				"down": {"uv": [3, 3, 4.5, 4.5], "texture": "#10"}
			}
		},
		{
			"from": [20, 16.375, 7.25],
			"to": [21.375, 19.125, 8.75],
			"faces": {
				"north": {"uv": [3, 3, 4.5, 4.5], "texture": "#10"},
				"east": {"uv": [3, 3, 4.5, 4.5], "texture": "#10"},
				"south": {"uv": [3, 3, 4.5, 4.5], "texture": "#10"},
				"west": {"uv": [3, 3, 4.5, 4.5], "texture": "#10"},
				"up": {"uv": [3, 3, 4.5, 4.5], "texture": "#10"},
				"down": {"uv": [3, 3, 4.5, 4.5], "texture": "#10"}
			}
		},
		{
			"from": [19, 17.375, 7.25],
			"to": [20.875, 19.625, 8.75],
			"faces": {
				"north": {"uv": [3, 3, 4.5, 4.5], "texture": "#10"},
				"east": {"uv": [3, 3, 4.5, 4.5], "texture": "#10"},
				"south": {"uv": [3, 3, 4.5, 4.5], "texture": "#10"},
				"west": {"uv": [3, 3, 4.5, 4.5], "texture": "#10"},
				"up": {"uv": [3, 3, 4.5, 4.5], "texture": "#10"},
				"down": {"uv": [3, 3, 4.5, 4.5], "texture": "#10"}
			}
		},
		{
			"from": [21, 14.375, 7.25],
			"to": [22.375, 17.125, 8.75],
			"faces": {
				"north": {"uv": [3, 3, 4.5, 4.5], "texture": "#10"},
				"east": {"uv": [3, 3, 4.5, 4.5], "texture": "#10"},
				"south": {"uv": [3, 3, 4.5, 4.5], "texture": "#10"},
				"west": {"uv": [3, 3, 4.5, 4.5], "texture": "#10"},
				"up": {"uv": [3, 3, 4.5, 4.5], "texture": "#10"},
				"down": {"uv": [3, 3, 4.5, 4.5], "texture": "#10"}
			}
		},
		{
			"from": [16.25, 15.375, 7.25],
			"to": [21.875, 18.125, 8.75],
			"faces": {
				"north": {"uv": [3, 3, 4.5, 4.5], "texture": "#10"},
				"east": {"uv": [3, 3, 4.5, 4.5], "texture": "#10"},
				"south": {"uv": [3, 3, 4.5, 4.5], "texture": "#10"},
				"west": {"uv": [3, 3, 4.5, 4.5], "texture": "#10"},
				"up": {"uv": [3, 3, 4.5, 4.5], "texture": "#10"},
				"down": {"uv": [3, 3, 4.5, 4.5], "texture": "#10"}
			}
		},
		{
			"from": [16.125, 17.875, 7.75],
			"to": [18.125, 20.875, 8.25],
			"faces": {
				"north": {"uv": [3, 3, 4.5, 4.5], "texture": "#10"},
				"east": {"uv": [3, 3, 4.5, 4.5], "texture": "#10"},
				"south": {"uv": [3, 3, 4.5, 4.5], "texture": "#10"},
				"west": {"uv": [3, 3, 4.5, 4.5], "texture": "#10"},
				"up": {"uv": [3, 3, 4.5, 4.5], "texture": "#10"},
				"down": {"uv": [3, 3, 4.5, 4.5], "texture": "#10"}
			}
		},
		{
			"from": [-2.125, 17.875, 7.75],
			"to": [-0.125, 20.875, 8.25],
			"faces": {
				"north": {"uv": [4.5, 3, 3, 4.5], "texture": "#10"},
				"east": {"uv": [4.5, 3, 3, 4.5], "texture": "#10"},
				"south": {"uv": [4.5, 3, 3, 4.5], "texture": "#10"},
				"west": {"uv": [4.5, 3, 3, 4.5], "texture": "#10"},
				"up": {"uv": [4.5, 3, 3, 4.5], "texture": "#10"},
				"down": {"uv": [4.5, 3, 3, 4.5], "texture": "#10"}
			}
		},
		{
			"from": [-2.875, 10.75, 7.25],
			"to": [-0.625, 13, 8.75],
			"faces": {
				"north": {"uv": [4.5, 3, 3, 4.5], "texture": "#10"},
				"east": {"uv": [4.5, 3, 3, 4.5], "texture": "#10"},
				"south": {"uv": [4.5, 3, 3, 4.5], "texture": "#10"},
				"west": {"uv": [4.5, 3, 3, 4.5], "texture": "#10"},
				"up": {"uv": [4.5, 3, 3, 4.5], "texture": "#10"},
				"down": {"uv": [4.5, 3, 3, 4.5], "texture": "#10"}
			}
		},
		{
			"from": [-1, 11.25, 7.25],
			"to": [-0.125, 13.5, 8.75],
			"faces": {
				"north": {"uv": [4.5, 3, 3, 4.5], "texture": "#10"},
				"east": {"uv": [4.5, 3, 3, 4.5], "texture": "#10"},
				"south": {"uv": [4.5, 3, 3, 4.5], "texture": "#10"},
				"west": {"uv": [4.5, 3, 3, 4.5], "texture": "#10"},
				"up": {"uv": [4.5, 3, 3, 4.5], "texture": "#10"},
				"down": {"uv": [4.5, 3, 3, 4.5], "texture": "#10"}
			}
		},
		{
			"from": [-3.875, 11.25, 7.25],
			"to": [-2, 13.5, 8.75],
			"faces": {
				"north": {"uv": [4.5, 3, 3, 4.5], "texture": "#10"},
				"east": {"uv": [4.5, 3, 3, 4.5], "texture": "#10"},
				"south": {"uv": [4.5, 3, 3, 4.5], "texture": "#10"},
				"west": {"uv": [4.5, 3, 3, 4.5], "texture": "#10"},
				"up": {"uv": [4.5, 3, 3, 4.5], "texture": "#10"},
				"down": {"uv": [4.5, 3, 3, 4.5], "texture": "#10"}
			}
		},
		{
			"from": [-4.875, 11.75, 7.25],
			"to": [-3, 14.125, 8.75],
			"faces": {
				"north": {"uv": [4.5, 3, 3, 4.5], "texture": "#10"},
				"east": {"uv": [4.5, 3, 3, 4.5], "texture": "#10"},
				"south": {"uv": [4.5, 3, 3, 4.5], "texture": "#10"},
				"west": {"uv": [4.5, 3, 3, 4.5], "texture": "#10"},
				"up": {"uv": [4.5, 3, 3, 4.5], "texture": "#10"},
				"down": {"uv": [4.5, 3, 3, 4.5], "texture": "#10"}
			}
		},
		{
			"from": [-5.375, 12.25, 7.25],
			"to": [-0.5, 16, 8.75],
			"faces": {
				"north": {"uv": [4.5, 3, 3, 4.5], "texture": "#10"},
				"east": {"uv": [4.5, 3, 3, 4.5], "texture": "#10"},
				"south": {"uv": [4.5, 3, 3, 4.5], "texture": "#10"},
				"west": {"uv": [4.5, 3, 3, 4.5], "texture": "#10"},
				"up": {"uv": [4.5, 3, 3, 4.5], "texture": "#10"},
				"down": {"uv": [4.5, 3, 3, 4.5], "texture": "#10"}
			}
		},
		{
			"from": [-5.875, 13.25, 7.25],
			"to": [-4.5, 16.125, 8.75],
			"faces": {
				"north": {"uv": [4.5, 3, 3, 4.5], "texture": "#10"},
				"east": {"uv": [4.5, 3, 3, 4.5], "texture": "#10"},
				"south": {"uv": [4.5, 3, 3, 4.5], "texture": "#10"},
				"west": {"uv": [4.5, 3, 3, 4.5], "texture": "#10"},
				"up": {"uv": [4.5, 3, 3, 4.5], "texture": "#10"},
				"down": {"uv": [4.5, 3, 3, 4.5], "texture": "#10"}
			}
		},
		{
			"from": [-6.375, 14.25, 7.25],
			"to": [-5, 17.125, 8.75],
			"faces": {
				"north": {"uv": [4.5, 3, 3, 4.5], "texture": "#10"},
				"east": {"uv": [4.5, 3, 3, 4.5], "texture": "#10"},
				"south": {"uv": [4.5, 3, 3, 4.5], "texture": "#10"},
				"west": {"uv": [4.5, 3, 3, 4.5], "texture": "#10"},
				"up": {"uv": [4.5, 3, 3, 4.5], "texture": "#10"},
				"down": {"uv": [4.5, 3, 3, 4.5], "texture": "#10"}
			}
		},
		{
			"from": [-0.25, 16.375, 7.25],
			"to": [1, 19.625, 8.75],
			"faces": {
				"north": {"uv": [4.5, 3, 3, 4.5], "texture": "#10"},
				"east": {"uv": [4.5, 3, 3, 4.5], "texture": "#10"},
				"south": {"uv": [4.5, 3, 3, 4.5], "texture": "#10"},
				"west": {"uv": [4.5, 3, 3, 4.5], "texture": "#10"},
				"up": {"uv": [4.5, 3, 3, 4.5], "texture": "#10"},
				"down": {"uv": [4.5, 3, 3, 4.5], "texture": "#10"}
			}
		},
		{
			"from": [-0.25, 16.375, 7.25],
			"to": [1, 19.625, 8.75],
			"faces": {
				"north": {"uv": [4.5, 3, 3, 4.5], "texture": "#10"},
				"east": {"uv": [4.5, 3, 3, 4.5], "texture": "#10"},
				"south": {"uv": [4.5, 3, 3, 4.5], "texture": "#10"},
				"west": {"uv": [4.5, 3, 3, 4.5], "texture": "#10"},
				"up": {"uv": [4.5, 3, 3, 4.5], "texture": "#10"},
				"down": {"uv": [4.5, 3, 3, 4.5], "texture": "#10"}
			}
		},
		{
			"from": [-0.75, 18, 7.25],
			"to": [1.5, 20.125, 8.75],
			"faces": {
				"north": {"uv": [4.5, 3, 3, 4.5], "texture": "#10"},
				"east": {"uv": [4.5, 3, 3, 4.5], "texture": "#10"},
				"south": {"uv": [4.5, 3, 3, 4.5], "texture": "#10"},
				"west": {"uv": [4.5, 3, 3, 4.5], "texture": "#10"},
				"up": {"uv": [4.5, 3, 3, 4.5], "texture": "#10"},
				"down": {"uv": [4.5, 3, 3, 4.5], "texture": "#10"}
			}
		},
		{
			"from": [-2.875, 18.25, 7.25],
			"to": [-0.375, 20.625, 8.75],
			"faces": {
				"north": {"uv": [4.5, 3, 3, 4.5], "texture": "#10"},
				"east": {"uv": [4.5, 3, 3, 4.5], "texture": "#10"},
				"south": {"uv": [4.5, 3, 3, 4.5], "texture": "#10"},
				"west": {"uv": [4.5, 3, 3, 4.5], "texture": "#10"},
				"up": {"uv": [4.5, 3, 3, 4.5], "texture": "#10"},
				"down": {"uv": [4.5, 3, 3, 4.5], "texture": "#10"}
			}
		},
		{
			"from": [-3.875, 17.25, 7.25],
			"to": [0.125, 20.125, 8.75],
			"faces": {
				"north": {"uv": [4.5, 3, 3, 4.5], "texture": "#10"},
				"east": {"uv": [4.5, 3, 3, 4.5], "texture": "#10"},
				"south": {"uv": [4.5, 3, 3, 4.5], "texture": "#10"},
				"west": {"uv": [4.5, 3, 3, 4.5], "texture": "#10"},
				"up": {"uv": [4.5, 3, 3, 4.5], "texture": "#10"},
				"down": {"uv": [4.5, 3, 3, 4.5], "texture": "#10"}
			}
		},
		{
			"from": [-5.375, 16.375, 7.25],
			"to": [-4, 19.125, 8.75],
			"faces": {
				"north": {"uv": [4.5, 3, 3, 4.5], "texture": "#10"},
				"east": {"uv": [4.5, 3, 3, 4.5], "texture": "#10"},
				"south": {"uv": [4.5, 3, 3, 4.5], "texture": "#10"},
				"west": {"uv": [4.5, 3, 3, 4.5], "texture": "#10"},
				"up": {"uv": [4.5, 3, 3, 4.5], "texture": "#10"},
				"down": {"uv": [4.5, 3, 3, 4.5], "texture": "#10"}
			}
		},
		{
			"from": [-4.875, 17.375, 7.25],
			"to": [-3, 19.625, 8.75],
			"faces": {
				"north": {"uv": [4.5, 3, 3, 4.5], "texture": "#10"},
				"east": {"uv": [4.5, 3, 3, 4.5], "texture": "#10"},
				"south": {"uv": [4.5, 3, 3, 4.5], "texture": "#10"},
				"west": {"uv": [4.5, 3, 3, 4.5], "texture": "#10"},
				"up": {"uv": [4.5, 3, 3, 4.5], "texture": "#10"},
				"down": {"uv": [4.5, 3, 3, 4.5], "texture": "#10"}
			}
		},
		{
			"from": [-6.375, 14.375, 7.25],
			"to": [-5, 17.125, 8.75],
			"faces": {
				"north": {"uv": [4.5, 3, 3, 4.5], "texture": "#10"},
				"east": {"uv": [4.5, 3, 3, 4.5], "texture": "#10"},
				"south": {"uv": [4.5, 3, 3, 4.5], "texture": "#10"},
				"west": {"uv": [4.5, 3, 3, 4.5], "texture": "#10"},
				"up": {"uv": [4.5, 3, 3, 4.5], "texture": "#10"},
				"down": {"uv": [4.5, 3, 3, 4.5], "texture": "#10"}
			}
		},
		{
			"from": [-5.875, 15.375, 7.25],
			"to": [-0.25, 18.125, 8.75],
			"faces": {
				"north": {"uv": [4.5, 3, 3, 4.5], "texture": "#10"},
				"east": {"uv": [4.5, 3, 3, 4.5], "texture": "#10"},
				"south": {"uv": [4.5, 3, 3, 4.5], "texture": "#10"},
				"west": {"uv": [4.5, 3, 3, 4.5], "texture": "#10"},
				"up": {"uv": [4.5, 3, 3, 4.5], "texture": "#10"},
				"down": {"uv": [4.5, 3, 3, 4.5], "texture": "#10"}
			}
		},
		{
			"from": [-6.125, 13, 7.75],
			"to": [-5.25, 18.375, 8.25],
			"faces": {
				"north": {"uv": [4.5, 3, 3, 4.5], "texture": "#10"},
				"east": {"uv": [4.5, 3, 3, 4.5], "texture": "#10"},
				"south": {"uv": [4.5, 3, 3, 4.5], "texture": "#10"},
				"west": {"uv": [4.5, 3, 3, 4.5], "texture": "#10"},
				"up": {"uv": [4.5, 3, 3, 4.5], "texture": "#10"},
				"down": {"uv": [4.5, 3, 3, 4.5], "texture": "#10"}
			}
		},
		{
			"from": [-6.625, 14, 7.75],
			"to": [-5.75, 17.375, 8.25],
			"faces": {
				"north": {"uv": [4.5, 3, 3, 4.5], "texture": "#10"},
				"east": {"uv": [4.5, 3, 3, 4.5], "texture": "#10"},
				"south": {"uv": [4.5, 3, 3, 4.5], "texture": "#10"},
				"west": {"uv": [4.5, 3, 3, 4.5], "texture": "#10"},
				"up": {"uv": [4.5, 3, 3, 4.5], "texture": "#10"},
				"down": {"uv": [4.5, 3, 3, 4.5], "texture": "#10"}
			}
		},
		{
			"from": [-5.625, 12, 7.75],
			"to": [-4.75, 19.375, 8.25],
			"faces": {
				"north": {"uv": [4.5, 3, 3, 4.5], "texture": "#10"},
				"east": {"uv": [4.5, 3, 3, 4.5], "texture": "#10"},
				"south": {"uv": [4.5, 3, 3, 4.5], "texture": "#10"},
				"west": {"uv": [4.5, 3, 3, 4.5], "texture": "#10"},
				"up": {"uv": [4.5, 3, 3, 4.5], "texture": "#10"},
				"down": {"uv": [4.5, 3, 3, 4.5], "texture": "#10"}
			}
		},
		{
			"from": [-4.625, 11.5, 7.75],
			"to": [-3.75, 15.25, 8.25],
			"faces": {
				"north": {"uv": [4.5, 3, 3, 4.5], "texture": "#10"},
				"east": {"uv": [4.5, 3, 3, 4.5], "texture": "#10"},
				"south": {"uv": [4.5, 3, 3, 4.5], "texture": "#10"},
				"west": {"uv": [4.5, 3, 3, 4.5], "texture": "#10"},
				"up": {"uv": [4.5, 3, 3, 4.5], "texture": "#10"},
				"down": {"uv": [4.5, 3, 3, 4.5], "texture": "#10"}
			}
		},
		{
			"from": [-4.625, 16.25, 7.75],
			"to": [-3.75, 19.875, 8.25],
			"faces": {
				"north": {"uv": [4.5, 3, 3, 4.5], "texture": "#10"},
				"east": {"uv": [4.5, 3, 3, 4.5], "texture": "#10"},
				"south": {"uv": [4.5, 3, 3, 4.5], "texture": "#10"},
				"west": {"uv": [4.5, 3, 3, 4.5], "texture": "#10"},
				"up": {"uv": [4.5, 3, 3, 4.5], "texture": "#10"},
				"down": {"uv": [4.5, 3, 3, 4.5], "texture": "#10"}
			}
		},
		{
			"from": [-5.125, 11.5, 7.75],
			"to": [-4.25, 19.875, 8.25],
			"faces": {
				"north": {"uv": [4.5, 3, 3, 4.5], "texture": "#10"},
				"east": {"uv": [4.5, 3, 3, 4.5], "texture": "#10"},
				"south": {"uv": [4.5, 3, 3, 4.5], "texture": "#10"},
				"west": {"uv": [4.5, 3, 3, 4.5], "texture": "#10"},
				"up": {"uv": [4.5, 3, 3, 4.5], "texture": "#10"},
				"down": {"uv": [4.5, 3, 3, 4.5], "texture": "#10"}
			}
		},
		{
			"from": [-1.25, 11.125, 7.75],
			"to": [-0.125, 13.75, 8.25],
			"faces": {
				"north": {"uv": [4.5, 3, 3, 4.5], "texture": "#10"},
				"east": {"uv": [4.5, 3, 3, 4.5], "texture": "#10"},
				"south": {"uv": [4.5, 3, 3, 4.5], "texture": "#10"},
				"west": {"uv": [4.5, 3, 3, 4.5], "texture": "#10"},
				"up": {"uv": [4.5, 3, 3, 4.5], "texture": "#10"},
				"down": {"uv": [4.5, 3, 3, 4.5], "texture": "#10"}
			}
		},
		{
			"from": [-4.125, 11.125, 7.75],
			"to": [-2.75, 14.25, 8.25],
			"faces": {
				"north": {"uv": [4.5, 3, 3, 4.5], "texture": "#10"},
				"east": {"uv": [4.5, 3, 3, 4.5], "texture": "#10"},
				"south": {"uv": [4.5, 3, 3, 4.5], "texture": "#10"},
				"west": {"uv": [4.5, 3, 3, 4.5], "texture": "#10"},
				"up": {"uv": [4.5, 3, 3, 4.5], "texture": "#10"},
				"down": {"uv": [4.5, 3, 3, 4.5], "texture": "#10"}
			}
		},
		{
			"from": [-4.125, 17.25, 7.75],
			"to": [-2.75, 20.375, 8.25],
			"faces": {
				"north": {"uv": [4.5, 3, 3, 4.5], "texture": "#10"},
				"east": {"uv": [4.5, 3, 3, 4.5], "texture": "#10"},
				"south": {"uv": [4.5, 3, 3, 4.5], "texture": "#10"},
				"west": {"uv": [4.5, 3, 3, 4.5], "texture": "#10"},
				"up": {"uv": [4.5, 3, 3, 4.5], "texture": "#10"},
				"down": {"uv": [4.5, 3, 3, 4.5], "texture": "#10"}
			}
		},
		{
			"from": [1, 16.375, 7.75],
			"to": [3.75, 17.375, 8.25],
			"faces": {
				"north": {"uv": [4.5, 3, 3, 4.5], "texture": "#10"},
				"east": {"uv": [4.5, 3, 3, 4.5], "texture": "#10"},
				"south": {"uv": [4.5, 3, 3, 4.5], "texture": "#10"},
				"west": {"uv": [4.5, 3, 3, 4.5], "texture": "#10"},
				"up": {"uv": [4.5, 3, 3, 4.5], "texture": "#10"},
				"down": {"uv": [4.5, 3, 3, 4.5], "texture": "#10"}
			}
		},
		{
			"from": [2.375, 17.25, 7.75],
			"to": [3.25, 18.375, 8.25],
			"faces": {
				"north": {"uv": [4.5, 3, 3, 4.5], "texture": "#10"},
				"east": {"uv": [4.5, 3, 3, 4.5], "texture": "#10"},
				"south": {"uv": [4.5, 3, 3, 4.5], "texture": "#10"},
				"west": {"uv": [4.5, 3, 3, 4.5], "texture": "#10"},
				"up": {"uv": [4.5, 3, 3, 4.5], "texture": "#10"},
				"down": {"uv": [4.5, 3, 3, 4.5], "texture": "#10"}
			}
		},
		{
			"from": [-0.375, 17.25, 7.75],
			"to": [1.75, 20.25, 8.25],
			"faces": {
				"north": {"uv": [4.5, 3, 3, 4.5], "texture": "#10"},
				"east": {"uv": [4.5, 3, 3, 4.5], "texture": "#10"},
				"south": {"uv": [4.5, 3, 3, 4.5], "texture": "#10"},
				"west": {"uv": [4.5, 3, 3, 4.5], "texture": "#10"},
				"up": {"uv": [4.5, 3, 3, 4.5], "texture": "#10"},
				"down": {"uv": [4.5, 3, 3, 4.5], "texture": "#10"}
			}
		},
		{
			"from": [-0.75, 17.625, 7.75],
			"to": [0, 20.375, 8.25],
			"faces": {
				"north": {"uv": [4.5, 3, 3, 4.5], "texture": "#10"},
				"east": {"uv": [4.5, 3, 3, 4.5], "texture": "#10"},
				"south": {"uv": [4.5, 3, 3, 4.5], "texture": "#10"},
				"west": {"uv": [4.5, 3, 3, 4.5], "texture": "#10"},
				"up": {"uv": [4.5, 3, 3, 4.5], "texture": "#10"},
				"down": {"uv": [4.5, 3, 3, 4.5], "texture": "#10"}
			}
		},
		{
			"from": [1.875, 17, 7.75],
			"to": [2.75, 19.375, 8.25],
			"faces": {
				"north": {"uv": [4.5, 3, 3, 4.5], "texture": "#10"},
				"east": {"uv": [4.5, 3, 3, 4.5], "texture": "#10"},
				"south": {"uv": [4.5, 3, 3, 4.5], "texture": "#10"},
				"west": {"uv": [4.5, 3, 3, 4.5], "texture": "#10"},
				"up": {"uv": [4.5, 3, 3, 4.5], "texture": "#10"},
				"down": {"uv": [4.5, 3, 3, 4.5], "texture": "#10"}
			}
		},
		{
			"from": [-2, 10.5, 7.75],
			"to": [-0.5, 13.375, 8.25],
			"faces": {
				"north": {"uv": [4.5, 3, 3, 4.5], "texture": "#10"},
				"east": {"uv": [4.5, 3, 3, 4.5], "texture": "#10"},
				"south": {"uv": [4.5, 3, 3, 4.5], "texture": "#10"},
				"west": {"uv": [4.5, 3, 3, 4.5], "texture": "#10"},
				"up": {"uv": [4.5, 3, 3, 4.5], "texture": "#10"},
				"down": {"uv": [4.5, 3, 3, 4.5], "texture": "#10"}
			}
		},
		{
			"from": [-3.125, 10.5, 7.75],
			"to": [-1.625, 13.75, 8.25],
			"faces": {
				"north": {"uv": [4.5, 3, 3, 4.5], "texture": "#10"},
				"east": {"uv": [4.5, 3, 3, 4.5], "texture": "#10"},
				"south": {"uv": [4.5, 3, 3, 4.5], "texture": "#10"},
				"west": {"uv": [4.5, 3, 3, 4.5], "texture": "#10"},
				"up": {"uv": [4.5, 3, 3, 4.5], "texture": "#10"},
				"down": {"uv": [4.5, 3, 3, 4.5], "texture": "#10"}
			}
		},
		{
			"from": [-3.125, 17.625, 7.75],
			"to": [-1.75, 20.875, 8.25],
			"faces": {
				"north": {"uv": [4.5, 3, 3, 4.5], "texture": "#10"},
				"east": {"uv": [4.5, 3, 3, 4.5], "texture": "#10"},
				"south": {"uv": [4.5, 3, 3, 4.5], "texture": "#10"},
				"west": {"uv": [4.5, 3, 3, 4.5], "texture": "#10"},
				"up": {"uv": [4.5, 3, 3, 4.5], "texture": "#10"},
				"down": {"uv": [4.5, 3, 3, 4.5], "texture": "#10"}
			}
		},
		{
			"from": [7, 16.5, 7.25],
			"to": [9, 18.5, 8.75],
			"rotation": {"angle": 0, "axis": "y", "origin": [15, 6, 8]},
			"faces": {
				"north": {"uv": [4.5, 3, 3, 4.5], "texture": "#1"},
				"east": {"uv": [4.5, 3, 3, 4.5], "texture": "#1"},
				"south": {"uv": [4.5, 3, 3, 4.5], "texture": "#1"},
				"west": {"uv": [4.5, 3, 3, 4.5], "texture": "#1"},
				"up": {"uv": [4.5, 3, 3, 4.5], "texture": "#1"},
				"down": {"uv": [4.5, 3, 3, 4.5], "texture": "#1"}
			}
		},
		{
			"from": [6, 16.5, 7.4],
			"to": [7, 18.5, 8.6],
			"rotation": {"angle": 0, "axis": "y", "origin": [13, 6, 8]},
			"faces": {
				"north": {"uv": [4.5, 3, 3, 4.5], "texture": "#1"},
				"east": {"uv": [4.5, 3, 3, 4.5], "texture": "#1"},
				"south": {"uv": [4.5, 3, 3, 4.5], "texture": "#1"},
				"west": {"uv": [4.5, 3, 3, 4.5], "texture": "#1"},
				"up": {"uv": [4.5, 3, 3, 4.5], "texture": "#1"},
				"down": {"uv": [4.5, 3, 3, 4.5], "texture": "#1"}
			}
		},
		{
			"from": [9, 16.5, 7.4],
			"to": [10, 18.5, 8.6],
			"rotation": {"angle": 0, "axis": "y", "origin": [17, 6, 8]},
			"faces": {
				"north": {"uv": [4.5, 3, 3, 4.5], "texture": "#1"},
				"east": {"uv": [4.5, 3, 3, 4.5], "texture": "#1"},
				"south": {"uv": [4.5, 3, 3, 4.5], "texture": "#1"},
				"west": {"uv": [4.5, 3, 3, 4.5], "texture": "#1"},
				"up": {"uv": [4.5, 3, 3, 4.5], "texture": "#1"},
				"down": {"uv": [4.5, 3, 3, 4.5], "texture": "#1"}
			}
		},
		{
			"from": [10, 16.5, 7.3],
			"to": [11, 19.7, 8.7],
			"rotation": {"angle": 0, "axis": "y", "origin": [18, 6, 8]},
			"faces": {
				"north": {"uv": [4.5, 3, 3, 4.5], "texture": "#1"},
				"east": {"uv": [4.5, 3, 3, 4.5], "texture": "#1"},
				"south": {"uv": [4.5, 3, 3, 4.5], "texture": "#1"},
				"west": {"uv": [4.5, 3, 3, 4.5], "texture": "#1"},
				"up": {"uv": [4.5, 3, 3, 4.5], "texture": "#1"},
				"down": {"uv": [4.5, 3, 3, 4.5], "texture": "#1"}
			}
		},
		{
			"from": [5, 16.5, 7.3],
			"to": [6, 19.7, 8.7],
			"rotation": {"angle": 0, "axis": "y", "origin": [12, 6, 8]},
			"faces": {
				"north": {"uv": [4.5, 3, 3, 4.5], "texture": "#1"},
				"east": {"uv": [4.5, 3, 3, 4.5], "texture": "#1"},
				"south": {"uv": [4.5, 3, 3, 4.5], "texture": "#1"},
				"west": {"uv": [4.5, 3, 3, 4.5], "texture": "#1"},
				"up": {"uv": [4.5, 3, 3, 4.5], "texture": "#1"},
				"down": {"uv": [4.5, 3, 3, 4.5], "texture": "#1"}
			}
		},
		{
			"from": [4, 16.5, 7.2],
			"to": [5, 18.5, 8.8],
			"rotation": {"angle": 0, "axis": "y", "origin": [11, 6, 8]},
			"faces": {
				"north": {"uv": [4.5, 3, 3, 4.5], "texture": "#1"},
				"east": {"uv": [4.5, 3, 3, 4.5], "texture": "#1"},
				"south": {"uv": [4.5, 3, 3, 4.5], "texture": "#1"},
				"west": {"uv": [4.5, 3, 3, 4.5], "texture": "#1"},
				"up": {"uv": [4.5, 3, 3, 4.5], "texture": "#1"},
				"down": {"uv": [4.5, 3, 3, 4.5], "texture": "#1"}
			}
		},
		{
			"from": [11, 16.5, 7.2],
			"to": [12, 19.5, 8.8],
			"rotation": {"angle": 0, "axis": "y", "origin": [18, 6, 8]},
			"faces": {
				"north": {"uv": [4.5, 3, 3, 4.5], "texture": "#1"},
				"east": {"uv": [4.5, 3, 3, 4.5], "texture": "#1"},
				"south": {"uv": [4.5, 3, 3, 4.5], "texture": "#1"},
				"west": {"uv": [4.5, 3, 3, 4.5], "texture": "#1"},
				"up": {"uv": [4.5, 3, 3, 4.5], "texture": "#1"},
				"down": {"uv": [4.5, 3, 3, 4.5], "texture": "#1"}
			}
		},
		{
			"from": [2, 16.5, 7.1],
			"to": [4, 18.5, 8.9],
			"rotation": {"angle": 0, "axis": "y", "origin": [11, 6, 8]},
			"faces": {
				"north": {"uv": [4.5, 3, 3, 4.5], "texture": "#1"},
				"east": {"uv": [4.5, 3, 3, 4.5], "texture": "#1"},
				"south": {"uv": [4.5, 3, 3, 4.5], "texture": "#1"},
				"west": {"uv": [4.5, 3, 3, 4.5], "texture": "#1"},
				"up": {"uv": [4.5, 3, 3, 4.5], "texture": "#1"},
				"down": {"uv": [4.5, 3, 3, 4.5], "texture": "#1"}
			}
		},
		{
			"from": [11, 18.5, 7.2],
			"to": [13.4, 20, 8.8],
			"rotation": {"angle": 0, "axis": "y", "origin": [20, 8, 8]},
			"faces": {
				"north": {"uv": [4.5, 3, 3, 4.5], "texture": "#1"},
				"east": {"uv": [4.5, 3, 3, 4.5], "texture": "#1"},
				"south": {"uv": [4.5, 3, 3, 4.5], "texture": "#1"},
				"west": {"uv": [4.5, 3, 3, 4.5], "texture": "#1"},
				"up": {"uv": [4.5, 3, 3, 4.5], "texture": "#1"},
				"down": {"uv": [4.5, 3, 3, 4.5], "texture": "#1"}
			}
		},
		{
			"from": [2.6, 18.5, 7.2],
			"to": [5, 20, 8.8],
			"rotation": {"angle": 0, "axis": "y", "origin": [11, 8, 8]},
			"faces": {
				"north": {"uv": [4.5, 3, 3, 4.5], "texture": "#1"},
				"east": {"uv": [4.5, 3, 3, 4.5], "texture": "#1"},
				"south": {"uv": [4.5, 3, 3, 4.5], "texture": "#1"},
				"west": {"uv": [4.5, 3, 3, 4.5], "texture": "#1"},
				"up": {"uv": [4.5, 3, 3, 4.5], "texture": "#1"},
				"down": {"uv": [4.5, 3, 3, 4.5], "texture": "#1"}
			}
		},
		{
			"from": [3, 19, 7.2],
			"to": [4, 20.3, 8.8],
			"rotation": {"angle": 0, "axis": "y", "origin": [11, 8, 8]},
			"faces": {
				"north": {"uv": [4.5, 3, 3, 4.5], "texture": "#1"},
				"east": {"uv": [4.5, 3, 3, 4.5], "texture": "#1"},
				"south": {"uv": [4.5, 3, 3, 4.5], "texture": "#1"},
				"west": {"uv": [4.5, 3, 3, 4.5], "texture": "#1"},
				"up": {"uv": [4.5, 3, 3, 4.5], "texture": "#1"},
				"down": {"uv": [4.5, 3, 3, 4.5], "texture": "#1"}
			}
		},
		{
			"from": [12, 19, 7.2],
			"to": [13, 20.3, 8.8],
			"rotation": {"angle": 0, "axis": "y", "origin": [20, 8, 8]},
			"faces": {
				"north": {"uv": [4.5, 3, 3, 4.5], "texture": "#1"},
				"east": {"uv": [4.5, 3, 3, 4.5], "texture": "#1"},
				"south": {"uv": [4.5, 3, 3, 4.5], "texture": "#1"},
				"west": {"uv": [4.5, 3, 3, 4.5], "texture": "#1"},
				"up": {"uv": [4.5, 3, 3, 4.5], "texture": "#1"},
				"down": {"uv": [4.5, 3, 3, 4.5], "texture": "#1"}
			}
		},
		{
			"from": [12, 16.5, 7.1],
			"to": [13, 19.5, 8.9],
			"rotation": {"angle": 0, "axis": "y", "origin": [20, 6, 8]},
			"faces": {
				"north": {"uv": [4.5, 3, 3, 4.5], "texture": "#1"},
				"east": {"uv": [4.5, 3, 3, 4.5], "texture": "#1"},
				"south": {"uv": [4.5, 3, 3, 4.5], "texture": "#1"},
				"west": {"uv": [4.5, 3, 3, 4.5], "texture": "#1"},
				"up": {"uv": [4.5, 3, 3, 4.5], "texture": "#1"},
				"down": {"uv": [4.5, 3, 3, 4.5], "texture": "#1"}
			}
		},
		{
			"from": [9, 18.5, 7.5],
			"to": [11, 20.5, 8.5],
			"rotation": {"angle": 0, "axis": "y", "origin": [17, 8, 8]},
			"faces": {
				"north": {"uv": [4.5, 3, 3, 4.5], "texture": "#1"},
				"east": {"uv": [4.5, 3, 3, 4.5], "texture": "#1"},
				"south": {"uv": [4.5, 3, 3, 4.5], "texture": "#1"},
				"west": {"uv": [4.5, 3, 3, 4.5], "texture": "#1"},
				"up": {"uv": [4.5, 3, 3, 4.5], "texture": "#1"},
				"down": {"uv": [4.5, 3, 3, 4.5], "texture": "#1"}
			}
		},
		{
			"from": [5, 18.5, 7.5],
			"to": [7, 20.5, 8.5],
			"rotation": {"angle": 0, "axis": "y", "origin": [11, 8, 8]},
			"faces": {
				"north": {"uv": [4.5, 3, 3, 4.5], "texture": "#1"},
				"east": {"uv": [4.5, 3, 3, 4.5], "texture": "#1"},
				"south": {"uv": [4.5, 3, 3, 4.5], "texture": "#1"},
				"west": {"uv": [4.5, 3, 3, 4.5], "texture": "#1"},
				"up": {"uv": [4.5, 3, 3, 4.5], "texture": "#1"},
				"down": {"uv": [4.5, 3, 3, 4.5], "texture": "#1"}
			}
		},
		{
			"from": [7, 18.5, 7.25],
			"to": [9, 19.2, 8.75],
			"rotation": {"angle": 0, "axis": "y", "origin": [13, 8, 8]},
			"faces": {
				"north": {"uv": [4.5, 3, 3, 4.5], "texture": "#1"},
				"east": {"uv": [4.5, 3, 3, 4.5], "texture": "#1"},
				"south": {"uv": [4.5, 3, 3, 4.5], "texture": "#1"},
				"west": {"uv": [4.5, 3, 3, 4.5], "texture": "#1"},
				"up": {"uv": [4.5, 3, 3, 4.5], "texture": "#1"},
				"down": {"uv": [4.5, 3, 3, 4.5], "texture": "#1"}
			}
		},
		{
			"from": [14, 16.5, 7.5],
			"to": [14.5, 20.5, 8.5],
			"rotation": {"angle": 0, "axis": "y", "origin": [18, 8, 8]},
			"faces": {
				"north": {"uv": [4.5, 3, 3, 4.5], "texture": "#1"},
				"east": {"uv": [4.5, 3, 3, 4.5], "texture": "#1"},
				"south": {"uv": [4.5, 3, 3, 4.5], "texture": "#1"},
				"west": {"uv": [4.5, 3, 3, 4.5], "texture": "#1"},
				"up": {"uv": [4.5, 3, 3, 4.5], "texture": "#1"},
				"down": {"uv": [4.5, 3, 3, 4.5], "texture": "#1"}
			}
		},
		{
			"from": [1.5, 16.5, 7.5],
			"to": [2, 20.5, 8.5],
			"rotation": {"angle": 0, "axis": "y", "origin": [5, 8, 8]},
			"faces": {
				"north": {"uv": [4.5, 3, 3, 4.5], "texture": "#1"},
				"east": {"uv": [4.5, 3, 3, 4.5], "texture": "#1"},
				"south": {"uv": [4.5, 3, 3, 4.5], "texture": "#1"},
				"west": {"uv": [4.5, 3, 3, 4.5], "texture": "#1"},
				"up": {"uv": [4.5, 3, 3, 4.5], "texture": "#1"},
				"down": {"uv": [4.5, 3, 3, 4.5], "texture": "#1"}
			}
		},
		{
			"from": [13, 16.5, 7.2],
			"to": [14, 19.5, 8.8],
			"rotation": {"angle": 0, "axis": "y", "origin": [18, 8, 8]},
			"faces": {
				"north": {"uv": [4.5, 3, 3, 4.5], "texture": "#1"},
				"east": {"uv": [4.5, 3, 3, 4.5], "texture": "#1"},
				"south": {"uv": [4.5, 3, 3, 4.5], "texture": "#1"},
				"west": {"uv": [4.5, 3, 3, 4.5], "texture": "#1"},
				"up": {"uv": [4.5, 3, 3, 4.5], "texture": "#1"},
				"down": {"uv": [4.5, 3, 3, 4.5], "texture": "#1"}
			}
		},
		{
			"from": [3, 18.5, 7.5],
			"to": [5, 21.5, 8.5],
			"rotation": {"angle": 0, "axis": "y", "origin": [11, 9, 8]},
			"faces": {
				"north": {"uv": [4.5, 3, 3, 4.5], "texture": "#1"},
				"east": {"uv": [4.5, 3, 3, 4.5], "texture": "#1"},
				"south": {"uv": [4.5, 3, 3, 4.5], "texture": "#1"},
				"west": {"uv": [4.5, 3, 3, 4.5], "texture": "#1"},
				"up": {"uv": [4.5, 3, 3, 4.5], "texture": "#1"},
				"down": {"uv": [4.5, 3, 3, 4.5], "texture": "#1"}
			}
		},
		{
			"from": [11, 18.5, 7.5],
			"to": [13, 21.5, 8.5],
			"rotation": {"angle": 0, "axis": "y", "origin": [19, 9, 8]},
			"faces": {
				"north": {"uv": [4.5, 3, 3, 4.5], "texture": "#1"},
				"east": {"uv": [4.5, 3, 3, 4.5], "texture": "#1"},
				"south": {"uv": [4.5, 3, 3, 4.5], "texture": "#1"},
				"west": {"uv": [4.5, 3, 3, 4.5], "texture": "#1"},
				"up": {"uv": [4.5, 3, 3, 4.5], "texture": "#1"},
				"down": {"uv": [4.5, 3, 3, 4.5], "texture": "#1"}
			}
		},
		{
			"from": [10, 19.5, 7.5],
			"to": [11, 21, 8.5],
			"rotation": {"angle": 0, "axis": "y", "origin": [18, 9, 8]},
			"faces": {
				"north": {"uv": [4.5, 3, 3, 4.5], "texture": "#1"},
				"east": {"uv": [4.5, 3, 3, 4.5], "texture": "#1"},
				"south": {"uv": [4.5, 3, 3, 4.5], "texture": "#1"},
				"west": {"uv": [4.5, 3, 3, 4.5], "texture": "#1"},
				"up": {"uv": [4.5, 3, 3, 4.5], "texture": "#1"},
				"down": {"uv": [4.5, 3, 3, 4.5], "texture": "#1"}
			}
		},
		{
			"from": [5, 19.5, 7.5],
			"to": [6, 21, 8.5],
			"rotation": {"angle": 0, "axis": "y", "origin": [13, 9, 8]},
			"faces": {
				"north": {"uv": [4.5, 3, 3, 4.5], "texture": "#1"},
				"east": {"uv": [4.5, 3, 3, 4.5], "texture": "#1"},
				"south": {"uv": [4.5, 3, 3, 4.5], "texture": "#1"},
				"west": {"uv": [4.5, 3, 3, 4.5], "texture": "#1"},
				"up": {"uv": [4.5, 3, 3, 4.5], "texture": "#1"},
				"down": {"uv": [4.5, 3, 3, 4.5], "texture": "#1"}
			}
		},
		{
			"from": [13, 18.5, 7.5],
			"to": [14, 21, 8.5],
			"rotation": {"angle": 0, "axis": "y", "origin": [21, 9, 8]},
			"faces": {
				"north": {"uv": [4.5, 3, 3, 4.5], "texture": "#1"},
				"east": {"uv": [4.5, 3, 3, 4.5], "texture": "#1"},
				"south": {"uv": [4.5, 3, 3, 4.5], "texture": "#1"},
				"west": {"uv": [4.5, 3, 3, 4.5], "texture": "#1"},
				"up": {"uv": [4.5, 3, 3, 4.5], "texture": "#1"},
				"down": {"uv": [4.5, 3, 3, 4.5], "texture": "#1"}
			}
		},
		{
			"from": [2, 18.5, 7.5],
			"to": [3, 21, 8.5],
			"rotation": {"angle": 0, "axis": "y", "origin": [10, 9, 8]},
			"faces": {
				"north": {"uv": [4.5, 3, 3, 4.5], "texture": "#1"},
				"east": {"uv": [4.5, 3, 3, 4.5], "texture": "#1"},
				"south": {"uv": [4.5, 3, 3, 4.5], "texture": "#1"},
				"west": {"uv": [4.5, 3, 3, 4.5], "texture": "#1"},
				"up": {"uv": [4.5, 3, 3, 4.5], "texture": "#1"},
				"down": {"uv": [4.5, 3, 3, 4.5], "texture": "#1"}
			}
		},
		{
			"from": [9, 18.5, 7.5],
			"to": [11, 19.5, 8.5],
			"rotation": {"angle": 0, "axis": "y", "origin": [17, 8, 8]},
			"faces": {
				"north": {"uv": [4.5, 3, 3, 4.5], "texture": "#1"},
				"east": {"uv": [4.5, 3, 3, 4.5], "texture": "#1"},
				"south": {"uv": [4.5, 3, 3, 4.5], "texture": "#1"},
				"west": {"uv": [4.5, 3, 3, 4.5], "texture": "#1"},
				"up": {"uv": [4.5, 3, 3, 4.5], "texture": "#1"},
				"down": {"uv": [4.5, 3, 3, 4.5], "texture": "#1"}
			}
		},
		{
			"from": [12, 20, 7.55],
			"to": [14.5, 23, 8.35],
			"rotation": {"angle": 0, "axis": "y", "origin": [20, 11, 8]},
			"faces": {
				"north": {"uv": [4.5, 3, 3, 4.5], "texture": "#10"},
				"east": {"uv": [4.5, 3, 3, 4.5], "texture": "#10"},
				"south": {"uv": [4.5, 3, 3, 4.5], "texture": "#10"},
				"west": {"uv": [4.5, 3, 3, 4.5], "texture": "#10"},
				"up": {"uv": [4.5, 3, 3, 4.5], "texture": "#10"},
				"down": {"uv": [4.5, 3, 3, 4.5], "texture": "#10"}
			}
		},
		{
			"from": [14.5, 22.5, 7.55],
			"to": [16, 27.5, 8.35],
			"rotation": {"angle": 0, "axis": "y", "origin": [23, 13, 8]},
			"faces": {
				"north": {"uv": [4.5, 3, 3, 4.5], "texture": "#10"},
				"east": {"uv": [4.5, 3, 3, 4.5], "texture": "#10"},
				"south": {"uv": [4.5, 3, 3, 4.5], "texture": "#10"},
				"west": {"uv": [4.5, 3, 3, 4.5], "texture": "#10"},
				"up": {"uv": [4.5, 3, 3, 4.5], "texture": "#10"},
				"down": {"uv": [4.5, 3, 3, 4.5], "texture": "#10"}
			}
		},
		{
			"from": [16, 23.5, 7.55],
			"to": [16.5, 26.5, 8.35],
			"rotation": {"angle": 0, "axis": "y", "origin": [24, 13, 8]},
			"faces": {
				"north": {"uv": [4.5, 3, 3, 4.5], "texture": "#10"},
				"east": {"uv": [4.5, 3, 3, 4.5], "texture": "#10"},
				"south": {"uv": [4.5, 3, 3, 4.5], "texture": "#10"},
				"west": {"uv": [4.5, 3, 3, 4.5], "texture": "#10"},
				"up": {"uv": [4.5, 3, 3, 4.5], "texture": "#10"},
				"down": {"uv": [4.5, 3, 3, 4.5], "texture": "#10"}
			}
		},
		{
			"from": [17.9, 21.75, 7.5],
			"to": [20.2, 22.05, 8.5],
			"rotation": {"angle": 22.5, "axis": "z", "origin": [6, 14, 8]},
			"faces": {
				"north": {"uv": [4.5, 3, 3, 4.5], "rotation": 270, "texture": "#1"},
				"east": {"uv": [4.5, 3, 3, 4.5], "rotation": 90, "texture": "#1"},
				"south": {"uv": [4.5, 3, 3, 4.5], "rotation": 90, "texture": "#1"},
				"west": {"uv": [4.5, 3, 3, 4.5], "rotation": 90, "texture": "#1"},
				"up": {"uv": [4.5, 3, 3, 4.5], "rotation": 90, "texture": "#1"},
				"down": {"uv": [4.5, 3, 3, 4.5], "rotation": 90, "texture": "#1"}
			}
		},
		{
			"from": [15.2, 23.95, 7.5],
			"to": [16.7, 24.25, 8.5],
			"rotation": {"angle": -22.5, "axis": "z", "origin": [29, 32, 8]},
			"faces": {
				"north": {"uv": [4.5, 3, 3, 4.5], "rotation": 90, "texture": "#1"},
				"east": {"uv": [4.5, 3, 3, 4.5], "rotation": 270, "texture": "#1"},
				"south": {"uv": [4.5, 3, 3, 4.5], "rotation": 270, "texture": "#1"},
				"west": {"uv": [4.5, 3, 3, 4.5], "rotation": 270, "texture": "#1"},
				"up": {"uv": [4.5, 3, 3, 4.5], "rotation": 270, "texture": "#1"},
				"down": {"uv": [4.5, 3, 3, 4.5], "rotation": 270, "texture": "#1"}
			}
		},
		{
			"from": [-1.1, 24, 7.5],
			"to": [0.4, 24.3, 8.5],
			"rotation": {"angle": 22.5, "axis": "z", "origin": [-13, 33, 8]},
			"faces": {
				"north": {"uv": [4.5, 3, 3, 4.5], "rotation": 270, "texture": "#1"},
				"east": {"uv": [4.5, 3, 3, 4.5], "rotation": 90, "texture": "#1"},
				"south": {"uv": [4.5, 3, 3, 4.5], "rotation": 90, "texture": "#1"},
				"west": {"uv": [4.5, 3, 3, 4.5], "rotation": 90, "texture": "#1"},
				"up": {"uv": [4.5, 3, 3, 4.5], "rotation": 90, "texture": "#1"},
				"down": {"uv": [4.5, 3, 3, 4.5], "rotation": 90, "texture": "#1"}
			}
		},
		{
			"from": [10.05, 28.5, 7.5],
			"to": [13.25, 28.8, 8.5],
			"rotation": {"angle": -22.5, "axis": "z", "origin": [-1, 20, 8]},
			"faces": {
				"north": {"uv": [4.5, 3, 3, 4.5], "rotation": 270, "texture": "#1"},
				"east": {"uv": [4.5, 3, 3, 4.5], "rotation": 90, "texture": "#1"},
				"south": {"uv": [4.5, 3, 3, 4.5], "rotation": 90, "texture": "#1"},
				"west": {"uv": [4.5, 3, 3, 4.5], "rotation": 90, "texture": "#1"},
				"up": {"uv": [4.5, 3, 3, 4.5], "rotation": 90, "texture": "#1"},
				"down": {"uv": [4.5, 3, 3, 4.5], "rotation": 90, "texture": "#1"}
			}
		},
		{
			"from": [1.9, 21, 7.5],
			"to": [4.2, 21.3, 8.5],
			"rotation": {"angle": -22.5, "axis": "z", "origin": [15, 29, 8]},
			"faces": {
				"north": {"uv": [4.5, 3, 3, 4.5], "rotation": 90, "texture": "#1"},
				"east": {"uv": [4.5, 3, 3, 4.5], "rotation": 270, "texture": "#1"},
				"south": {"uv": [4.5, 3, 3, 4.5], "rotation": 270, "texture": "#1"},
				"west": {"uv": [4.5, 3, 3, 4.5], "rotation": 270, "texture": "#1"},
				"up": {"uv": [4.5, 3, 3, 4.5], "rotation": 270, "texture": "#1"},
				"down": {"uv": [4.5, 3, 3, 4.5], "rotation": 270, "texture": "#1"}
			}
		},
		{
			"from": [-3.65, 27, 7.5],
			"to": [-0.45, 27.3, 8.5],
			"rotation": {"angle": 22.5, "axis": "z", "origin": [10, 35, 8]},
			"faces": {
				"north": {"uv": [4.5, 3, 3, 4.5], "rotation": 90, "texture": "#1"},
				"east": {"uv": [4.5, 3, 3, 4.5], "rotation": 270, "texture": "#1"},
				"south": {"uv": [4.5, 3, 3, 4.5], "rotation": 270, "texture": "#1"},
				"west": {"uv": [4.5, 3, 3, 4.5], "rotation": 270, "texture": "#1"},
				"up": {"uv": [4.5, 3, 3, 4.5], "rotation": 270, "texture": "#1"},
				"down": {"uv": [4.5, 3, 3, 4.5], "rotation": 270, "texture": "#1"}
			}
		},
		{
			"from": [-0.5, 23.5, 7.55],
			"to": [0, 26.5, 8.35],
			"rotation": {"angle": 0, "axis": "y", "origin": [7, 13, 8]},
			"faces": {
				"north": {"uv": [4.5, 3, 3, 4.5], "texture": "#10"},
				"east": {"uv": [4.5, 3, 3, 4.5], "texture": "#10"},
				"south": {"uv": [4.5, 3, 3, 4.5], "texture": "#10"},
				"west": {"uv": [4.5, 3, 3, 4.5], "texture": "#10"},
				"up": {"uv": [4.5, 3, 3, 4.5], "texture": "#10"},
				"down": {"uv": [4.5, 3, 3, 4.5], "texture": "#10"}
			}
		},
		{
			"from": [13.5, 26.5, 7.55],
			"to": [15, 28.5, 8.35],
			"rotation": {"angle": 0, "axis": "y", "origin": [22, 17, 8]},
			"faces": {
				"north": {"uv": [4.5, 3, 3, 4.5], "texture": "#10"},
				"east": {"uv": [4.5, 3, 3, 4.5], "texture": "#10"},
				"south": {"uv": [4.5, 3, 3, 4.5], "texture": "#10"},
				"west": {"uv": [4.5, 3, 3, 4.5], "texture": "#10"},
				"up": {"uv": [4.5, 3, 3, 4.5], "texture": "#10"},
				"down": {"uv": [4.5, 3, 3, 4.5], "texture": "#10"}
			}
		},
		{
			"from": [13.5, 21.5, 7.55],
			"to": [15, 23.5, 8.35],
			"rotation": {"angle": 0, "axis": "y", "origin": [22, 12, 8]},
			"faces": {
				"north": {"uv": [4.5, 3, 3, 4.5], "texture": "#10"},
				"east": {"uv": [4.5, 3, 3, 4.5], "texture": "#10"},
				"south": {"uv": [4.5, 3, 3, 4.5], "texture": "#10"},
				"west": {"uv": [4.5, 3, 3, 4.5], "texture": "#10"},
				"up": {"uv": [4.5, 3, 3, 4.5], "texture": "#10"},
				"down": {"uv": [4.5, 3, 3, 4.5], "texture": "#10"}
			}
		},
		{
			"from": [13.5, 23.5, 7.55],
			"to": [15, 25.5, 8.35],
			"rotation": {"angle": 0, "axis": "y", "origin": [22, 14, 8]},
			"faces": {
				"north": {"uv": [4.5, 3, 3, 4.5], "texture": "#10"},
				"east": {"uv": [4.5, 3, 3, 4.5], "texture": "#10"},
				"south": {"uv": [4.5, 3, 3, 4.5], "texture": "#10"},
				"west": {"uv": [4.5, 3, 3, 4.5], "texture": "#10"},
				"up": {"uv": [4.5, 3, 3, 4.5], "texture": "#10"},
				"down": {"uv": [4.5, 3, 3, 4.5], "texture": "#10"}
			}
		},
		{
			"from": [13.5, 29.5, 7.55],
			"to": [15, 30.5, 8.35],
			"rotation": {"angle": 0, "axis": "y", "origin": [22, 20, 8]},
			"faces": {
				"north": {"uv": [4.5, 3, 3, 4.5], "texture": "#10"},
				"east": {"uv": [4.5, 3, 3, 4.5], "texture": "#10"},
				"south": {"uv": [4.5, 3, 3, 4.5], "texture": "#10"},
				"west": {"uv": [4.5, 3, 3, 4.5], "texture": "#10"},
				"up": {"uv": [4.5, 3, 3, 4.5], "texture": "#10"},
				"down": {"uv": [4.5, 3, 3, 4.5], "texture": "#10"}
			}
		},
		{
			"from": [1, 29.5, 7.55],
			"to": [2.5, 30.5, 8.35],
			"rotation": {"angle": 0, "axis": "y", "origin": [10, 20, 8]},
			"faces": {
				"north": {"uv": [4.5, 3, 3, 4.5], "texture": "#10"},
				"east": {"uv": [4.5, 3, 3, 4.5], "texture": "#10"},
				"south": {"uv": [4.5, 3, 3, 4.5], "texture": "#10"},
				"west": {"uv": [4.5, 3, 3, 4.5], "texture": "#10"},
				"up": {"uv": [4.5, 3, 3, 4.5], "texture": "#10"},
				"down": {"uv": [4.5, 3, 3, 4.5], "texture": "#10"}
			}
		},
		{
			"from": [1, 26.5, 7.55],
			"to": [2.5, 28.5, 8.35],
			"rotation": {"angle": 0, "axis": "y", "origin": [9, 17, 8]},
			"faces": {
				"north": {"uv": [4.5, 3, 3, 4.5], "texture": "#10"},
				"east": {"uv": [4.5, 3, 3, 4.5], "texture": "#10"},
				"south": {"uv": [4.5, 3, 3, 4.5], "texture": "#10"},
				"west": {"uv": [4.5, 3, 3, 4.5], "texture": "#10"},
				"up": {"uv": [4.5, 3, 3, 4.5], "texture": "#10"},
				"down": {"uv": [4.5, 3, 3, 4.5], "texture": "#10"}
			}
		},
		{
			"from": [1, 21.5, 7.55],
			"to": [2.5, 23.5, 8.35],
			"rotation": {"angle": 0, "axis": "y", "origin": [9, 12, 8]},
			"faces": {
				"north": {"uv": [4.5, 3, 3, 4.5], "texture": "#10"},
				"east": {"uv": [4.5, 3, 3, 4.5], "texture": "#10"},
				"south": {"uv": [4.5, 3, 3, 4.5], "texture": "#10"},
				"west": {"uv": [4.5, 3, 3, 4.5], "texture": "#10"},
				"up": {"uv": [4.5, 3, 3, 4.5], "texture": "#10"},
				"down": {"uv": [4.5, 3, 3, 4.5], "texture": "#10"}
			}
		},
		{
			"from": [2, 27.5, 7.55],
			"to": [3.5, 29.5, 8.35],
			"rotation": {"angle": 0, "axis": "y", "origin": [11, 18, 8]},
			"faces": {
				"north": {"uv": [4.5, 3, 3, 4.5], "texture": "#10"},
				"east": {"uv": [4.5, 3, 3, 4.5], "texture": "#10"},
				"south": {"uv": [4.5, 3, 3, 4.5], "texture": "#10", "cullface": "south"},
				"west": {"uv": [4.5, 3, 3, 4.5], "texture": "#10"},
				"up": {"uv": [4.5, 3, 3, 4.5], "texture": "#10"},
				"down": {"uv": [4.5, 3, 3, 4.5], "texture": "#10"}
			}
		},
		{
			"from": [12.5, 27.5, 7.55],
			"to": [14, 29.5, 8.35],
			"rotation": {"angle": 0, "axis": "y", "origin": [21, 18, 8]},
			"faces": {
				"north": {"uv": [4.5, 3, 3, 4.5], "texture": "#10"},
				"east": {"uv": [4.5, 3, 3, 4.5], "texture": "#10"},
				"south": {"uv": [4.5, 3, 3, 4.5], "texture": "#10"},
				"west": {"uv": [4.5, 3, 3, 4.5], "texture": "#10"},
				"up": {"uv": [4.5, 3, 3, 4.5], "texture": "#10"},
				"down": {"uv": [4.5, 3, 3, 4.5], "texture": "#10"}
			}
		},
		{
			"from": [13, 29.5, 7.55],
			"to": [13.5, 30, 8.35],
			"rotation": {"angle": 0, "axis": "y", "origin": [21, 20, 8]},
			"faces": {
				"north": {"uv": [4.5, 3, 3, 4.5], "texture": "#10"},
				"east": {"uv": [4.5, 3, 3, 4.5], "texture": "#10"},
				"south": {"uv": [4.5, 3, 3, 4.5], "texture": "#10"},
				"west": {"uv": [4.5, 3, 3, 4.5], "texture": "#10"},
				"up": {"uv": [4.5, 3, 3, 4.5], "texture": "#10"},
				"down": {"uv": [4.5, 3, 3, 4.5], "texture": "#10"}
			}
		},
		{
			"from": [13, 27, 7.55],
			"to": [13.5, 27.5, 8.35],
			"rotation": {"angle": 0, "axis": "y", "origin": [21, 17, 8]},
			"faces": {
				"north": {"uv": [4.5, 3, 3, 4.5], "texture": "#10"},
				"east": {"uv": [4.5, 3, 3, 4.5], "texture": "#10"},
				"south": {"uv": [4.5, 3, 3, 4.5], "texture": "#10"},
				"west": {"uv": [4.5, 3, 3, 4.5], "texture": "#10"},
				"up": {"uv": [4.5, 3, 3, 4.5], "texture": "#10"},
				"down": {"uv": [4.5, 3, 3, 4.5], "texture": "#10"}
			}
		},
		{
			"from": [15, 27.5, 7.55],
			"to": [15.5, 28, 8.35],
			"rotation": {"angle": 0, "axis": "y", "origin": [23, 18, 8]},
			"faces": {
				"north": {"uv": [4.5, 3, 3, 4.5], "texture": "#10"},
				"east": {"uv": [4.5, 3, 3, 4.5], "texture": "#10"},
				"south": {"uv": [4.5, 3, 3, 4.5], "texture": "#10"},
				"west": {"uv": [4.5, 3, 3, 4.5], "texture": "#10"},
				"up": {"uv": [4.5, 3, 3, 4.5], "texture": "#10"},
				"down": {"uv": [4.5, 3, 3, 4.5], "texture": "#10"}
			}
		},
		{
			"from": [0.5, 27.5, 7.55],
			"to": [1, 28, 8.35],
			"rotation": {"angle": 0, "axis": "y", "origin": [8, 18, 8]},
			"faces": {
				"north": {"uv": [4.5, 3, 3, 4.5], "texture": "#10"},
				"east": {"uv": [4.5, 3, 3, 4.5], "texture": "#10"},
				"south": {"uv": [4.5, 3, 3, 4.5], "texture": "#10"},
				"west": {"uv": [4.5, 3, 3, 4.5], "texture": "#10"},
				"up": {"uv": [4.5, 3, 3, 4.5], "texture": "#10"},
				"down": {"uv": [4.5, 3, 3, 4.5], "texture": "#10"}
			}
		},
		{
			"from": [12.5, 23, 7.55],
			"to": [13, 23.5, 8.35],
			"rotation": {"angle": 0, "axis": "y", "origin": [21, 13, 8]},
			"faces": {
				"north": {"uv": [4.5, 3, 3, 4.5], "texture": "#10"},
				"east": {"uv": [4.5, 3, 3, 4.5], "texture": "#10"},
				"south": {"uv": [4.5, 3, 3, 4.5], "texture": "#10"},
				"west": {"uv": [4.5, 3, 3, 4.5], "texture": "#10"},
				"up": {"uv": [4.5, 3, 3, 4.5], "texture": "#10"},
				"down": {"uv": [4.5, 3, 3, 4.5], "texture": "#10"}
			}
		},
		{
			"from": [3, 23, 7.55],
			"to": [3.5, 23.5, 8.35],
			"rotation": {"angle": 0, "axis": "y", "origin": [12, 13, 8]},
			"faces": {
				"north": {"uv": [4.5, 3, 3, 4.5], "texture": "#10"},
				"east": {"uv": [4.5, 3, 3, 4.5], "texture": "#10"},
				"south": {"uv": [4.5, 3, 3, 4.5], "texture": "#10"},
				"west": {"uv": [4.5, 3, 3, 4.5], "texture": "#10"},
				"up": {"uv": [4.5, 3, 3, 4.5], "texture": "#10"},
				"down": {"uv": [4.5, 3, 3, 4.5], "texture": "#10"}
			}
		},
		{
			"from": [2.5, 27, 7.55],
			"to": [3, 27.5, 8.35],
			"rotation": {"angle": 0, "axis": "y", "origin": [11, 17, 8]},
			"faces": {
				"north": {"uv": [4.5, 3, 3, 4.5], "texture": "#10"},
				"east": {"uv": [4.5, 3, 3, 4.5], "texture": "#10"},
				"south": {"uv": [4.5, 3, 3, 4.5], "texture": "#10"},
				"west": {"uv": [4.5, 3, 3, 4.5], "texture": "#10"},
				"up": {"uv": [4.5, 3, 3, 4.5], "texture": "#10"},
				"down": {"uv": [4.5, 3, 3, 4.5], "texture": "#10"}
			}
		},
		{
			"from": [2, 25, 7.55],
			"to": [2.5, 25.5, 8.35],
			"rotation": {"angle": 0, "axis": "y", "origin": [10, 15, 8]},
			"faces": {
				"north": {"uv": [4.5, 3, 3, 4.5], "texture": "#10"},
				"east": {"uv": [4.5, 3, 3, 4.5], "texture": "#10"},
				"south": {"uv": [4.5, 3, 3, 4.5], "texture": "#10"},
				"west": {"uv": [4.5, 3, 3, 4.5], "texture": "#10"},
				"up": {"uv": [4.5, 3, 3, 4.5], "texture": "#10"},
				"down": {"uv": [4.5, 3, 3, 4.5], "texture": "#10"}
			}
		},
		{
			"from": [1.5, 25, 7.55],
			"to": [2, 26.5, 8.35],
			"rotation": {"angle": 0, "axis": "y", "origin": [10, 16, 8]},
			"faces": {
				"north": {"uv": [4.5, 3, 3, 4.5], "texture": "#10"},
				"east": {"uv": [4.5, 3, 3, 4.5], "texture": "#10"},
				"south": {"uv": [4.5, 3, 3, 4.5], "texture": "#10"},
				"west": {"uv": [4.5, 3, 3, 4.5], "texture": "#10"},
				"up": {"uv": [4.5, 3, 3, 4.5], "texture": "#10"},
				"down": {"uv": [4.5, 3, 3, 4.5], "texture": "#10"}
			}
		},
		{
			"from": [14, 25, 7.55],
			"to": [14.5, 26.5, 8.35],
			"rotation": {"angle": 0, "axis": "y", "origin": [23, 16, 8]},
			"faces": {
				"north": {"uv": [4.5, 3, 3, 4.5], "texture": "#10"},
				"east": {"uv": [4.5, 3, 3, 4.5], "texture": "#10"},
				"south": {"uv": [4.5, 3, 3, 4.5], "texture": "#10"},
				"west": {"uv": [4.5, 3, 3, 4.5], "texture": "#10"},
				"up": {"uv": [4.5, 3, 3, 4.5], "texture": "#10"},
				"down": {"uv": [4.5, 3, 3, 4.5], "texture": "#10"}
			}
		},
		{
			"from": [14, 28.5, 7.55],
			"to": [14.5, 29.5, 8.35],
			"rotation": {"angle": 0, "axis": "y", "origin": [23, 19, 8]},
			"faces": {
				"north": {"uv": [4.5, 3, 3, 4.5], "texture": "#10"},
				"east": {"uv": [4.5, 3, 3, 4.5], "texture": "#10"},
				"south": {"uv": [4.5, 3, 3, 4.5], "texture": "#10"},
				"west": {"uv": [4.5, 3, 3, 4.5], "texture": "#10"},
				"up": {"uv": [4.5, 3, 3, 4.5], "texture": "#10"},
				"down": {"uv": [4.5, 3, 3, 4.5], "texture": "#10"}
			}
		},
		{
			"from": [1.5, 28.5, 7.55],
			"to": [2, 29.5, 8.35],
			"rotation": {"angle": 0, "axis": "y", "origin": [10, 19, 8]},
			"faces": {
				"north": {"uv": [4.5, 3, 3, 4.5], "texture": "#10"},
				"east": {"uv": [4.5, 3, 3, 4.5], "texture": "#10"},
				"south": {"uv": [4.5, 3, 3, 4.5], "texture": "#10"},
				"west": {"uv": [4.5, 3, 3, 4.5], "texture": "#10"},
				"up": {"uv": [4.5, 3, 3, 4.5], "texture": "#10"},
				"down": {"uv": [4.5, 3, 3, 4.5], "texture": "#10"}
			}
		},
		{
			"from": [14, 30.5, 7.55],
			"to": [15.5, 31, 8.35],
			"rotation": {"angle": 0, "axis": "y", "origin": [23, 21, 8]},
			"faces": {
				"north": {"uv": [4.5, 3, 3, 4.5], "texture": "#10"},
				"east": {"uv": [4.5, 3, 3, 4.5], "texture": "#10"},
				"south": {"uv": [4.5, 3, 3, 4.5], "texture": "#10"},
				"west": {"uv": [4.5, 3, 3, 4.5], "texture": "#10"},
				"up": {"uv": [4.5, 3, 3, 4.5], "texture": "#10"},
				"down": {"uv": [4.5, 3, 3, 4.5], "texture": "#10"}
			}
		},
		{
			"from": [0.5, 30.5, 7.55],
			"to": [2, 31, 8.35],
			"rotation": {"angle": 0, "axis": "y", "origin": [10, 21, 8]},
			"faces": {
				"north": {"uv": [4.5, 3, 3, 4.5], "texture": "#10"},
				"east": {"uv": [4.5, 3, 3, 4.5], "texture": "#10"},
				"south": {"uv": [4.5, 3, 3, 4.5], "texture": "#10"},
				"west": {"uv": [4.5, 3, 3, 4.5], "texture": "#10"},
				"up": {"uv": [4.5, 3, 3, 4.5], "texture": "#10"},
				"down": {"uv": [4.5, 3, 3, 4.5], "texture": "#10"}
			}
		},
		{
			"from": [2.5, 29.5, 7.55],
			"to": [3, 30, 8.35],
			"rotation": {"angle": 0, "axis": "y", "origin": [10, 20, 8]},
			"faces": {
				"north": {"uv": [4.5, 3, 3, 4.5], "texture": "#10"},
				"east": {"uv": [4.5, 3, 3, 4.5], "texture": "#10"},
				"south": {"uv": [4.5, 3, 3, 4.5], "texture": "#10"},
				"west": {"uv": [4.5, 3, 3, 4.5], "texture": "#10"},
				"up": {"uv": [4.5, 3, 3, 4.5], "texture": "#10"},
				"down": {"uv": [4.5, 3, 3, 4.5], "texture": "#10"}
			}
		},
		{
			"from": [0, 22.5, 7.55],
			"to": [1.5, 27.5, 8.35],
			"rotation": {"angle": 0, "axis": "y", "origin": [10, 13, 8]},
			"faces": {
				"north": {"uv": [4.5, 3, 3, 4.5], "texture": "#10"},
				"east": {"uv": [4.5, 3, 3, 4.5], "texture": "#10"},
				"south": {"uv": [4.5, 3, 3, 4.5], "texture": "#10"},
				"west": {"uv": [4.5, 3, 3, 4.5], "texture": "#10"},
				"up": {"uv": [4.5, 3, 3, 4.5], "texture": "#10"},
				"down": {"uv": [4.5, 3, 3, 4.5], "texture": "#10"}
			}
		},
		{
			"from": [13, 23, 7.55],
			"to": [14.5, 25, 8.35],
			"rotation": {"angle": 0, "axis": "y", "origin": [21, 14, 8]},
			"faces": {
				"north": {"uv": [4.5, 3, 3, 4.5], "texture": "#10"},
				"east": {"uv": [4.5, 3, 3, 4.5], "texture": "#10"},
				"south": {"uv": [4.5, 3, 3, 4.5], "texture": "#10"},
				"west": {"uv": [4.5, 3, 3, 4.5], "texture": "#10"},
				"up": {"uv": [4.5, 3, 3, 4.5], "texture": "#10"},
				"down": {"uv": [4.5, 3, 3, 4.5], "texture": "#10"}
			}
		},
		{
			"from": [1.5, 20, 7.55],
			"to": [4, 23, 8.35],
			"rotation": {"angle": 0, "axis": "y", "origin": [10, 11, 8]},
			"faces": {
				"north": {"uv": [4.5, 3, 3, 4.5], "texture": "#10"},
				"east": {"uv": [4.5, 3, 3, 4.5], "texture": "#10"},
				"south": {"uv": [4.5, 3, 3, 4.5], "texture": "#10"},
				"west": {"uv": [4.5, 3, 3, 4.5], "texture": "#10"},
				"up": {"uv": [4.5, 3, 3, 4.5], "texture": "#10"},
				"down": {"uv": [4.5, 3, 3, 4.5], "texture": "#10"}
			}
		},
		{
			"from": [1.5, 23, 7.55],
			"to": [3, 25, 8.35],
			"rotation": {"angle": 0, "axis": "y", "origin": [10, 13, 8]},
			"faces": {
				"north": {"uv": [4.5, 3, 3, 4.5], "texture": "#10"},
				"east": {"uv": [4.5, 3, 3, 4.5], "texture": "#10"},
				"south": {"uv": [4.5, 3, 3, 4.5], "texture": "#10"},
				"west": {"uv": [4.5, 3, 3, 4.5], "texture": "#10"},
				"up": {"uv": [4.5, 3, 3, 4.5], "texture": "#10"},
				"down": {"uv": [4.5, 3, 3, 4.5], "texture": "#10"}
			}
		}
	],
	"display": {
		"thirdperson_righthand": {
			"rotation": [16, 0, 0],
			"translation": [0, -1, 0.5],
			"scale": [0.3, 0.3, 0.3]
		},
		"thirdperson_lefthand": {
			"rotation": [16, 0, 0],
			"translation": [0, -1, 0.5],
			"scale": [0.3, 0.3, 0.3]
		},
		"firstperson_righthand": {
			"rotation": [-20, 152, -9],
			"translation": [3, 0.75, 0],
			"scale": [0.3, 0.3, 0.3]
		},
		"firstperson_lefthand": {
			"rotation": [-20, 152, -9],
			"translation": [3, 0.75, 0],
			"scale": [0.3, 0.3, 0.3]
		},
		"ground": {
			"translation": [0, 2, 0],
			"scale": [0.3, 0.3, 0.3]
		},
		"gui": {
			"rotation": [11, 29, 12],
			"translation": [0.5, -1.75, 0],
			"scale": [0.5, 0.5, 0.5]
		},
		"head": {
			"rotation": [0, -1, 0],
			"scale": [0.85, 0.85, 0.85]
		},
		"fixed": {
			"translation": [0, 0, -1.75],
			"scale": [0.4, 0.4, 0.4]
		}
	},
	"groups": [
		{
			"name": "band",
			"origin": [8, 8, 8],
			"children": [0, 1, 2]
		},
		{
			"name": "ears",
			"origin": [9, 8, 8],
			"children": [3, 4, 5, 6, 7, 8, 9, 10, 11, 12, 13, 14, 15, 16, 17, 18, 19, 20, 21, 22, 23, 24, 25, 26, 27, 28, 29, 30, 31, 32, 33, 34, 35, 36, 37, 38, 39, 40, 41, 42, 43, 44, 45, 46, 47, 48, 49, 50, 51, 52, 53, 54, 55, 56, 57, 58, 59, 60, 61, 62, 63, 64, 65, 66, 67, 68, 69]
		},
		{
			"name": "bow",
			"origin": [8, 8, 8],
			"children": [70, 71, 72, 73, 74, 75, 76, 77, 78, 79, 80, 81, 82, 83, 84, 85, 86, 87, 88, 89, 90, 91, 92, 93, 94, 95]
		},
		{
			"name": "Horns",
			"origin": [19, 11, 8],
			"children": [96, 97, 98,
				{
					"name": "stripes",
					"origin": [28, 13, 8],
					"children": [99, 100, 101, 102]
				},
				{
					"name": "stripes",
					"origin": [28, 13, 8],
					"children": [103, 104]
				}, 105, 106, 107, 108, 109, 110, 111, 112, 113, 114, 115, 116, 117, 118, 119, 120, 121, 122, 123, 124, 125, 126, 127, 128, 129, 130, 131, 132, 133]
		}
	]
}