{
	"credit": "Made with Blockbench, a free, modern block model editor by JannisX11",
	"textures": {
		"0": "disney:items/coco_hat_floral",
		"particle": "disney:items/coco_hat_floral"
	},
	"elements": [
		{
			"name": "topfront",
			"from": [5, 6, 9],
			"to": [12, 7, 10],
			"faces": {
				"north": {"uv": [9.5, 1, 14, 1.5], "texture": "#0"},
				"east": {"uv": [9.5, 1, 10, 1.5], "texture": "#0"},
				"south": {"uv": [9.5, 1, 14, 1.5], "texture": "#0"},
				"west": {"uv": [9.5, 1, 10, 1.5], "texture": "#0"},
				"up": {"uv": [9.5, 1, 14, 1.5], "texture": "#0"},
				"down": {"uv": [9.5, 1, 14, 1.5], "texture": "#0"}
			},
			"type": "cube"
		},
		{
			"name": "topfront",
			"from": [5, 6, 2],
			"to": [12, 7, 3],
			"faces": {
				"north": {"uv": [9.5, 1, 14, 1.5], "texture": "#0"},
				"east": {"uv": [9.5, 1, 10, 1.5], "texture": "#0"},
				"south": {"uv": [9.5, 1, 14, 1.5], "texture": "#0"},
				"west": {"uv": [9.5, 1, 10, 1.5], "texture": "#0"},
				"up": {"uv": [9.5, 1, 14, 1.5], "texture": "#0"},
				"down": {"uv": [9.5, 1, 14, 1.5], "texture": "#0"}
			},
			"type": "cube"
		},
		{
			"name": "top",
			"from": [5, 7, 4],
			"to": [12, 8, 8],
			"faces": {
				"north": {
					"uv": [12.5, 1, 14.5, 1.5],
					"texture": "#0"
				},
				"east": {
					"uv": [12.5, 1, 14.5, 1.5],
					"texture": "#0"
				},
				"south": {
					"uv": [12.5, 1, 14.5, 1.5],
					"texture": "#0"
				},
				"west": {
					"uv": [12.5, 1, 14.5, 1.5],
					"texture": "#0"
				},
				"up": {"uv": [9.5, 1, 13, 2.5], "texture": "#0"},
				"down": {
					"uv": [12.5, 1, 14.5, 1.5],
					"texture": "#0"
				}
			},
			"type": "cube"
		},
		{
			"name": "top",
			"from": [4, 6, 3],
			"to": [13, 7, 9],
			"faces": {
				"north": {
					"uv": [10, 1.5, 13.5, 2],
					"texture": "#0"
				},
				"east": {"uv": [9.5, 1, 13, 1.5], "texture": "#0"},
				"south": {"uv": [9.5, 1, 13, 1.5], "texture": "#0"},
				"west": {"uv": [10.5, 1, 14, 1.5], "texture": "#0"},
				"up": {"uv": [9, 1, 14.5, 3], "texture": "#0"},
				"down": {"uv": [2, 1, 5.5, 1.5], "texture": "#0"}
			},
			"type": "cube"
		},
		{
			"name": "base",
			"from": [4, 1, 2],
			"to": [13, 6, 10],
			"faces": {
				"north": {"uv": [0, 5, 9, 10], "texture": "#0"},
				"east": {"uv": [0, 10, 9, 15], "texture": "#0"},
				"south": {"uv": [0, 0, 9, 5], "texture": "#0"},
				"west": {"uv": [0, 10, 9, 15], "texture": "#0"},
				"up": {"uv": [10, 1, 14.5, 5], "texture": "#0"},
				"down": {"uv": [11, 0, 15.5, 4], "texture": "#0"}
			},
			"_loading": false,
			"type": "cube"
		},
		{
			"name": "cube",
			"from": [5, 0, 2],
			"to": [6, 1, 3],
			"faces": {
				"north": {"uv": [0.5, 1, 1, 1.5], "texture": "#0"},
				"east": {"uv": [0.5, 1, 1, 1.5], "texture": "#0"},
				"south": {"uv": [0.5, 1, 1, 1.5], "texture": "#0"},
				"west": {"uv": [0.5, 1, 1, 1.5], "texture": "#0"},
				"up": {"uv": [0.5, 1, 1, 1.5], "texture": "#0"},
				"down": {"uv": [0.5, 1, 1, 1.5], "texture": "#0"}
			},
			"type": "cube"
		},
		{
			"name": "cube",
			"from": [7, 0, 2],
			"to": [8, 1, 3],
			"faces": {
				"north": {"uv": [0.5, 1, 1, 1.5], "texture": "#0"},
				"east": {"uv": [0.5, 1, 1, 1.5], "texture": "#0"},
				"south": {"uv": [0.5, 1, 1, 1.5], "texture": "#0"},
				"west": {"uv": [0.5, 1, 1, 1.5], "texture": "#0"},
				"up": {"uv": [0.5, 1, 1, 1.5], "texture": "#0"},
				"down": {"uv": [0.5, 1, 1, 1.5], "texture": "#0"}
			},
			"type": "cube"
		},
		{
			"name": "cube",
			"from": [9, 0, 2],
			"to": [10, 1, 3],
			"faces": {
				"north": {"uv": [0.5, 1, 1, 1.5], "texture": "#0"},
				"east": {"uv": [0.5, 1, 1, 1.5], "texture": "#0"},
				"south": {"uv": [0.5, 1, 1, 1.5], "texture": "#0"},
				"west": {"uv": [0.5, 1, 1, 1.5], "texture": "#0"},
				"up": {"uv": [0.5, 1, 1, 1.5], "texture": "#0"},
				"down": {"uv": [0.5, 1, 1, 1.5], "texture": "#0"}
			},
			"type": "cube"
		},
		{
			"name": "cube",
			"from": [11, 0, 2],
			"to": [12, 1, 3],
			"faces": {
				"north": {"uv": [0.5, 1, 1, 1.5], "texture": "#0"},
				"east": {"uv": [0.5, 1, 1, 1.5], "texture": "#0"},
				"south": {"uv": [0.5, 1, 1, 1.5], "texture": "#0"},
				"west": {"uv": [0.5, 1, 1, 1.5], "texture": "#0"},
				"up": {"uv": [0.5, 1, 1, 1.5], "texture": "#0"},
				"down": {"uv": [0.5, 1, 1, 1.5], "texture": "#0"}
			},
			"type": "cube"
		}
	],
	"groups": [
		0,
		1,
		2,
		3,
		4,
		{
			"name": "group",
			"isOpen": true,
			"display": {"visibility": true, "autouv": true},
			"children": [5, 6, 7, 8]
		}
	],
	"display": {
		"thirdperson_righthand": {
			"scale": [0.375, 0.375, 0.375],
			"rotation": [75, 45, 0],
			"translation": [1, 1, 1]
		},
		"head": {
			"scale": [1.3, 1.3, 1.3],
			"translation": [-0.5, 13.5, 2.5],
			"rotation": [16, 0, 0]
		},
		"firstperson_lefthand": {
			"scale": [0.68, 0.68, 0.68],
			"translation": [1.13, 3.2, 0],
			"rotation": [0, -90, 25]
		},
		"fixed": {
			"scale": [1.375, 1.375, 1.375],
			"translation": [-1, 5.5, 5]
		},
		"gui": {
			"scale": [1, 1, 1],
			"rotation": [18, -154, 0],
			"translation": [0, 4.5, 0]
		},
		"firstperson_righthand": {
			"scale": [0.68, 0.68, 0.68],
			"translation": [1.13, 3.2, 0],
			"rotation": [0, -90, 25]
		},
		"thirdperson_lefthand": {
			"scale": [0.375, 0.375, 0.375],
			"rotation": [75, 45, 0],
			"translation": [1, 1, 1]
		},
		"ground": {
			"scale": [0.625, 0.625, 0.625],
			"translation": [0, 1, 0]
		}
	}
}