{
	"credit": "Made with Blockbench, a free, modern block model editor by JannisX11",
	"textures": {
		"0": "disney:items/daisy_hat",
		"particle": "disney:items/daisy_hat"
	},
	"elements": [
		{
			"name": "bill",
			"from": [5, 0, 2],
			"to": [11, 2, 5],
			"faces": {
				"north": {"uv": [0, 0, 6, 2], "texture": "#0"},
				"east": {"uv": [0, 0, 4, 2], "texture": "#0"},
				"south": {"uv": [0, 0, 6, 2], "texture": "#0"},
				"west": {"uv": [0, 0, 4, 2], "texture": "#0"},
				"up": {"uv": [0, 0, 6, 3], "texture": "#0"},
				"down": {"uv": [0, 0, 6, 3], "texture": "#0"}
			},
			"type": "cube"
		},
		{
			"name": "hattop",
			"from": [4, 5, 6],
			"to": [12, 6, 11],
			"faces": {
				"north": {
					"uv": [1.5, 12, 9.5, 13],
					"texture": "#0"
				},
				"east": {"uv": [5, 11, 10, 12], "texture": "#0"},
				"south": {
					"uv": [3.5, 11, 11.5, 12],
					"texture": "#0"
				},
				"west": {"uv": [3, 11, 8, 12], "texture": "#0"},
				"up": {"uv": [0, 9, 6, 14], "texture": "#0"},
				"down": {
					"uv": [2.5, 10.5, 10.5, 15.5],
					"texture": "#0"
				}
			},
			"type": "cube"
		},
		{
			"name": "hattop",
			"from": [5, 5, 11],
			"to": [11, 6, 12],
			"faces": {
				"north": {
					"uv": [2.5, 11.5, 8.5, 12.5],
					"texture": "#0"
				},
				"east": {"uv": [5, 12, 6, 13], "texture": "#0"},
				"south": {"uv": [0, 9, 6, 10], "texture": "#0"},
				"west": {"uv": [5, 13, 6, 14], "texture": "#0"},
				"up": {"uv": [0, 9, 6, 10], "texture": "#0"},
				"down": {"uv": [0, 0, 6, 1], "texture": "#missing"}
			},
			"type": "cube"
		},
		{
			"name": "hattop",
			"from": [5, 5, 5],
			"to": [11, 6, 6],
			"faces": {
				"north": {"uv": [0, 10, 6, 11], "texture": "#0"},
				"east": {"uv": [5, 12, 6, 13], "texture": "#0"},
				"south": {
					"uv": [0, 0, 6, 1],
					"texture": "#missing"
				},
				"west": {"uv": [5, 13, 6, 14], "texture": "#0"},
				"up": {"uv": [0, 9, 6, 10], "texture": "#0"},
				"down": {"uv": [0, 0, 6, 1], "texture": "#missing"}
			},
			"type": "cube"
		},
		{
			"name": "hat base",
			"from": [4, 0, 5],
			"to": [12, 5, 12],
			"faces": {
				"north": {"uv": [2, 5, 10, 10], "texture": "#0"},
				"east": {"uv": [4, 11, 11, 16], "texture": "#0"},
				"south": {"uv": [0, 9, 6, 14], "texture": "#0"},
				"west": {"uv": [2, 9, 9, 14], "texture": "#0"},
				"up": {"uv": [1, 9, 9, 16], "texture": "#0"},
				"down": {"uv": [1, 8.5, 9, 15.5], "texture": "#0"}
			},
			"type": "cube"
		},
		{
			"name": "bow middle",
			"from": [4, 6, 8],
			"to": [5, 9, 10],
			"faces": {
				"north": {"uv": [15, 0, 16, 3], "texture": "#0"},
				"east": {"uv": [12, 0, 14, 3], "texture": "#0"},
				"south": {"uv": [12, 0, 13, 3], "texture": "#0"},
				"west": {"uv": [14, 0, 16, 3], "texture": "#0"},
				"up": {"uv": [12, 0, 13, 2], "texture": "#0"},
				"down": {"uv": [13, 1, 14, 3], "texture": "#0"}
			},
			"type": "cube"
		},
		{
			"name": "bow middle",
			"from": [11, 6, 8],
			"to": [12, 9, 10],
			"faces": {
				"north": {"uv": [15, 0, 16, 3], "texture": "#0"},
				"east": {"uv": [12, 0, 14, 3], "texture": "#0"},
				"south": {"uv": [12, 0, 13, 3], "texture": "#0"},
				"west": {"uv": [14, 0, 16, 3], "texture": "#0"},
				"up": {"uv": [12, 0, 13, 2], "texture": "#0"},
				"down": {"uv": [13, 1, 14, 3], "texture": "#0"}
			},
			"type": "cube"
		},
		{
			"name": "bow middle",
			"from": [9, 6, 8],
			"to": [11, 10, 10],
			"faces": {
				"north": {"uv": [14, 0, 16, 4], "texture": "#0"},
				"east": {"uv": [14, 0, 16, 4], "texture": "#0"},
				"south": {"uv": [11, 0, 13, 4], "texture": "#0"},
				"west": {"uv": [11, 1, 13, 5], "texture": "#0"},
				"up": {"uv": [13, 2, 15, 4], "texture": "#0"},
				"down": {"uv": [12, 3, 14, 5], "texture": "#0"}
			},
			"type": "cube"
		},
		{
			"name": "bow middle",
			"from": [5, 6, 8],
			"to": [7, 10, 10],
			"faces": {
				"north": {"uv": [14, 0, 16, 4], "texture": "#0"},
				"east": {"uv": [14, 0, 16, 4], "texture": "#0"},
				"south": {"uv": [11, 0, 13, 4], "texture": "#0"},
				"west": {"uv": [11, 1, 13, 5], "texture": "#0"},
				"up": {"uv": [13, 2, 15, 4], "texture": "#0"},
				"down": {"uv": [12, 3, 14, 5], "texture": "#0"}
			},
			"type": "cube"
		},
		{
			"name": "bow middle",
			"from": [7, 6, 8],
			"to": [9, 8, 10],
			"faces": {
				"north": {"uv": [11, 1, 13, 3], "texture": "#0"},
				"east": {"uv": [14, 2, 16, 4], "texture": "#0"},
				"south": {"uv": [12, 2, 14, 4], "texture": "#0"},
				"west": {"uv": [13, 0, 15, 2], "texture": "#0"},
				"up": {"uv": [11, 3, 13, 5], "texture": "#0"},
				"down": {"uv": [13, 1, 15, 3], "texture": "#0"}
			},
			"type": "cube"
		}
	],
	"groups": [
		{
			"name": "hat base",
			"isOpen": true,
			"display": {"visibility": true, "autouv": true},
			"children": [0, 1, 2, 3, 4]
		},
		{
			"name": "group",
			"isOpen": true,
			"display": {"visibility": true, "autouv": true},
			"children": []
		},
		5,
		6,
		7,
		8,
		9
	],
	"display": {
		"thirdperson_righthand": {
			"scale": [
				0.42500000000000004,
				0.42500000000000004,
				0.42500000000000004
			],
			"rotation": [63, 24, 0],
			"translation": [-0.5, 1, 0]
		},
		"ground": {
			"scale": [1, 1, 1],
			"translation": [0, 4.5, 0]
		},
		"head": {
			"scale": [
				1.8250000000000002,
				1.8250000000000002,
				2.2
			],
			"translation": [0, 14, -1],
			"rotation": [1, 0, 0]
		},
		"thirdperson_lefthand": {
			"scale": [0.5, 0.5, 0.5],
			"rotation": [63, 0, 0],
			"translation": [-0.5, 0, 0]
		},
		"fixed": {
			"scale": [1.525, 1.525, 1.525],
			"translation": [0, 5.5, -1.5]
		},
		"gui": {
			"scale": [1, 1, 1],
			"rotation": [13, -136, 0],
			"translation": [0, 3.5, 0]
		},
		"firstperson_righthand": {
			"scale": [1, 1, 1],
			"translation": [0, 1.5, 0]
		},
		"firstperson_lefthand": {
			"scale": [1, 1, 1],
			"translation": [0, 1, 0]
		}
	}
}