{
	"credit": "Made with Blockbench, a free, modern block model editor by JannisX11",
	"textures": {
		"0": "disney:items/donald_hat",
		"particle": "disney:items/donald_hat"
	},
	"elements": [
		{
			"name": "bill",
			"from": [5, 0, 1],
			"to": [11, 2, 5],
			"faces": {
				"north": {"uv": [0, 0, 6, 2], "texture": "#0"},
				"east": {"uv": [0, 0, 4, 2], "texture": "#0"},
				"south": {"uv": [0, 0, 6, 2], "texture": "#0"},
				"west": {"uv": [0, 0, 4, 2], "texture": "#0"},
				"up": {"uv": [0, 0, 6, 3], "texture": "#0"},
				"down": {"uv": [0, 0, 6, 3], "texture": "#0"}
			},
			"type": "cube"
		},
		{
			"name": "hattop",
			"from": [4, 5, 6],
			"to": [12, 6, 11],
			"faces": {
				"north": {
					"uv": [1.5, 12, 9.5, 13],
					"texture": "#0"
				},
				"east": {"uv": [0.5, 11, 5.5, 12], "texture": "#0"},
				"south": {
					"uv": [3.5, 11, 11.5, 12],
					"texture": "#0"
				},
				"west": {"uv": [1, 11, 6, 12], "texture": "#0"},
				"up": {"uv": [2, 10, 10, 15], "texture": "#0"},
				"down": {
					"uv": [2.5, 10.5, 10.5, 15.5],
					"texture": "#0"
				}
			},
			"type": "cube"
		},
		{
			"name": "hattop",
			"from": [5, 5, 11],
			"to": [11, 6, 12],
			"faces": {
				"north": {
					"uv": [2.5, 11.5, 8.5, 12.5],
					"texture": "#0"
				},
				"east": {"uv": [5, 12, 6, 13], "texture": "#0"},
				"south": {"uv": [2, 11, 8, 12], "texture": "#0"},
				"west": {"uv": [5, 13, 6, 14], "texture": "#0"},
				"up": {
					"uv": [3.5, 13.5, 9.5, 14.5],
					"texture": "#0"
				},
				"down": {"uv": [0, 0, 6, 1], "texture": "#missing"}
			},
			"type": "cube"
		},
		{
			"name": "hattop",
			"from": [5, 5, 5],
			"to": [11, 6, 6],
			"faces": {
				"north": {
					"uv": [2.5, 11.5, 8.5, 12.5],
					"texture": "#0"
				},
				"east": {"uv": [5, 12, 6, 13], "texture": "#0"},
				"south": {
					"uv": [0, 0, 6, 1],
					"texture": "#missing"
				},
				"west": {"uv": [5, 13, 6, 14], "texture": "#0"},
				"up": {
					"uv": [3.5, 13.5, 9.5, 14.5],
					"texture": "#0"
				},
				"down": {"uv": [0, 0, 6, 1], "texture": "#missing"}
			},
			"type": "cube"
		},
		{
			"name": "hat base",
			"from": [4, 0, 5],
			"to": [12, 5, 12],
			"faces": {
				"north": {"uv": [2, 5, 10, 10], "texture": "#0"},
				"east": {"uv": [3, 11, 10, 16], "texture": "#0"},
				"south": {
					"uv": [0.5, 11, 8.5, 16],
					"texture": "#0"
				},
				"west": {"uv": [2, 9, 9, 14], "texture": "#0"},
				"up": {"uv": [1, 9, 9, 16], "texture": "#0"},
				"down": {"uv": [1, 8.5, 9, 15.5], "texture": "#0"}
			},
			"type": "cube"
		},
		{
			"name": "donald hat",
			"from": [4, 8, 8],
			"to": [8, 9, 11],
			"faces": {
				"north": {
					"uv": [12, 1.5, 16, 2.5],
					"texture": "#0"
				},
				"east": {"uv": [12.5, 0, 15.5, 1], "texture": "#0"},
				"south": {
					"uv": [12, 0.5, 16, 1.5],
					"texture": "#0"
				},
				"west": {"uv": [13, 1, 16, 2], "texture": "#0"},
				"up": {"uv": [12, 0, 16, 3], "texture": "#0"},
				"down": {"uv": [11, 0, 15, 3], "texture": "#0"}
			},
			"rotation": {
				"origin": [7, 10, 7],
				"axis": "y",
				"angle": 0
			},
			"type": "cube"
		},
		{
			"name": "donald hat",
			"from": [8, 8, 6],
			"to": [11, 9, 11],
			"faces": {
				"north": {
					"uv": [12.5, 1, 15.5, 2],
					"texture": "#0"
				},
				"east": {"uv": [11, 0, 16, 1], "texture": "#0"},
				"south": {"uv": [13, 0, 16, 1], "texture": "#0"},
				"west": {"uv": [11, 0, 16, 1], "texture": "#0"},
				"up": {"uv": [13, 0, 16, 4], "texture": "#0"},
				"down": {"uv": [0, 0, 3, 5], "texture": "#missing"}
			},
			"rotation": {
				"origin": [10, 10, 7],
				"axis": "y",
				"angle": 0
			},
			"type": "cube"
		},
		{
			"name": "donald hat",
			"from": [4, 7, 6],
			"to": [12, 8, 12],
			"faces": {
				"north": {"uv": [11, 1, 16, 2], "texture": "#0"},
				"east": {"uv": [11, 1.5, 16, 2.5], "texture": "#0"},
				"south": {
					"uv": [11, 1.5, 16, 2.5],
					"texture": "#0"
				},
				"west": {"uv": [11, 2, 16, 3], "texture": "#0"},
				"up": {"uv": [11, 0, 16, 4], "texture": "#0"},
				"down": {"uv": [11, 0, 16, 4], "texture": "#0"}
			},
			"rotation": {
				"origin": [10, 9, 7],
				"axis": "y",
				"angle": 0
			},
			"type": "cube"
		},
		{
			"name": "donald hat",
			"from": [5, 6, 6],
			"to": [10, 7, 10],
			"faces": {
				"north": {"uv": [11, 4, 16, 5], "texture": "#0"},
				"east": {"uv": [12, 4, 16, 5], "texture": "#0"},
				"south": {"uv": [11, 4, 16, 5], "texture": "#0"},
				"west": {"uv": [12, 4, 16, 5], "texture": "#0"},
				"up": {"uv": [11, 0, 16, 4], "texture": "#0"},
				"down": {"uv": [11, 0, 16, 4], "texture": "#0"}
			},
			"rotation": {
				"origin": [10, 8, 7],
				"axis": "y",
				"angle": 22.5
			},
			"type": "cube"
		}
	],
	"groups": [
		{
			"name": "hat base",
			"isOpen": true,
			"display": {"visibility": true, "autouv": true},
			"children": [0, 1, 2, 3, 4]
		},
		{
			"name": "group",
			"isOpen": true,
			"display": {"visibility": true, "autouv": true},
			"children": []
		},
		5,
		6,
		7,
		8
	],
	"display": {
		"thirdperson_righthand": {
			"scale": [
				0.42500000000000004,
				0.42500000000000004,
				0.42500000000000004
			],
			"rotation": [63, 24, 0],
			"translation": [-0.5, 1, 0]
		},
		"ground": {
			"scale": [1, 1, 1],
			"translation": [0, 4.5, 0]
		},
		"head": {
			"scale": [2.05, 1.6, 2.2],
			"translation": [0, 12.5, -1],
			"rotation": [1, 0, 0]
		},
		"thirdperson_lefthand": {
			"scale": [0.5, 0.5, 0.5],
			"rotation": [63, 0, 0],
			"translation": [-0.5, 0, 0]
		},
		"fixed": {
			"scale": [1.525, 1.525, 1.525],
			"translation": [0, 5.5, -1.5]
		},
		"gui": {
			"scale": [1, 1, 1],
			"rotation": [13, -136, 0],
			"translation": [0, 3.5, 0]
		},
		"firstperson_righthand": {
			"scale": [1, 1, 1],
			"translation": [0, 1.5, 0]
		},
		"firstperson_lefthand": {
			"scale": [1, 1, 1],
			"translation": [0, 1, 0]
		}
	}
}