{
	"credit": "Made with Blockbench, a free, modern block model editor by JannisX11",
	"textures": {
		"0": "disney:items/fantasia_hat",
		"particle": "disney:items/fantasia_hat"
	},
	"elements": [
		{
			"name": "cube",
			"from": [1, 4, 7],
			"to": [3, 5, 8],
			"faces": {
				"north": {"uv": [0, 0, 0.5, 0.5], "texture": "#0"},
				"east": {"uv": [0, 0, 0.5, 0.5], "texture": "#0"},
				"south": {"uv": [0, 0, 0.5, 0.5], "texture": "#0"},
				"west": {"uv": [0, 0, 0.5, 0.5], "texture": "#0"},
				"up": {"uv": [0, 0, 0.5, 0.5], "texture": "#0"},
				"down": {"uv": [0, 0, 0.5, 0.5], "texture": "#0"}
			},
			"type": "cube"
		},
		{
			"name": "cube",
			"from": [0, 1, 7],
			"to": [4, 4, 8],
			"faces": {
				"north": {
					"uv": [0, 0, 0.3125, 0.3125],
					"texture": "#0"
				},
				"east": {
					"uv": [0, 0, 0.3125, 0.3125],
					"texture": "#0"
				},
				"south": {
					"uv": [0, 0, 0.3125, 0.3125],
					"texture": "#0"
				},
				"west": {
					"uv": [0, 0, 0.3125, 0.3125],
					"texture": "#0"
				},
				"up": {
					"uv": [0, 0, 0.3125, 0.3125],
					"texture": "#0"
				},
				"down": {
					"uv": [0, 0, 0.3125, 0.3125],
					"texture": "#0"
				}
			},
			"type": "cube"
		},
		{
			"name": "cube",
			"from": [-1, 1, 7],
			"to": [0, 3, 8],
			"faces": {
				"north": {"uv": [0, 0, 0.5, 0.5], "texture": "#0"},
				"east": {"uv": [0, 0, 0.5, 0.5], "texture": "#0"},
				"south": {"uv": [0, 0, 0.5, 0.5], "texture": "#0"},
				"west": {"uv": [0, 0, 0.5, 0.5], "texture": "#0"},
				"up": {"uv": [0, 0, 0.5, 0.5], "texture": "#0"},
				"down": {"uv": [0, 0, 0.5, 0.5], "texture": "#0"}
			},
			"type": "cube"
		},
		{
			"name": "cube",
			"from": [0, 0, 7],
			"to": [3, 1, 8],
			"faces": {
				"north": {"uv": [0, 0, 0.5, 0.5], "texture": "#0"},
				"east": {"uv": [0, 0, 0.5, 0.5], "texture": "#0"},
				"south": {"uv": [0, 0, 0.5, 0.5], "texture": "#0"},
				"west": {"uv": [0, 0, 0.5, 0.5], "texture": "#0"},
				"up": {"uv": [0, 0, 0.5, 0.5], "texture": "#0"},
				"down": {"uv": [0, 0, 0.5, 0.5], "texture": "#0"}
			},
			"type": "cube"
		},
		{
			"name": "cube",
			"from": [13, 4, 7],
			"to": [15, 5, 8],
			"faces": {
				"north": {"uv": [0, 0, 0.5, 0.5], "texture": "#0"},
				"east": {"uv": [0, 0, 0.5, 0.5], "texture": "#0"},
				"south": {"uv": [0, 0, 0.5, 0.5], "texture": "#0"},
				"west": {"uv": [0, 0, 0.5, 0.5], "texture": "#0"},
				"up": {"uv": [0, 0, 0.5, 0.5], "texture": "#0"},
				"down": {"uv": [0, 0, 0.5, 0.5], "texture": "#0"}
			},
			"type": "cube"
		},
		{
			"name": "cube",
			"from": [12, 1, 7],
			"to": [16, 4, 8],
			"faces": {
				"north": {
					"uv": [0, 0, 0.3125, 0.3125],
					"texture": "#0"
				},
				"east": {
					"uv": [0, 0, 0.3125, 0.3125],
					"texture": "#0"
				},
				"south": {
					"uv": [0, 0, 0.3125, 0.3125],
					"texture": "#0"
				},
				"west": {
					"uv": [0, 0, 0.3125, 0.3125],
					"texture": "#0"
				},
				"up": {
					"uv": [0, 0, 0.3125, 0.3125],
					"texture": "#0"
				},
				"down": {
					"uv": [0, 0, 0.3125, 0.3125],
					"texture": "#0"
				}
			},
			"type": "cube"
		},
		{
			"name": "cube",
			"from": [16, 1, 7],
			"to": [17, 3, 8],
			"faces": {
				"north": {"uv": [0, 0, 0.5, 0.5], "texture": "#0"},
				"east": {"uv": [0, 0, 0.5, 0.5], "texture": "#0"},
				"south": {"uv": [0, 0, 0.5, 0.5], "texture": "#0"},
				"west": {"uv": [0, 0, 0.5, 0.5], "texture": "#0"},
				"up": {"uv": [0, 0, 0.5, 0.5], "texture": "#0"},
				"down": {"uv": [0, 0, 0.5, 0.5], "texture": "#0"}
			},
			"type": "cube"
		},
		{
			"name": "cube",
			"from": [13, 0, 7],
			"to": [16, 1, 8],
			"faces": {
				"north": {"uv": [0, 0, 0.5, 0.5], "texture": "#0"},
				"east": {"uv": [0, 0, 0.5, 0.5], "texture": "#0"},
				"south": {"uv": [0, 0, 0.5, 0.5], "texture": "#0"},
				"west": {"uv": [0, 0, 0.5, 0.5], "texture": "#0"},
				"up": {"uv": [0, 0, 0.5, 0.5], "texture": "#0"},
				"down": {"uv": [0, 0, 0.5, 0.5], "texture": "#0"}
			},
			"type": "cube"
		},
		{
			"name": "cube",
			"from": [1, -1, 7],
			"to": [3, 0, 8],
			"faces": {
				"north": {"uv": [0, 0, 0.5, 0.5], "texture": "#0"},
				"east": {"uv": [0, 0, 0.5, 0.5], "texture": "#0"},
				"south": {"uv": [0, 0, 0.5, 0.5], "texture": "#0"},
				"west": {"uv": [0, 0, 0.5, 0.5], "texture": "#0"},
				"up": {"uv": [0, 0, 0.5, 0.5], "texture": "#0"},
				"down": {"uv": [0, 0, 0.5, 0.5], "texture": "#0"}
			},
			"_loading": false,
			"type": "cube"
		},
		{
			"name": "4",
			"from": [7, 10, 10],
			"to": [9, 12, 12],
			"faces": {
				"north": {
					"uv": [5.75, 7, 7.75, 9],
					"texture": "#0"
				},
				"east": {"uv": [5.75, 7, 7.75, 9], "texture": "#0"},
				"south": {
					"uv": [5.75, 7, 7.75, 9],
					"texture": "#0"
				},
				"west": {"uv": [5.75, 7, 7.75, 9], "texture": "#0"},
				"up": {"uv": [5.75, 7, 7.75, 9], "texture": "#0"},
				"down": {"uv": [5.75, 7, 7.75, 9], "texture": "#0"}
			},
			"rotation": {
				"origin": [8, 13, 11],
				"axis": "x",
				"angle": 45
			},
			"type": "cube"
		},
		{
			"name": "3",
			"from": [6, 7, 7],
			"to": [10, 11, 11],
			"faces": {
				"north": {
					"uv": [8.875, 0, 10.75, 1.8125],
					"texture": "#0"
				},
				"east": {
					"uv": [8.375, 0, 11, 2.8125],
					"texture": "#0"
				},
				"south": {
					"uv": [10.125, 2, 14.5, 6.3125],
					"texture": "#0"
				},
				"west": {
					"uv": [10.125, 4.25, 13.375, 7.6875],
					"texture": "#0"
				},
				"up": {
					"uv": [8.875, 0, 10.75, 1.8125],
					"texture": "#0"
				},
				"down": {
					"uv": [8.875, 0, 10.75, 1.8125],
					"texture": "#0"
				}
			},
			"rotation": {
				"origin": [8, 10, 9],
				"axis": "x",
				"angle": 22.5
			},
			"type": "cube"
		},
		{
			"name": "2",
			"from": [5, 4, 5],
			"to": [11, 8, 11],
			"faces": {
				"north": {
					"uv": [3.5, 2.25, 8.5625, 5.6875],
					"texture": "#0"
				},
				"east": {
					"uv": [1.5, 5.75, 6.5625, 9.1875],
					"texture": "#0"
				},
				"south": {
					"uv": [8, 0, 13.0625, 3.4375],
					"texture": "#0"
				},
				"west": {
					"uv": [10, 2.375, 15.0625, 5.8125],
					"texture": "#0"
				},
				"up": {
					"uv": [3.5, 2.25, 8.5625, 5.6875],
					"texture": "#0"
				},
				"down": {
					"uv": [3.5, 2.25, 8.5625, 5.6875],
					"texture": "#0"
				}
			},
			"type": "cube"
		},
		{
			"name": "4",
			"from": [3, 0, 4],
			"to": [4, 1, 12],
			"faces": {
				"north": {
					"uv": [3.25, 8.375, 3.75, 8.875],
					"texture": "#0"
				},
				"east": {
					"uv": [2, 8.375, 4.5, 8.875],
					"texture": "#0"
				},
				"south": {
					"uv": [2, 8.375, 4.5, 8.875],
					"texture": "#0"
				},
				"west": {
					"uv": [2, 8.375, 4.5, 8.875],
					"texture": "#0"
				},
				"up": {
					"uv": [10.125, 10.875, 13.125, 13.25],
					"texture": "#0"
				},
				"down": {
					"uv": [2, 8.375, 4.5, 8.875],
					"texture": "#0"
				}
			},
			"type": "cube"
		},
		{
			"name": "3",
			"from": [12, 0, 4],
			"to": [13, 1, 12],
			"faces": {
				"north": {
					"uv": [3, 0.125, 5.375, 0.625],
					"texture": "#0"
				},
				"east": {
					"uv": [9, 8.625, 11.375, 9.125],
					"texture": "#0"
				},
				"south": {
					"uv": [3, 0.125, 5.375, 0.625],
					"texture": "#0"
				},
				"west": {
					"uv": [3, 0.125, 5.375, 0.625],
					"texture": "#0"
				},
				"up": {
					"uv": [3, 0.125, 5.375, 0.625],
					"texture": "#0"
				},
				"down": {
					"uv": [3, 0.125, 5.375, 0.625],
					"texture": "#0"
				}
			},
			"type": "cube"
		},
		{
			"name": "2",
			"from": [4, 0, 3],
			"to": [12, 1, 13],
			"faces": {
				"north": {
					"uv": [0, 7, 2.625, 7.5],
					"texture": "#0"
				},
				"east": {"uv": [0, 7, 2.625, 7.5], "texture": "#0"},
				"south": {
					"uv": [0, 7, 2.625, 7.5],
					"texture": "#0"
				},
				"west": {"uv": [0, 7, 2.625, 7.5], "texture": "#0"},
				"up": {"uv": [0, 7, 2.625, 7.5], "texture": "#0"},
				"down": {"uv": [0, 7, 2.625, 7.5], "texture": "#0"}
			},
			"type": "cube"
		},
		{
			"name": "1",
			"from": [4, 1, 4],
			"to": [12, 4, 12],
			"faces": {
				"north": {
					"uv": [10.625, 2.375, 14.5625, 4.0625],
					"texture": "#0"
				},
				"east": {
					"uv": [10.625, 2.375, 14.5625, 4.0625],
					"texture": "#0"
				},
				"south": {
					"uv": [10.625, 2.375, 14.5625, 4.0625],
					"texture": "#0"
				},
				"west": {
					"uv": [10.625, 2.375, 14.5625, 4.0625],
					"texture": "#0"
				},
				"up": {
					"uv": [10.625, 2.375, 14.5625, 4.0625],
					"texture": "#0"
				},
				"down": {
					"uv": [10.625, 2.375, 14.5625, 4.0625],
					"texture": "#0"
				}
			},
			"type": "cube"
		},
		{
			"name": "cube",
			"from": [13, -1, 7],
			"to": [15, 0, 8],
			"faces": {
				"north": {"uv": [0, 0, 0.5, 0.5], "texture": "#0"},
				"east": {"uv": [0, 0, 0.5, 0.5], "texture": "#0"},
				"south": {"uv": [0, 0, 0.5, 0.5], "texture": "#0"},
				"west": {"uv": [0, 0, 0.5, 0.5], "texture": "#0"},
				"up": {"uv": [0, 0, 0.5, 0.5], "texture": "#0"},
				"down": {"uv": [0, 0, 0.5, 0.5], "texture": "#0"}
			},
			"type": "cube"
		}
	],
	"groups": [
		{
			"name": "group",
			"isOpen": false,
			"display": {"visibility": true, "autouv": true},
			"children": [0, 1, 2, 3]
		},
		{
			"name": "group",
			"isOpen": false,
			"display": {"visibility": true, "autouv": true},
			"children": [4, 5, 6, 7]
		},
		{
			"name": "group",
			"isOpen": false,
			"display": {"visibility": true, "autouv": true},
			"children": [8, 9, 10, 11, 12, 13, 14, 15, 16]
		}
	],
	"display": {
		"thirdperson_righthand": {
			"scale": [0.375, 0.375, 0.375],
			"rotation": [75, 45, 0],
			"translation": [1, 1, 1]
		},
		"head": {
			"scale": [1.9, 1.9, 1.9],
			"translation": [0, 15, 0]
		},
		"firstperson_lefthand": {
			"scale": [1, 1, 1],
			"translation": [0, 5, 0]
		},
		"fixed": {
			"scale": [1, 1, 1],
			"translation": [0, 4, 0]
		},
		"gui": {
			"scale": [1, 1, 1],
			"rotation": [0, -158, 0],
			"translation": [0, 3, 0]
		},
		"firstperson_righthand": {
			"scale": [1, 1, 1],
			"translation": [0, 4.5, 0]
		},
		"thirdperson_lefthand": {
			"scale": [0.375, 0.375, 0.375],
			"rotation": [75, 45, 0],
			"translation": [1, 1, 1]
		}
	}
}