{
	"credit": "Made with Blockbench, a free, modern block model editor by JannisX11",
	"textures": {
		"0": "disney:items/minnie_ears",
		"particle": "disney:items/minnie_ears"
	},
	"elements": [
		{
			"name": "bow left",
			"from": [10, 3, 6],
			"to": [14, 8, 11],
			"faces": {
				"north": {"uv": [10, 5, 14, 10], "texture": "#0"},
				"east": {"uv": [11, 3, 16, 8], "texture": "#0"},
				"south": {"uv": [10, 5, 14, 10], "texture": "#0"},
				"west": {"uv": [10, 4, 15, 9], "texture": "#0"},
				"up": {"uv": [12, 0, 16, 5], "texture": "#0"},
				"down": {"uv": [12, 0, 16, 5], "texture": "#0"}
			},
			"type": "cube"
		},
		{
			"name": "bow right outer",
			"from": [1, 3, 6],
			"to": [2, 7, 11],
			"faces": {
				"north": {"uv": [11, 7, 12, 11], "texture": "#0"},
				"east": {"uv": [10, 7, 15, 11], "texture": "#0"},
				"south": {"uv": [14, 10, 15, 14], "texture": "#0"},
				"west": {"uv": [5, 10, 10, 14], "texture": "#0"},
				"up": {"uv": [10, 8, 11, 13], "texture": "#0"},
				"down": {"uv": [10, 10, 11, 15], "texture": "#0"}
			},
			"type": "cube"
		},
		{
			"name": "bow left outer",
			"from": [14, 3, 6],
			"to": [15, 7, 11],
			"faces": {
				"north": {"uv": [11, 7, 12, 11], "texture": "#0"},
				"east": {"uv": [10, 7, 15, 11], "texture": "#0"},
				"south": {"uv": [14, 10, 15, 14], "texture": "#0"},
				"west": {"uv": [5, 10, 10, 14], "texture": "#0"},
				"up": {"uv": [10, 8, 11, 13], "texture": "#0"},
				"down": {"uv": [10, 10, 11, 15], "texture": "#0"}
			},
			"type": "cube"
		},
		{
			"name": "bow right",
			"from": [2, 3, 6],
			"to": [6, 8, 11],
			"faces": {
				"north": {"uv": [10, 10, 14, 15], "texture": "#0"},
				"east": {"uv": [11, 7, 16, 12], "texture": "#0"},
				"south": {"uv": [12, 7, 16, 12], "texture": "#0"},
				"west": {"uv": [10, 11, 15, 16], "texture": "#0"},
				"up": {"uv": [10, 9, 14, 14], "texture": "#0"},
				"down": {"uv": [11, 6, 15, 11], "texture": "#0"}
			},
			"type": "cube"
		},
		{
			"name": "bow middle",
			"from": [6, 3, 7],
			"to": [10, 6, 10],
			"faces": {
				"north": {"uv": [10, 11, 14, 14], "texture": "#0"},
				"east": {"uv": [10, 10, 13, 13], "texture": "#0"},
				"south": {"uv": [11, 9, 15, 12], "texture": "#0"},
				"west": {"uv": [10, 7, 13, 10], "texture": "#0"},
				"up": {"uv": [10, 10, 14, 13], "texture": "#0"},
				"down": {"uv": [10, 9, 14, 12], "texture": "#0"}
			},
			"_loading": false,
			"type": "cube"
		},
		{
			"name": "cube",
			"from": [2, 2, 2],
			"to": [14, 3, 14],
			"faces": {
				"north": {"uv": [0, 0, 10, 10], "texture": "#0"},
				"east": {"uv": [0, 0, 10, 10], "texture": "#0"},
				"south": {"uv": [0, 0, 10, 10], "texture": "#0"},
				"west": {"uv": [0, 0, 10, 10], "texture": "#0"},
				"up": {"uv": [0, 0, 10, 10], "texture": "#0"},
				"down": {"uv": [0, 0, 10, 10], "texture": "#0"}
			},
			"type": "cube"
		},
		{
			"name": "cube",
			"from": [1, 1, 1],
			"to": [15, 2, 15],
			"faces": {
				"north": {"uv": [0, 0, 10, 10], "texture": "#0"},
				"east": {"uv": [0, 0, 10, 10], "texture": "#0"},
				"south": {"uv": [0, 0, 10, 9], "texture": "#0"},
				"west": {"uv": [0, 0, 10, 10], "texture": "#0"},
				"up": {"uv": [0, 0, 10, 10], "texture": "#0"},
				"down": {"uv": [0, 0, 10, 10], "texture": "#0"}
			},
			"type": "cube"
		},
		{
			"name": "cube",
			"from": [0, 0, 0],
			"to": [16, 1, 16],
			"faces": {
				"north": {"uv": [0, 0, 10, 1], "texture": "#0"},
				"east": {"uv": [0, 0, 10, 1], "texture": "#0"},
				"south": {"uv": [0, 0, 10, 1], "texture": "#0"},
				"west": {"uv": [0, 0, 10, 1], "texture": "#0"},
				"up": {"uv": [0, 0, 10, 10], "texture": "#0"},
				"down": {"uv": [0, 0, 10, 10], "texture": "#0"}
			},
			"type": "cube"
		},
		{
			"name": "cube",
			"from": [-7, 2, 8],
			"to": [-6, 10, 9],
			"faces": {
				"north": {"uv": [0, 0, 1, 8], "texture": "#0"},
				"east": {"uv": [0, 0, 1, 8], "texture": "#0"},
				"south": {"uv": [0, 0, 1, 8], "texture": "#0"},
				"west": {"uv": [0, 0, 1, 8], "texture": "#0"},
				"up": {"uv": [0, 0, 1, 1], "texture": "#0"},
				"down": {"uv": [0, 0, 1, 1], "texture": "#0"}
			},
			"type": "cube"
		},
		{
			"name": "cube",
			"from": [11, 2, 8],
			"to": [12, 10, 9],
			"faces": {
				"north": {"uv": [0, 0, 1, 8], "texture": "#0"},
				"east": {"uv": [0, 0, 1, 8], "texture": "#0"},
				"south": {"uv": [0, 0, 1, 8], "texture": "#0"},
				"west": {"uv": [0, 0, 1, 8], "texture": "#0"},
				"up": {"uv": [0, 0, 1, 1], "texture": "#0"},
				"down": {"uv": [0, 0, 1, 1], "texture": "#0"}
			},
			"type": "cube"
		},
		{
			"name": "cube",
			"from": [4, 2, 8],
			"to": [5, 10, 9],
			"faces": {
				"north": {"uv": [0, 0, 1, 8], "texture": "#0"},
				"east": {"uv": [0, 0, 1, 8], "texture": "#0"},
				"south": {"uv": [0, 0, 1, 8], "texture": "#0"},
				"west": {"uv": [0, 0, 1, 8], "texture": "#0"},
				"up": {"uv": [0, 0, 1, 1], "texture": "#0"},
				"down": {"uv": [0, 0, 1, 1], "texture": "#0"}
			},
			"type": "cube"
		},
		{
			"name": "cube",
			"from": [22, 2, 8],
			"to": [23, 10, 9],
			"faces": {
				"north": {"uv": [0, 0, 1, 8], "texture": "#0"},
				"east": {"uv": [0, 0, 1, 8], "texture": "#0"},
				"south": {"uv": [0, 0, 1, 8], "texture": "#0"},
				"west": {"uv": [0, 0, 1, 8], "texture": "#0"},
				"up": {"uv": [0, 0, 1, 1], "texture": "#0"},
				"down": {"uv": [0, 0, 1, 1], "texture": "#0"}
			},
			"type": "cube"
		},
		{
			"name": "cube",
			"from": [-5, 0, 8],
			"to": [0, 1, 9],
			"faces": {
				"north": {"uv": [0, 0, 5, 1], "texture": "#0"},
				"east": {"uv": [0, 0, 1, 1], "texture": "#0"},
				"south": {"uv": [0, 0, 5, 1], "texture": "#0"},
				"west": {"uv": [0, 0, 1, 1], "texture": "#0"},
				"up": {"uv": [0, 0, 5, 1], "texture": "#0"},
				"down": {"uv": [0, 0, 5, 1], "texture": "#0"}
			},
			"type": "cube"
		},
		{
			"name": "cube",
			"from": [13, 0, 8],
			"to": [18, 1, 9],
			"faces": {
				"north": {"uv": [0, 0, 5, 1], "texture": "#0"},
				"east": {"uv": [0, 0, 1, 1], "texture": "#0"},
				"south": {"uv": [0, 0, 5, 1], "texture": "#0"},
				"west": {"uv": [0, 0, 1, 1], "texture": "#0"},
				"up": {"uv": [0, 0, 5, 1], "texture": "#0"},
				"down": {"uv": [0, 0, 5, 1], "texture": "#0"}
			},
			"type": "cube"
		},
		{
			"name": "cube",
			"from": [-5, 11, 8],
			"to": [3, 12, 9],
			"faces": {
				"north": {"uv": [0, 0, 8, 1], "texture": "#0"},
				"east": {"uv": [0, 0, 1, 1], "texture": "#0"},
				"south": {"uv": [0, 0, 8, 1], "texture": "#0"},
				"west": {"uv": [0, 0, 1, 1], "texture": "#0"},
				"up": {"uv": [0, 0, 8, 1], "texture": "#0"},
				"down": {"uv": [0, 0, 8, 1], "texture": "#0"}
			},
			"type": "cube"
		},
		{
			"name": "cube",
			"from": [13, 11, 8],
			"to": [21, 12, 9],
			"faces": {
				"north": {"uv": [0, 0, 8, 1], "texture": "#0"},
				"east": {"uv": [0, 0, 1, 1], "texture": "#0"},
				"south": {"uv": [0, 0, 8, 1], "texture": "#0"},
				"west": {"uv": [0, 0, 1, 1], "texture": "#0"},
				"up": {"uv": [0, 0, 8, 1], "texture": "#0"},
				"down": {"uv": [0, 0, 8, 1], "texture": "#0"}
			},
			"type": "cube"
		},
		{
			"name": "cube",
			"from": [-6, 1, 8],
			"to": [4, 11, 9],
			"faces": {
				"north": {"uv": [0, 0, 10, 10], "texture": "#0"},
				"east": {"uv": [0, 0, 1, 10], "texture": "#0"},
				"south": {"uv": [0, 0, 10, 10], "texture": "#0"},
				"west": {"uv": [0, 0, 1, 10], "texture": "#0"},
				"up": {"uv": [0, 0, 10, 1], "texture": "#0"},
				"down": {"uv": [0, 0, 10, 1], "texture": "#0"}
			},
			"type": "cube"
		},
		{
			"name": "cube",
			"from": [12, 1, 8],
			"to": [22, 11, 9],
			"faces": {
				"north": {"uv": [0, 0, 10, 10], "texture": "#0"},
				"east": {"uv": [0, 0, 1, 10], "texture": "#0"},
				"south": {"uv": [0, 0, 10, 10], "texture": "#0"},
				"west": {"uv": [0, 0, 1, 10], "texture": "#0"},
				"up": {"uv": [0, 0, 10, 1], "texture": "#0"},
				"down": {"uv": [0, 0, 10, 1], "texture": "#0"}
			},
			"type": "cube"
		}
	],
	"groups": [
		0,
		1,
		2,
		3,
		4,
		{
			"name": "ears",
			"isOpen": false,
			"display": {"visibility": true, "autouv": true},
			"children": [
				5,
				6,
				7,
				8,
				9,
				10,
				11,
				12,
				13,
				14,
				15,
				16,
				17
			]
		}
	],
	"display": {
		"thirdperson_righthand": {
			"scale": [0.35, 0.35, 0.35],
			"rotation": [36, -4, 0],
			"translation": [-0.5, 1, 0]
		},
		"ground": {"scale": [0.475, 0.475, 0.475]},
		"head": {
			"scale": [0.7, 0.7, 0.7],
			"translation": [0, 11, 0]
		},
		"firstperson_lefthand": {
			"scale": [
				0.32499999999999996,
				0.32499999999999996,
				0.32499999999999996
			]
		},
		"firstperson_righthand": {
			"scale": [
				0.32499999999999996,
				0.32499999999999996,
				0.32499999999999996
			]
		},
		"thirdperson_lefthand": {
			"scale": [0.35, 0.35, 0.35],
			"translation": [-0.5, 1, 0],
			"rotation": [36, -4, 0]
		},
		"fixed": {
			"scale": [0.625, 0.625, 0.625],
			"translation": [0, 2, -0.5]
		},
		"gui": {"scale": [0.525, 0.55, 0.6]}
	}
}