{
	"credit": "Made with Blockbench, a free, modern block model editor by JannisX11",
	"textures": {
		"0": "disney:items/pluto_hat",
		"particle": "disney:items/pluto_hat"
	},
	"elements": [
		{
			"name": "bill",
			"from": [5, 0, 1],
			"to": [11, 2, 5],
			"faces": {
				"north": {"uv": [5, 12, 10.5, 14], "texture": "#0"},
				"east": {"uv": [5, 12, 10, 14], "texture": "#0"},
				"south": {"uv": [5, 12, 10.5, 14], "texture": "#0"},
				"west": {"uv": [5, 12, 10, 14], "texture": "#0"},
				"up": {"uv": [5, 12, 11, 14.5], "texture": "#0"},
				"down": {"uv": [5, 12, 10, 14], "texture": "#0"}
			},
			"type": "cube"
		},
		{
			"name": "hattop",
			"from": [4, 5, 6],
			"to": [12, 6, 11],
			"faces": {
				"north": {"uv": [5, 12, 13, 13], "texture": "#0"},
				"east": {
					"uv": [7, 10.5, 12, 11.5],
					"texture": "#0"
				},
				"south": {
					"uv": [5, 10.5, 13, 11.5],
					"texture": "#0"
				},
				"west": {
					"uv": [6, 11.5, 11, 12.5],
					"texture": "#0"
				},
				"up": {"uv": [8, 10, 16, 15], "texture": "#0"},
				"down": {
					"uv": [2.5, 10.5, 10.5, 15.5],
					"texture": "#0"
				}
			},
			"type": "cube"
		},
		{
			"name": "hattop",
			"from": [5, 5, 11],
			"to": [11, 6, 12],
			"faces": {
				"north": {"uv": [9.5, 8, 15.5, 9], "texture": "#0"},
				"east": {"uv": [11, 9, 12, 10], "texture": "#0"},
				"south": {
					"uv": [10, 10.5, 16, 11.5],
					"texture": "#0"
				},
				"west": {"uv": [11.5, 8, 12.5, 9], "texture": "#0"},
				"up": {"uv": [10, 7, 16, 8], "texture": "#0"},
				"down": {"uv": [4, 0.5, 10, 1.5], "texture": "#0"}
			},
			"type": "cube"
		},
		{
			"name": "hattop",
			"from": [5, 5, 5],
			"to": [11, 6, 6],
			"faces": {
				"north": {"uv": [9.5, 8, 15.5, 9], "texture": "#0"},
				"east": {"uv": [11, 9, 12, 10], "texture": "#0"},
				"south": {"uv": [4, 0.5, 10, 1.5], "texture": "#0"},
				"west": {"uv": [11.5, 8, 12.5, 9], "texture": "#0"},
				"up": {"uv": [10, 7, 16, 8], "texture": "#0"},
				"down": {"uv": [4, 0.5, 10, 1.5], "texture": "#0"}
			},
			"type": "cube"
		},
		{
			"name": "hat base",
			"from": [4, 0, 5],
			"to": [12, 5, 12],
			"faces": {
				"north": {"uv": [2, 5.5, 10, 9.5], "texture": "#0"},
				"east": {"uv": [9, 7.5, 16, 12.5], "texture": "#0"},
				"south": {
					"uv": [8, 10.5, 16, 15.5],
					"texture": "#0"
				},
				"west": {"uv": [9, 7, 16, 12], "texture": "#0"},
				"up": {"uv": [9, 9, 16, 16], "texture": "#0"},
				"down": {"uv": [9, 9.5, 16, 15.5], "texture": "#0"}
			},
			"type": "cube"
		},
		{
			"name": "middle upper ear",
			"from": [13, -2, 6],
			"to": [14, 1, 11],
			"faces": {
				"north": {"uv": [4.5, 0, 5.5, 3], "texture": "#0"},
				"east": {"uv": [4.5, 0, 9.5, 3], "texture": "#0"},
				"south": {"uv": [5.5, 0, 6.5, 3], "texture": "#0"},
				"west": {"uv": [5, 0, 10, 3], "texture": "#0"},
				"up": {"uv": [14.5, 0, 15.5, 5], "texture": "#0"},
				"down": {"uv": [14, 0, 15, 5], "texture": "#0"}
			},
			"type": "cube"
		},
		{
			"name": "middle upper ear",
			"from": [2, -2, 6],
			"to": [3, 1, 11],
			"faces": {
				"north": {"uv": [5, 0, 6, 3], "texture": "#0"},
				"east": {"uv": [4.5, 0, 9.5, 3], "texture": "#0"},
				"south": {"uv": [5.5, 0, 6.5, 3], "texture": "#0"},
				"west": {"uv": [5, 0, 10, 3], "texture": "#0"},
				"up": {"uv": [14.5, 0, 15.5, 5], "texture": "#0"},
				"down": {"uv": [14, 0, 15, 5], "texture": "#0"}
			},
			"type": "cube"
		},
		{
			"name": "lower ear",
			"from": [12, -3, 7],
			"to": [13, -2, 10],
			"faces": {
				"north": {"uv": [5, 0, 6, 1], "texture": "#0"},
				"east": {"uv": [5, 1.5, 8, 2.5], "texture": "#0"},
				"south": {"uv": [5, 0, 6, 1], "texture": "#0"},
				"west": {"uv": [4, 0.5, 7, 1.5], "texture": "#0"},
				"up": {"uv": [6, 0.5, 7, 3.5], "texture": "#0"},
				"down": {"uv": [6, 0, 7, 3], "texture": "#0"}
			},
			"type": "cube"
		},
		{
			"name": "lower ear",
			"from": [3, -3, 7],
			"to": [4, -2, 10],
			"faces": {
				"north": {"uv": [6, 1, 7, 2], "texture": "#0"},
				"east": {"uv": [5, 0.5, 8, 1.5], "texture": "#0"},
				"south": {"uv": [5, 0, 6, 1], "texture": "#0"},
				"west": {"uv": [4, 1.5, 7, 2.5], "texture": "#0"},
				"up": {"uv": [6, 0.5, 7, 3.5], "texture": "#0"},
				"down": {"uv": [6, 0, 7, 3], "texture": "#0"}
			},
			"type": "cube"
		},
		{
			"name": "middle upper ear",
			"from": [13, 1, 7],
			"to": [14, 4, 10],
			"faces": {
				"north": {
					"uv": [5.5, 0.5, 6.5, 3.5],
					"texture": "#0"
				},
				"east": {"uv": [5, 0, 8, 3], "texture": "#0"},
				"south": {"uv": [6, 0, 7, 3], "texture": "#0"},
				"west": {"uv": [7.5, 0, 10.5, 3], "texture": "#0"},
				"up": {"uv": [6.5, 0, 7.5, 3], "texture": "#0"},
				"down": {"uv": [6, 0, 7, 3], "texture": "#0"}
			},
			"type": "cube"
		},
		{
			"name": "middle upper ear",
			"from": [2, 1, 7],
			"to": [3, 4, 10],
			"faces": {
				"north": {
					"uv": [5.5, 0.5, 6.5, 3.5],
					"texture": "#0"
				},
				"east": {"uv": [5, 0, 8, 3], "texture": "#0"},
				"south": {"uv": [6, 0, 7, 3], "texture": "#0"},
				"west": {"uv": [7.5, 0, 10.5, 3], "texture": "#0"},
				"up": {"uv": [6.5, 0, 7.5, 3], "texture": "#0"},
				"down": {"uv": [6, 0, 7, 3], "texture": "#0"}
			},
			"type": "cube"
		},
		{
			"name": "upper ear",
			"from": [12, 3, 7],
			"to": [13, 5, 10],
			"faces": {
				"north": {"uv": [9, 0, 10, 2], "texture": "#0"},
				"east": {"uv": [5, 0, 8, 2], "texture": "#0"},
				"south": {"uv": [6.5, 0, 7.5, 2], "texture": "#0"},
				"west": {"uv": [8, 0, 11, 2], "texture": "#0"},
				"up": {"uv": [6.5, 0, 7.5, 3], "texture": "#0"},
				"down": {"uv": [7, 0, 8, 3], "texture": "#0"}
			},
			"type": "cube"
		},
		{
			"name": "upper ear",
			"from": [3, 3, 7],
			"to": [4, 5, 10],
			"faces": {
				"north": {"uv": [9, 0, 10, 2], "texture": "#0"},
				"east": {"uv": [0, 0, 3, 2], "texture": "#missing"},
				"south": {"uv": [6.5, 0, 7.5, 2], "texture": "#0"},
				"west": {"uv": [8, 0, 11, 2], "texture": "#0"},
				"up": {"uv": [6.5, 0, 7.5, 3], "texture": "#0"},
				"down": {"uv": [7, 0, 8, 3], "texture": "#0"}
			},
			"type": "cube"
		},
		{
			"name": "cube",
			"from": [7, 2, 2],
			"to": [9, 3, 3],
			"faces": {
				"north": {"uv": [3.5, 0, 5.5, 1], "texture": "#0"},
				"east": {"uv": [4, 0, 5, 1], "texture": "#0"},
				"south": {"uv": [3.5, 0, 5.5, 1], "texture": "#0"},
				"west": {"uv": [4, 0, 5, 1], "texture": "#0"},
				"up": {"uv": [4.5, 0.5, 6.5, 1.5], "texture": "#0"},
				"down": {"uv": [5.5, 0, 7.5, 1], "texture": "#0"}
			},
			"type": "cube"
		},
		{
			"name": "donald hat",
			"from": [6, 6, 7],
			"to": [8, 7, 9],
			"faces": {
				"north": {
					"uv": [12.5, 8, 14.5, 9],
					"texture": "#0"
				},
				"east": {"uv": [12.5, 8, 14.5, 9], "texture": "#0"},
				"south": {
					"uv": [12.5, 8, 14.5, 9],
					"texture": "#0"
				},
				"west": {"uv": [12.5, 8, 14.5, 9], "texture": "#0"},
				"up": {"uv": [12.5, 8, 14.5, 10], "texture": "#0"},
				"down": {"uv": [12.5, 8, 14.5, 9], "texture": "#0"}
			},
			"rotation": {
				"origin": [9, 8, 7],
				"axis": "y",
				"angle": 22.5
			},
			"type": "cube"
		}
	],
	"groups": [
		{
			"name": "hat base",
			"isOpen": true,
			"display": {"visibility": true, "autouv": true},
			"children": [
				0,
				1,
				2,
				3,
				4,
				5,
				6,
				7,
				8,
				9,
				10,
				11,
				12,
				13
			]
		},
		{
			"name": "group",
			"isOpen": true,
			"display": {"visibility": true, "autouv": true},
			"children": []
		},
		14
	],
	"display": {
		"thirdperson_righthand": {
			"scale": [
				0.42500000000000004,
				0.42500000000000004,
				0.42500000000000004
			],
			"rotation": [63, 24, 0],
			"translation": [-0.5, 1, 0]
		},
		"ground": {
			"scale": [1, 1, 1],
			"translation": [0, 4.5, 0]
		},
		"head": {
			"scale": [2.275, 2.275, 2.275],
			"translation": [0, 18, -1],
			"rotation": [0, 0, 0]
		},
		"thirdperson_lefthand": {
			"scale": [0.5, 0.5, 0.5],
			"rotation": [63, 0, 0],
			"translation": [-0.5, 0, 0]
		},
		"fixed": {
			"scale": [1.525, 1.525, 1.525],
			"translation": [0, 5.5, -1.5]
		},
		"gui": {
			"scale": [1, 1, 1],
			"rotation": [13, -136, 0],
			"translation": [0, 6, 0]
		},
		"firstperson_righthand": {
			"scale": [1, 1, 1],
			"translation": [0, 1.5, 0]
		},
		"firstperson_lefthand": {
			"scale": [1, 1, 1],
			"translation": [0, 1, 0]
		}
	}
}