{
	"credit": "Made with Blockbench, a free, modern block model editor by JannisX11",
	"textures": {
		"0": "disney:items/pooh_hat",
		"particle": "disney:items/pooh_hat"
	},
	"elements": [
		{
			"name": "head top block",
			"from": [5, 4, 4],
			"to": [12, 5, 5],
			"faces": {
				"north": {"uv": [3.5, 5.5, 7, 6], "texture": "#0"},
				"east": {"uv": [9, 6, 9.5, 6.5], "texture": "#0"},
				"south": {"uv": [8.5, 6, 12, 6.5], "texture": "#0"},
				"west": {"uv": [0, 0, 0.5, 0.5], "texture": "#0"},
				"up": {"uv": [8.5, 3.5, 12, 4], "texture": "#0"},
				"down": {"uv": [0, 0, 3.5, 0.5], "texture": "#0"}
			},
			"type": "cube"
		},
		{
			"name": "head top block",
			"from": [5, 4, 12],
			"to": [12, 5, 13],
			"faces": {
				"north": {"uv": [3.5, 5.5, 7, 6], "texture": "#0"},
				"east": {"uv": [9, 6, 9.5, 6.5], "texture": "#0"},
				"south": {"uv": [8.5, 6, 12, 6.5], "texture": "#0"},
				"west": {"uv": [0, 0, 0.5, 0.5], "texture": "#0"},
				"up": {"uv": [8.5, 3.5, 12, 4], "texture": "#0"},
				"down": {"uv": [0, 0, 3.5, 0.5], "texture": "#0"}
			},
			"type": "cube"
		},
		{
			"name": "head top block",
			"from": [4, 4, 5],
			"to": [13, 5, 12],
			"faces": {
				"north": {"uv": [3.5, 5.5, 8, 6], "texture": "#0"},
				"east": {"uv": [9, 6, 12.5, 6.5], "texture": "#0"},
				"south": {"uv": [8.5, 6, 13, 6.5], "texture": "#0"},
				"west": {"uv": [0, 0, 3.5, 0.5], "texture": "#0"},
				"up": {"uv": [8.5, 3.5, 13, 7], "texture": "#0"},
				"down": {"uv": [0, 0, 4.5, 3.5], "texture": "#0"}
			},
			"type": "cube"
		},
		{
			"name": "head block",
			"from": [4, 0, 4],
			"to": [13, 4, 13],
			"faces": {
				"north": {
					"uv": [3.5, 5.5, 8.5, 7.5],
					"texture": "#0"
				},
				"east": {"uv": [9, 6, 13.5, 7.5], "texture": "#0"},
				"south": {"uv": [8.5, 6, 13, 7.5], "texture": "#0"},
				"west": {"uv": [0, 0, 4.5, 2], "texture": "#0"},
				"up": {"uv": [8.5, 3.5, 13, 8], "texture": "#0"},
				"down": {"uv": [0, 0, 4.5, 4.5], "texture": "#0"}
			},
			"type": "cube"
		},
		{
			"name": "snout",
			"from": [6, 0, 3],
			"to": [11, 2, 4],
			"faces": {
				"north": {"uv": [8.5, 3, 12.5, 4], "texture": "#0"},
				"east": {"uv": [8.5, 3, 9, 4], "texture": "#0"},
				"south": {
					"uv": [0, 0, 5, 2],
					"texture": "#missing"
				},
				"west": {"uv": [11, 3, 11.5, 4], "texture": "#0"},
				"up": {"uv": [8, 3, 10, 3.5], "texture": "#0"},
				"down": {"uv": [0, 0, 2, 0.5], "texture": "#0"}
			},
			"type": "cube"
		},
		{
			"name": "cube",
			"from": [13, 4, 8],
			"to": [14, 6, 9],
			"faces": {
				"north": {"uv": [0, 0, 0.5, 1], "texture": "#0"},
				"east": {"uv": [0, 0, 0.5, 1], "texture": "#0"},
				"south": {"uv": [0, 0, 0.5, 1], "texture": "#0"},
				"west": {"uv": [0, 0, 0.5, 1], "texture": "#0"},
				"up": {"uv": [0, 0, 0.5, 1], "texture": "#0"},
				"down": {"uv": [0, 0, 0.5, 1], "texture": "#0"}
			},
			"rotation": {
				"origin": [17, 8, 8],
				"axis": "z",
				"angle": 0
			},
			"type": "cube"
		},
		{
			"name": "cube",
			"from": [3, 4, 8],
			"to": [4, 6, 9],
			"faces": {
				"north": {"uv": [0, 0, 0.5, 1], "texture": "#0"},
				"east": {"uv": [0, 0, 0.5, 1], "texture": "#0"},
				"south": {"uv": [0, 0, 0.5, 1], "texture": "#0"},
				"west": {"uv": [0, 0, 0.5, 1], "texture": "#0"},
				"up": {"uv": [0, 0, 0.5, 1], "texture": "#0"},
				"down": {"uv": [0, 0, 0.5, 1], "texture": "#0"}
			},
			"rotation": {
				"origin": [7, 8, 8],
				"axis": "z",
				"angle": 0
			},
			"type": "cube"
		},
		{
			"name": "cube",
			"from": [11, 5, 8],
			"to": [13, 7, 9],
			"faces": {
				"north": {"uv": [0, 0, 1, 1], "texture": "#0"},
				"east": {"uv": [0, 0, 1, 1], "texture": "#0"},
				"south": {"uv": [0, 0, 1, 1], "texture": "#0"},
				"west": {"uv": [0, 0, 1, 1], "texture": "#0"},
				"up": {"uv": [0, 0, 1, 1], "texture": "#0"},
				"down": {"uv": [0, 0, 1, 1], "texture": "#0"}
			},
			"rotation": {
				"origin": [15, 9, 8],
				"axis": "z",
				"angle": 0
			},
			"type": "cube"
		},
		{
			"name": "cube",
			"from": [4, 5, 8],
			"to": [6, 7, 9],
			"faces": {
				"north": {"uv": [0, 0, 1, 1], "texture": "#0"},
				"east": {"uv": [0, 0, 1, 1], "texture": "#0"},
				"south": {"uv": [0, 0, 1, 1], "texture": "#0"},
				"west": {"uv": [0, 0, 1, 1], "texture": "#0"},
				"up": {"uv": [0, 0, 1, 1], "texture": "#0"},
				"down": {"uv": [0, 0, 1, 1], "texture": "#0"}
			},
			"rotation": {
				"origin": [8, 9, 8],
				"axis": "z",
				"angle": 0
			},
			"type": "cube"
		}
	],
	"display": {
		"thirdperson_righthand": {
			"scale": [
				0.42500000000000004,
				0.42500000000000004,
				0.42500000000000004
			],
			"rotation": [63, 24, 0],
			"translation": [-0.5, 1, 0]
		},
		"ground": {
			"scale": [1, 1, 1],
			"translation": [0, 4.5, 0]
		},
		"head": {
			"scale": [1.75, 1.75, 1.75],
			"translation": [-1, 14, -0.5],
			"rotation": [1, 0, 0]
		},
		"thirdperson_lefthand": {
			"scale": [0.5, 0.5, 0.5],
			"rotation": [63, 0, 0],
			"translation": [-0.5, 0, 0]
		},
		"fixed": {
			"scale": [1.525, 1.525, 1.525],
			"translation": [-1, 6, -1.5]
		},
		"gui": {
			"scale": [1, 1, 1],
			"rotation": [13, -136, 0],
			"translation": [1, 3.5, 0]
		},
		"firstperson_righthand": {
			"scale": [1, 1, 1],
			"translation": [0, 1.5, 0]
		},
		"firstperson_lefthand": {
			"scale": [1, 1, 1],
			"translation": [0, 1, 0]
		}
	}
}