{
	"credit": "Made with Blockbench, a free, modern block model editor by JannisX11",
	"textures": {
		"0": "disney:items/stitch_hat",
		"particle": "disney:items/stitch_hat"
	},
	"elements": [
		{
			"name": "ear left tip",
			"from": [2, 8, 7],
			"to": [5, 11, 8],
			"faces": {
				"north": {"uv": [4, 1, 5.5, 2.5], "texture": "#0"},
				"east": {"uv": [14, 0.5, 14.5, 2], "texture": "#0"},
				"south": {
					"uv": [10.5, 0.5, 12, 2],
					"texture": "#0"
				},
				"west": {"uv": [14, 0.5, 14.5, 2], "texture": "#0"},
				"up": {
					"uv": [14, 0.5, 14.5, 1.5],
					"texture": "#0",
					"rotation": 90
				},
				"down": {
					"uv": [4, 1, 4.5, 2.5],
					"texture": "#0",
					"rotation": 270
				}
			},
			"rotation": {
				"origin": [4, 8, 12],
				"axis": "y",
				"angle": 22.5
			},
			"type": "cube"
		},
		{
			"name": "ear left low",
			"from": [6, 4, 7],
			"to": [7, 5, 8],
			"faces": {
				"north": {"uv": [3, 4, 3.5, 4.5], "texture": "#0"},
				"east": {"uv": [3, 4, 3.5, 4.5], "texture": "#0"},
				"south": {"uv": [3, 4, 3.5, 4.5], "texture": "#0"},
				"west": {"uv": [3, 4, 3.5, 4.5], "texture": "#0"},
				"up": {
					"uv": [3, 4, 3.5, 4.5],
					"texture": "#0",
					"rotation": 90
				},
				"down": {
					"uv": [3, 4, 3.5, 4.5],
					"texture": "#0",
					"rotation": 270
				}
			},
			"rotation": {
				"origin": [5, 8, 12],
				"axis": "y",
				"angle": 22.5
			},
			"type": "cube"
		},
		{
			"name": "ear left middle",
			"from": [3, 6, 7],
			"to": [6, 8, 8],
			"faces": {
				"north": {
					"uv": [3.5, 2.5, 5, 3.5],
					"texture": "#0"
				},
				"east": {
					"uv": [13.5, 1.5, 14, 2.5],
					"texture": "#0"
				},
				"south": {
					"uv": [10.5, 3.5, 12, 4.5],
					"texture": "#0"
				},
				"west": {
					"uv": [14, 2.5, 14.5, 3.5],
					"texture": "#0"
				},
				"up": {
					"uv": [14, 2, 14.5, 3],
					"texture": "#0",
					"rotation": 90
				},
				"down": {
					"uv": [3.5, 2.5, 4, 3.5],
					"texture": "#0",
					"rotation": 270
				}
			},
			"rotation": {
				"origin": [4, 8, 12],
				"axis": "y",
				"angle": 22.5
			},
			"type": "cube"
		},
		{
			"name": "ear left tip upper",
			"from": [3, 12, 7],
			"to": [4, 13, 8],
			"faces": {
				"north": {"uv": [4.5, 0, 5, 0.5], "texture": "#0"},
				"east": {"uv": [4.5, 0, 5, 0.5], "texture": "#0"},
				"south": {"uv": [4.5, 0, 5, 0.5], "texture": "#0"},
				"west": {"uv": [4.5, 0, 5, 0.5], "texture": "#0"},
				"up": {
					"uv": [4.5, 0, 5, 0.5],
					"texture": "#0",
					"rotation": 90
				},
				"down": {
					"uv": [4.5, 0, 5, 0.5],
					"texture": "#0",
					"rotation": 270
				}
			},
			"rotation": {
				"origin": [4, 9, 12],
				"axis": "y",
				"angle": 22.5
			},
			"type": "cube"
		},
		{
			"name": "ear left tip upper",
			"from": [2, 11, 7],
			"to": [4, 12, 8],
			"faces": {
				"north": {
					"uv": [4.5, 0.5, 5.5, 1],
					"texture": "#0"
				},
				"east": {"uv": [4.5, 0.5, 5, 1], "texture": "#0"},
				"south": {
					"uv": [4.5, 0.5, 5.5, 1],
					"texture": "#0"
				},
				"west": {"uv": [4.5, 0.5, 5, 1], "texture": "#0"},
				"up": {
					"uv": [4.5, 0.5, 5.5, 1],
					"texture": "#0",
					"rotation": 90
				},
				"down": {
					"uv": [4.5, 0.5, 5.5, 1],
					"texture": "#0",
					"rotation": 270
				}
			},
			"rotation": {
				"origin": [4, 8, 12],
				"axis": "y",
				"angle": 22.5
			},
			"type": "cube"
		},
		{
			"name": "ear left tip",
			"from": [14, 8, 8],
			"to": [17, 11, 9],
			"faces": {
				"north": {"uv": [4, 1, 5.5, 2.5], "texture": "#0"},
				"east": {"uv": [14, 0.5, 14.5, 2], "texture": "#0"},
				"south": {
					"uv": [13, 1, 14.5, 2.5],
					"texture": "#0"
				},
				"west": {"uv": [14, 0.5, 14.5, 2], "texture": "#0"},
				"up": {
					"uv": [14, 0.5, 14.5, 1.5],
					"texture": "#0",
					"rotation": 270
				},
				"down": {
					"uv": [4, 1, 4.5, 2.5],
					"texture": "#0",
					"rotation": 90
				}
			},
			"rotation": {
				"origin": [15, 8, 4],
				"axis": "y",
				"angle": -22.5
			},
			"type": "cube"
		},
		{
			"name": "ear left middle",
			"from": [13, 6, 8],
			"to": [16, 8, 9],
			"faces": {
				"north": {
					"uv": [3.5, 2.5, 5, 3.5],
					"texture": "#0"
				},
				"east": {
					"uv": [14, 2.5, 14.5, 3.5],
					"texture": "#0"
				},
				"south": {
					"uv": [10.5, 3.5, 12, 4.5],
					"texture": "#0"
				},
				"west": {
					"uv": [13.5, 1.5, 14, 2.5],
					"texture": "#0"
				},
				"up": {
					"uv": [14, 2, 14.5, 3],
					"texture": "#0",
					"rotation": 270
				},
				"down": {
					"uv": [3.5, 2.5, 4, 3.5],
					"texture": "#0",
					"rotation": 90
				}
			},
			"rotation": {
				"origin": [15, 8, 4],
				"axis": "y",
				"angle": -22.5
			},
			"type": "cube"
		},
		{
			"name": "ear left tip upper",
			"from": [15, 12, 8],
			"to": [16, 13, 9],
			"faces": {
				"north": {"uv": [4.5, 0, 5, 0.5], "texture": "#0"},
				"east": {"uv": [4.5, 0, 5, 0.5], "texture": "#0"},
				"south": {"uv": [4.5, 0, 5, 0.5], "texture": "#0"},
				"west": {"uv": [4.5, 0, 5, 0.5], "texture": "#0"},
				"up": {
					"uv": [4.5, 0, 5, 0.5],
					"texture": "#0",
					"rotation": 270
				},
				"down": {
					"uv": [4.5, 0, 5, 0.5],
					"texture": "#0",
					"rotation": 90
				}
			},
			"rotation": {
				"origin": [15, 9, 4],
				"axis": "y",
				"angle": -22.5
			},
			"type": "cube"
		},
		{
			"name": "ear left tip upper",
			"from": [15, 11, 8],
			"to": [17, 12, 9],
			"faces": {
				"north": {
					"uv": [4.5, 0.5, 5.5, 1],
					"texture": "#0"
				},
				"east": {"uv": [4.5, 0.5, 5, 1], "texture": "#0"},
				"south": {
					"uv": [4.5, 0.5, 5.5, 1],
					"texture": "#0"
				},
				"west": {"uv": [4.5, 0.5, 5, 1], "texture": "#0"},
				"up": {
					"uv": [4.5, 0.5, 5.5, 1],
					"texture": "#0",
					"rotation": 270
				},
				"down": {
					"uv": [4.5, 0.5, 5.5, 1],
					"texture": "#0",
					"rotation": 90
				}
			},
			"rotation": {
				"origin": [15, 8, 4],
				"axis": "y",
				"angle": -22.5
			},
			"type": "cube"
		},
		{
			"name": "top",
			"from": [4, 7, 5],
			"to": [12, 8, 12],
			"faces": {
				"north": {
					"uv": [10.5, 0.5, 14.5, 1],
					"texture": "#0"
				},
				"east": {"uv": [10.5, 0.5, 14, 1], "texture": "#0"},
				"south": {
					"uv": [10.5, 0.5, 14.5, 1],
					"texture": "#0"
				},
				"west": {"uv": [10.5, 0.5, 14, 1], "texture": "#0"},
				"up": {"uv": [10.5, 0.5, 14.5, 4], "texture": "#0"},
				"down": {
					"uv": [10.5, 0.5, 14.5, 4],
					"texture": "#0"
				}
			},
			"type": "cube"
		},
		{
			"name": "back",
			"from": [5, 2, 11],
			"to": [11, 7, 12],
			"faces": {
				"north": {
					"uv": [11.5, 0.5, 14.5, 3],
					"texture": "#0"
				},
				"east": {
					"uv": [10, 10, 10.5, 12.5],
					"texture": "#0"
				},
				"south": {
					"uv": [10.5, 0.5, 13.5, 3],
					"texture": "#0"
				},
				"west": {
					"uv": [10, 10, 10.5, 12.5],
					"texture": "#0"
				},
				"up": {"uv": [0, 0, 6, 1], "texture": "#missing"},
				"down": {
					"uv": [10.5, 0.5, 13.5, 1],
					"texture": "#0"
				}
			},
			"type": "cube"
		},
		{
			"name": "face",
			"from": [4, 4, 4],
			"to": [12, 8, 5],
			"faces": {
				"north": {
					"uv": [6, 9.5, 10, 11.5],
					"texture": "#0"
				},
				"east": {"uv": [10, 10, 10.5, 12], "texture": "#0"},
				"south": {
					"uv": [10.5, 0.5, 14.5, 2.5],
					"texture": "#0"
				},
				"west": {"uv": [10, 10, 10.5, 12], "texture": "#0"},
				"up": {"uv": [11, 0.5, 14.5, 1], "texture": "#0"},
				"down": {
					"uv": [10.5, 0.5, 14.5, 1],
					"texture": "#0"
				}
			},
			"type": "cube"
		},
		{
			"name": "mouth fill",
			"from": [4, 3, 4],
			"to": [6, 4, 5],
			"faces": {
				"north": {
					"uv": [13.5, 0.5, 14.5, 1],
					"texture": "#0"
				},
				"east": {"uv": [14, 0.5, 14.5, 1], "texture": "#0"},
				"south": {"uv": [0, 0, 2, 1], "texture": "#0"},
				"west": {"uv": [14, 0.5, 14.5, 1], "texture": "#0"},
				"up": {"uv": [0, 0, 2, 1], "texture": "#missing"},
				"down": {
					"uv": [13.5, 0.5, 14.5, 1],
					"texture": "#0"
				}
			},
			"type": "cube"
		},
		{
			"name": "mouth fill",
			"from": [10, 3, 4],
			"to": [12, 4, 5],
			"faces": {
				"north": {
					"uv": [13.5, 0.5, 14.5, 1],
					"texture": "#0"
				},
				"east": {"uv": [14, 0.5, 14.5, 1], "texture": "#0"},
				"south": {
					"uv": [0, 0, 2, 1],
					"texture": "#missing"
				},
				"west": {"uv": [0, 0, 1, 1], "texture": "#missing"},
				"up": {"uv": [0, 0, 2, 1], "texture": "#missing"},
				"down": {
					"uv": [13.5, 0.5, 14.5, 1],
					"texture": "#0"
				}
			},
			"type": "cube"
		},
		{
			"name": "left tooth",
			"from": [6, 3, 4],
			"to": [7, 4, 5],
			"faces": {
				"north": {
					"uv": [6, 12.5, 6.5, 13],
					"texture": "#0"
				},
				"east": {"uv": [6, 12.5, 6.5, 13], "texture": "#0"},
				"south": {
					"uv": [0, 0, 1, 1],
					"texture": "#missing"
				},
				"west": {"uv": [6, 12.5, 6.5, 13], "texture": "#0"},
				"up": {"uv": [0, 0, 1, 1], "texture": "#missing"},
				"down": {"uv": [6, 12.5, 6.5, 13], "texture": "#0"}
			},
			"type": "cube"
		},
		{
			"name": "lower tooth",
			"from": [5, 2, 4],
			"to": [6, 3, 5],
			"faces": {
				"north": {
					"uv": [6, 12.5, 6.5, 13],
					"texture": "#0"
				},
				"east": {"uv": [6, 12.5, 6.5, 13], "texture": "#0"},
				"south": {
					"uv": [0, 0, 1, 1],
					"texture": "#missing"
				},
				"west": {"uv": [6, 12.5, 6.5, 13], "texture": "#0"},
				"up": {"uv": [0, 0, 1, 1], "texture": "#missing"},
				"down": {"uv": [6, 12.5, 6.5, 13], "texture": "#0"}
			},
			"rotation": {
				"origin": [8, 8, 8],
				"axis": "y",
				"angle": 0
			},
			"type": "cube"
		},
		{
			"name": "lower tooth",
			"from": [10, 2, 4],
			"to": [11, 3, 5],
			"faces": {
				"north": {
					"uv": [6, 12.5, 6.5, 13],
					"texture": "#0"
				},
				"east": {"uv": [6, 12.5, 6.5, 13], "texture": "#0"},
				"south": {
					"uv": [0, 0, 1, 1],
					"texture": "#missing"
				},
				"west": {"uv": [6, 12.5, 6.5, 13], "texture": "#0"},
				"up": {"uv": [0, 0, 1, 1], "texture": "#missing"},
				"down": {"uv": [6, 12.5, 6.5, 13], "texture": "#0"}
			},
			"type": "cube"
		},
		{
			"name": "left tooth",
			"from": [9, 3, 4],
			"to": [10, 4, 5],
			"faces": {
				"north": {
					"uv": [6, 12.5, 6.5, 13],
					"texture": "#0"
				},
				"east": {"uv": [0, 0, 1, 1], "texture": "#missing"},
				"south": {
					"uv": [0, 0, 1, 1],
					"texture": "#missing"
				},
				"west": {"uv": [6, 12.5, 6.5, 13], "texture": "#0"},
				"up": {"uv": [0, 0, 1, 1], "texture": "#missing"},
				"down": {"uv": [6, 12.5, 6.5, 13], "texture": "#0"}
			},
			"type": "cube"
		},
		{
			"name": "side",
			"from": [11, 2, 5],
			"to": [12, 7, 12],
			"faces": {
				"north": {
					"uv": [14, 0.5, 14.5, 3],
					"texture": "#0"
				},
				"east": {"uv": [10.5, 0.5, 14, 3], "texture": "#0"},
				"south": {
					"uv": [14, 0.5, 14.5, 3],
					"texture": "#0"
				},
				"west": {"uv": [11, 0.5, 14.5, 3], "texture": "#0"},
				"up": {"uv": [0, 0, 1, 7], "texture": "#missing"},
				"down": {"uv": [14, 0.5, 14.5, 4], "texture": "#0"}
			},
			"type": "cube"
		},
		{
			"name": "side",
			"from": [4, 2, 5],
			"to": [5, 7, 12],
			"faces": {
				"north": {
					"uv": [14, 0.5, 14.5, 4.5],
					"texture": "#0"
				},
				"east": {
					"uv": [10.5, 0.5, 14.5, 3],
					"texture": "#0"
				},
				"south": {
					"uv": [14, 0.5, 14.5, 3],
					"texture": "#0"
				},
				"west": {"uv": [11, 0.5, 14.5, 3], "texture": "#0"},
				"up": {"uv": [0, 0, 1, 7], "texture": "#missing"},
				"down": {
					"uv": [14, 0.5, 14.5, 4.5],
					"texture": "#0"
				}
			},
			"type": "cube"
		}
	],
	"groups": [
		{
			"name": "ear left",
			"isOpen": true,
			"display": {"visibility": true, "autouv": true},
			"children": [0, 1, 2, 3, 4]
		},
		{
			"name": "ear right",
			"isOpen": true,
			"display": {"visibility": true, "autouv": true},
			"children": [5, 6, 7, 8]
		},
		{
			"name": "head",
			"isOpen": false,
			"display": {"visibility": true, "autouv": true},
			"children": [
				9,
				10,
				11,
				12,
				13,
				14,
				15,
				16,
				17,
				18,
				19
			]
		}
	],
	"display": {
		"thirdperson_righthand": {
			"scale": [0.5, 0.5, 0.5],
			"rotation": [63, 0, 0],
			"translation": [-0.5, 0, 0]
		},
		"ground": {
			"scale": [1, 1, 1],
			"translation": [0, 2, 0]
		},
		"head": {
			"scale": [1.975, 1.975, 1.975],
			"translation": [0, 10, 0],
			"rotation": [4, 0, 0]
		},
		"thirdperson_lefthand": {
			"scale": [0.5, 0.5, 0.5],
			"rotation": [63, 0, 0],
			"translation": [-0.5, 0, 0]
		},
		"fixed": {
			"scale": [1.525, 1.525, 1.525],
			"translation": [0, 2, -1.5]
		},
		"gui": {
			"scale": [1, 1, 1],
			"rotation": [13, -136, 0],
			"translation": [0, 0, 0]
		}
	}
}