{
	"credit": "Made with Blockbench, a free, modern block model editor by JannisX11",
	"textures": {
		"0": "disney:items/tigerlily_hat",
		"particle": "disney:items/tigerlily_hat"
	},
	"elements": [
		{
			"name": "band",
			"from": [11, 0, 4],
			"to": [12, 1, 11],
			"faces": {
				"north": {"uv": [0, 0, 16, 1], "texture": "#0"},
				"east": {"uv": [0, 0, 16, 1], "texture": "#0"},
				"south": {"uv": [0, 0, 16, 1], "texture": "#0"},
				"west": {"uv": [0, 0, 16, 1], "texture": "#0"},
				"up": {"uv": [0, 0, 16, 1], "texture": "#0"},
				"down": {"uv": [0, 0, 16, 1], "texture": "#0"}
			},
			"type": "cube"
		},
		{
			"name": "band",
			"from": [3, 0, 4],
			"to": [4, 1, 11],
			"faces": {
				"north": {"uv": [0, 0, 16, 1], "texture": "#0"},
				"east": {"uv": [0, 0, 16, 1], "texture": "#0"},
				"south": {"uv": [0, 0, 16, 1], "texture": "#0"},
				"west": {"uv": [0, 0, 16, 1], "texture": "#0"},
				"up": {"uv": [0, 0, 16, 1], "texture": "#0"},
				"down": {"uv": [0, 0, 16, 1], "texture": "#0"}
			},
			"type": "cube"
		},
		{
			"name": "band",
			"from": [3, 0, 4],
			"to": [4, 1, 11],
			"faces": {
				"north": {"uv": [0, 0, 16, 1], "texture": "#0"},
				"east": {"uv": [0, 0, 16, 1], "texture": "#0"},
				"south": {"uv": [0, 0, 16, 1], "texture": "#0"},
				"west": {"uv": [0, 0, 16, 1], "texture": "#0"},
				"up": {"uv": [0, 0, 16, 1], "texture": "#0"},
				"down": {"uv": [0, 0, 16, 1], "texture": "#0"}
			},
			"type": "cube"
		},
		{
			"name": "band",
			"from": [3, 0, 3],
			"to": [12, 1, 4],
			"faces": {
				"north": {"uv": [0, 0, 16, 1], "texture": "#0"},
				"east": {"uv": [0, 0, 16, 1], "texture": "#0"},
				"south": {"uv": [0, 0, 16, 1], "texture": "#0"},
				"west": {"uv": [0, 0, 16, 1], "texture": "#0"},
				"up": {"uv": [0, 0, 16, 1], "texture": "#0"},
				"down": {"uv": [0, 0, 16, 1], "texture": "#0"}
			},
			"type": "cube"
		},
		{
			"name": "band",
			"from": [3, 0, 11],
			"to": [12, 1, 12],
			"faces": {
				"north": {"uv": [0, 0, 16, 1], "texture": "#0"},
				"east": {"uv": [0, 0, 16, 1], "texture": "#0"},
				"south": {"uv": [0, 0, 16, 1], "texture": "#0"},
				"west": {"uv": [0, 0, 16, 1], "texture": "#0"},
				"up": {"uv": [0, 0, 16, 1], "texture": "#0"},
				"down": {"uv": [0, 0, 16, 1], "texture": "#0"}
			},
			"type": "cube"
		},
		{
			"name": "feather",
			"from": [6, -1, 12],
			"to": [14, 7, 12],
			"faces": {
				"north": {"uv": [3, 1, 16, 14], "texture": "#0"},
				"east": {"uv": [3, 1, 16, 14], "texture": "#0"},
				"south": {
					"uv": [3, 1, 16, 14],
					"texture": "#0",
					"rotation": 270
				},
				"west": {"uv": [3, 1, 16, 14], "texture": "#0"},
				"up": {"uv": [3, 1, 16, 14], "texture": "#0"},
				"down": {"uv": [3, 1, 16, 14], "texture": "#0"}
			},
			"rotation": {
				"origin": [12, 7, 8],
				"axis": "z",
				"angle": -45
			},
			"type": "cube"
		}
	],
	"display": {
		"thirdperson_righthand": {
			"scale": [0.5, 0.5, 0.5],
			"rotation": [70, 121, 7],
			"translation": [2, -0.5, 3]
		},
		"ground": {
			"scale": [1, 1, 1],
			"translation": [0, 4.5, 0]
		},
		"head": {
			"scale": [1.675, 1.675, 1.675],
			"translation": [1, 15.5, 1],
			"rotation": [1, 0, 0]
		},
		"thirdperson_lefthand": {
			"scale": [0.5, 0.5, 0.5],
			"rotation": [70, 121, 7],
			"translation": [2, -0.5, 3]
		},
		"fixed": {
			"scale": [1.525, 1.525, 1.525],
			"translation": [-1, 5.5, 4.5],
			"rotation": [0, 180, 0]
		},
		"gui": {
			"scale": [1, 1, 1],
			"rotation": [17, -130, 0],
			"translation": [-1, 5.5, 0]
		},
		"firstperson_righthand": {
			"scale": [0.68, 0.68, 0.68],
			"translation": [1.13, 3.2, 0],
			"rotation": [0, -90, 25]
		},
		"firstperson_lefthand": {
			"scale": [0.68, 0.68, 0.68],
			"translation": [1.13, 3.2, 0],
			"rotation": [0, -90, 25]
		}
	}
}