{
	"credit": "Made with Blockbench, a free, modern block model editor by JannisX11",
	"textures": {
		"0": "disney:items/yoda_ears",
		"particle": "disney:items/yoda_ears"
	},
	"elements": [
		{
			"name": "cube",
			"from": [0, 6, 8],
			"to": [1, 7, 9],
			"faces": {
				"north": {"uv": [0, 0, 1, 1], "texture": "#0"},
				"east": {"uv": [0, 0, 1, 1], "texture": "#0"},
				"south": {"uv": [0, 0, 1, 1], "texture": "#0"},
				"west": {"uv": [0, 0, 1, 1], "texture": "#0"},
				"up": {"uv": [0, 0, 1, 1], "texture": "#0"},
				"down": {"uv": [0, 0, 1, 1], "texture": "#0"}
			},
			"type": "cube"
		},
		{
			"name": "cube",
			"from": [14, 6, 8],
			"to": [15, 7, 9],
			"faces": {
				"north": {"uv": [0, 0, 1, 1], "texture": "#0"},
				"east": {"uv": [0, 0, 1, 1], "texture": "#0"},
				"south": {"uv": [0, 0, 1, 1], "texture": "#0"},
				"west": {"uv": [0, 0, 1, 1], "texture": "#0"},
				"up": {"uv": [0, 0, 1, 1], "texture": "#0"},
				"down": {"uv": [0, 0, 1, 1], "texture": "#0"}
			},
			"type": "cube"
		},
		{
			"name": "cube",
			"from": [1, 5, 8],
			"to": [2, 7, 9],
			"faces": {
				"north": {"uv": [2, 3, 3, 5], "texture": "#0"},
				"east": {"uv": [1, 2, 2, 4], "texture": "#0"},
				"south": {"uv": [8, 1, 9, 3], "texture": "#0"},
				"west": {"uv": [11, 0, 12, 2], "texture": "#0"},
				"up": {"uv": [3, 0, 4, 1], "texture": "#0"},
				"down": {"uv": [0, 0, 1, 1], "texture": "#0"}
			},
			"type": "cube"
		},
		{
			"name": "cube",
			"from": [13, 5, 8],
			"to": [14, 7, 9],
			"faces": {
				"north": {"uv": [2, 3, 3, 5], "texture": "#0"},
				"east": {"uv": [1, 2, 2, 4], "texture": "#0"},
				"south": {"uv": [8, 1, 9, 3], "texture": "#0"},
				"west": {"uv": [11, 0, 12, 2], "texture": "#0"},
				"up": {"uv": [3, 0, 4, 1], "texture": "#0"},
				"down": {"uv": [0, 0, 1, 1], "texture": "#0"}
			},
			"type": "cube"
		},
		{
			"name": "cube",
			"from": [2, 4, 8],
			"to": [5, 6, 9],
			"faces": {
				"north": {"uv": [2, 3, 5, 5], "texture": "#0"},
				"east": {"uv": [3, 3, 4, 5], "texture": "#0"},
				"south": {"uv": [4, 1, 7, 3], "texture": "#0"},
				"west": {"uv": [1, 0, 2, 2], "texture": "#0"},
				"up": {"uv": [5, 3, 8, 4], "texture": "#0"},
				"down": {"uv": [6, 0, 9, 1], "texture": "#0"}
			},
			"type": "cube"
		},
		{
			"name": "cube",
			"from": [10, 4, 8],
			"to": [13, 6, 9],
			"faces": {
				"north": {"uv": [2, 3, 5, 5], "texture": "#0"},
				"east": {"uv": [3, 3, 4, 5], "texture": "#0"},
				"south": {"uv": [4, 1, 7, 3], "texture": "#0"},
				"west": {"uv": [1, 0, 2, 2], "texture": "#0"},
				"up": {"uv": [5, 3, 8, 4], "texture": "#0"},
				"down": {"uv": [6, 0, 9, 1], "texture": "#0"}
			},
			"type": "cube"
		}
	],
	"groups": [
		{
			"name": "ear",
			"isOpen": true,
			"display": {"visibility": true, "autouv": true},
			"children": [0, 1, 2, 3, 4, 5]
		}
	],
	"display": {
		"thirdperson_righthand": {
			"scale": [
				0.42500000000000004,
				0.42500000000000004,
				0.42500000000000004
			],
			"rotation": [63, 0, 0],
			"translation": [-0.5, 0, 0]
		},
		"ground": {
			"scale": [1, 1, 1],
			"translation": [0, 2, 0]
		},
		"head": {
			"scale": [1.9, 1.9, 1.9],
			"translation": [1, 8, 0],
			"rotation": [4, 0, 0]
		},
		"thirdperson_lefthand": {
			"scale": [0.5, 0.5, 0.5],
			"rotation": [63, 0, 0],
			"translation": [-0.5, 0, 0]
		},
		"fixed": {
			"scale": [1.525, 1.525, 1.525],
			"translation": [0, 2, -1.5]
		},
		"gui": {
			"scale": [1, 1, 1],
			"rotation": [13, -136, 0],
			"translation": [0, 0, 0]
		}
	}
}