{
	"credit": "Credit: Ontvlambaar, Sammie_gaga",
	"textures": {
		"0": "block/red_terracotta",
		"1": "misc/emporium",
		"particle": "block/red_terracotta"
	},
	"elements": [
		{
			"from": [-10, 0, 2],
			"to": [24, 16, 8],
			"rotation": {"angle": -45, "axis": "y", "origin": [0, 8, 10]},
			"faces": {
				"north": {"uv": [0.238, 0.624, 15.999, 15.999], "texture": "#1"},
				"east": {"uv": [0, 0, 6, 16], "texture": "#0"},
				"south": {"uv": [0, 0, 16, 16], "texture": "#0"},
				"west": {"uv": [0, 0, 6, 16], "texture": "#0"},
				"up": {"uv": [0, 0, 16, 6], "texture": "#0"},
				"down": {"uv": [0, 0, 16, 6], "texture": "#0"}
			}
		}
	],
	"display": {
		"thirdperson_righthand": {
			"scale": [0.5, 0.51, 0.5]
		},
		"thirdperson_lefthand": {
			"scale": [0.5, 0.51, 0.5]
		},
		"firstperson_righthand": {
			"rotation": [8, 139, 0],
			"scale": [0.7, 0.7, 0.7]
		},
		"firstperson_lefthand": {
			"rotation": [8, 72, 0],
			"translation": [0, 0, -3.5],
			"scale": [0.7, 0.7, 0.7]
		},
		"gui": {
			"rotation": [0, -135, 0],
			"translation": [1.25, 0, 0],
			"scale": [0.4, 0.4, 0.4]
		},
		"fixed": {
			"translation": [-42.75, 0, -52],
			"scale": [4, 2, 4]
		}
	}
}