{
	"credit": "Credit: Ontvlambaar, Sammie_gaga",
	"textures": {
		"0": "loungefly/loungefly_logo_big",
		"particle": "loungefly/loungefly_logo_big"
	},
	"elements": [
		{
			"from": [0, 0, -0.1],
			"to": [32, 16, 0],
			"rotation": {"angle": 0, "axis": "y", "origin": [8, 8, 7]},
			"faces": {
				"north": {"uv": [0, 0, 16, 16], "texture": "#0"},
				"east": {"uv": [0, 0, 0.1, 16], "texture": "#0"},
				"south": {"uv": [0, 0, 16, 16], "texture": "#0"},
				"west": {"uv": [0, 0, 0.1, 16], "texture": "#0"},
				"up": {"uv": [0, 0, 16, 0.1], "texture": "#0"},
				"down": {"uv": [0, 0, 16, 0.1], "texture": "#0"}
			}
		}
	],
	"display": {
		"fixed": {
			"translation": [0, 0, 16.75],
			"scale": [2, 2, 2]
		}
	}
}