{
	"credit": "Credit:  Ontvlambaar",
	"textures": {
		"0": "block/red_concrete",
		"1": "block/yellow_concrete",
		"2": "block/orange_concrete",
		"particle": "block/red_concrete"
	},
	"elements": [
		{
			"from": [1, 13.8, 8],
			"to": [1.2, 14, 11],
			"rotation": {"angle": 0, "axis": "y", "origin": [8, 21, 16]},
			"faces": {
				"north": {"uv": [0, 0, 0.2, 0.2], "texture": "#1"},
				"east": {"uv": [0, 0, 3, 0.2], "texture": "#1"},
				"south": {"uv": [0, 0, 0.2, 0.2], "texture": "#1"},
				"west": {"uv": [0, 0, 3, 0.2], "texture": "#1"},
				"up": {"uv": [0, 0, 0.2, 3], "texture": "#1"},
				"down": {"uv": [0, 0, 0.2, 3], "texture": "#1"}
			}
		},
		{
			"from": [1, 18, 13],
			"to": [1.2, 19, 16],
			"rotation": {"angle": 0, "axis": "y", "origin": [8, 26, 21]},
			"faces": {
				"north": {"uv": [0, 0, 0.2, 1], "texture": "#1"},
				"east": {"uv": [0, 0, 3, 1], "texture": "#1"},
				"south": {"uv": [0, 0, 0.2, 1], "texture": "#1"},
				"west": {"uv": [0, 0, 3, 1], "texture": "#1"},
				"up": {"uv": [0, 0, 0.2, 3], "texture": "#1"},
				"down": {"uv": [0, 0, 0.2, 3], "texture": "#1"}
			}
		},
		{
			"from": [1, 17, 12],
			"to": [1.2, 18, 15],
			"rotation": {"angle": 0, "axis": "y", "origin": [8, 25, 20]},
			"faces": {
				"north": {"uv": [0, 0, 0.2, 1], "texture": "#1"},
				"east": {"uv": [0, 0, 3, 1], "texture": "#1"},
				"south": {"uv": [0, 0, 0.2, 1], "texture": "#1"},
				"west": {"uv": [0, 0, 3, 1], "texture": "#1"},
				"up": {"uv": [0, 0, 0.2, 3], "texture": "#1"},
				"down": {"uv": [0, 0, 0.2, 3], "texture": "#1"}
			}
		},
		{
			"from": [1, 16, 11],
			"to": [1.2, 17, 14],
			"rotation": {"angle": 0, "axis": "y", "origin": [8, 24, 19]},
			"faces": {
				"north": {"uv": [0, 0, 0.2, 1], "texture": "#1"},
				"east": {"uv": [0, 0, 3, 1], "texture": "#1"},
				"south": {"uv": [0, 0, 0.2, 1], "texture": "#1"},
				"west": {"uv": [0, 0, 3, 1], "texture": "#1"},
				"up": {"uv": [0, 0, 0.2, 3], "texture": "#1"},
				"down": {"uv": [0, 0, 0.2, 3], "texture": "#1"}
			}
		},
		{
			"from": [1, 15, 9],
			"to": [1.2, 16, 13],
			"rotation": {"angle": 0, "axis": "y", "origin": [8, 23, 18]},
			"faces": {
				"north": {"uv": [0, 0, 0.2, 1], "texture": "#1"},
				"east": {"uv": [0, 0, 4, 1], "texture": "#1"},
				"south": {"uv": [0, 0, 0.2, 1], "texture": "#1"},
				"west": {"uv": [0, 0, 4, 1], "texture": "#1"},
				"up": {"uv": [0, 0, 0.2, 4], "texture": "#1"},
				"down": {"uv": [0, 0, 0.2, 4], "texture": "#1"}
			}
		},
		{
			"from": [1, 15, 6],
			"to": [1.2, 16, 9],
			"rotation": {"angle": 0, "axis": "y", "origin": [8, 23, 14]},
			"faces": {
				"north": {"uv": [0, 0, 0.2, 1], "texture": "#1"},
				"east": {"uv": [0, 0, 3, 1], "texture": "#1"},
				"south": {"uv": [0, 0, 0.2, 1], "texture": "#1"},
				"west": {"uv": [0, 0, 3, 1], "texture": "#1"},
				"up": {"uv": [0, 0, 0.2, 3], "texture": "#1"},
				"down": {"uv": [0, 0, 0.2, 3], "texture": "#1"}
			}
		},
		{
			"from": [1, 16, 5],
			"to": [1.2, 17, 8],
			"rotation": {"angle": 0, "axis": "y", "origin": [8, 24, 13]},
			"faces": {
				"north": {"uv": [0, 0, 0.2, 1], "texture": "#1"},
				"east": {"uv": [0, 0, 3, 1], "texture": "#1"},
				"south": {"uv": [0, 0, 0.2, 1], "texture": "#1"},
				"west": {"uv": [0, 0, 3, 1], "texture": "#1"},
				"up": {"uv": [0, 0, 0.2, 3], "texture": "#1"},
				"down": {"uv": [0, 0, 0.2, 3], "texture": "#1"}
			}
		},
		{
			"from": [1, 17, 4],
			"to": [1.2, 18, 7],
			"rotation": {"angle": 0, "axis": "y", "origin": [8, 25, 12]},
			"faces": {
				"north": {"uv": [0, 0, 0.2, 1], "texture": "#1"},
				"east": {"uv": [0, 0, 3, 1], "texture": "#1"},
				"south": {"uv": [0, 0, 0.2, 1], "texture": "#1"},
				"west": {"uv": [0, 0, 3, 1], "texture": "#1"},
				"up": {"uv": [0, 0, 0.2, 3], "texture": "#1"},
				"down": {"uv": [0, 0, 0.2, 3], "texture": "#1"}
			}
		},
		{
			"from": [1, 18, 3],
			"to": [1.2, 19, 6],
			"rotation": {"angle": 0, "axis": "y", "origin": [8, 26, 11]},
			"faces": {
				"north": {"uv": [0, 0, 0.2, 1], "texture": "#1"},
				"east": {"uv": [0, 0, 3, 1], "texture": "#1"},
				"south": {"uv": [0, 0, 0.2, 1], "texture": "#1"},
				"west": {"uv": [0, 0, 3, 1], "texture": "#1"},
				"up": {"uv": [0, 0, 0.2, 3], "texture": "#1"},
				"down": {"uv": [0, 0, 0.2, 3], "texture": "#1"}
			}
		},
		{
			"from": [1, 14, 7],
			"to": [1.2, 15, 12],
			"rotation": {"angle": 0, "axis": "y", "origin": [8, 22, 15]},
			"faces": {
				"north": {"uv": [0, 0, 0.2, 1], "texture": "#1"},
				"east": {"uv": [0, 0, 5, 1], "texture": "#1"},
				"south": {"uv": [0, 0, 0.2, 1], "texture": "#1"},
				"west": {"uv": [0, 0, 5, 1], "texture": "#1"},
				"up": {"uv": [0, 0, 0.2, 5], "texture": "#1"},
				"down": {"uv": [0, 0, 0.2, 5], "texture": "#1"}
			}
		},
		{
			"from": [1, 16, 8],
			"to": [1.2, 17, 11],
			"rotation": {"angle": 0, "axis": "y", "origin": [8, 24, 15]},
			"faces": {
				"north": {"uv": [0, 0, 0.2, 1], "texture": "#0"},
				"east": {"uv": [0, 0, 3, 1], "texture": "#0"},
				"south": {"uv": [0, 0, 0.2, 1], "texture": "#0"},
				"west": {"uv": [0, 0, 3, 1], "texture": "#0"},
				"up": {"uv": [0, 0, 0.2, 3], "texture": "#0"},
				"down": {"uv": [0, 0, 0.2, 3], "texture": "#0"}
			}
		},
		{
			"from": [1, 17, 7],
			"to": [1.2, 18, 12],
			"rotation": {"angle": 0, "axis": "y", "origin": [8, 25, 15]},
			"faces": {
				"north": {"uv": [0, 0, 0.2, 1], "texture": "#0"},
				"east": {"uv": [0, 0, 5, 1], "texture": "#0"},
				"south": {"uv": [0, 0, 0.2, 1], "texture": "#0"},
				"west": {"uv": [0, 0, 5, 1], "texture": "#0"},
				"up": {"uv": [0, 0, 0.2, 5], "texture": "#0"},
				"down": {"uv": [0, 0, 0.2, 5], "texture": "#0"}
			}
		},
		{
			"from": [1, 18, 6],
			"to": [1.2, 19, 13],
			"rotation": {"angle": 0, "axis": "y", "origin": [8, 26, 15]},
			"faces": {
				"north": {"uv": [0, 0, 0.2, 1], "texture": "#0"},
				"east": {"uv": [0, 0, 7, 1], "texture": "#0"},
				"south": {"uv": [0, 0, 0.2, 1], "texture": "#0"},
				"west": {"uv": [0, 0, 7, 1], "texture": "#0"},
				"up": {"uv": [0, 0, 0.2, 7], "texture": "#0"},
				"down": {"uv": [0, 0, 0.2, 7], "texture": "#0"}
			}
		},
		{
			"from": [1, 18, 0.5],
			"to": [1.2, 19, 3],
			"rotation": {"angle": 0, "axis": "y", "origin": [8, 26, 8]},
			"faces": {
				"north": {"uv": [0, 0, 0.2, 1], "texture": "#2"},
				"east": {"uv": [0, 0, 2.5, 1], "texture": "#2"},
				"south": {"uv": [0, 0, 0.2, 1], "texture": "#2"},
				"west": {"uv": [0, 0, 2.5, 1], "texture": "#2"},
				"up": {"uv": [0, 0, 0.2, 2.5], "texture": "#2"},
				"down": {"uv": [0, 0, 0.2, 2.5], "texture": "#2"}
			}
		},
		{
			"from": [1, 17, 1],
			"to": [1.2, 18, 4],
			"rotation": {"angle": 0, "axis": "y", "origin": [8, 25, 9]},
			"faces": {
				"north": {"uv": [0, 0, 0.2, 1], "texture": "#2"},
				"east": {"uv": [0, 0, 3, 1], "texture": "#2"},
				"south": {"uv": [0, 0, 0.2, 1], "texture": "#2"},
				"west": {"uv": [0, 0, 3, 1], "texture": "#2"},
				"up": {"uv": [0, 0, 0.2, 3], "texture": "#2"},
				"down": {"uv": [0, 0, 0.2, 3], "texture": "#2"}
			}
		},
		{
			"from": [1, 16, 2],
			"to": [1.2, 17, 5],
			"rotation": {"angle": 0, "axis": "y", "origin": [8, 24, 10]},
			"faces": {
				"north": {"uv": [0, 0, 0.2, 1], "texture": "#2"},
				"east": {"uv": [0, 0, 3, 1], "texture": "#2"},
				"south": {"uv": [0, 0, 0.2, 1], "texture": "#2"},
				"west": {"uv": [0, 0, 3, 1], "texture": "#2"},
				"up": {"uv": [0, 0, 0.2, 3], "texture": "#2"},
				"down": {"uv": [0, 0, 0.2, 3], "texture": "#2"}
			}
		},
		{
			"from": [1, 15, 3],
			"to": [1.2, 16, 6],
			"rotation": {"angle": 0, "axis": "y", "origin": [8, 23, 11]},
			"faces": {
				"north": {"uv": [0, 0, 0.2, 1], "texture": "#2"},
				"east": {"uv": [0, 0, 3, 1], "texture": "#2"},
				"south": {"uv": [0, 0, 0.2, 1], "texture": "#2"},
				"west": {"uv": [0, 0, 3, 1], "texture": "#2"},
				"up": {"uv": [0, 0, 0.2, 3], "texture": "#2"},
				"down": {"uv": [0, 0, 0.2, 3], "texture": "#2"}
			}
		},
		{
			"from": [1, 14, 4],
			"to": [1.2, 15, 7],
			"rotation": {"angle": 0, "axis": "y", "origin": [8, 22, 12]},
			"faces": {
				"north": {"uv": [0, 0, 0.2, 1], "texture": "#2"},
				"east": {"uv": [0, 0, 3, 1], "texture": "#2"},
				"south": {"uv": [0, 0, 0.2, 1], "texture": "#2"},
				"west": {"uv": [0, 0, 3, 1], "texture": "#2"},
				"up": {"uv": [0, 0, 0.2, 3], "texture": "#2"},
				"down": {"uv": [0, 0, 0.2, 3], "texture": "#2"}
			}
		},
		{
			"from": [1, 13, 5],
			"to": [1.2, 14, 8],
			"rotation": {"angle": 0, "axis": "y", "origin": [8, 21, 13]},
			"faces": {
				"north": {"uv": [0, 0, 0.2, 1], "texture": "#2"},
				"east": {"uv": [0, 0, 3, 1], "texture": "#2"},
				"south": {"uv": [0, 0, 0.2, 1], "texture": "#2"},
				"west": {"uv": [0, 0, 3, 1], "texture": "#2"},
				"up": {"uv": [0, 0, 0.2, 3], "texture": "#2"},
				"down": {"uv": [0, 0, 0.2, 3], "texture": "#2"}
			}
		},
		{
			"from": [1, 14, 12],
			"to": [1.2, 15, 15],
			"rotation": {"angle": 0, "axis": "y", "origin": [8, 22, 20]},
			"faces": {
				"north": {"uv": [0, 0, 0.2, 1], "texture": "#2"},
				"east": {"uv": [0, 0, 3, 1], "texture": "#2"},
				"south": {"uv": [0, 0, 0.2, 1], "texture": "#2"},
				"west": {"uv": [0, 0, 3, 1], "texture": "#2"},
				"up": {"uv": [0, 0, 0.2, 3], "texture": "#2"},
				"down": {"uv": [0, 0, 0.2, 3], "texture": "#2"}
			}
		},
		{
			"from": [1, 13, 11],
			"to": [1.2, 14, 14],
			"rotation": {"angle": 0, "axis": "y", "origin": [8, 21, 19]},
			"faces": {
				"north": {"uv": [0, 0, 0.2, 1], "texture": "#2"},
				"east": {"uv": [0, 0, 3, 1], "texture": "#2"},
				"south": {"uv": [0, 0, 0.2, 1], "texture": "#2"},
				"west": {"uv": [0, 0, 3, 1], "texture": "#2"},
				"up": {"uv": [0, 0, 0.2, 3], "texture": "#2"},
				"down": {"uv": [0, 0, 0.2, 3], "texture": "#2"}
			}
		},
		{
			"from": [1, 12, 7],
			"to": [1.2, 13, 12],
			"rotation": {"angle": 0, "axis": "y", "origin": [8, 20, 15]},
			"faces": {
				"north": {"uv": [0, 0, 0.2, 1], "texture": "#2"},
				"east": {"uv": [0, 0, 5, 1], "texture": "#2"},
				"south": {"uv": [0, 0, 0.2, 1], "texture": "#2"},
				"west": {"uv": [0, 0, 5, 1], "texture": "#2"},
				"up": {"uv": [0, 0, 0.2, 5], "texture": "#2"},
				"down": {"uv": [0, 0, 0.2, 5], "texture": "#2"}
			}
		},
		{
			"from": [1, 12.5, 12],
			"to": [1.2, 13, 13],
			"rotation": {"angle": 0, "axis": "y", "origin": [8, 20, 20]},
			"faces": {
				"north": {"uv": [0, 0, 0.2, 0.5], "texture": "#2"},
				"east": {"uv": [0, 0, 1, 0.5], "texture": "#2"},
				"south": {"uv": [0, 0, 0.2, 0.5], "texture": "#2"},
				"west": {"uv": [0, 0, 1, 0.5], "texture": "#2"},
				"up": {"uv": [0, 0, 0.2, 1], "texture": "#2"},
				"down": {"uv": [0, 0, 0.2, 1], "texture": "#2"}
			}
		},
		{
			"from": [1, 12.5, 6],
			"to": [1.2, 13, 7],
			"rotation": {"angle": 0, "axis": "y", "origin": [8, 20, 14]},
			"faces": {
				"north": {"uv": [0, 0, 0.2, 0.5], "texture": "#2"},
				"east": {"uv": [0, 0, 1, 0.5], "texture": "#2"},
				"south": {"uv": [0, 0, 0.2, 0.5], "texture": "#2"},
				"west": {"uv": [0, 0, 1, 0.5], "texture": "#2"},
				"up": {"uv": [0, 0, 0.2, 1], "texture": "#2"},
				"down": {"uv": [0, 0, 0.2, 1], "texture": "#2"}
			}
		},
		{
			"from": [1, 13, 8],
			"to": [1.2, 13.8, 11],
			"rotation": {"angle": 0, "axis": "y", "origin": [8, 21, 16]},
			"faces": {
				"north": {"uv": [0, 0, 0.2, 0.8], "texture": "#2"},
				"east": {"uv": [0, 0, 3, 0.8], "texture": "#2"},
				"south": {"uv": [0, 0, 0.2, 0.8], "texture": "#2"},
				"west": {"uv": [0, 0, 3, 0.8], "texture": "#2"},
				"up": {"uv": [0, 0, 0.2, 3], "texture": "#2"},
				"down": {"uv": [0, 0, 0.2, 3], "texture": "#2"}
			}
		},
		{
			"from": [1, 15, 13],
			"to": [1.2, 16, 16],
			"rotation": {"angle": 0, "axis": "y", "origin": [8, 23, 21]},
			"faces": {
				"north": {"uv": [0, 0, 0.2, 1], "texture": "#2"},
				"east": {"uv": [0, 0, 3, 1], "texture": "#2"},
				"south": {"uv": [0, 0, 0.2, 1], "texture": "#2"},
				"west": {"uv": [0, 0, 3, 1], "texture": "#2"},
				"up": {"uv": [0, 0, 0.2, 3], "texture": "#2"},
				"down": {"uv": [0, 0, 0.2, 3], "texture": "#2"}
			}
		},
		{
			"from": [1, 18, 16],
			"to": [1.2, 19, 18.5],
			"rotation": {"angle": 0, "axis": "y", "origin": [8, 26, 24]},
			"faces": {
				"north": {"uv": [0, 0, 0.2, 1], "texture": "#2"},
				"east": {"uv": [0, 0, 2.5, 1], "texture": "#2"},
				"south": {"uv": [0, 0, 0.2, 1], "texture": "#2"},
				"west": {"uv": [0, 0, 2.5, 1], "texture": "#2"},
				"up": {"uv": [0, 0, 0.2, 2.5], "texture": "#2"},
				"down": {"uv": [0, 0, 0.2, 2.5], "texture": "#2"}
			}
		},
		{
			"from": [1, 17, 15],
			"to": [1.2, 18, 18],
			"rotation": {"angle": 0, "axis": "y", "origin": [8, 25, 23]},
			"faces": {
				"north": {"uv": [0, 0, 0.2, 1], "texture": "#2"},
				"east": {"uv": [0, 0, 3, 1], "texture": "#2"},
				"south": {"uv": [0, 0, 0.2, 1], "texture": "#2"},
				"west": {"uv": [0, 0, 3, 1], "texture": "#2"},
				"up": {"uv": [0, 0, 0.2, 3], "texture": "#2"},
				"down": {"uv": [0, 0, 0.2, 3], "texture": "#2"}
			}
		},
		{
			"from": [1, 16, 14],
			"to": [1.2, 17, 17],
			"rotation": {"angle": 0, "axis": "y", "origin": [8, 24, 22]},
			"faces": {
				"north": {"uv": [0, 0, 0.2, 1], "texture": "#2"},
				"east": {"uv": [0, 0, 3, 1], "texture": "#2"},
				"south": {"uv": [0, 0, 0.2, 1], "texture": "#2"},
				"west": {"uv": [0, 0, 3, 1], "texture": "#2"},
				"up": {"uv": [0, 0, 0.2, 3], "texture": "#2"},
				"down": {"uv": [0, 0, 0.2, 3], "texture": "#2"}
			}
		}
	],
	"display": {
		"thirdperson_righthand": {
			"translation": [4.25, -4, 0],
			"scale": [0.7, 0.7, 0.7]
		},
		"thirdperson_lefthand": {
			"translation": [-4.5, -4, 0],
			"scale": [0.7, 0.7, 0.7]
		},
		"firstperson_righthand": {
			"rotation": [26, 0, 0],
			"translation": [1.5, 0, 1.25],
			"scale": [0.7, 0.7, 0.7]
		},
		"firstperson_lefthand": {
			"rotation": [26, 0, 0],
			"translation": [-5.5, 0, 1.25],
			"scale": [0.7, 0.7, 0.7]
		},
		"gui": {
			"rotation": [28, 63, 0],
			"translation": [1.75, -2.5, 0]
		},
		"head": {
			"rotation": [0, -90, 0],
			"translation": [1.5, -5, 0.5]
		},
		"fixed": {
			"rotation": [0, -90, 0],
			"translation": [3, -32, 14.75],
			"scale": [2, 2, 2]
		}
	},
	"groups": [
		{
			"name": "group",
			"origin": [8, 22, 15],
			"children": [0, 1, 2, 3, 4, 5, 6, 7, 8, 9]
		},
		{
			"name": "group",
			"origin": [8, 26, 15],
			"children": [10, 11, 12]
		},
		{
			"name": "group",
			"origin": [8, 26, 11],
			"children": [13, 14, 15, 16, 17, 18, 19, 20, 21, 22, 23, 24, 25, 26, 27, 28]
		}
	]
}