{
	"credit": "Credit:  Ontvlambaar",
	"textures": {
		"texture2": "merch/pride.gif",
		"texture1": "merch/ears/pride"
	},
	"elements": [
		{
			"name": "Voxels",
			"from": [-6, 8, 7],
			"to": [22, 10, 9],
			"faces": {
				"north": {"uv": [7.75, 14.25, 4.25, 14.5], "texture": "#texture1"},
				"east": {"uv": [7.75, 13.75, 7.5, 14], "texture": "#texture1"},
				"south": {"uv": [4.25, 14, 7.75, 14.25], "texture": "#texture1"},
				"west": {"uv": [9.625, 8, 9.875, 8.25], "texture": "#texture1"},
				"up": {"uv": [4.25, 14.75, 7.75, 14.5], "texture": "#texture1"},
				"down": {"uv": [4.25, 15.75, 7.75, 16], "texture": "#texture1"}
			}
		},
		{
			"name": "Voxels",
			"from": [-6, 10, 7],
			"to": [4, 14, 9],
			"faces": {
				"north": {"uv": [6.75, 10.75, 5.5, 11.25], "texture": "#texture1"},
				"east": {"uv": [4, 8, 3.75, 8.5], "texture": "#texture1"},
				"south": {"uv": [4.25, 10.75, 5.5, 11.25], "texture": "#texture1"},
				"west": {"uv": [3.875, 10, 4.125, 10.5], "texture": "#texture1"},
				"up": {"uv": [6.5, 8.75, 7.75, 8.5], "texture": "#texture1"},
				"down": {"uv": [6.5, 8.75, 7.75, 9], "texture": "#texture1"}
			}
		},
		{
			"name": "Voxels",
			"from": [-5, 7, 7],
			"to": [21, 8, 9],
			"faces": {
				"north": {"uv": [11.25, 15.875, 8, 16], "texture": "#texture1"},
				"east": {"uv": [8.75, 8, 8.5, 8.125], "texture": "#texture1"},
				"south": {"uv": [11.25, 15.875, 14.5, 16], "texture": "#texture1"},
				"west": {"uv": [9.625, 13.875, 9.875, 14], "texture": "#texture1"},
				"up": {"uv": [4.25, 14, 7.5, 13.75], "texture": "#texture1"},
				"down": {"uv": [4.25, 13.5, 7.5, 13.75], "texture": "#texture1"}
			}
		},
		{
			"name": "Voxels",
			"from": [-5, 14, 7],
			"to": [2, 15, 9],
			"faces": {
				"north": {"uv": [9.25, 10.25, 8.375, 10.375], "texture": "#texture1"},
				"east": {"uv": [13.5, 13.875, 13.25, 14], "texture": "#texture1"},
				"south": {"uv": [8.375, 10.125, 9.25, 10.25], "texture": "#texture1"},
				"west": {"uv": [13, 13.875, 13.25, 14], "texture": "#texture1"},
				"up": {"uv": [6.75, 11.25, 7.625, 11], "texture": "#texture1"},
				"down": {"uv": [6.75, 10.75, 7.625, 11], "texture": "#texture1"}
			}
		},
		{
			"name": "Voxels",
			"from": [-4, 6, 7],
			"to": [20, 7, 9],
			"faces": {
				"north": {"uv": [11, 15.75, 8, 15.875], "texture": "#texture1"},
				"east": {"uv": [14, 13.875, 13.75, 14], "texture": "#texture1"},
				"south": {"uv": [11, 15.75, 14, 15.875], "texture": "#texture1"},
				"west": {"uv": [13.5, 13.875, 13.75, 14], "texture": "#texture1"},
				"up": {"uv": [4.25, 13.5, 7.25, 13.25], "texture": "#texture1"},
				"down": {"uv": [4.25, 12.25, 7.25, 12.5], "texture": "#texture1"}
			}
		},
		{
			"name": "Voxels",
			"from": [-4, 15, 7],
			"to": [1, 16, 9],
			"faces": {
				"north": {"uv": [16, 14.75, 15.375, 14.875], "texture": "#texture1"},
				"east": {"uv": [9.875, 13.75, 9.625, 13.875], "texture": "#texture1"},
				"south": {"uv": [15.375, 14.625, 16, 14.75], "texture": "#texture1"},
				"west": {"uv": [9.625, 13.125, 9.875, 13.25], "texture": "#texture1"},
				"up": {"uv": [3.5, 9.75, 4.125, 9.5], "texture": "#texture1"},
				"down": {"uv": [3.5, 9.75, 4.125, 10], "texture": "#texture1"}
			}
		},
		{
			"name": "Voxels",
			"from": [-2, 0, 2],
			"to": [1, 5, 14],
			"faces": {
				"north": {"uv": [3.875, 11.125, 3.5, 11.75], "texture": "#texture1"},
				"east": {"uv": [3.5, 8.75, 2, 9.375], "texture": "#texture1"},
				"south": {"uv": [3.875, 11.125, 4.25, 11.75], "texture": "#texture1"},
				"west": {"uv": [2, 9.375, 3.5, 10], "texture": "#texture1"},
				"up": {"uv": [4.625, 10.25, 5, 8.75], "texture": "#texture1"},
				"down": {"uv": [4.25, 8.75, 4.625, 10.25], "texture": "#texture1"}
			}
		},
		{
			"name": "Voxels",
			"from": [-1, 0, 0],
			"to": [3, 5, 1],
			"faces": {
				"north": {"uv": [4, 13.5, 3.5, 14.125], "texture": "#texture1"},
				"east": {"uv": [8.25, 9.25, 8.125, 9.875], "texture": "#texture1"},
				"south": {"uv": [3.5, 14.125, 4, 14.75], "texture": "#texture1"},
				"west": {"uv": [8.25, 9.875, 8.375, 10.5], "texture": "#texture1"},
				"up": {"uv": [9.375, 10.75, 9.875, 10.625], "texture": "#texture1"},
				"down": {"uv": [9.375, 10.75, 9.875, 10.875], "texture": "#texture1"}
			}
		},
		{
			"name": "Voxels",
			"from": [-1, 0, 1],
			"to": [1, 5, 2],
			"faces": {
				"north": {"uv": [4.25, 12.875, 4, 13.5], "texture": "#texture1"},
				"east": {"uv": [8.25, 8.625, 8.125, 9.25], "texture": "#texture1"},
				"south": {"uv": [4, 11.75, 4.25, 12.375], "texture": "#texture1"},
				"west": {"uv": [8.25, 9.25, 8.375, 9.875], "texture": "#texture1"},
				"up": {"uv": [9.625, 13.625, 9.875, 13.5], "texture": "#texture1"},
				"down": {"uv": [9.625, 13.625, 9.875, 13.75], "texture": "#texture1"}
			}
		},
		{
			"name": "Voxels",
			"from": [-1, 0, 14],
			"to": [1, 5, 16],
			"faces": {
				"north": {"uv": [4.125, 10.5, 3.875, 11.125], "texture": "#texture1"},
				"east": {"uv": [4.25, 8.75, 4, 9.375], "texture": "#texture1"},
				"south": {"uv": [3.5, 8.75, 3.75, 9.375], "texture": "#texture1"},
				"west": {"uv": [3.75, 8.75, 4, 9.375], "texture": "#texture1"},
				"up": {"uv": [7.5, 10.75, 7.75, 10.5], "texture": "#texture1"},
				"down": {"uv": [7.5, 11.25, 7.75, 11.5], "texture": "#texture1"}
			}
		},
		{
			"name": "Voxels",
			"from": [-1, 5, 2],
			"to": [3, 7, 4],
			"faces": {
				"north": {"uv": [4.25, 8.5, 3.75, 8.75], "texture": "#texture1"},
				"east": {"uv": [8, 8, 7.75, 8.25], "texture": "#texture1"},
				"south": {"uv": [9.375, 10.875, 9.875, 11.125], "texture": "#texture1"},
				"west": {"uv": [7.5, 10.25, 7.75, 10.5], "texture": "#texture1"},
				"up": {"uv": [8.875, 11.125, 9.375, 10.875], "texture": "#texture1"},
				"down": {"uv": [8.375, 10.875, 8.875, 11.125], "texture": "#texture1"}
			}
		},
		{
			"name": "Voxels",
			"from": [-1, 5, 4],
			"to": [1, 7, 7],
			"faces": {
				"north": {"uv": [16, 15.5, 15.75, 15.75], "texture": "#texture1"},
				"east": {"uv": [8.75, 9, 8.375, 9.25], "texture": "#texture1"},
				"south": {"uv": [9.375, 8.75, 9.625, 9], "texture": "#texture1"},
				"west": {"uv": [4.625, 8, 5, 8.25], "texture": "#texture1"},
				"up": {"uv": [8.125, 10.875, 8.375, 10.5], "texture": "#texture1"},
				"down": {"uv": [7.75, 8.25, 8, 8.625], "texture": "#texture1"}
			}
		},
		{
			"name": "Voxels",
			"from": [-1, 5, 7],
			"to": [1, 6, 14],
			"faces": {
				"north": {"uv": [9.875, 13.375, 9.625, 13.5], "texture": "#texture1"},
				"east": {"uv": [9.25, 10, 8.375, 10.125], "texture": "#texture1"},
				"south": {"uv": [9.625, 13.25, 9.875, 13.375], "texture": "#texture1"},
				"west": {"uv": [15.125, 14.875, 16, 15], "texture": "#texture1"},
				"up": {"uv": [8.125, 14.875, 8.375, 14], "texture": "#texture1"},
				"down": {"uv": [8.125, 13.125, 8.375, 14], "texture": "#texture1"}
			}
		},
		{
			"name": "Voxels",
			"from": [-1, 6, 9],
			"to": [17, 7, 14],
			"faces": {
				"north": {"uv": [15.25, 15.625, 13, 15.75], "texture": "#texture1"},
				"east": {"uv": [9.875, 10.125, 9.25, 10.25], "texture": "#texture1"},
				"south": {"uv": [13, 15.5, 15.25, 15.625], "texture": "#texture1"},
				"west": {"uv": [9.25, 10.25, 9.875, 10.375], "texture": "#texture1"},
				"up": {"uv": [2, 16, 4.25, 15.375], "texture": "#texture1"},
				"down": {"uv": [2, 14.75, 4.25, 15.375], "texture": "#texture1"}
			}
		},
		{
			"name": "Voxels",
			"from": [0, 0, -1],
			"to": [16, 5, 0],
			"faces": {
				"north": {"uv": [2, 11.875, 0, 12.5], "texture": "#texture1"},
				"east": {"uv": [8.5, 8.125, 8.375, 8.75], "texture": "#texture1"},
				"south": {"uv": [0, 11.25, 2, 11.875], "texture": "#texture1"},
				"west": {"uv": [8.625, 8.125, 8.75, 8.75], "texture": "#texture1"},
				"up": {"uv": [12, 15.25, 14, 15.125], "texture": "#texture1"},
				"down": {"uv": [10, 15.125, 12, 15.25], "texture": "#texture1"}
			}
		},
		{
			"name": "Voxels",
			"from": [0, 0, 16],
			"to": [16, 5, 17],
			"faces": {
				"north": {"uv": [2, 10, 0, 10.625], "texture": "#texture1"},
				"east": {"uv": [8.375, 8.625, 8.25, 9.25], "texture": "#texture1"},
				"south": {"uv": [0, 10.625, 2, 11.25], "texture": "#texture1"},
				"west": {"uv": [9, 8.375, 9.125, 9], "texture": "#texture1"},
				"up": {"uv": [8, 15.125, 10, 15], "texture": "#texture1"},
				"down": {"uv": [14, 15.125, 16, 15.25], "texture": "#texture1"}
			}
		},
		{
			"name": "Voxels",
			"from": [0, 5, 0],
			"to": [16, 7, 1],
			"faces": {
				"north": {"uv": [7.5, 10.25, 5.5, 10.5], "texture": "#texture1"},
				"east": {"uv": [10, 13.625, 9.875, 13.875], "texture": "#texture1"},
				"south": {"uv": [5.5, 10.5, 7.5, 10.75], "texture": "#texture1"},
				"west": {"uv": [9.875, 13.375, 10, 13.625], "texture": "#texture1"},
				"up": {"uv": [10, 15.5, 12, 15.375], "texture": "#texture1"},
				"down": {"uv": [14, 15.75, 16, 15.875], "texture": "#texture1"}
			}
		},
		{
			"name": "Voxels",
			"from": [0, 5, 1],
			"to": [4, 7, 2],
			"faces": {
				"north": {"uv": [15.75, 15.5, 15.25, 15.75], "texture": "#texture1"},
				"east": {"uv": [9, 8.125, 8.875, 8.375], "texture": "#texture1"},
				"south": {"uv": [8.375, 11.125, 8.875, 11.375], "texture": "#texture1"},
				"west": {"uv": [9, 8.125, 9.125, 8.375], "texture": "#texture1"},
				"up": {"uv": [9.25, 10.125, 9.75, 10], "texture": "#texture1"},
				"down": {"uv": [9.375, 8.625, 9.875, 8.75], "texture": "#texture1"}
			}
		},
		{
			"name": "Voxels",
			"from": [0, 5, 14],
			"to": [4, 7, 16],
			"faces": {
				"north": {"uv": [7.5, 11.5, 7, 11.75], "texture": "#texture1"},
				"east": {"uv": [7.75, 13.5, 7.5, 13.75], "texture": "#texture1"},
				"south": {"uv": [7, 11.25, 7.5, 11.5], "texture": "#texture1"},
				"west": {"uv": [7.5, 11.5, 7.75, 11.75], "texture": "#texture1"},
				"up": {"uv": [7.25, 12.5, 7.75, 12.25], "texture": "#texture1"},
				"down": {"uv": [7.25, 13.25, 7.75, 13.5], "texture": "#texture1"}
			}
		},
		{
			"name": "Voxels",
			"from": [0, 7, 3],
			"to": [16, 8, 7],
			"faces": {
				"north": {"uv": [14, 15.375, 12, 15.5], "texture": "#texture1"},
				"east": {"uv": [4, 12.875, 3.5, 13], "texture": "#texture1"},
				"south": {"uv": [14, 15.375, 16, 15.5], "texture": "#texture1"},
				"west": {"uv": [3.5, 11.75, 4, 11.875], "texture": "#texture1"},
				"up": {"uv": [0, 9, 2, 8.5], "texture": "#texture1"},
				"down": {"uv": [0, 8, 2, 8.5], "texture": "#texture1"}
			}
		},
		{
			"name": "Voxels",
			"from": [0, 7, 9],
			"to": [16, 8, 13],
			"faces": {
				"north": {"uv": [10, 15.25, 8, 15.375], "texture": "#texture1"},
				"east": {"uv": [15.875, 14, 15.375, 14.125], "texture": "#texture1"},
				"south": {"uv": [10, 15.25, 12, 15.375], "texture": "#texture1"},
				"west": {"uv": [9.875, 13.875, 10.375, 14], "texture": "#texture1"},
				"up": {"uv": [0, 10, 2, 9.5], "texture": "#texture1"},
				"down": {"uv": [0, 9, 2, 9.5], "texture": "#texture1"}
			}
		},
		{
			"name": "Voxels",
			"from": [1, 0, 15],
			"to": [3, 5, 16],
			"faces": {
				"north": {"uv": [4.25, 14.125, 4, 14.75], "texture": "#texture1"},
				"east": {"uv": [9.25, 8.375, 9.125, 9], "texture": "#texture1"},
				"south": {"uv": [4, 13.5, 4.25, 14.125], "texture": "#texture1"},
				"west": {"uv": [8.25, 8, 8.375, 8.625], "texture": "#texture1"},
				"up": {"uv": [9.625, 12.25, 9.875, 12.125], "texture": "#texture1"},
				"down": {"uv": [9.625, 12, 9.875, 12.125], "texture": "#texture1"}
			}
		},
		{
			"name": "Voxels",
			"from": [1, 4, 1],
			"to": [17, 5, 15],
			"faces": {
				"north": {"uv": [14, 15.25, 12, 15.375], "texture": "#texture1"},
				"east": {"uv": [13.625, 14.625, 11.875, 14.75], "texture": "#texture1"},
				"south": {"uv": [8, 15.375, 10, 15.5], "texture": "#texture1"},
				"west": {"uv": [10.125, 14.625, 11.875, 14.75], "texture": "#texture1"},
				"up": {"uv": [0, 16, 2, 14.25], "texture": "#texture1"},
				"down": {"uv": [0, 12.5, 2, 14.25], "texture": "#texture1"}
			}
		},
		{
			"name": "Voxels",
			"from": [1, 5, 12],
			"to": [3, 6, 14],
			"faces": {
				"north": {"uv": [9.875, 12.625, 9.625, 12.75], "texture": "#texture1"},
				"east": {"uv": [9.875, 11.375, 9.625, 11.5], "texture": "#texture1"},
				"south": {"uv": [9.625, 12.5, 9.875, 12.625], "texture": "#texture1"},
				"west": {"uv": [9.625, 11.75, 9.875, 11.875], "texture": "#texture1"},
				"up": {"uv": [9.625, 9, 9.875, 8.75], "texture": "#texture1"},
				"down": {"uv": [9.625, 8.25, 9.875, 8.5], "texture": "#texture1"}
			}
		},
		{
			"name": "Voxels",
			"from": [1, 6, 4],
			"to": [17, 7, 7],
			"faces": {
				"north": {"uv": [16, 15.25, 14, 15.375], "texture": "#texture1"},
				"east": {"uv": [3.875, 10.5, 3.5, 10.625], "texture": "#texture1"},
				"south": {"uv": [8, 15.125, 10, 15.25], "texture": "#texture1"},
				"west": {"uv": [9.5, 9.125, 9.875, 9.25], "texture": "#texture1"},
				"up": {"uv": [4.25, 12.875, 6.25, 12.5], "texture": "#texture1"},
				"down": {"uv": [4.25, 12.875, 6.25, 13.25], "texture": "#texture1"}
			}
		},
		{
			"name": "Voxels",
			"from": [1, 7, 1],
			"to": [15, 8, 3],
			"faces": {
				"north": {"uv": [11.75, 15, 10, 15.125], "texture": "#texture1"},
				"east": {"uv": [9.875, 12.875, 9.625, 13], "texture": "#texture1"},
				"south": {"uv": [11.875, 14.75, 13.625, 14.875], "texture": "#texture1"},
				"west": {"uv": [9.625, 13, 9.875, 13.125], "texture": "#texture1"},
				"up": {"uv": [5, 10, 6.75, 9.75], "texture": "#texture1"},
				"down": {"uv": [5, 10, 6.75, 10.25], "texture": "#texture1"}
			}
		},
		{
			"name": "Voxels",
			"from": [1, 7, 13],
			"to": [15, 8, 15],
			"faces": {
				"north": {"uv": [13.5, 15, 11.75, 15.125], "texture": "#texture1"},
				"east": {"uv": [9.875, 12.375, 9.625, 12.5], "texture": "#texture1"},
				"south": {"uv": [13.5, 15, 15.25, 15.125], "texture": "#texture1"},
				"west": {"uv": [9.625, 12.75, 9.875, 12.875], "texture": "#texture1"},
				"up": {"uv": [5, 9.5, 6.75, 9.25], "texture": "#texture1"},
				"down": {"uv": [2, 8, 3.75, 8.25], "texture": "#texture1"}
			}
		},
		{
			"name": "Voxels",
			"from": [1, 15, 8],
			"to": [2, 16, 9],
			"faces": {
				"north": {"uv": [16, 14.125, 15.875, 14.25], "texture": "#texture1"},
				"east": {"uv": [10, 9.125, 9.875, 9.25], "texture": "#texture1"},
				"south": {"uv": [9.875, 9.375, 10, 9.5], "texture": "#texture1"},
				"west": {"uv": [9.875, 9.25, 10, 9.375], "texture": "#texture1"},
				"up": {"uv": [15.875, 14.375, 16, 14.25], "texture": "#texture1"},
				"down": {"uv": [9.875, 10, 10, 10.125], "texture": "#texture1"}
			}
		},
		{
			"name": "Voxels",
			"from": [2, 0, -2],
			"to": [14, 5, -1],
			"faces": {
				"north": {"uv": [3.5, 14.125, 2, 14.75], "texture": "#texture1"},
				"east": {"uv": [8.875, 8.375, 8.75, 9], "texture": "#texture1"},
				"south": {"uv": [2, 12.875, 3.5, 13.5], "texture": "#texture1"},
				"west": {"uv": [8.875, 8.375, 9, 9], "texture": "#texture1"},
				"up": {"uv": [12.875, 14.5, 14.375, 14.375], "texture": "#texture1"},
				"down": {"uv": [14.375, 14.375, 15.875, 14.5], "texture": "#texture1"}
			}
		},
		{
			"name": "Voxels",
			"from": [2, 0, 1],
			"to": [3, 4, 15],
			"faces": {
				"north": {"uv": [9.625, 8, 9.5, 8.5], "texture": "#texture1"},
				"east": {"uv": [6, 15.25, 4.25, 15.75], "texture": "#texture1"},
				"south": {"uv": [9.375, 8, 9.5, 8.5], "texture": "#texture1"},
				"west": {"uv": [2, 8.25, 3.75, 8.75], "texture": "#texture1"},
				"up": {"uv": [8, 15, 8.125, 13.25], "texture": "#texture1"},
				"down": {"uv": [8, 11.5, 8.125, 13.25], "texture": "#texture1"}
			}
		},
		{
			"name": "Voxels",
			"from": [2, 0, 17],
			"to": [14, 5, 18],
			"faces": {
				"north": {"uv": [3.5, 10.5, 2, 11.125], "texture": "#texture1"},
				"east": {"uv": [8.25, 9.875, 8.125, 10.5], "texture": "#texture1"},
				"south": {"uv": [2, 11.125, 3.5, 11.75], "texture": "#texture1"},
				"west": {"uv": [4.125, 10.5, 4.25, 11.125], "texture": "#texture1"},
				"up": {"uv": [9.875, 14.375, 11.375, 14.25], "texture": "#texture1"},
				"down": {"uv": [11.375, 14.25, 12.875, 14.375], "texture": "#texture1"}
			}
		},
		{
			"name": "Voxels",
			"from": [2, 5, -1],
			"to": [14, 7, 0],
			"faces": {
				"north": {"uv": [6.5, 8.75, 5, 9], "texture": "#texture1"},
				"east": {"uv": [4.25, 9.5, 4.125, 9.75], "texture": "#texture1"},
				"south": {"uv": [5, 8.5, 6.5, 8.75], "texture": "#texture1"},
				"west": {"uv": [4.125, 9.75, 4.25, 10], "texture": "#texture1"},
				"up": {"uv": [14.375, 14.25, 15.875, 14.125], "texture": "#texture1"},
				"down": {"uv": [6.25, 12.875, 7.75, 13], "texture": "#texture1"}
			}
		},
		{
			"name": "Voxels",
			"from": [2, 5, 4],
			"to": [3, 6, 12],
			"faces": {
				"north": {"uv": [10, 11.625, 9.875, 11.75], "texture": "#texture1"},
				"east": {"uv": [9.875, 11.25, 8.875, 11.375], "texture": "#texture1"},
				"south": {"uv": [9.875, 11.5, 10, 11.625], "texture": "#texture1"},
				"west": {"uv": [8.375, 10.375, 9.375, 10.5], "texture": "#texture1"},
				"up": {"uv": [8.125, 11.875, 8.25, 10.875], "texture": "#texture1"},
				"down": {"uv": [8.25, 10.875, 8.375, 11.875], "texture": "#texture1"}
			}
		},
		{
			"name": "Voxels",
			"from": [2, 5, 16],
			"to": [14, 7, 17],
			"faces": {
				"north": {"uv": [6.5, 8.25, 5, 8.5], "texture": "#texture1"},
				"east": {"uv": [8.875, 8.125, 8.75, 8.375], "texture": "#texture1"},
				"south": {"uv": [5, 8, 6.5, 8.25], "texture": "#texture1"},
				"west": {"uv": [9.125, 8.125, 9.25, 8.375], "texture": "#texture1"},
				"up": {"uv": [8.375, 14.375, 9.875, 14.25], "texture": "#texture1"},
				"down": {"uv": [11.625, 14.5, 13.125, 14.625], "texture": "#texture1"}
			}
		},
		{
			"name": "Voxels",
			"from": [2, 8, 3],
			"to": [14, 9, 7],
			"faces": {
				"north": {"uv": [9.875, 14.375, 8.375, 14.5], "texture": "#texture1"},
				"east": {"uv": [10.375, 14, 9.875, 14.125], "texture": "#texture1"},
				"south": {"uv": [13.125, 14.5, 14.625, 14.625], "texture": "#texture1"},
				"west": {"uv": [9.375, 8.5, 9.875, 8.625], "texture": "#texture1"},
				"up": {"uv": [4.25, 12.25, 5.75, 11.75], "texture": "#texture1"},
				"down": {"uv": [6, 14.75, 7.5, 15.25], "texture": "#texture1"}
			}
		},
		{
			"name": "Voxels",
			"from": [2, 8, 9],
			"to": [14, 9, 13],
			"faces": {
				"north": {"uv": [11.375, 14.375, 9.875, 14.5], "texture": "#texture1"},
				"east": {"uv": [11.375, 14, 10.875, 14.125], "texture": "#texture1"},
				"south": {"uv": [8.375, 14, 9.875, 14.125], "texture": "#texture1"},
				"west": {"uv": [10.375, 14, 10.875, 14.125], "texture": "#texture1"},
				"up": {"uv": [4.25, 11.75, 5.75, 11.25], "texture": "#texture1"},
				"down": {"uv": [5.75, 11.75, 7.25, 12.25], "texture": "#texture1"}
			}
		},
		{
			"name": "Voxels",
			"from": [2, 14, 8],
			"to": [3, 15, 9],
			"faces": {
				"north": {"uv": [16, 13.875, 15.875, 14], "texture": "#texture1"},
				"east": {"uv": [16, 14.375, 15.875, 14.5], "texture": "#texture1"},
				"south": {"uv": [15.5, 13.875, 15.625, 14], "texture": "#texture1"},
				"west": {"uv": [15.875, 14, 16, 14.125], "texture": "#texture1"},
				"up": {"uv": [9.875, 13.375, 10, 13.25], "texture": "#texture1"},
				"down": {"uv": [9.875, 12.25, 10, 12.375], "texture": "#texture1"}
			}
		},
		{
			"name": "Voxels",
			"from": [3, 4, 0],
			"to": [17, 5, 1],
			"faces": {
				"north": {"uv": [10.125, 14.5, 8.375, 14.625], "texture": "#texture1"},
				"east": {"uv": [16, 14.5, 15.875, 14.625], "texture": "#texture1"},
				"south": {"uv": [8.375, 14.75, 10.125, 14.875], "texture": "#texture1"},
				"west": {"uv": [9.875, 9.75, 10, 9.875], "texture": "#texture1"},
				"up": {"uv": [8.375, 14.75, 10.125, 14.625], "texture": "#texture1"},
				"down": {"uv": [13.625, 14.625, 15.375, 14.75], "texture": "#texture1"}
			}
		},
		{
			"name": "Voxels",
			"from": [3, 4, 15],
			"to": [17, 5, 16],
			"faces": {
				"north": {"uv": [13.375, 14.875, 11.625, 15], "texture": "#texture1"},
				"east": {"uv": [9.25, 8, 9.125, 8.125], "texture": "#texture1"},
				"south": {"uv": [10.125, 14.75, 11.875, 14.875], "texture": "#texture1"},
				"west": {"uv": [9, 8, 9.125, 8.125], "texture": "#texture1"},
				"up": {"uv": [13.625, 14.875, 15.375, 14.75], "texture": "#texture1"},
				"down": {"uv": [13.375, 14.875, 15.125, 15], "texture": "#texture1"}
			}
		},
		{
			"name": "Voxels",
			"from": [3, 6, 2],
			"to": [17, 7, 4],
			"faces": {
				"north": {"uv": [11.625, 14.875, 9.875, 15], "texture": "#texture1"},
				"east": {"uv": [15.25, 13.875, 15, 14], "texture": "#texture1"},
				"south": {"uv": [8.125, 14.875, 9.875, 15], "texture": "#texture1"},
				"west": {"uv": [15.25, 13.875, 15.5, 14], "texture": "#texture1"},
				"up": {"uv": [5, 9.25, 6.75, 9], "texture": "#texture1"},
				"down": {"uv": [5, 9.5, 6.75, 9.75], "texture": "#texture1"}
			}
		},
		{
			"name": "Voxels",
			"from": [3, 7, 0],
			"to": [13, 8, 1],
			"faces": {
				"north": {"uv": [9.625, 11.5, 8.375, 11.625], "texture": "#texture1"},
				"east": {"uv": [10, 10.875, 9.875, 11], "texture": "#texture1"},
				"south": {"uv": [8.375, 11.375, 9.625, 11.5], "texture": "#texture1"},
				"west": {"uv": [9.875, 10.75, 10, 10.875], "texture": "#texture1"},
				"up": {"uv": [8.375, 11.75, 9.625, 11.625], "texture": "#texture1"},
				"down": {"uv": [8.375, 11.75, 9.625, 11.875], "texture": "#texture1"}
			}
		},
		{
			"name": "Voxels",
			"from": [3, 7, 15],
			"to": [13, 8, 16],
			"faces": {
				"north": {"uv": [9.625, 13.75, 8.375, 13.875], "texture": "#texture1"},
				"east": {"uv": [10, 11.875, 9.875, 12], "texture": "#texture1"},
				"south": {"uv": [8.375, 13.625, 9.625, 13.75], "texture": "#texture1"},
				"west": {"uv": [9.875, 11.75, 10, 11.875], "texture": "#texture1"},
				"up": {"uv": [8.375, 14, 9.625, 13.875], "texture": "#texture1"},
				"down": {"uv": [14.625, 14.5, 15.875, 14.625], "texture": "#texture1"}
			}
		},
		{
			"name": "Voxels",
			"from": [3, 8, 2],
			"to": [13, 9, 3],
			"faces": {
				"north": {"uv": [9.625, 13.25, 8.375, 13.375], "texture": "#texture1"},
				"east": {"uv": [10, 12.625, 9.875, 12.75], "texture": "#texture1"},
				"south": {"uv": [8.375, 13.125, 9.625, 13.25], "texture": "#texture1"},
				"west": {"uv": [9.875, 12.375, 10, 12.5], "texture": "#texture1"},
				"up": {"uv": [8.375, 13.5, 9.625, 13.375], "texture": "#texture1"},
				"down": {"uv": [8.375, 13.5, 9.625, 13.625], "texture": "#texture1"}
			}
		},
		{
			"name": "Voxels",
			"from": [3, 8, 13],
			"to": [13, 9, 14],
			"faces": {
				"north": {"uv": [9.625, 12.75, 8.375, 12.875], "texture": "#texture1"},
				"east": {"uv": [9.875, 10, 9.75, 10.125], "texture": "#texture1"},
				"south": {"uv": [8.375, 12.625, 9.625, 12.75], "texture": "#texture1"},
				"west": {"uv": [8.375, 8, 8.5, 8.125], "texture": "#texture1"},
				"up": {"uv": [8.375, 13, 9.625, 12.875], "texture": "#texture1"},
				"down": {"uv": [8.375, 13, 9.625, 13.125], "texture": "#texture1"}
			}
		},
		{
			"name": "Voxels",
			"from": [3, 9, 5],
			"to": [13, 10, 7],
			"faces": {
				"north": {"uv": [9.625, 12.5, 8.375, 12.625], "texture": "#texture1"},
				"east": {"uv": [12.75, 13.875, 12.5, 14], "texture": "#texture1"},
				"south": {"uv": [8.375, 12.375, 9.625, 12.5], "texture": "#texture1"},
				"west": {"uv": [9.625, 11.875, 9.875, 12], "texture": "#texture1"},
				"up": {"uv": [10.5, 15.75, 11.75, 15.5], "texture": "#texture1"},
				"down": {"uv": [11.75, 15.5, 13, 15.75], "texture": "#texture1"}
			}
		},
		{
			"name": "Voxels",
			"from": [3, 9, 9],
			"to": [13, 10, 11],
			"faces": {
				"north": {"uv": [9.625, 12.25, 8.375, 12.375], "texture": "#texture1"},
				"east": {"uv": [9.875, 11.625, 9.625, 11.75], "texture": "#texture1"},
				"south": {"uv": [8.375, 12.125, 9.625, 12.25], "texture": "#texture1"},
				"west": {"uv": [9.625, 11.5, 9.875, 11.625], "texture": "#texture1"},
				"up": {"uv": [8, 15.75, 9.25, 15.5], "texture": "#texture1"},
				"down": {"uv": [9.25, 15.5, 10.5, 15.75], "texture": "#texture1"}
			}
		},
		{
			"name": "Voxels",
			"from": [4, 5, 15],
			"to": [16, 7, 16],
			"faces": {
				"north": {"uv": [7.75, 12.625, 6.25, 12.875], "texture": "#texture1"},
				"east": {"uv": [7.75, 11, 7.625, 11.25], "texture": "#texture1"},
				"south": {"uv": [6.25, 13, 7.75, 13.25], "texture": "#texture1"},
				"west": {"uv": [7.625, 10.75, 7.75, 11], "texture": "#texture1"},
				"up": {"uv": [6.25, 12.625, 7.75, 12.5], "texture": "#texture1"},
				"down": {"uv": [14.5, 15.875, 16, 16], "texture": "#texture1"}
			}
		},
		{
			"name": "Voxels",
			"from": [4, 6, 1],
			"to": [16, 7, 2],
			"faces": {
				"north": {"uv": [12.875, 14.125, 11.375, 14.25], "texture": "#texture1"},
				"east": {"uv": [10, 12.875, 9.875, 13], "texture": "#texture1"},
				"south": {"uv": [9.875, 14.125, 11.375, 14.25], "texture": "#texture1"},
				"west": {"uv": [9.875, 12.75, 10, 12.875], "texture": "#texture1"},
				"up": {"uv": [12.875, 14.25, 14.375, 14.125], "texture": "#texture1"},
				"down": {"uv": [10.125, 14.5, 11.625, 14.625], "texture": "#texture1"}
			}
		},
		{
			"name": "Voxels",
			"from": [4, 6, 14],
			"to": [16, 7, 15],
			"faces": {
				"north": {"uv": [14.375, 14.25, 12.875, 14.375], "texture": "#texture1"},
				"east": {"uv": [15.875, 13.875, 15.75, 14], "texture": "#texture1"},
				"south": {"uv": [11.375, 14.375, 12.875, 14.5], "texture": "#texture1"},
				"west": {"uv": [9.875, 12.5, 10, 12.625], "texture": "#texture1"},
				"up": {"uv": [14.375, 14.375, 15.875, 14.25], "texture": "#texture1"},
				"down": {"uv": [8.375, 14.125, 9.875, 14.25], "texture": "#texture1"}
			}
		},
		{
			"name": "Voxels",
			"from": [4, 9, 4],
			"to": [12, 10, 5],
			"faces": {
				"north": {"uv": [9.375, 10.75, 8.375, 10.875], "texture": "#texture1"},
				"east": {"uv": [10, 10.25, 9.875, 10.375], "texture": "#texture1"},
				"south": {"uv": [6.75, 9.875, 7.75, 10], "texture": "#texture1"},
				"west": {"uv": [9.875, 10.375, 10, 10.5], "texture": "#texture1"},
				"up": {"uv": [8.875, 11.25, 9.875, 11.125], "texture": "#texture1"},
				"down": {"uv": [8.375, 10.5, 9.375, 10.625], "texture": "#texture1"}
			}
		},
		{
			"name": "Voxels",
			"from": [4, 9, 11],
			"to": [12, 10, 12],
			"faces": {
				"north": {"uv": [7.75, 9.375, 6.75, 9.5], "texture": "#texture1"},
				"east": {"uv": [10, 9.625, 9.875, 9.75], "texture": "#texture1"},
				"south": {"uv": [6.75, 9.5, 7.75, 9.625], "texture": "#texture1"},
				"west": {"uv": [9.875, 11, 10, 11.125], "texture": "#texture1"},
				"up": {"uv": [6.75, 9.375, 7.75, 9.25], "texture": "#texture1"},
				"down": {"uv": [8.375, 10.625, 9.375, 10.75], "texture": "#texture1"}
			}
		},
		{
			"name": "Voxels",
			"from": [5, 9, 3],
			"to": [11, 10, 4],
			"faces": {
				"north": {"uv": [9.125, 9.25, 8.375, 9.375], "texture": "#texture1"},
				"east": {"uv": [10, 10.125, 9.875, 10.25], "texture": "#texture1"},
				"south": {"uv": [8.75, 9.125, 9.5, 9.25], "texture": "#texture1"},
				"west": {"uv": [9.875, 10.625, 10, 10.75], "texture": "#texture1"},
				"up": {"uv": [9.125, 10, 9.875, 9.875], "texture": "#texture1"},
				"down": {"uv": [9.125, 9.25, 9.875, 9.375], "texture": "#texture1"}
			}
		},
		{
			"name": "Voxels",
			"from": [5, 9, 12],
			"to": [11, 10, 13],
			"faces": {
				"north": {"uv": [9.875, 9.5, 9.125, 9.625], "texture": "#texture1"},
				"east": {"uv": [15.75, 13.875, 15.625, 14], "texture": "#texture1"},
				"south": {"uv": [9.125, 9.625, 9.875, 9.75], "texture": "#texture1"},
				"west": {"uv": [9.875, 9.875, 10, 10], "texture": "#texture1"},
				"up": {"uv": [8.375, 9.5, 9.125, 9.375], "texture": "#texture1"},
				"down": {"uv": [9.125, 9.375, 9.875, 9.5], "texture": "#texture1"}
			}
		},
		{
			"name": "Voxels",
			"from": [12, 5, 1],
			"to": [16, 6, 2],
			"faces": {
				"north": {"uv": [12.875, 14, 12.375, 14.125], "texture": "#texture1"},
				"east": {"uv": [10, 13, 9.875, 13.125], "texture": "#texture1"},
				"south": {"uv": [12.875, 14, 13.375, 14.125], "texture": "#texture1"},
				"west": {"uv": [9.875, 13.125, 10, 13.25], "texture": "#texture1"},
				"up": {"uv": [11.875, 14.125, 12.375, 14], "texture": "#texture1"},
				"down": {"uv": [11.375, 14, 11.875, 14.125], "texture": "#texture1"}
			}
		},
		{
			"name": "Voxels",
			"from": [12, 5, 14],
			"to": [16, 6, 15],
			"faces": {
				"north": {"uv": [14.875, 14, 14.375, 14.125], "texture": "#texture1"},
				"east": {"uv": [10, 11.125, 9.875, 11.25], "texture": "#texture1"},
				"south": {"uv": [14.875, 14, 15.375, 14.125], "texture": "#texture1"},
				"west": {"uv": [9.875, 12, 10, 12.125], "texture": "#texture1"},
				"up": {"uv": [13.875, 14.125, 14.375, 14], "texture": "#texture1"},
				"down": {"uv": [13.375, 14, 13.875, 14.125], "texture": "#texture1"}
			}
		},
		{
			"name": "Voxels",
			"from": [12, 10, 7],
			"to": [22, 14, 9],
			"faces": {
				"north": {"uv": [7, 11.25, 5.75, 11.75], "texture": "#texture1"},
				"east": {"uv": [7.75, 14.75, 7.5, 15.25], "texture": "#texture1"},
				"south": {"uv": [4.25, 10.25, 5.5, 10.75], "texture": "#texture1"},
				"west": {"uv": [4, 8, 4.25, 8.5], "texture": "#texture1"},
				"up": {"uv": [6.5, 8.25, 7.75, 8], "texture": "#texture1"},
				"down": {"uv": [6.5, 8.25, 7.75, 8.5], "texture": "#texture1"}
			}
		},
		{
			"name": "Voxels",
			"from": [13, 0, 0],
			"to": [17, 4, 1],
			"faces": {
				"north": {"uv": [4, 11.875, 3.5, 12.375], "texture": "#texture1"},
				"east": {"uv": [4.625, 8.25, 4.5, 8.75], "texture": "#texture1"},
				"south": {"uv": [3.5, 13, 4, 13.5], "texture": "#texture1"},
				"west": {"uv": [4.125, 10, 4.25, 10.5], "texture": "#texture1"},
				"up": {"uv": [10.875, 14, 11.375, 13.875], "texture": "#texture1"},
				"down": {"uv": [10.375, 13.875, 10.875, 14], "texture": "#texture1"}
			}
		},
		{
			"name": "Voxels",
			"from": [13, 0, 1],
			"to": [14, 4, 16],
			"faces": {
				"north": {"uv": [5, 8.25, 4.875, 8.75], "texture": "#texture1"},
				"east": {"uv": [3.875, 12.375, 2, 12.875], "texture": "#texture1"},
				"south": {"uv": [8, 8, 8.125, 8.5], "texture": "#texture1"},
				"west": {"uv": [2, 10, 3.875, 10.5], "texture": "#texture1"},
				"up": {"uv": [7.75, 10.5, 7.875, 8.625], "texture": "#texture1"},
				"down": {"uv": [7.875, 8.625, 8, 10.5], "texture": "#texture1"}
			}
		},
		{
			"name": "Voxels",
			"from": [13, 5, 2],
			"to": [17, 6, 4],
			"faces": {
				"north": {"uv": [9.875, 10.5, 9.375, 10.625], "texture": "#texture1"},
				"east": {"uv": [9.875, 12.25, 9.625, 12.375], "texture": "#texture1"},
				"south": {"uv": [9.375, 10.375, 9.875, 10.5], "texture": "#texture1"},
				"west": {"uv": [12.75, 13.875, 13, 14], "texture": "#texture1"},
				"up": {"uv": [7.25, 12.25, 7.75, 12], "texture": "#texture1"},
				"down": {"uv": [7.25, 11.75, 7.75, 12], "texture": "#texture1"}
			}
		},
		{
			"name": "Voxels",
			"from": [13, 5, 4],
			"to": [14, 6, 14],
			"faces": {
				"north": {"uv": [10, 9, 9.875, 9.125], "texture": "#texture1"},
				"east": {"uv": [9.625, 11.875, 8.375, 12], "texture": "#texture1"},
				"south": {"uv": [9.875, 9.5, 10, 9.625], "texture": "#texture1"},
				"west": {"uv": [8.375, 12, 9.625, 12.125], "texture": "#texture1"},
				"up": {"uv": [8.25, 13.125, 8.375, 11.875], "texture": "#texture1"},
				"down": {"uv": [8.125, 11.875, 8.25, 13.125], "texture": "#texture1"}
			}
		},
		{
			"name": "Voxels",
			"from": [13, 14, 8],
			"to": [21, 15, 9],
			"faces": {
				"north": {"uv": [7.75, 9.625, 6.75, 9.75], "texture": "#texture1"},
				"east": {"uv": [9, 8, 8.875, 8.125], "texture": "#texture1"},
				"south": {"uv": [6.75, 9.75, 7.75, 9.875], "texture": "#texture1"},
				"west": {"uv": [8.75, 8, 8.875, 8.125], "texture": "#texture1"},
				"up": {"uv": [6.75, 10.25, 7.75, 10.125], "texture": "#texture1"},
				"down": {"uv": [6.75, 10, 7.75, 10.125], "texture": "#texture1"}
			}
		},
		{
			"name": "Voxels",
			"from": [14, 0, 15],
			"to": [17, 4, 16],
			"faces": {
				"north": {"uv": [4.25, 12.375, 3.875, 12.875], "texture": "#texture1"},
				"east": {"uv": [9.375, 8, 9.25, 8.5], "texture": "#texture1"},
				"south": {"uv": [3.5, 10.625, 3.875, 11.125], "texture": "#texture1"},
				"west": {"uv": [9.25, 8.5, 9.375, 9], "texture": "#texture1"},
				"up": {"uv": [11.375, 14, 11.75, 13.875], "texture": "#texture1"},
				"down": {"uv": [9.5, 9, 9.875, 9.125], "texture": "#texture1"}
			}
		},
		{
			"name": "Voxels",
			"from": [14, 5, 12],
			"to": [17, 6, 14],
			"faces": {
				"north": {"uv": [12.125, 13.875, 11.75, 14], "texture": "#texture1"},
				"east": {"uv": [14.5, 13.875, 14.25, 14], "texture": "#texture1"},
				"south": {"uv": [12.125, 13.875, 12.5, 14], "texture": "#texture1"},
				"west": {"uv": [14, 13.875, 14.25, 14], "texture": "#texture1"},
				"up": {"uv": [8.375, 9, 8.75, 8.75], "texture": "#texture1"},
				"down": {"uv": [4.25, 8, 4.625, 8.25], "texture": "#texture1"}
			}
		},
		{
			"name": "Voxels",
			"from": [14, 14, 7],
			"to": [20, 15, 8],
			"faces": {
				"north": {"uv": [9.875, 9.75, 9.125, 9.875], "texture": "#texture1"},
				"east": {"uv": [10, 10.5, 9.875, 10.625], "texture": "#texture1"},
				"south": {"uv": [8.375, 9.75, 9.125, 9.875], "texture": "#texture1"},
				"west": {"uv": [9.875, 12.125, 10, 12.25], "texture": "#texture1"},
				"up": {"uv": [8.375, 9.75, 9.125, 9.625], "texture": "#texture1"},
				"down": {"uv": [8.375, 9.5, 9.125, 9.625], "texture": "#texture1"}
			}
		},
		{
			"name": "Voxels",
			"from": [14, 15, 8],
			"to": [20, 16, 9],
			"faces": {
				"north": {"uv": [4.25, 9.375, 3.5, 9.5], "texture": "#texture1"},
				"east": {"uv": [10, 11.25, 9.875, 11.375], "texture": "#texture1"},
				"south": {"uv": [8.75, 9, 9.5, 9.125], "texture": "#texture1"},
				"west": {"uv": [9.875, 11.375, 10, 11.5], "texture": "#texture1"},
				"up": {"uv": [15.25, 15.125, 16, 15], "texture": "#texture1"},
				"down": {"uv": [8.375, 9.875, 9.125, 10], "texture": "#texture1"}
			}
		},
		{
			"name": "Voxels",
			"from": [15, 0, 1],
			"to": [17, 4, 15],
			"faces": {
				"north": {"uv": [4.875, 8.25, 4.625, 8.75], "texture": "#texture1"},
				"east": {"uv": [6, 14.75, 4.25, 15.25], "texture": "#texture1"},
				"south": {"uv": [4.25, 8.25, 4.5, 8.75], "texture": "#texture1"},
				"west": {"uv": [6, 15.25, 7.75, 15.75], "texture": "#texture1"},
				"up": {"uv": [7.75, 14.25, 8, 12.5], "texture": "#texture1"},
				"down": {"uv": [7.75, 14.25, 8, 16], "texture": "#texture1"}
			}
		},
		{
			"name": "Voxels",
			"from": [15, 5, 4],
			"to": [17, 6, 12],
			"faces": {
				"north": {"uv": [14.75, 13.875, 14.5, 14], "texture": "#texture1"},
				"east": {"uv": [7.75, 9.125, 6.75, 9.25], "texture": "#texture1"},
				"south": {"uv": [14.75, 13.875, 15, 14], "texture": "#texture1"},
				"west": {"uv": [6.75, 9, 7.75, 9.125], "texture": "#texture1"},
				"up": {"uv": [7.75, 12.5, 8, 11.5], "texture": "#texture1"},
				"down": {"uv": [7.75, 10.5, 8, 11.5], "texture": "#texture1"}
			}
		},
		{
			"name": "Voxels",
			"from": [17, 0, 2],
			"to": [18, 5, 14],
			"faces": {
				"north": {"uv": [8.25, 8, 8.125, 8.625], "texture": "#texture1"},
				"east": {"uv": [3.5, 11.75, 2, 12.375], "texture": "#texture1"},
				"south": {"uv": [8.5, 8.125, 8.625, 8.75], "texture": "#texture1"},
				"west": {"uv": [2, 13.5, 3.5, 14.125], "texture": "#texture1"},
				"up": {"uv": [8, 11.5, 8.125, 10], "texture": "#texture1"},
				"down": {"uv": [8, 8.5, 8.125, 10], "texture": "#texture1"}
			}
		},
		{
			"name": "Voxels",
			"from": [3.5, 0.5, -2.5],
			"to": [12, 7.5, -1.5],
			"faces": {
				"north": {"uv": [0, 0, 16, 16], "texture": "#texture2"},
				"east": {"uv": [0.125, 15, 0, 15.625], "texture": "#texture2"},
				"south": {"uv": [1.5, 14, 3, 14.625], "texture": "#texture2"},
				"west": {"uv": [0, 15.375, 0.125, 16], "texture": "#texture2"},
				"up": {"uv": [12.875, 14.5, 14.375, 14.375], "texture": "#texture2"},
				"down": {"uv": [14.375, 14.375, 15.875, 14.5], "texture": "#texture2"}
			}
		}
	],
	"display": {
		"thirdperson_righthand": {
			"rotation": [0, 180, 0],
			"translation": [0, 1.3913, 0],
			"scale": [0.3, 0.3, 0.3]
		},
		"thirdperson_lefthand": {
			"rotation": [0, 180, 0],
			"translation": [0, 1.3913, 0],
			"scale": [0.3, 0.3, 0.3]
		},
		"firstperson_righthand": {
			"rotation": [-25, 139, 2],
			"translation": [-2.086, 4.1738, 0],
			"scale": [0.3, 0.3, 0.3]
		},
		"firstperson_lefthand": {
			"rotation": [-25, 139, 2],
			"translation": [-2.086, 4.1738, 0],
			"scale": [0.3, 0.3, 0.3]
		},
		"ground": {
			"translation": [0, 4.1739, 0],
			"scale": [0.5, 0.5, 0.5]
		},
		"gui": {
			"rotation": [9, 161, 9],
			"scale": [0.5, 0.5, 0.5]
		},
		"head": {
			"translation": [0, 10, 0],
			"scale": [0.8, 0.8, 0.8]
		},
		"fixed": {
			"scale": [0.5, 0.5, 0.5]
		}
	}
}