{
	"credit": "Credit:  Ontvlambaar",
	"textures": {
		"0": "block/glass",
		"1": "block/black_concrete",
		"particle": "block/light_gray_stained_glass"
	},
	"elements": [
		{
			"from": [6, 9, 6],
			"to": [7, 10, 7],
			"rotation": {"angle": 0, "axis": "y", "origin": [14, 2, 14]},
			"faces": {
				"north": {"uv": [0, 1, 1, 2], "texture": "#1"},
				"east": {"uv": [0, 1, 1, 2], "texture": "#1"},
				"south": {"uv": [0, 1, 1, 2], "texture": "#1"},
				"west": {"uv": [0, 1, 1, 2], "texture": "#1"},
				"up": {"uv": [0, 1, 1, 2], "texture": "#1"},
				"down": {"uv": [0, 1, 1, 2], "texture": "#1"}
			}
		},
		{
			"from": [6, 11, 8],
			"to": [7, 12, 9],
			"rotation": {"angle": 0, "axis": "y", "origin": [14, 19, 16]},
			"faces": {
				"north": {"uv": [0, 0, 1, 1], "texture": "#1"},
				"east": {"uv": [0, 0, 1, 1], "texture": "#1"},
				"south": {"uv": [0, 0, 1, 1], "texture": "#1"},
				"west": {"uv": [0, 0, 1, 1], "texture": "#1"},
				"up": {"uv": [0, 0, 1, 1], "texture": "#1"},
				"down": {"uv": [0, 0, 1, 1], "texture": "#1"}
			}
		},
		{
			"from": [6, 11, 6],
			"to": [7, 12, 7],
			"rotation": {"angle": 0, "axis": "y", "origin": [14, 19, 14]},
			"faces": {
				"north": {"uv": [0, 0, 1, 1], "texture": "#1"},
				"east": {"uv": [0, 0, 1, 1], "texture": "#1"},
				"south": {"uv": [0, 0, 1, 1], "texture": "#1"},
				"west": {"uv": [0, 0, 1, 1], "texture": "#1"},
				"up": {"uv": [0, 0, 1, 1], "texture": "#1"},
				"down": {"uv": [0, 0, 1, 1], "texture": "#1"}
			}
		},
		{
			"from": [6, 12, 4],
			"to": [7, 13, 6],
			"rotation": {"angle": 0, "axis": "y", "origin": [14, 20, 13]},
			"faces": {
				"north": {"uv": [0, 0, 1, 1], "texture": "#1"},
				"east": {"uv": [0, 0, 2, 1], "texture": "#1"},
				"south": {"uv": [0, 0, 1, 1], "texture": "#1"},
				"west": {"uv": [0, 0, 2, 1], "texture": "#1"},
				"up": {"uv": [0, 0, 1, 2], "texture": "#1"},
				"down": {"uv": [0, 0, 1, 2], "texture": "#1"}
			}
		},
		{
			"from": [6, 12, 9],
			"to": [7, 13, 11],
			"rotation": {"angle": 0, "axis": "y", "origin": [14, 20, 18]},
			"faces": {
				"north": {"uv": [0, 0, 1, 1], "texture": "#1"},
				"east": {"uv": [0, 0, 2, 1], "texture": "#1"},
				"south": {"uv": [0, 0, 1, 1], "texture": "#1"},
				"west": {"uv": [0, 0, 2, 1], "texture": "#1"},
				"up": {"uv": [0, 0, 1, 2], "texture": "#1"},
				"down": {"uv": [0, 0, 1, 2], "texture": "#1"}
			}
		},
		{
			"from": [6, 13, 14],
			"to": [7, 13.5, 15.5],
			"rotation": {"angle": 0, "axis": "y", "origin": [14, 21, 23]},
			"faces": {
				"north": {"uv": [0, 0, 1, 0.5], "texture": "#1"},
				"east": {"uv": [0, 0, 1.5, 0.5], "texture": "#1"},
				"south": {"uv": [0, 0, 1, 0.5], "texture": "#1"},
				"west": {"uv": [0, 0, 1.5, 0.5], "texture": "#1"},
				"up": {"uv": [0, 0, 1, 1.5], "texture": "#1"},
				"down": {"uv": [0, 0, 1, 1.5], "texture": "#1"}
			}
		},
		{
			"from": [6, 13, 4],
			"to": [7, 13.5, 5.5],
			"rotation": {"angle": 0, "axis": "y", "origin": [14, 21, 13]},
			"faces": {
				"north": {"uv": [0, 0, 1, 0.5], "texture": "#1"},
				"east": {"uv": [0, 0, 1.5, 0.5], "texture": "#1"},
				"south": {"uv": [0, 0, 1, 0.5], "texture": "#1"},
				"west": {"uv": [0, 0, 1.5, 0.5], "texture": "#1"},
				"up": {"uv": [0, 0, 1, 1.5], "texture": "#1"},
				"down": {"uv": [0, 0, 1, 1.5], "texture": "#1"}
			}
		},
		{
			"from": [6, 7.5, 14],
			"to": [7, 8, 15.5],
			"rotation": {"angle": 0, "axis": "y", "origin": [14, 0, 23]},
			"faces": {
				"north": {"uv": [0, 0.5, 1, 1], "texture": "#1"},
				"east": {"uv": [0, 0.5, 1.5, 1], "texture": "#1"},
				"south": {"uv": [0, 0.5, 1, 1], "texture": "#1"},
				"west": {"uv": [0, 0.5, 1.5, 1], "texture": "#1"},
				"up": {"uv": [0, 1.5, 1, 3], "texture": "#1"},
				"down": {"uv": [0, 1.5, 1, 3], "texture": "#1"}
			}
		},
		{
			"from": [6, 7.5, 4],
			"to": [7, 8, 5.5],
			"rotation": {"angle": 0, "axis": "y", "origin": [14, 0, 13]},
			"faces": {
				"north": {"uv": [0, 0.5, 1, 1], "texture": "#1"},
				"east": {"uv": [0, 0.5, 1.5, 1], "texture": "#1"},
				"south": {"uv": [0, 0.5, 1, 1], "texture": "#1"},
				"west": {"uv": [0, 0.5, 1.5, 1], "texture": "#1"},
				"up": {"uv": [0, 1.5, 1, 3], "texture": "#1"},
				"down": {"uv": [0, 1.5, 1, 3], "texture": "#1"}
			}
		},
		{
			"from": [6, 8.5, 16],
			"to": [7, 9, 16.5],
			"rotation": {"angle": 0, "axis": "y", "origin": [14, 1, 25]},
			"faces": {
				"north": {"uv": [0, 0.5, 1, 1], "texture": "#1"},
				"east": {"uv": [0, 0.5, 0.5, 1], "texture": "#1"},
				"south": {"uv": [0, 0.5, 1, 1], "texture": "#1"},
				"west": {"uv": [0, 0.5, 0.5, 1], "texture": "#1"},
				"up": {"uv": [0, 1.5, 1, 2], "texture": "#1"},
				"down": {"uv": [0, 1.5, 1, 2], "texture": "#1"}
			}
		},
		{
			"from": [6, 9.5, 17],
			"to": [7, 10, 17.5],
			"rotation": {"angle": 0, "axis": "y", "origin": [14, 2, 26]},
			"faces": {
				"north": {"uv": [0, 0.5, 1, 1], "texture": "#1"},
				"east": {"uv": [0, 0.5, 0.5, 1], "texture": "#1"},
				"south": {"uv": [0, 0.5, 1, 1], "texture": "#1"},
				"west": {"uv": [0, 0.5, 0.5, 1], "texture": "#1"},
				"up": {"uv": [0, 1.5, 1, 2], "texture": "#1"},
				"down": {"uv": [0, 1.5, 1, 2], "texture": "#1"}
			}
		},
		{
			"from": [6, 8.5, 6],
			"to": [7, 9, 6.5],
			"rotation": {"angle": 0, "axis": "y", "origin": [14, 1, 15]},
			"faces": {
				"north": {"uv": [0, 0.5, 1, 1], "texture": "#1"},
				"east": {"uv": [0, 0.5, 0.5, 1], "texture": "#1"},
				"south": {"uv": [0, 0.5, 1, 1], "texture": "#1"},
				"west": {"uv": [0, 0.5, 0.5, 1], "texture": "#1"},
				"up": {"uv": [0, 1.5, 1, 2], "texture": "#1"},
				"down": {"uv": [0, 1.5, 1, 2], "texture": "#1"}
			}
		},
		{
			"from": [6, 12, 16],
			"to": [7, 12.5, 16.5],
			"rotation": {"angle": 0, "axis": "y", "origin": [14, 20, 25]},
			"faces": {
				"north": {"uv": [0, 1, 1, 1.5], "texture": "#1"},
				"east": {"uv": [0, 1, 0.5, 1.5], "texture": "#1"},
				"south": {"uv": [0, 1, 1, 1.5], "texture": "#1"},
				"west": {"uv": [0, 1, 0.5, 1.5], "texture": "#1"},
				"up": {"uv": [0, 2, 1, 2.5], "texture": "#1"},
				"down": {"uv": [0, 2, 1, 2.5], "texture": "#1"}
			}
		},
		{
			"from": [6, 11, 17],
			"to": [7, 11.5, 17.5],
			"rotation": {"angle": 0, "axis": "y", "origin": [14, 19, 26]},
			"faces": {
				"north": {"uv": [0, 1, 1, 1.5], "texture": "#1"},
				"east": {"uv": [0, 1, 0.5, 1.5], "texture": "#1"},
				"south": {"uv": [0, 1, 1, 1.5], "texture": "#1"},
				"west": {"uv": [0, 1, 0.5, 1.5], "texture": "#1"},
				"up": {"uv": [0, 2, 1, 2.5], "texture": "#1"},
				"down": {"uv": [0, 2, 1, 2.5], "texture": "#1"}
			}
		},
		{
			"from": [6, 12, 6],
			"to": [7, 12.5, 6.5],
			"rotation": {"angle": 0, "axis": "y", "origin": [14, 20, 15]},
			"faces": {
				"north": {"uv": [0, 1, 1, 1.5], "texture": "#1"},
				"east": {"uv": [0, 1, 0.5, 1.5], "texture": "#1"},
				"south": {"uv": [0, 1, 1, 1.5], "texture": "#1"},
				"west": {"uv": [0, 1, 0.5, 1.5], "texture": "#1"},
				"up": {"uv": [0, 2, 1, 2.5], "texture": "#1"},
				"down": {"uv": [0, 2, 1, 2.5], "texture": "#1"}
			}
		},
		{
			"from": [6, 8.5, 8.5],
			"to": [7, 9, 9],
			"rotation": {"angle": 0, "axis": "y", "origin": [14, 1, 0]},
			"faces": {
				"north": {"uv": [1, 0.5, 2, 1], "texture": "#1"},
				"east": {"uv": [0.5, 0.5, 1, 1], "texture": "#1"},
				"south": {"uv": [1, 0.5, 2, 1], "texture": "#1"},
				"west": {"uv": [0.5, 0.5, 1, 1], "texture": "#1"},
				"up": {"uv": [0, 2, 1, 2.5], "texture": "#1"},
				"down": {"uv": [0, 2, 1, 2.5], "texture": "#1"}
			}
		},
		{
			"from": [6, 8.5, -1.5],
			"to": [7, 9, -1],
			"rotation": {"angle": 0, "axis": "y", "origin": [14, 1, -10]},
			"faces": {
				"north": {"uv": [1, 0.5, 2, 1], "texture": "#1"},
				"east": {"uv": [0.5, 0.5, 1, 1], "texture": "#1"},
				"south": {"uv": [1, 0.5, 2, 1], "texture": "#1"},
				"west": {"uv": [0.5, 0.5, 1, 1], "texture": "#1"},
				"up": {"uv": [0, 2, 1, 2.5], "texture": "#1"},
				"down": {"uv": [0, 2, 1, 2.5], "texture": "#1"}
			}
		},
		{
			"from": [6, 9.5, -2.5],
			"to": [7, 10, -2],
			"rotation": {"angle": 0, "axis": "y", "origin": [14, 2, -11]},
			"faces": {
				"north": {"uv": [1, 0.5, 2, 1], "texture": "#1"},
				"east": {"uv": [0.5, 0.5, 1, 1], "texture": "#1"},
				"south": {"uv": [1, 0.5, 2, 1], "texture": "#1"},
				"west": {"uv": [0.5, 0.5, 1, 1], "texture": "#1"},
				"up": {"uv": [0, 2, 1, 2.5], "texture": "#1"},
				"down": {"uv": [0, 2, 1, 2.5], "texture": "#1"}
			}
		},
		{
			"from": [6, 12, 8.5],
			"to": [7, 12.5, 9],
			"rotation": {"angle": 0, "axis": "y", "origin": [14, 20, 0]},
			"faces": {
				"north": {"uv": [1, 1, 2, 1.5], "texture": "#1"},
				"east": {"uv": [0.5, 1, 1, 1.5], "texture": "#1"},
				"south": {"uv": [1, 1, 2, 1.5], "texture": "#1"},
				"west": {"uv": [0.5, 1, 1, 1.5], "texture": "#1"},
				"up": {"uv": [0, 2.5, 1, 3], "texture": "#1"},
				"down": {"uv": [0, 2.5, 1, 3], "texture": "#1"}
			}
		},
		{
			"from": [6, 12, -1.5],
			"to": [7, 12.5, -1],
			"rotation": {"angle": 0, "axis": "y", "origin": [14, 20, -10]},
			"faces": {
				"north": {"uv": [1, 1, 2, 1.5], "texture": "#1"},
				"east": {"uv": [0.5, 1, 1, 1.5], "texture": "#1"},
				"south": {"uv": [1, 1, 2, 1.5], "texture": "#1"},
				"west": {"uv": [0.5, 1, 1, 1.5], "texture": "#1"},
				"up": {"uv": [0, 2.5, 1, 3], "texture": "#1"},
				"down": {"uv": [0, 2.5, 1, 3], "texture": "#1"}
			}
		},
		{
			"from": [6, 11, -2.5],
			"to": [7, 11.5, -2],
			"rotation": {"angle": 0, "axis": "y", "origin": [14, 19, -11]},
			"faces": {
				"north": {"uv": [1, 1, 2, 1.5], "texture": "#1"},
				"east": {"uv": [0.5, 1, 1, 1.5], "texture": "#1"},
				"south": {"uv": [1, 1, 2, 1.5], "texture": "#1"},
				"west": {"uv": [0.5, 1, 1, 1.5], "texture": "#1"},
				"up": {"uv": [0, 2.5, 1, 3], "texture": "#1"},
				"down": {"uv": [0, 2.5, 1, 3], "texture": "#1"}
			}
		},
		{
			"from": [6, 13, 9.5],
			"to": [7, 13.5, 11],
			"rotation": {"angle": 0, "axis": "y", "origin": [14, 21, 2]},
			"faces": {
				"north": {"uv": [0.5, 0, 1.5, 0.5], "texture": "#1"},
				"east": {"uv": [1.5, 0, 3, 0.5], "texture": "#1"},
				"south": {"uv": [0.5, 0, 1.5, 0.5], "texture": "#1"},
				"west": {"uv": [1.5, 0, 3, 0.5], "texture": "#1"},
				"up": {"uv": [0, 1.5, 1, 3], "texture": "#1"},
				"down": {"uv": [0, 1.5, 1, 3], "texture": "#1"}
			}
		},
		{
			"from": [6, 13, -0.5],
			"to": [7, 13.5, 1],
			"rotation": {"angle": 0, "axis": "y", "origin": [14, 21, -8]},
			"faces": {
				"north": {"uv": [0.5, 0, 1.5, 0.5], "texture": "#1"},
				"east": {"uv": [1.5, 0, 3, 0.5], "texture": "#1"},
				"south": {"uv": [0.5, 0, 1.5, 0.5], "texture": "#1"},
				"west": {"uv": [1.5, 0, 3, 0.5], "texture": "#1"},
				"up": {"uv": [0, 1.5, 1, 3], "texture": "#1"},
				"down": {"uv": [0, 1.5, 1, 3], "texture": "#1"}
			}
		},
		{
			"from": [6, 7.5, 9.5],
			"to": [7, 8, 11],
			"rotation": {"angle": 0, "axis": "y", "origin": [14, 0, 2]},
			"faces": {
				"north": {"uv": [0.5, 0.5, 1.5, 1], "texture": "#1"},
				"east": {"uv": [1.5, 0.5, 3, 1], "texture": "#1"},
				"south": {"uv": [0.5, 0.5, 1.5, 1], "texture": "#1"},
				"west": {"uv": [1.5, 0.5, 3, 1], "texture": "#1"},
				"up": {"uv": [0, 3, 1, 4.5], "texture": "#1"},
				"down": {"uv": [0, 3, 1, 4.5], "texture": "#1"}
			}
		},
		{
			"from": [6, 7.5, -0.5],
			"to": [7, 8, 1],
			"rotation": {"angle": 0, "axis": "y", "origin": [14, 0, -8]},
			"faces": {
				"north": {"uv": [0.5, 0.5, 1.5, 1], "texture": "#1"},
				"east": {"uv": [1.5, 0.5, 3, 1], "texture": "#1"},
				"south": {"uv": [0.5, 0.5, 1.5, 1], "texture": "#1"},
				"west": {"uv": [1.5, 0.5, 3, 1], "texture": "#1"},
				"up": {"uv": [0, 3, 1, 4.5], "texture": "#1"},
				"down": {"uv": [0, 3, 1, 4.5], "texture": "#1"}
			}
		},
		{
			"from": [6, 13, 11],
			"to": [7, 14, 14],
			"rotation": {"angle": 0, "axis": "y", "origin": [14, 21, 20]},
			"faces": {
				"north": {"uv": [0, 0, 1, 1], "texture": "#1"},
				"east": {"uv": [0, 0, 3, 1], "texture": "#1"},
				"south": {"uv": [0, 0, 1, 1], "texture": "#1"},
				"west": {"uv": [0, 0, 3, 1], "texture": "#1"},
				"up": {"uv": [0, 0, 1, 3], "texture": "#1"},
				"down": {"uv": [0, 0, 1, 3], "texture": "#1"}
			}
		},
		{
			"from": [6, 13, 1],
			"to": [7, 14, 4],
			"rotation": {"angle": 0, "axis": "y", "origin": [14, 21, 10]},
			"faces": {
				"north": {"uv": [0, 0, 1, 1], "texture": "#1"},
				"east": {"uv": [0, 0, 3, 1], "texture": "#1"},
				"south": {"uv": [0, 0, 1, 1], "texture": "#1"},
				"west": {"uv": [0, 0, 3, 1], "texture": "#1"},
				"up": {"uv": [0, 0, 1, 3], "texture": "#1"},
				"down": {"uv": [0, 0, 1, 3], "texture": "#1"}
			}
		},
		{
			"from": [6, 12, -1],
			"to": [7, 13, 1],
			"rotation": {"angle": 0, "axis": "y", "origin": [14, 20, -8]},
			"faces": {
				"north": {"uv": [1, 0, 2, 1], "texture": "#1"},
				"east": {"uv": [2, 0, 4, 1], "texture": "#1"},
				"south": {"uv": [1, 0, 2, 1], "texture": "#1"},
				"west": {"uv": [2, 0, 4, 1], "texture": "#1"},
				"up": {"uv": [0, 2, 1, 4], "texture": "#1"},
				"down": {"uv": [0, 2, 1, 4], "texture": "#1"}
			}
		},
		{
			"from": [6, 11, -2],
			"to": [7, 12, -1],
			"rotation": {"angle": 0, "axis": "y", "origin": [14, 19, -9]},
			"faces": {
				"north": {"uv": [1, 0, 2, 1], "texture": "#1"},
				"east": {"uv": [1, 0, 2, 1], "texture": "#1"},
				"south": {"uv": [1, 0, 2, 1], "texture": "#1"},
				"west": {"uv": [1, 0, 2, 1], "texture": "#1"},
				"up": {"uv": [0, 1, 1, 2], "texture": "#1"},
				"down": {"uv": [0, 1, 1, 2], "texture": "#1"}
			}
		},
		{
			"from": [6, 12, 14],
			"to": [7, 13, 16],
			"rotation": {"angle": 0, "axis": "y", "origin": [14, 20, 23]},
			"faces": {
				"north": {"uv": [0, 0, 1, 1], "texture": "#1"},
				"east": {"uv": [0, 0, 2, 1], "texture": "#1"},
				"south": {"uv": [0, 0, 1, 1], "texture": "#1"},
				"west": {"uv": [0, 0, 2, 1], "texture": "#1"},
				"up": {"uv": [0, 0, 1, 2], "texture": "#1"},
				"down": {"uv": [0, 0, 1, 2], "texture": "#1"}
			}
		},
		{
			"from": [6, 11, 16],
			"to": [7, 12, 17],
			"rotation": {"angle": 0, "axis": "y", "origin": [14, 19, 24]},
			"faces": {
				"north": {"uv": [0, 0, 1, 1], "texture": "#1"},
				"east": {"uv": [0, 0, 1, 1], "texture": "#1"},
				"south": {"uv": [0, 0, 1, 1], "texture": "#1"},
				"west": {"uv": [0, 0, 1, 1], "texture": "#1"},
				"up": {"uv": [0, 0, 1, 1], "texture": "#1"},
				"down": {"uv": [0, 0, 1, 1], "texture": "#1"}
			}
		},
		{
			"from": [6, 8, 14],
			"to": [7, 9, 16],
			"rotation": {"angle": 0, "axis": "y", "origin": [14, 1, 23]},
			"faces": {
				"north": {"uv": [0, 1, 1, 2], "texture": "#1"},
				"east": {"uv": [0, 1, 2, 2], "texture": "#1"},
				"south": {"uv": [0, 1, 1, 2], "texture": "#1"},
				"west": {"uv": [0, 1, 2, 2], "texture": "#1"},
				"up": {"uv": [0, 2, 1, 4], "texture": "#1"},
				"down": {"uv": [0, 2, 1, 4], "texture": "#1"}
			}
		},
		{
			"from": [6, 9, 16],
			"to": [7, 10, 17],
			"rotation": {"angle": 0, "axis": "y", "origin": [14, 2, 24]},
			"faces": {
				"north": {"uv": [0, 1, 1, 2], "texture": "#1"},
				"east": {"uv": [0, 1, 1, 2], "texture": "#1"},
				"south": {"uv": [0, 1, 1, 2], "texture": "#1"},
				"west": {"uv": [0, 1, 1, 2], "texture": "#1"},
				"up": {"uv": [0, 1, 1, 2], "texture": "#1"},
				"down": {"uv": [0, 1, 1, 2], "texture": "#1"}
			}
		},
		{
			"from": [6, 10, 17],
			"to": [13, 11, 18],
			"rotation": {"angle": 0, "axis": "y", "origin": [14, 3, 25]},
			"faces": {
				"north": {"uv": [0, 1, 7, 2], "texture": "#1"},
				"east": {"uv": [0, 1, 1, 2], "texture": "#1"},
				"south": {"uv": [0, 1, 7, 2], "texture": "#1"},
				"west": {"uv": [0, 1, 1, 2], "texture": "#1"},
				"up": {"uv": [0, 1, 7, 2], "texture": "#1"},
				"down": {"uv": [0, 1, 7, 2], "texture": "#1"}
			}
		},
		{
			"from": [12, 9.5, 17],
			"to": [14, 10.5, 18],
			"rotation": {"angle": 0, "axis": "y", "origin": [20, 3, 25]},
			"faces": {
				"north": {"uv": [0, 1, 2, 2], "texture": "#1"},
				"east": {"uv": [0, 1, 1, 2], "texture": "#1"},
				"south": {"uv": [0, 1, 2, 2], "texture": "#1"},
				"west": {"uv": [0, 1, 1, 2], "texture": "#1"},
				"up": {"uv": [0, 1, 2, 2], "texture": "#1"},
				"down": {"uv": [0, 1, 2, 2], "texture": "#1"}
			}
		},
		{
			"from": [12, 9.5, -3],
			"to": [14, 10.5, -2],
			"rotation": {"angle": 0, "axis": "y", "origin": [20, 3, 5]},
			"faces": {
				"north": {"uv": [0, 1, 2, 2], "texture": "#1"},
				"east": {"uv": [0, 1, 1, 2], "texture": "#1"},
				"south": {"uv": [0, 1, 2, 2], "texture": "#1"},
				"west": {"uv": [0, 1, 1, 2], "texture": "#1"},
				"up": {"uv": [0, 1, 2, 2], "texture": "#1"},
				"down": {"uv": [0, 1, 2, 2], "texture": "#1"}
			}
		},
		{
			"from": [6, 10, 7],
			"to": [7, 11, 8],
			"rotation": {"angle": 0, "axis": "y", "origin": [14, 3, 15]},
			"faces": {
				"north": {"uv": [0, 1, 1, 2], "texture": "#1"},
				"east": {"uv": [0, 1, 1, 2], "texture": "#1"},
				"south": {"uv": [0, 1, 1, 2], "texture": "#1"},
				"west": {"uv": [0, 1, 1, 2], "texture": "#1"},
				"up": {"uv": [0, 1, 1, 2], "texture": "#1"},
				"down": {"uv": [0, 1, 1, 2], "texture": "#1"}
			}
		},
		{
			"from": [6, 11, 7],
			"to": [7, 11.5, 8],
			"rotation": {"angle": 0, "axis": "y", "origin": [14, 4, 15]},
			"faces": {
				"north": {"uv": [0, 1, 1, 1.5], "texture": "#1"},
				"east": {"uv": [0, 1, 1, 1.5], "texture": "#1"},
				"south": {"uv": [0, 1, 1, 1.5], "texture": "#1"},
				"west": {"uv": [0, 1, 1, 1.5], "texture": "#1"},
				"up": {"uv": [0, 1, 1, 2], "texture": "#1"},
				"down": {"uv": [0, 1, 1, 2], "texture": "#1"}
			}
		},
		{
			"from": [6, 9.5, 7],
			"to": [7, 10, 8],
			"rotation": {"angle": 0, "axis": "y", "origin": [14, 17, 15]},
			"faces": {
				"north": {"uv": [0, 1.5, 1, 2], "texture": "#1"},
				"east": {"uv": [0, 1.5, 1, 2], "texture": "#1"},
				"south": {"uv": [0, 1.5, 1, 2], "texture": "#1"},
				"west": {"uv": [0, 1.5, 1, 2], "texture": "#1"},
				"up": {"uv": [0, 2, 1, 3], "texture": "#1"},
				"down": {"uv": [0, 2, 1, 3], "texture": "#1"}
			}
		},
		{
			"from": [6, 12, 11],
			"to": [7, 13, 14],
			"rotation": {"angle": 0, "axis": "y", "origin": [14, 5, 19]},
			"faces": {
				"north": {"uv": [6, 3, 7, 4], "texture": "#0"},
				"east": {"uv": [7, 4, 10, 5], "texture": "#0"},
				"south": {"uv": [7, 5, 8, 6], "texture": "#0"},
				"west": {"uv": [7, 4, 10, 5], "texture": "#0"},
				"up": {"uv": [6, 4, 7, 7], "texture": "#0"},
				"down": {"uv": [7, 5, 8, 8], "texture": "#0"}
			}
		},
		{
			"from": [6, 12, 1],
			"to": [7, 13, 4],
			"rotation": {"angle": 0, "axis": "y", "origin": [14, 5, 9]},
			"faces": {
				"north": {"uv": [6, 3, 7, 4], "texture": "#0"},
				"east": {"uv": [7, 4, 10, 5], "texture": "#0"},
				"south": {"uv": [7, 5, 8, 6], "texture": "#0"},
				"west": {"uv": [7, 4, 10, 5], "texture": "#0"},
				"up": {"uv": [6, 4, 7, 7], "texture": "#0"},
				"down": {"uv": [7, 5, 8, 8], "texture": "#0"}
			}
		},
		{
			"from": [6, 8, 11],
			"to": [7, 9, 14],
			"rotation": {"angle": 0, "axis": "y", "origin": [14, 1, 19]},
			"faces": {
				"north": {"uv": [6, 3, 7, 4], "texture": "#0"},
				"east": {"uv": [7, 4, 10, 5], "texture": "#0"},
				"south": {"uv": [7, 5, 8, 6], "texture": "#0"},
				"west": {"uv": [5, 14, 8, 15], "texture": "#0"},
				"up": {"uv": [6, 4, 7, 7], "texture": "#0"},
				"down": {"uv": [6, 13, 7, 16], "texture": "#0"}
			}
		},
		{
			"from": [6, 8, 1],
			"to": [7, 9, 4],
			"rotation": {"angle": 0, "axis": "y", "origin": [14, 1, 9]},
			"faces": {
				"north": {"uv": [6, 3, 7, 4], "texture": "#0"},
				"east": {"uv": [7, 4, 10, 5], "texture": "#0"},
				"south": {"uv": [7, 5, 8, 6], "texture": "#0"},
				"west": {"uv": [5, 14, 8, 15], "texture": "#0"},
				"up": {"uv": [7, 3, 8, 6], "texture": "#0"},
				"down": {"uv": [6, 13, 7, 16], "texture": "#0"}
			}
		},
		{
			"from": [6, 9, 9],
			"to": [7, 12, 16],
			"rotation": {"angle": 0, "axis": "y", "origin": [14, 4, 17]},
			"faces": {
				"north": {"uv": [6, 3, 7, 4], "texture": "#0"},
				"east": {"uv": [7, 4, 10, 5], "texture": "#0"},
				"south": {"uv": [7, 5, 8, 6], "texture": "#0"},
				"west": {"uv": [7, 4, 10, 5], "texture": "#0"},
				"up": {"uv": [6, 4, 7, 7], "texture": "#0"},
				"down": {"uv": [7, 5, 8, 8], "texture": "#0"}
			}
		},
		{
			"from": [6, 9, -1],
			"to": [7, 12, 6],
			"rotation": {"angle": 0, "axis": "y", "origin": [14, 4, 7]},
			"faces": {
				"north": {"uv": [6, 3, 7, 4], "texture": "#0"},
				"east": {"uv": [7, 4, 10, 5], "texture": "#0"},
				"south": {"uv": [7, 5, 8, 6], "texture": "#0"},
				"west": {"uv": [7, 4, 10, 5], "texture": "#0"},
				"up": {"uv": [6, 4, 7, 7], "texture": "#0"},
				"down": {"uv": [7, 5, 8, 8], "texture": "#0"}
			}
		},
		{
			"from": [6, 10, 16],
			"to": [7, 11, 17],
			"rotation": {"angle": 0, "axis": "y", "origin": [14, 5, 22]},
			"faces": {
				"north": {"uv": [6, 3, 7, 4], "texture": "#0"},
				"east": {"uv": [7, 4, 10, 5], "texture": "#0"},
				"south": {"uv": [7, 5, 8, 6], "texture": "#0"},
				"west": {"uv": [7, 4, 10, 5], "texture": "#0"},
				"up": {"uv": [6, 4, 7, 7], "texture": "#0"},
				"down": {"uv": [7, 5, 8, 8], "texture": "#0"}
			}
		},
		{
			"from": [6, 10, 6],
			"to": [7, 11, 7],
			"rotation": {"angle": 0, "axis": "y", "origin": [14, 5, 12]},
			"faces": {
				"north": {"uv": [6, 3, 7, 4], "texture": "#0"},
				"east": {"uv": [7, 4, 10, 5], "texture": "#0"},
				"south": {"uv": [7, 5, 8, 6], "texture": "#0"},
				"west": {"uv": [7, 4, 10, 5], "texture": "#0"},
				"up": {"uv": [6, 4, 7, 7], "texture": "#0"},
				"down": {"uv": [7, 5, 8, 8], "texture": "#0"}
			}
		},
		{
			"from": [6, 10, 8],
			"to": [7, 11, 9],
			"rotation": {"angle": 0, "axis": "y", "origin": [14, 5, 14]},
			"faces": {
				"north": {"uv": [6, 3, 7, 4], "texture": "#0"},
				"east": {"uv": [7, 4, 10, 5], "texture": "#0"},
				"south": {"uv": [7, 5, 8, 6], "texture": "#0"},
				"west": {"uv": [7, 4, 10, 5], "texture": "#0"},
				"up": {"uv": [6, 4, 7, 7], "texture": "#0"},
				"down": {"uv": [7, 5, 8, 8], "texture": "#0"}
			}
		},
		{
			"from": [6, 10, -2],
			"to": [7, 11, -1],
			"rotation": {"angle": 0, "axis": "y", "origin": [14, 5, 4]},
			"faces": {
				"north": {"uv": [6, 3, 7, 4], "texture": "#0"},
				"east": {"uv": [7, 4, 10, 5], "texture": "#0"},
				"south": {"uv": [7, 5, 8, 6], "texture": "#0"},
				"west": {"uv": [7, 4, 10, 5], "texture": "#0"},
				"up": {"uv": [6, 4, 7, 7], "texture": "#0"},
				"down": {"uv": [7, 5, 8, 8], "texture": "#0"}
			}
		},
		{
			"from": [6, 9, 8],
			"to": [7, 10, 9],
			"rotation": {"angle": 0, "axis": "y", "origin": [14, 2, 16]},
			"faces": {
				"north": {"uv": [0, 1, 1, 2], "texture": "#1"},
				"east": {"uv": [0, 1, 1, 2], "texture": "#1"},
				"south": {"uv": [0, 1, 1, 2], "texture": "#1"},
				"west": {"uv": [0, 1, 1, 2], "texture": "#1"},
				"up": {"uv": [0, 1, 1, 2], "texture": "#1"},
				"down": {"uv": [0, 1, 1, 2], "texture": "#1"}
			}
		},
		{
			"from": [6, 8, 4],
			"to": [7, 9, 6],
			"rotation": {"angle": 0, "axis": "y", "origin": [14, 1, 13]},
			"faces": {
				"north": {"uv": [0, 1, 1, 2], "texture": "#1"},
				"east": {"uv": [0, 1, 2, 2], "texture": "#1"},
				"south": {"uv": [0, 1, 1, 2], "texture": "#1"},
				"west": {"uv": [0, 1, 2, 2], "texture": "#1"},
				"up": {"uv": [0, 2, 1, 4], "texture": "#1"},
				"down": {"uv": [0, 2, 1, 4], "texture": "#1"}
			}
		},
		{
			"from": [6, 8, 9],
			"to": [7, 9, 11],
			"rotation": {"angle": 0, "axis": "y", "origin": [14, 1, 18]},
			"faces": {
				"north": {"uv": [0, 1, 1, 2], "texture": "#1"},
				"east": {"uv": [0, 1, 2, 2], "texture": "#1"},
				"south": {"uv": [0, 1, 1, 2], "texture": "#1"},
				"west": {"uv": [0, 1, 2, 2], "texture": "#1"},
				"up": {"uv": [0, 2, 1, 4], "texture": "#1"},
				"down": {"uv": [0, 2, 1, 4], "texture": "#1"}
			}
		},
		{
			"from": [6, 7, 11],
			"to": [7, 8, 14],
			"rotation": {"angle": 0, "axis": "y", "origin": [14, 0, 20]},
			"faces": {
				"north": {"uv": [0, 1, 1, 2], "texture": "#1"},
				"east": {"uv": [0, 1, 3, 2], "texture": "#1"},
				"south": {"uv": [0, 1, 1, 2], "texture": "#1"},
				"west": {"uv": [0, 1, 3, 2], "texture": "#1"},
				"up": {"uv": [0, 3, 1, 6], "texture": "#1"},
				"down": {"uv": [0, 3, 1, 6], "texture": "#1"}
			}
		},
		{
			"from": [6, 7, 1],
			"to": [7, 8, 4],
			"rotation": {"angle": 0, "axis": "y", "origin": [14, 0, 10]},
			"faces": {
				"north": {"uv": [0, 1, 1, 2], "texture": "#1"},
				"east": {"uv": [0, 1, 3, 2], "texture": "#1"},
				"south": {"uv": [0, 1, 1, 2], "texture": "#1"},
				"west": {"uv": [0, 1, 3, 2], "texture": "#1"},
				"up": {"uv": [0, 3, 1, 6], "texture": "#1"},
				"down": {"uv": [0, 3, 1, 6], "texture": "#1"}
			}
		},
		{
			"from": [6, 8, -1],
			"to": [7, 9, 1],
			"rotation": {"angle": 0, "axis": "y", "origin": [14, 1, -8]},
			"faces": {
				"north": {"uv": [1, 1, 2, 2], "texture": "#1"},
				"east": {"uv": [2, 1, 4, 2], "texture": "#1"},
				"south": {"uv": [1, 1, 2, 2], "texture": "#1"},
				"west": {"uv": [2, 1, 4, 2], "texture": "#1"},
				"up": {"uv": [0, 4, 1, 6], "texture": "#1"},
				"down": {"uv": [0, 4, 1, 6], "texture": "#1"}
			}
		},
		{
			"from": [6, 9, -2],
			"to": [7, 10, -1],
			"rotation": {"angle": 0, "axis": "y", "origin": [14, 2, -9]},
			"faces": {
				"north": {"uv": [1, 1, 2, 2], "texture": "#1"},
				"east": {"uv": [1, 1, 2, 2], "texture": "#1"},
				"south": {"uv": [1, 1, 2, 2], "texture": "#1"},
				"west": {"uv": [1, 1, 2, 2], "texture": "#1"},
				"up": {"uv": [0, 2, 1, 3], "texture": "#1"},
				"down": {"uv": [0, 2, 1, 3], "texture": "#1"}
			}
		},
		{
			"from": [6, 10, -3],
			"to": [13, 11, -2],
			"rotation": {"angle": 0, "axis": "y", "origin": [14, 3, -10]},
			"faces": {
				"north": {"uv": [1, 1, 8, 2], "texture": "#1"},
				"east": {"uv": [1, 1, 2, 2], "texture": "#1"},
				"south": {"uv": [1, 1, 8, 2], "texture": "#1"},
				"west": {"uv": [1, 1, 2, 2], "texture": "#1"},
				"up": {"uv": [0, 2, 7, 3], "texture": "#1"},
				"down": {"uv": [0, 2, 7, 3], "texture": "#1"}
			}
		}
	],
	"display": {
		"thirdperson_righthand": {
			"scale": [0.3, 0.3, 0.3]
		},
		"thirdperson_lefthand": {
			"scale": [0.3, 0.3, 0.3]
		},
		"firstperson_righthand": {
			"rotation": [0, -59, 0],
			"scale": [0.6, 0.6, 0.6]
		},
		"firstperson_lefthand": {
			"rotation": [0, 116, 0],
			"scale": [0.6, 0.6, 0.6]
		},
		"ground": {
			"translation": [0, -3.75, 0],
			"scale": [0.7, 0.7, 0.7]
		},
		"gui": {
			"rotation": [7, 56, 0],
			"translation": [0, -1, 0],
			"scale": [0.7, 0.7, 0.7]
		},
		"head": {
			"rotation": [0, -90, 0],
			"translation": [-0.25, -1.25, -5.5],
			"scale": [0.7, 0.7, 0.7]
		},
		"fixed": {
			"rotation": [0, -90, 0],
			"translation": [0, 0, -3.75]
		}
	},
	"groups": [
		{
			"name": "Glasses",
			"origin": [14, 3, -10],
			"children": [0, 1, 2, 3, 4, 5, 6, 7, 8, 9, 10, 11, 12, 13, 14, 15, 16, 17, 18, 19, 20, 21, 22, 23, 24, 25, 26, 27, 28, 29, 30, 31, 32, 33, 34, 35, 36, 37, 38, 39, 40, 41, 42, 43, 44, 45, 46, 47, 48, 49, 50, 51, 52, 53, 54, 55, 56]
		}
	]
}