{
	"credit": "Credit: Ontvlambaar, Sammie_gaga",
	"textures": {
		"2": "block/chiseled_quartz_block",
		"3": "block/spruce_planks",
		"texture": "block/white_wool",
		"texture1": "block/bone_block_side",
		"particle": "block/chiseled_quartz_block"
	},
	"elements": [
		{
			"from": [7.5, 6, 1.5],
			"to": [8.5, 7, 2],
			"faces": {
				"north": {"uv": [7.5, 9, 8.5, 10], "texture": "#texture"},
				"east": {"uv": [14, 9, 14.5, 10], "texture": "#texture"},
				"south": {"uv": [7.5, 9, 8.5, 10], "texture": "#texture"},
				"west": {"uv": [1.5, 9, 2, 10], "texture": "#texture"},
				"up": {"uv": [7.5, 1.5, 8.5, 2], "texture": "#texture"},
				"down": {"uv": [7.5, 14, 8.5, 14.5], "texture": "#texture"}
			}
		},
		{
			"from": [7.5, 9, 2.5],
			"to": [8.5, 11, 4.5],
			"faces": {
				"north": {"uv": [7.5, 5, 8.5, 7], "texture": "#2"},
				"east": {"uv": [0, 0, 16, 16], "texture": "#2"},
				"south": {"uv": [7.5, 5, 8.5, 7], "texture": "#2"},
				"west": {"uv": [0, 0, 16, 16], "texture": "#2"},
				"up": {"uv": [7.5, 2.5, 8.5, 4.5], "texture": "#2"},
				"down": {"uv": [7.5, 11.5, 8.5, 13.5], "texture": "#2"}
			}
		},
		{
			"from": [7.5, 10.5, 2],
			"to": [8.5, 12.5, 4],
			"faces": {
				"north": {"uv": [7.5, 3, 8.5, 5], "texture": "#2"},
				"east": {"uv": [0, 0, 16, 16], "texture": "#2"},
				"south": {"uv": [7.5, 3, 8.5, 5], "texture": "#2"},
				"west": {"uv": [0, 0, 16, 16], "texture": "#2"},
				"up": {"uv": [7.5, 2, 8.5, 4], "texture": "#2"},
				"down": {"uv": [7.5, 12, 8.5, 14], "texture": "#2"}
			}
		},
		{
			"from": [7.5, 12, 1.5],
			"to": [8.5, 14.5, 3.5],
			"faces": {
				"north": {"uv": [7.5, 1.5, 8.5, 4], "texture": "#2"},
				"east": {"uv": [0, 0, 16, 16], "texture": "#2"},
				"south": {"uv": [7.5, 1.5, 8.5, 4], "texture": "#2"},
				"west": {"uv": [0, 0, 16, 16], "texture": "#2"},
				"up": {"uv": [7.5, 1.5, 8.5, 3.5], "texture": "#2"},
				"down": {"uv": [7.5, 12.5, 8.5, 14.5], "texture": "#2"}
			}
		},
		{
			"from": [7.5, 13.5, 1],
			"to": [8.5, 15.5, 3],
			"faces": {
				"north": {"uv": [7.5, 0.5, 8.5, 2.5], "texture": "#2"},
				"east": {"uv": [0, 0, 16, 16], "texture": "#2"},
				"south": {"uv": [7.5, 0.5, 8.5, 2.5], "texture": "#2"},
				"west": {"uv": [0, 0, 16, 16], "texture": "#2"},
				"up": {"uv": [7.5, 1, 8.5, 3], "texture": "#2"},
				"down": {"uv": [7.5, 13, 8.5, 15], "texture": "#2"}
			}
		},
		{
			"from": [7.5, 15.5, 0.5],
			"to": [8.5, 17.5, 3],
			"faces": {
				"north": {"uv": [7.5, 0, 8.5, 0.5], "texture": "#2"},
				"east": {"uv": [0, 0, 16, 16], "texture": "#2"},
				"south": {"uv": [7.5, 0, 8.5, 0.5], "texture": "#2"},
				"west": {"uv": [0, 0, 16, 16], "texture": "#2"},
				"up": {"uv": [7.5, 0.5, 8.5, 3], "texture": "#2"},
				"down": {"uv": [7.5, 13, 8.5, 15.5], "texture": "#2"}
			}
		},
		{
			"from": [7.5, 17, 0],
			"to": [8.5, 20, 2.5],
			"faces": {
				"north": {"uv": [7.5, 12, 8.5, 15], "texture": "#2"},
				"east": {"uv": [0, 0, 16, 16], "texture": "#2"},
				"south": {"uv": [7.5, 12, 8.5, 15], "texture": "#2"},
				"west": {"uv": [0, 0, 16, 16], "texture": "#2"},
				"up": {"uv": [7.5, 0, 8.5, 2.5], "texture": "#2"},
				"down": {"uv": [7.5, 13.5, 8.5, 16], "texture": "#2"}
			}
		},
		{
			"from": [7.5, 20, 0],
			"to": [8.5, 21.5, 3],
			"faces": {
				"north": {"uv": [7.5, 10.5, 8.5, 12], "texture": "#2"},
				"east": {"uv": [0, 0, 16, 16], "texture": "#2"},
				"south": {"uv": [7.5, 10.5, 8.5, 12], "texture": "#2"},
				"west": {"uv": [0, 0, 16, 16], "texture": "#2"},
				"up": {"uv": [7.5, 0, 8.5, 3], "texture": "#2"},
				"down": {"uv": [7.5, 13, 8.5, 16], "texture": "#2"}
			}
		},
		{
			"from": [7.5, 21.5, 0.5],
			"to": [8.5, 22.5, 3.5],
			"faces": {
				"north": {"uv": [7.5, 9.5, 8.5, 10.5], "texture": "#2"},
				"east": {"uv": [0, 0, 16, 16], "texture": "#2"},
				"south": {"uv": [7.5, 9.5, 8.5, 10.5], "texture": "#2"},
				"west": {"uv": [0, 0, 16, 16], "texture": "#2"},
				"up": {"uv": [7.5, 0.5, 8.5, 3.5], "texture": "#2"},
				"down": {"uv": [7.5, 12.5, 8.5, 15.5], "texture": "#2"}
			}
		},
		{
			"from": [7.5, 22.5, 1],
			"to": [8.5, 23, 4],
			"faces": {
				"north": {"uv": [7.5, 9, 8.5, 9.5], "texture": "#2"},
				"east": {"uv": [0, 0, 16, 16], "texture": "#2"},
				"south": {"uv": [7.5, 9, 8.5, 9.5], "texture": "#2"},
				"west": {"uv": [0, 0, 16, 16], "texture": "#2"},
				"up": {"uv": [7.5, 1, 8.5, 4], "texture": "#2"},
				"down": {"uv": [7.5, 12, 8.5, 15], "texture": "#2"}
			}
		},
		{
			"from": [7.5, 23, 1],
			"to": [8.5, 23.5, 4.5],
			"faces": {
				"north": {"uv": [7.5, 8.5, 8.5, 9], "texture": "#2"},
				"east": {"uv": [0, 0, 16, 16], "texture": "#2"},
				"south": {"uv": [7.5, 8.5, 8.5, 9], "texture": "#2"},
				"west": {"uv": [0, 0, 16, 16], "texture": "#2"},
				"up": {"uv": [7.5, 1, 8.5, 4.5], "texture": "#2"},
				"down": {"uv": [7.5, 11.5, 8.5, 15], "texture": "#2"}
			}
		},
		{
			"from": [7.5, 23.5, 1.5],
			"to": [8.5, 24.5, 5.5],
			"faces": {
				"north": {"uv": [7.5, 7.5, 8.5, 8.5], "texture": "#2"},
				"east": {"uv": [0, 0, 16, 16], "texture": "#2"},
				"south": {"uv": [7.5, 7.5, 8.5, 8.5], "texture": "#2"},
				"west": {"uv": [0, 0, 16, 16], "texture": "#2"},
				"up": {"uv": [7.5, 1.5, 8.5, 5.5], "texture": "#2"},
				"down": {"uv": [7.5, 10.5, 8.5, 14.5], "texture": "#2"}
			}
		},
		{
			"from": [7.5, 24, 2],
			"to": [8.5, 24.5, 6.5],
			"faces": {
				"north": {"uv": [7.5, 7.5, 8.5, 8], "texture": "#2"},
				"east": {"uv": [0, 0, 16, 16], "texture": "#2"},
				"south": {"uv": [7.5, 7.5, 8.5, 8], "texture": "#2"},
				"west": {"uv": [0, 0, 16, 16], "texture": "#2"},
				"up": {"uv": [7.5, 2, 8.5, 6.5], "texture": "#2"},
				"down": {"uv": [7.5, 9.5, 8.5, 14], "texture": "#2"}
			}
		},
		{
			"from": [7.5, 24.5, 2],
			"to": [8.5, 25, 9.5],
			"faces": {
				"north": {"uv": [7.5, 7, 8.5, 7.5], "texture": "#2"},
				"east": {"uv": [0, 0, 16, 16], "texture": "#2"},
				"south": {"uv": [7.5, 7, 8.5, 7.5], "texture": "#2"},
				"west": {"uv": [0, 0, 16, 16], "texture": "#2"},
				"up": {"uv": [7.5, 2, 8.5, 9.5], "texture": "#2"},
				"down": {"uv": [7.5, 6.5, 8.5, 14], "texture": "#2"}
			}
		},
		{
			"from": [7.5, 23.5, 8.5],
			"to": [8.5, 24.5, 10],
			"faces": {
				"north": {"uv": [7.5, 7.5, 8.5, 8.5], "texture": "#2"},
				"east": {"uv": [0, 0, 16, 16], "texture": "#2"},
				"south": {"uv": [7.5, 7.5, 8.5, 8.5], "texture": "#2"},
				"west": {"uv": [0, 0, 16, 16], "texture": "#2"},
				"up": {"uv": [7.5, 8.5, 8.5, 10], "texture": "#2"},
				"down": {"uv": [7.5, 6, 8.5, 7.5], "texture": "#2"}
			}
		},
		{
			"from": [7.5, 25, 2.5],
			"to": [8.5, 25.5, 9.5],
			"faces": {
				"north": {"uv": [7.5, 6.5, 8.5, 7], "texture": "#2"},
				"east": {"uv": [0, 0, 16, 16], "texture": "#2"},
				"south": {"uv": [7.5, 6.5, 8.5, 7], "texture": "#2"},
				"west": {"uv": [0, 0, 16, 16], "texture": "#2"},
				"up": {"uv": [7.5, 2.5, 8.5, 9.5], "texture": "#2"},
				"down": {"uv": [7.5, 6.5, 8.5, 13.5], "texture": "#2"}
			}
		},
		{
			"from": [7.5, 25.5, 3],
			"to": [8.5, 26, 9],
			"faces": {
				"north": {"uv": [7.5, 6, 8.5, 6.5], "texture": "#2"},
				"east": {"uv": [0, 0, 16, 16], "texture": "#2"},
				"south": {"uv": [7.5, 6, 8.5, 6.5], "texture": "#2"},
				"west": {"uv": [0, 0, 16, 16], "texture": "#2"},
				"up": {"uv": [7.5, 3, 8.5, 9], "texture": "#2"},
				"down": {"uv": [7.5, 7, 8.5, 13], "texture": "#2"}
			}
		},
		{
			"from": [7.5, 26, 3.5],
			"to": [8.5, 26.5, 8.5],
			"faces": {
				"north": {"uv": [7.5, 5.5, 8.5, 6], "texture": "#2"},
				"east": {"uv": [0, 0, 16, 16], "texture": "#2"},
				"south": {"uv": [7.5, 5.5, 8.5, 6], "texture": "#2"},
				"west": {"uv": [0, 0, 16, 16], "texture": "#2"},
				"up": {"uv": [7.5, 3.5, 8.5, 8.5], "texture": "#2"},
				"down": {"uv": [7.5, 7.5, 8.5, 12.5], "texture": "#2"}
			}
		},
		{
			"from": [7.5, 27, 6.5],
			"to": [8.5, 27.5, 7.5],
			"faces": {
				"north": {"uv": [7.5, 4.5, 8.5, 5], "texture": "#2"},
				"east": {"uv": [0, 0, 16, 16], "texture": "#2"},
				"south": {"uv": [7.5, 4.5, 8.5, 5], "texture": "#2"},
				"west": {"uv": [0, 0, 16, 16], "texture": "#2"},
				"up": {"uv": [7.5, 6.5, 8.5, 7.5], "texture": "#2"},
				"down": {"uv": [7.5, 8.5, 8.5, 9.5], "texture": "#2"}
			}
		},
		{
			"from": [7.5, 26.5, 4.5],
			"to": [8.5, 27, 8],
			"faces": {
				"north": {"uv": [7.5, 5, 8.5, 5.5], "texture": "#2"},
				"east": {"uv": [0, 0, 16, 16], "texture": "#2"},
				"south": {"uv": [7.5, 5, 8.5, 5.5], "texture": "#2"},
				"west": {"uv": [0, 0, 16, 16], "texture": "#2"},
				"up": {"uv": [7.5, 4.5, 8.5, 8], "texture": "#2"},
				"down": {"uv": [7.5, 8, 8.5, 11.5], "texture": "#2"}
			}
		},
		{
			"from": [7.5, 22.5, 10],
			"to": [8.5, 23.5, 10.5],
			"faces": {
				"north": {"uv": [7.5, 8.5, 8.5, 9.5], "texture": "#texture1"},
				"east": {"uv": [0, 0, 16, 16], "texture": "#texture1"},
				"south": {"uv": [7.5, 8.5, 8.5, 9.5], "texture": "#texture1"},
				"west": {"uv": [0, 0, 16, 16], "texture": "#texture1"},
				"up": {"uv": [7.5, 9, 8.5, 10.5], "texture": "#texture1"},
				"down": {"uv": [7.5, 5.5, 8.5, 7], "texture": "#texture1"}
			}
		},
		{
			"from": [7.5, 22.5, 9],
			"to": [8.5, 23.5, 10],
			"rotation": {"angle": 0, "axis": "y", "origin": [8, 8, 7]},
			"faces": {
				"north": {"uv": [7.5, 8.5, 8.5, 9.5], "texture": "#2"},
				"east": {"uv": [0, 0, 16, 16], "texture": "#2"},
				"south": {"uv": [7.5, 8.5, 8.5, 9.5], "texture": "#2"},
				"west": {"uv": [0, 0, 16, 16], "texture": "#2"},
				"up": {"uv": [7.5, 9, 8.5, 10.5], "texture": "#2"},
				"down": {"uv": [7.5, 5.5, 8.5, 7], "texture": "#2"}
			}
		},
		{
			"from": [7.5, 21.5, 8.5],
			"to": [8.5, 22.5, 11],
			"faces": {
				"north": {"uv": [7.5, 9, 8.5, 10], "texture": "#texture1"},
				"east": {"uv": [0, 0, 16, 16], "texture": "#texture1"},
				"south": {"uv": [7.5, 9, 8.5, 10], "texture": "#texture1"},
				"west": {"uv": [0, 0, 16, 16], "texture": "#texture1"},
				"up": {"uv": [7.5, 8.5, 8.5, 11], "texture": "#texture1"},
				"down": {"uv": [7.5, 5, 8.5, 7.5], "texture": "#texture1"}
			}
		},
		{
			"from": [7.5, 21, 9],
			"to": [8.5, 21.5, 11],
			"faces": {
				"north": {"uv": [7.5, 10, 8.5, 10.5], "texture": "#texture1"},
				"east": {"uv": [0, 0, 16, 16], "texture": "#texture1"},
				"south": {"uv": [7.5, 10, 8.5, 10.5], "texture": "#texture1"},
				"west": {"uv": [0, 0, 16, 16], "texture": "#texture1"},
				"up": {"uv": [7.5, 9, 8.5, 11], "texture": "#texture1"},
				"down": {"uv": [7.5, 5, 8.5, 7], "texture": "#texture1"}
			}
		},
		{
			"from": [7.5, 20, 9],
			"to": [8.5, 21, 10.5],
			"faces": {
				"north": {"uv": [7.5, 11, 8.5, 12], "texture": "#texture1"},
				"east": {"uv": [0, 0, 16, 16], "texture": "#texture1"},
				"south": {"uv": [7.5, 11, 8.5, 12], "texture": "#texture1"},
				"west": {"uv": [0, 0, 16, 16], "texture": "#texture1"},
				"up": {"uv": [7.5, 9, 8.5, 10.5], "texture": "#texture1"},
				"down": {"uv": [7.5, 5.5, 8.5, 7], "texture": "#texture1"}
			}
		},
		{
			"from": [7.5, 19.5, 9],
			"to": [8.5, 20, 10],
			"faces": {
				"north": {"uv": [7.5, 11.5, 8.5, 12], "texture": "#texture1"},
				"east": {"uv": [0, 0, 16, 16], "texture": "#texture1"},
				"south": {"uv": [7.5, 11.5, 8.5, 12], "texture": "#texture1"},
				"west": {"uv": [0, 0, 16, 16], "texture": "#texture1"},
				"up": {"uv": [7.5, 9, 8.5, 10], "texture": "#texture1"},
				"down": {"uv": [7.5, 6, 8.5, 7], "texture": "#texture1"}
			}
		},
		{
			"from": [7.5, 19, 8.5],
			"to": [8.5, 20, 9.5],
			"faces": {
				"north": {"uv": [7.5, 11.5, 8.5, 12.5], "texture": "#texture1"},
				"east": {"uv": [0, 0, 16, 16], "texture": "#texture1"},
				"south": {"uv": [7.5, 11.5, 8.5, 12.5], "texture": "#texture1"},
				"west": {"uv": [0, 0, 16, 16], "texture": "#texture1"},
				"up": {"uv": [7.5, 8.5, 8.5, 9.5], "texture": "#texture1"},
				"down": {"uv": [7.5, 6.5, 8.5, 7.5], "texture": "#texture1"}
			}
		},
		{
			"from": [7.5, 18.5, 8],
			"to": [8.5, 19, 9],
			"faces": {
				"north": {"uv": [7.5, 12.5, 8.5, 13], "texture": "#texture1"},
				"east": {"uv": [0, 0, 16, 16], "texture": "#texture1"},
				"south": {"uv": [7.5, 12.5, 8.5, 13], "texture": "#texture1"},
				"west": {"uv": [0, 0, 16, 16], "texture": "#texture1"},
				"up": {"uv": [7.5, 8, 8.5, 9], "texture": "#texture1"},
				"down": {"uv": [7.5, 7, 8.5, 8], "texture": "#texture1"}
			}
		},
		{
			"from": [7.5, 24, 8],
			"to": [8.5, 24.5, 8.5],
			"faces": {
				"north": {"uv": [7.5, 7.5, 8.5, 8], "texture": "#2"},
				"east": {"uv": [0, 0, 16, 16], "texture": "#2"},
				"south": {"uv": [7.5, 7.5, 8.5, 8], "texture": "#2"},
				"west": {"uv": [0, 0, 16, 16], "texture": "#2"},
				"up": {"uv": [7.5, 8, 8.5, 8.5], "texture": "#2"},
				"down": {"uv": [7.5, 7.5, 8.5, 8], "texture": "#2"}
			}
		},
		{
			"from": [7, 6, 2],
			"to": [9, 7, 4.5],
			"faces": {
				"north": {"uv": [7, 9, 9, 10], "texture": "#3"},
				"east": {"uv": [11.5, 9, 14, 10], "texture": "#3"},
				"south": {"uv": [7, 9, 9, 10], "texture": "#3"},
				"west": {"uv": [2, 9, 4.5, 10], "texture": "#3"},
				"up": {"uv": [7, 2, 9, 4.5], "texture": "#3"},
				"down": {"uv": [7, 11.5, 9, 14], "texture": "#3"}
			}
		},
		{
			"from": [7, 7, 3],
			"to": [9, 9, 4],
			"faces": {
				"north": {"uv": [7, 7, 9, 9], "texture": "#3"},
				"east": {"uv": [12, 7, 13, 9], "texture": "#3"},
				"south": {"uv": [7, 7, 9, 9], "texture": "#3"},
				"west": {"uv": [3, 7, 4, 9], "texture": "#3"},
				"up": {"uv": [7, 3, 9, 4], "texture": "#3"},
				"down": {"uv": [7, 12, 9, 13], "texture": "#3"}
			}
		},
		{
			"from": [7.5, 7, 2.5],
			"to": [8.5, 9, 4.5],
			"faces": {
				"north": {"uv": [7.5, 7, 8.5, 9], "texture": "#3"},
				"east": {"uv": [11.5, 7, 13.5, 9], "texture": "#3"},
				"south": {"uv": [7.5, 7, 8.5, 9], "texture": "#3"},
				"west": {"uv": [2.5, 7, 4.5, 9], "texture": "#3"},
				"up": {"uv": [7.5, 2.5, 8.5, 4.5], "texture": "#3"},
				"down": {"uv": [7.5, 11.5, 8.5, 13.5], "texture": "#3"}
			}
		},
		{
			"from": [7.5, 2, 2.5],
			"to": [8.5, 6, 4.5],
			"faces": {
				"north": {"uv": [7.5, 10, 8.5, 14], "texture": "#3"},
				"east": {"uv": [11.5, 10, 13.5, 14], "texture": "#3"},
				"south": {"uv": [7.5, 10, 8.5, 14], "texture": "#3"},
				"west": {"uv": [2.5, 10, 4.5, 14], "texture": "#3"},
				"up": {"uv": [7.5, 2.5, 8.5, 4.5], "texture": "#3"},
				"down": {"uv": [7.5, 11.5, 8.5, 13.5], "texture": "#3"}
			}
		},
		{
			"from": [7, 0.5, 3],
			"to": [9, 6, 4],
			"faces": {
				"north": {"uv": [7, 10, 9, 15.5], "texture": "#3"},
				"east": {"uv": [12, 10, 13, 15.5], "texture": "#3"},
				"south": {"uv": [7, 10, 9, 15.5], "texture": "#3"},
				"west": {"uv": [3, 10, 4, 15.5], "texture": "#3"},
				"up": {"uv": [7, 3, 9, 4], "texture": "#3"},
				"down": {"uv": [7, 12, 9, 13], "texture": "#3"}
			}
		},
		{
			"from": [7.5, 0.5, 2],
			"to": [8.5, 1.5, 3],
			"faces": {
				"north": {"uv": [7.5, 15, 8.5, 16], "texture": "#3"},
				"east": {"uv": [13, 15, 14, 16], "texture": "#3"},
				"south": {"uv": [7.5, 15, 8.5, 16], "texture": "#3"},
				"west": {"uv": [2, 15, 3, 16], "texture": "#3"},
				"up": {"uv": [7.5, 2, 8.5, 3], "texture": "#3"},
				"down": {"uv": [7.5, 13, 8.5, 14], "texture": "#3"}
			}
		},
		{
			"from": [7.5, 1.5, 2.5],
			"to": [8.5, 2, 3],
			"faces": {
				"north": {"uv": [7.5, 14, 8.5, 14.5], "texture": "#3"},
				"east": {"uv": [13, 14, 13.5, 14.5], "texture": "#3"},
				"south": {"uv": [7.5, 14, 8.5, 14.5], "texture": "#3"},
				"west": {"uv": [2.5, 14, 3, 14.5], "texture": "#3"},
				"up": {"uv": [7.5, 2.5, 8.5, 3], "texture": "#3"},
				"down": {"uv": [7.5, 13, 8.5, 13.5], "texture": "#3"}
			}
		},
		{
			"from": [7.5, 1.5, 4],
			"to": [8.5, 2, 4.5],
			"faces": {
				"north": {"uv": [7.5, 14.5, 8.5, 15], "texture": "#3"},
				"east": {"uv": [11.5, 14.5, 12, 15], "texture": "#3"},
				"south": {"uv": [7.5, 14.5, 8.5, 15], "texture": "#3"},
				"west": {"uv": [4, 14.5, 4.5, 15], "texture": "#3"},
				"up": {"uv": [7.5, 4, 8.5, 4.5], "texture": "#3"},
				"down": {"uv": [7.5, 11.5, 8.5, 12], "texture": "#3"}
			}
		},
		{
			"from": [7.5, 0.5, 4],
			"to": [8.5, 1.5, 5],
			"faces": {
				"north": {"uv": [7.5, 15, 8.5, 16], "texture": "#3"},
				"east": {"uv": [11, 15, 12, 16], "texture": "#3"},
				"south": {"uv": [7.5, 15, 8.5, 16], "texture": "#3"},
				"west": {"uv": [4, 15, 5, 16], "texture": "#3"},
				"up": {"uv": [7.5, 4, 8.5, 5], "texture": "#3"},
				"down": {"uv": [7.5, 11, 8.5, 12], "texture": "#3"}
			}
		}
	],
	"display": {
		"thirdperson_righthand": {
			"translation": [0, 2, 6]
		},
		"thirdperson_lefthand": {
			"translation": [0, 2, 6]
		},
		"firstperson_righthand": {
			"rotation": [-20, -165, 0],
			"translation": [0, 3, 0],
			"scale": [0.6, 0.6, 0.6]
		},
		"firstperson_lefthand": {
			"rotation": [-20, -165, 0],
			"translation": [0, 3, 0],
			"scale": [0.6, 0.6, 0.6]
		},
		"ground": {
			"translation": [0, 6, 0]
		},
		"gui": {
			"rotation": [23, -114, 41],
			"translation": [-1.25, -2.5, 0],
			"scale": [0.6, 0.6, 0.6]
		},
		"head": {
			"rotation": [49, 0, 0],
			"translation": [0, -27.25, 7.75]
		}
	},
	"groups": [0, 1, 2, 3, 4, 5, 6, 7, 8, 9, 10, 11, 12, 13, 14, 15, 16, 17, 18, 19, 20, 21, 22, 23, 24, 25, 26, 27, 28,
		{
			"name": "Handle",
			"origin": [8, 8, 8],
			"children": [29, 30, 31, 32, 33, 34, 35, 36, 37]
		}
	]
}