{
	"credit": "Made with Blockbench",
	"textures": {
		"1": "block/purple_concrete",
		"2": "block/black_concrete",
		"3": "block/lime_concrete",
		"4": "block/orange_concrete",
		"5": "block/yellow_concrete",
		"particle": "block/purple_concrete"
	},
	"elements": [
		{
			"from": [-0.5, 5.5, 7],
			"to": [0.2, 16, 9.25],
			"faces": {
				"north": {"uv": [0, 0, 0.5, 10.5], "texture": "#2"},
				"east": {"uv": [0, 0, 2.25, 10.5], "texture": "#2"},
				"south": {"uv": [0, 0, 0.5, 10.5], "texture": "#2"},
				"west": {"uv": [0, 0, 2.25, 10.5], "texture": "#2"},
				"up": {"uv": [0, 0, 0.5, 2.25], "texture": "#2"},
				"down": {"uv": [0, 0, 0.5, 2.25], "texture": "#2"}
			}
		},
		{
			"from": [-0.5, 16, 7],
			"to": [16.5, 16.5, 9.25],
			"faces": {
				"north": {"uv": [0, 0, 16, 0.5], "texture": "#2"},
				"east": {"uv": [0, 0, 2.25, 0.5], "texture": "#2"},
				"south": {"uv": [0, 0, 16, 0.5], "texture": "#2"},
				"west": {"uv": [0, 0, 2.25, 0.5], "texture": "#2"},
				"up": {"uv": [0, 0, 16, 2.25], "texture": "#2"},
				"down": {"uv": [0, 0, 16, 2.25], "texture": "#2"}
			}
		},
		{
			"from": [16, 5.5, 7],
			"to": [16.7, 16, 9.25],
			"faces": {
				"north": {"uv": [0, 0, 0.5, 10.5], "texture": "#2"},
				"east": {"uv": [0, 0, 2.25, 10.5], "texture": "#2"},
				"south": {"uv": [0, 0, 0.5, 10.5], "texture": "#2"},
				"west": {"uv": [0, 0, 2.25, 10.5], "texture": "#2"},
				"up": {"uv": [0, 0, 0.5, 2.25], "texture": "#2"},
				"down": {"uv": [0, 0, 0.5, 2.25], "texture": "#2"}
			}
		},
		{
			"from": [-2.25, 10.25, 7.75],
			"to": [-1.25, 19.25, 8.25],
			"faces": {
				"north": {"uv": [0, 0, 1, 9], "texture": "#2"},
				"east": {"uv": [0, 0, 0.5, 9], "texture": "#2"},
				"south": {"uv": [0, 0, 1, 9], "texture": "#2"},
				"west": {"uv": [0, 0, 0.5, 9], "texture": "#2"},
				"up": {"uv": [0, 0, 1, 0.5], "texture": "#2"},
				"down": {"uv": [0, 0, 1, 0.5], "texture": "#2"}
			}
		},
		{
			"from": [-1.25, 9.75, 7.75],
			"to": [-0.25, 19.75, 8.25],
			"faces": {
				"north": {"uv": [0, 0, 3, 10], "texture": "#2"},
				"east": {"uv": [0, 0, 0.5, 10], "texture": "#2"},
				"south": {"uv": [0, 0, 3, 10], "texture": "#2"},
				"west": {"uv": [0, 0, 0.5, 10], "texture": "#2"},
				"up": {"uv": [0, 0, 3, 0.5], "texture": "#2"},
				"down": {"uv": [0, 0, 3, 0.5], "texture": "#2"}
			}
		},
		{
			"from": [1.75, 16.25, 7.75],
			"to": [2.75, 19.25, 8.25],
			"faces": {
				"north": {"uv": [0, 0, 1, 5], "texture": "#2"},
				"east": {"uv": [0, 0, 0.5, 5], "texture": "#2"},
				"south": {"uv": [0, 0, 1, 5], "texture": "#2"},
				"west": {"uv": [0, 0, 0.5, 5], "texture": "#2"},
				"up": {"uv": [0, 0, 1, 0.5], "texture": "#2"},
				"down": {"uv": [0, 0, 1, 0.5], "texture": "#2"}
			}
		},
		{
			"from": [4.25, 16.75, 7.75],
			"to": [4.75, 17.25, 8.25],
			"faces": {
				"north": {"uv": [0, 0, 0.5, 2.5], "texture": "#2"},
				"east": {"uv": [0, 0, 0.5, 2.5], "texture": "#2"},
				"south": {"uv": [0, 0, 0.5, 2.5], "texture": "#2"},
				"west": {"uv": [0, 0, 0.5, 2.5], "texture": "#2"},
				"up": {"uv": [0, 0, 0.5, 0.5], "texture": "#2"},
				"down": {"uv": [0, 0, 0.5, 0.5], "texture": "#2"}
			}
		},
		{
			"from": [4.75, 16.25, 7.75],
			"to": [5.25, 16.25, 8.25],
			"faces": {
				"north": {"uv": [0, 0, 0.5, 2], "texture": "#2"},
				"east": {"uv": [0, 0, 0.5, 2], "texture": "#2"},
				"south": {"uv": [0, 0, 0.5, 2], "texture": "#2"},
				"west": {"uv": [0, 0, 0.5, 2], "texture": "#2"},
				"up": {"uv": [0, 0, 0.5, 0.5], "texture": "#2"},
				"down": {"uv": [0, 0, 0.5, 0.5], "texture": "#2"}
			}
		},
		{
			"from": [2.75, 16.25, 7.75],
			"to": [3.75, 18.75, 8.25],
			"faces": {
				"north": {"uv": [0, 0, 1, 4.5], "texture": "#2"},
				"east": {"uv": [0, 0, 0.5, 4.5], "texture": "#2"},
				"south": {"uv": [0, 0, 1, 4.5], "texture": "#2"},
				"west": {"uv": [0, 0, 0.5, 4.5], "texture": "#2"},
				"up": {"uv": [0, 0, 1, 0.5], "texture": "#2"},
				"down": {"uv": [0, 0, 1, 0.5], "texture": "#2"}
			}
		},
		{
			"from": [3.75, 16.25, 7.75],
			"to": [4.25, 18.25, 8.25],
			"faces": {
				"north": {"uv": [0, 0, 0.5, 4], "texture": "#2"},
				"east": {"uv": [0, 0, 0.5, 4], "texture": "#2"},
				"south": {"uv": [0, 0, 0.5, 4], "texture": "#2"},
				"west": {"uv": [0, 0, 0.5, 4], "texture": "#2"},
				"up": {"uv": [0, 0, 0.5, 0.5], "texture": "#2"},
				"down": {"uv": [0, 0, 0.5, 0.5], "texture": "#2"}
			}
		},
		{
			"from": [-3.25, 10.75, 7.75],
			"to": [-2.25, 18.75, 8.25],
			"faces": {
				"north": {"uv": [0, 0, 1, 8], "texture": "#2"},
				"east": {"uv": [0, 0, 0.5, 8], "texture": "#2"},
				"south": {"uv": [0, 0, 1, 8], "texture": "#2"},
				"west": {"uv": [0, 0, 0.5, 8], "texture": "#2"},
				"up": {"uv": [0, 0, 1, 0.5], "texture": "#2"},
				"down": {"uv": [0, 0, 1, 0.5], "texture": "#2"}
			}
		},
		{
			"from": [-3.25, 11.25, 7.75],
			"to": [-2.25, 18.75, 8.25],
			"faces": {
				"north": {"uv": [0, 0, 1, 7.5], "texture": "#2"},
				"east": {"uv": [0, 0, 0.5, 7.5], "texture": "#2"},
				"south": {"uv": [0, 0, 1, 7.5], "texture": "#2"},
				"west": {"uv": [0, 0, 0.5, 7.5], "texture": "#2"},
				"up": {"uv": [0, 0, 1, 0.5], "texture": "#2"},
				"down": {"uv": [0, 0, 1, 0.5], "texture": "#2"}
			}
		},
		{
			"from": [-3.75, 11.25, 7.75],
			"to": [-3.25, 18.25, 8.25],
			"faces": {
				"north": {"uv": [0, 0, 0.5, 7], "texture": "#2"},
				"east": {"uv": [0, 0, 0.5, 7], "texture": "#2"},
				"south": {"uv": [0, 0, 0.5, 7], "texture": "#2"},
				"west": {"uv": [0, 0, 0.5, 7], "texture": "#2"},
				"up": {"uv": [0, 0, 0.5, 0.5], "texture": "#2"},
				"down": {"uv": [0, 0, 0.5, 0.5], "texture": "#2"}
			}
		},
		{
			"from": [-4.75, 13.25, 7.75],
			"to": [-4.25, 16.25, 8.25],
			"faces": {
				"north": {"uv": [0, 0, 0.5, 3], "texture": "#2"},
				"east": {"uv": [0, 0, 0.5, 3], "texture": "#2"},
				"south": {"uv": [0, 0, 0.5, 3], "texture": "#2"},
				"west": {"uv": [0, 0, 0.5, 3], "texture": "#2"},
				"up": {"uv": [0, 0, 0.5, 0.5], "texture": "#2"},
				"down": {"uv": [0, 0, 0.5, 0.5], "texture": "#2"}
			}
		},
		{
			"from": [-4.25, 12.25, 7.75],
			"to": [-3.75, 17.25, 8.25],
			"faces": {
				"north": {"uv": [0, 0, 0.5, 5], "texture": "#2"},
				"east": {"uv": [0, 0, 0.5, 5], "texture": "#2"},
				"south": {"uv": [0, 0, 0.5, 5], "texture": "#2"},
				"west": {"uv": [0, 0, 0.5, 5], "texture": "#2"},
				"up": {"uv": [0, 0, 0.5, 0.5], "texture": "#2"},
				"down": {"uv": [0, 0, 0.5, 0.5], "texture": "#2"}
			}
		},
		{
			"from": [-0.25, 16.25, 7.75],
			"to": [0.75, 19.75, 8.25],
			"faces": {
				"north": {"uv": [0, 0, 3, 10], "texture": "#2"},
				"east": {"uv": [0, 0, 0.5, 10], "texture": "#2"},
				"south": {"uv": [0, 0, 3, 10], "texture": "#2"},
				"west": {"uv": [0, 0, 0.5, 10], "texture": "#2"},
				"up": {"uv": [0, 0, 3, 0.5], "texture": "#2"},
				"down": {"uv": [0, 0, 3, 0.5], "texture": "#2"}
			}
		},
		{
			"from": [14.75, 16.5, 7.75],
			"to": [16.25, 19.75, 8.25],
			"faces": {
				"north": {"uv": [0, 0, 3, 10], "texture": "#2"},
				"east": {"uv": [0, 0, 0.5, 10], "texture": "#2"},
				"south": {"uv": [0, 0, 3, 10], "texture": "#2"},
				"west": {"uv": [0, 0, 0.5, 10], "texture": "#2"},
				"up": {"uv": [0, 0, 3, 0.5], "rotation": 180, "texture": "#2"},
				"down": {"uv": [0, 0, 3, 0.5], "rotation": 180, "texture": "#2"}
			}
		},
		{
			"from": [19.75, 12.25, 7.75],
			"to": [20.25, 17.25, 8.25],
			"faces": {
				"north": {"uv": [0, 0, 0.5, 5], "texture": "#2"},
				"east": {"uv": [0, 0, 0.5, 5], "texture": "#2"},
				"south": {"uv": [0, 0, 0.5, 5], "texture": "#2"},
				"west": {"uv": [0, 0, 0.5, 5], "texture": "#2"},
				"up": {"uv": [0, 0, 0.5, 0.5], "rotation": 180, "texture": "#2"},
				"down": {"uv": [0, 0, 0.5, 0.5], "rotation": 180, "texture": "#2"}
			}
		},
		{
			"from": [20.25, 13.25, 7.75],
			"to": [20.75, 16.25, 8.25],
			"faces": {
				"north": {"uv": [0, 0, 0.5, 3], "texture": "#2"},
				"east": {"uv": [0, 0, 0.5, 3], "texture": "#2"},
				"south": {"uv": [0, 0, 0.5, 3], "texture": "#2"},
				"west": {"uv": [0, 0, 0.5, 3], "texture": "#2"},
				"up": {"uv": [0, 0, 0.5, 0.5], "rotation": 180, "texture": "#2"},
				"down": {"uv": [0, 0, 0.5, 0.5], "rotation": 180, "texture": "#2"}
			}
		},
		{
			"from": [19.25, 11.25, 7.75],
			"to": [19.75, 18.25, 8.25],
			"faces": {
				"north": {"uv": [0, 0, 0.5, 7], "texture": "#2"},
				"east": {"uv": [0, 0, 0.5, 7], "texture": "#2"},
				"south": {"uv": [0, 0, 0.5, 7], "texture": "#2"},
				"west": {"uv": [0, 0, 0.5, 7], "texture": "#2"},
				"up": {"uv": [0, 0, 0.5, 0.5], "rotation": 180, "texture": "#2"},
				"down": {"uv": [0, 0, 0.5, 0.5], "rotation": 180, "texture": "#2"}
			}
		},
		{
			"from": [18.25, 11.25, 7.75],
			"to": [19.25, 18.75, 8.25],
			"faces": {
				"north": {"uv": [0, 0, 1, 7.5], "texture": "#2"},
				"east": {"uv": [0, 0, 0.5, 7.5], "texture": "#2"},
				"south": {"uv": [0, 0, 1, 7.5], "texture": "#2"},
				"west": {"uv": [0, 0, 0.5, 7.5], "texture": "#2"},
				"up": {"uv": [0, 0, 1, 0.5], "rotation": 180, "texture": "#2"},
				"down": {"uv": [0, 0, 1, 0.5], "rotation": 180, "texture": "#2"}
			}
		},
		{
			"from": [18.25, 10.75, 7.75],
			"to": [19.25, 18.75, 8.25],
			"faces": {
				"north": {"uv": [0, 0, 1, 8], "texture": "#2"},
				"east": {"uv": [0, 0, 0.5, 8], "texture": "#2"},
				"south": {"uv": [0, 0, 1, 8], "texture": "#2"},
				"west": {"uv": [0, 0, 0.5, 8], "texture": "#2"},
				"up": {"uv": [0, 0, 1, 0.5], "rotation": 180, "texture": "#2"},
				"down": {"uv": [0, 0, 1, 0.5], "rotation": 180, "texture": "#2"}
			}
		},
		{
			"from": [17.25, 10.25, 7.75],
			"to": [18.25, 19.25, 8.25],
			"faces": {
				"north": {"uv": [0, 0, 1, 9], "texture": "#2"},
				"east": {"uv": [0, 0, 0.5, 9], "texture": "#2"},
				"south": {"uv": [0, 0, 1, 9], "texture": "#2"},
				"west": {"uv": [0, 0, 0.5, 9], "texture": "#2"},
				"up": {"uv": [0, 0, 1, 0.5], "rotation": 180, "texture": "#2"},
				"down": {"uv": [0, 0, 1, 0.5], "rotation": 180, "texture": "#2"}
			}
		},
		{
			"from": [12.25, 16.25, 7.75],
			"to": [13.25, 18.75, 8.25],
			"faces": {
				"north": {"uv": [0, 0, 1, 4.25], "texture": "#2"},
				"east": {"uv": [0, 0, 0.5, 4.25], "texture": "#2"},
				"south": {"uv": [0, 0, 1, 4.25], "texture": "#2"},
				"west": {"uv": [0, 0, 0.5, 4.25], "texture": "#2"},
				"up": {"uv": [0, 0, 1, 0.5], "rotation": 180, "texture": "#2"},
				"down": {"uv": [0, 0, 1, 0.5], "rotation": 180, "texture": "#2"}
			}
		},
		{
			"from": [10.75, 16.25, 7.75],
			"to": [11.25, 16.25, 8.25],
			"faces": {
				"north": {"uv": [0, 0, 0.5, 1.25], "texture": "#2"},
				"east": {"uv": [0, 0, 0.5, 1.25], "texture": "#2"},
				"south": {"uv": [0, 0, 0.5, 1.25], "texture": "#2"},
				"west": {"uv": [0, 0, 0.5, 1.25], "texture": "#2"},
				"up": {"uv": [0, 0, 0.5, 0.5], "rotation": 180, "texture": "#2"},
				"down": {"uv": [0, 0, 0.5, 0.5], "rotation": 180, "texture": "#2"}
			}
		},
		{
			"from": [11.25, 16.5, 7.75],
			"to": [11.75, 17.25, 8.25],
			"faces": {
				"north": {"uv": [0, 0, 0.5, 2.5], "texture": "#2"},
				"east": {"uv": [0, 0, 0.5, 2.5], "texture": "#2"},
				"south": {"uv": [0, 0, 0.5, 2.5], "texture": "#2"},
				"west": {"uv": [0, 0, 0.5, 2.5], "texture": "#2"},
				"up": {"uv": [0, 0, 0.5, 0.5], "rotation": 180, "texture": "#2"},
				"down": {"uv": [0, 0, 0.5, 0.5], "rotation": 180, "texture": "#2"}
			}
		},
		{
			"from": [13.25, 16.25, 7.75],
			"to": [14.25, 19.25, 8.25],
			"faces": {
				"north": {"uv": [0, 0, 1, 4.75], "texture": "#2"},
				"east": {"uv": [0, 0, 0.5, 4.75], "texture": "#2"},
				"south": {"uv": [0, 0, 1, 4.75], "texture": "#2"},
				"west": {"uv": [0, 0, 0.5, 4.75], "texture": "#2"},
				"up": {"uv": [0, 0, 1, 0.5], "rotation": 180, "texture": "#2"},
				"down": {"uv": [0, 0, 1, 0.5], "rotation": 180, "texture": "#2"}
			}
		},
		{
			"from": [11.75, 16.25, 7.75],
			"to": [12.25, 18.25, 8.25],
			"faces": {
				"north": {"uv": [0, 0, 0.5, 3.75], "texture": "#2"},
				"east": {"uv": [0, 0, 0.5, 3.75], "texture": "#2"},
				"south": {"uv": [0, 0, 0.5, 3.75], "texture": "#2"},
				"west": {"uv": [0, 0, 0.5, 3.75], "texture": "#2"},
				"up": {"uv": [0, 0, 0.5, 0.5], "rotation": 180, "texture": "#2"},
				"down": {"uv": [0, 0, 0.5, 0.5], "rotation": 180, "texture": "#2"}
			}
		},
		{
			"from": [16.25, 9.75, 7.75],
			"to": [17.25, 19.75, 8.25],
			"faces": {
				"north": {"uv": [0, 0, 3, 10], "texture": "#2"},
				"east": {"uv": [0, 0, 0.5, 10], "texture": "#2"},
				"south": {"uv": [0, 0, 3, 10], "texture": "#2"},
				"west": {"uv": [0, 0, 0.5, 10], "texture": "#2"},
				"up": {"uv": [0, 0, 3, 0.5], "rotation": 180, "texture": "#2"},
				"down": {"uv": [0, 0, 3, 0.5], "rotation": 180, "texture": "#2"}
			}
		},
		{
			"from": [-0.25, 16.5, 7.25],
			"to": [0.75, 19.5, 8.75],
			"faces": {
				"north": {"uv": [0, 0, 2.5, 9.5], "texture": "#2"},
				"east": {"uv": [0, 0, 1.5, 9.5], "texture": "#2"},
				"south": {"uv": [0, 0, 2.5, 9.5], "texture": "#2"},
				"west": {"uv": [0, 0, 1.5, 9.5], "texture": "#2"},
				"up": {"uv": [0, 0, 2.5, 1.5], "texture": "#2"},
				"down": {"uv": [0, 0, 2.5, 1.5], "texture": "#2"}
			}
		},
		{
			"from": [0.75, 16.5, 7.25],
			"to": [1.75, 19.5, 8.75],
			"rotation": {"angle": 0, "axis": "y", "origin": [9, 8, 8]},
			"faces": {
				"north": {"uv": [0, 0, 2.5, 9.5], "texture": "#2"},
				"east": {"uv": [0, 0, 1.5, 9.5], "texture": "#2"},
				"south": {"uv": [0, 0, 2.5, 9.5], "texture": "#2"},
				"west": {"uv": [0, 0, 1.5, 9.5], "texture": "#2"},
				"up": {"uv": [0, 0, 2.5, 1.5], "texture": "#2"},
				"down": {"uv": [0, 0, 2.5, 1.5], "texture": "#2"}
			}
		},
		{
			"from": [13.75, 16.5, 7.25],
			"to": [14.75, 19.5, 8.75],
			"rotation": {"angle": 0, "axis": "y", "origin": [22, 8, 8]},
			"faces": {
				"north": {"uv": [0, 0, 2.5, 9.5], "texture": "#2"},
				"east": {"uv": [0, 0, 1.5, 9.5], "texture": "#2"},
				"south": {"uv": [0, 0, 2.5, 9.5], "texture": "#2"},
				"west": {"uv": [0, 0, 1.5, 9.5], "texture": "#2"},
				"up": {"uv": [0, 0, 2.5, 1.5], "texture": "#2"},
				"down": {"uv": [0, 0, 2.5, 1.5], "texture": "#2"}
			}
		},
		{
			"from": [4, 16.25, 7.25],
			"to": [4.5, 17, 8.75],
			"faces": {
				"north": {"uv": [0, 0, 0.5, 2.75], "texture": "#2"},
				"east": {"uv": [0, 0, 1.5, 2.75], "texture": "#2"},
				"south": {"uv": [0, 0, 0.5, 2.75], "texture": "#2"},
				"west": {"uv": [0, 0, 1.5, 2.75], "texture": "#2"},
				"up": {"uv": [0, 0, 0.5, 1.5], "texture": "#2"},
				"down": {"uv": [0, 0, 0.5, 1.5], "texture": "#2"}
			}
		},
		{
			"from": [3, 16.25, 7.25],
			"to": [4, 18, 8.75],
			"faces": {
				"north": {"uv": [0, 0, 1, 3.75], "texture": "#2"},
				"east": {"uv": [0, 0, 1.5, 3.75], "texture": "#2"},
				"south": {"uv": [0, 0, 1, 3.75], "texture": "#2"},
				"west": {"uv": [0, 0, 1.5, 3.75], "texture": "#2"},
				"up": {"uv": [0, 0, 1, 1.5], "texture": "#2"},
				"down": {"uv": [0, 0, 1, 1.5], "texture": "#2"}
			}
		},
		{
			"from": [2.5, 16.25, 7.25],
			"to": [3.5, 18.5, 8.75],
			"faces": {
				"north": {"uv": [0, 0, 1, 4.25], "texture": "#2"},
				"east": {"uv": [0, 0, 1.5, 4.25], "texture": "#2"},
				"south": {"uv": [0, 0, 1, 4.25], "texture": "#2"},
				"west": {"uv": [0, 0, 1.5, 4.25], "texture": "#2"},
				"up": {"uv": [0, 0, 1, 1.5], "texture": "#2"},
				"down": {"uv": [0, 0, 1, 1.5], "texture": "#2"}
			}
		},
		{
			"from": [1.5, 16.25, 7.25],
			"to": [2.5, 19, 8.75],
			"faces": {
				"north": {"uv": [0, 0, 1, 4.75], "texture": "#2"},
				"east": {"uv": [0, 0, 1.5, 4.75], "texture": "#2"},
				"south": {"uv": [0, 0, 1, 4.75], "texture": "#2"},
				"west": {"uv": [0, 0, 1.5, 4.75], "texture": "#2"},
				"up": {"uv": [0, 0, 1, 1.5], "texture": "#2"},
				"down": {"uv": [0, 0, 1, 1.5], "texture": "#2"}
			}
		},
		{
			"from": [-1, 10, 7.25],
			"to": [-0.25, 19.5, 8.75],
			"faces": {
				"north": {"uv": [0, 0, 2.5, 9.5], "texture": "#2"},
				"east": {"uv": [0, 0, 1.5, 9.5], "texture": "#2"},
				"south": {"uv": [0, 0, 2.5, 9.5], "texture": "#2"},
				"west": {"uv": [0, 0, 1.5, 9.5], "texture": "#2"},
				"up": {"uv": [0, 0, 2.5, 1.5], "texture": "#2"},
				"down": {"uv": [0, 0, 2.5, 1.5], "texture": "#2"}
			}
		},
		{
			"from": [-2, 10.5, 7.25],
			"to": [-1, 19, 8.75],
			"faces": {
				"north": {"uv": [0, 0, 1, 8.5], "texture": "#2"},
				"east": {"uv": [0, 0, 1.5, 8.5], "texture": "#2"},
				"south": {"uv": [0, 0, 1, 8.5], "texture": "#2"},
				"west": {"uv": [0, 0, 1.5, 8.5], "texture": "#2"},
				"up": {"uv": [0, 0, 1, 1.5], "texture": "#2"},
				"down": {"uv": [0, 0, 1, 1.5], "texture": "#2"}
			}
		},
		{
			"from": [-4.5, 13.5, 7.25],
			"to": [-4, 16, 8.75],
			"faces": {
				"north": {"uv": [0, 0, 0.5, 2.5], "texture": "#2"},
				"east": {"uv": [0, 0, 1.5, 2.5], "texture": "#2"},
				"south": {"uv": [0, 0, 0.5, 2.5], "texture": "#2"},
				"west": {"uv": [0, 0, 1.5, 2.5], "texture": "#2"},
				"up": {"uv": [0, 0, 0.5, 1.5], "texture": "#2"},
				"down": {"uv": [0, 0, 0.5, 1.5], "texture": "#2"}
			}
		},
		{
			"from": [-4, 12.5, 7.25],
			"to": [-3.5, 17, 8.75],
			"faces": {
				"north": {"uv": [0, 0, 0.5, 4.5], "texture": "#2"},
				"east": {"uv": [0, 0, 1.5, 4.5], "texture": "#2"},
				"south": {"uv": [0, 0, 0.5, 4.5], "texture": "#2"},
				"west": {"uv": [0, 0, 1.5, 4.5], "texture": "#2"},
				"up": {"uv": [0, 0, 0.5, 1.5], "texture": "#2"},
				"down": {"uv": [0, 0, 0.5, 1.5], "texture": "#2"}
			}
		},
		{
			"from": [-3.5, 11.5, 7.25],
			"to": [-3, 18, 8.75],
			"faces": {
				"north": {"uv": [0, 0, 0.5, 6.5], "texture": "#2"},
				"east": {"uv": [0, 0, 1.5, 6.5], "texture": "#2"},
				"south": {"uv": [0, 0, 0.5, 6.5], "texture": "#2"},
				"west": {"uv": [0, 0, 1.5, 6.5], "texture": "#2"},
				"up": {"uv": [0, 0, 0.5, 1.5], "texture": "#2"},
				"down": {"uv": [0, 0, 0.5, 1.5], "texture": "#2"}
			}
		},
		{
			"from": [-3, 11, 7.25],
			"to": [-2, 18.5, 8.75],
			"faces": {
				"north": {"uv": [0, 0, 1, 7.5], "texture": "#2"},
				"east": {"uv": [0, 0, 1.5, 7.5], "texture": "#2"},
				"south": {"uv": [0, 0, 1, 7.5], "texture": "#2"},
				"west": {"uv": [0, 0, 1.5, 7.5], "texture": "#2"},
				"up": {"uv": [0, 0, 1, 1.5], "texture": "#2"},
				"down": {"uv": [0, 0, 1, 1.5], "texture": "#2"}
			}
		},
		{
			"from": [15, 16.5, 7.25],
			"to": [16.25, 19.5, 8.75],
			"faces": {
				"north": {"uv": [0, 0, 2.5, 9.5], "texture": "#2"},
				"east": {"uv": [0, 0, 1.5, 9.5], "texture": "#2"},
				"south": {"uv": [0, 0, 2.5, 9.5], "texture": "#2"},
				"west": {"uv": [0, 0, 1.5, 9.5], "texture": "#2"},
				"up": {"uv": [0, 0, 2.5, 1.5], "rotation": 180, "texture": "#2"},
				"down": {"uv": [0, 0, 2.5, 1.5], "rotation": 180, "texture": "#2"}
			}
		},
		{
			"from": [11.5, 16.25, 7.25],
			"to": [12, 17, 8.75],
			"faces": {
				"north": {"uv": [0, 0, 0.5, 2.75], "texture": "#2"},
				"east": {"uv": [0, 0, 1.5, 2.75], "texture": "#2"},
				"south": {"uv": [0, 0, 0.5, 2.75], "texture": "#2"},
				"west": {"uv": [0, 0, 1.5, 2.75], "texture": "#2"},
				"up": {"uv": [0, 0, 0.5, 1.5], "rotation": 180, "texture": "#2"},
				"down": {"uv": [0, 0, 0.5, 1.5], "rotation": 180, "texture": "#2"}
			}
		},
		{
			"from": [12, 16.25, 7.25],
			"to": [13, 18, 8.75],
			"faces": {
				"north": {"uv": [0, 0, 1, 3.75], "texture": "#2"},
				"east": {"uv": [0, 0, 1.5, 3.75], "texture": "#2"},
				"south": {"uv": [0, 0, 1, 3.75], "texture": "#2"},
				"west": {"uv": [0, 0, 1.5, 3.75], "texture": "#2"},
				"up": {"uv": [0, 0, 1, 1.5], "rotation": 180, "texture": "#2"},
				"down": {"uv": [0, 0, 1, 1.5], "rotation": 180, "texture": "#2"}
			}
		},
		{
			"from": [12.5, 16.25, 7.25],
			"to": [13.5, 18.5, 8.75],
			"faces": {
				"north": {"uv": [0, 0, 1, 4.25], "texture": "#2"},
				"east": {"uv": [0, 0, 1.5, 4.25], "texture": "#2"},
				"south": {"uv": [0, 0, 1, 4.25], "texture": "#2"},
				"west": {"uv": [0, 0, 1.5, 4.25], "texture": "#2"},
				"up": {"uv": [0, 0, 1, 1.5], "rotation": 180, "texture": "#2"},
				"down": {"uv": [0, 0, 1, 1.5], "rotation": 180, "texture": "#2"}
			}
		},
		{
			"from": [13.5, 16.25, 7.25],
			"to": [14.5, 19, 8.75],
			"faces": {
				"north": {"uv": [0, 0, 1, 4.5], "texture": "#2"},
				"east": {"uv": [0, 0, 1.5, 4.5], "texture": "#2"},
				"south": {"uv": [0, 0, 1, 4.5], "texture": "#2"},
				"west": {"uv": [0, 0, 1.5, 4.5], "texture": "#2"},
				"up": {"uv": [0, 0, 1, 1.5], "rotation": 180, "texture": "#2"},
				"down": {"uv": [0, 0, 1, 1.5], "rotation": 180, "texture": "#2"}
			}
		},
		{
			"from": [16.25, 10, 7.25],
			"to": [17, 19.5, 8.75],
			"faces": {
				"north": {"uv": [0, 0, 2.5, 9.5], "texture": "#2"},
				"east": {"uv": [0, 0, 1.5, 9.5], "texture": "#2"},
				"south": {"uv": [0, 0, 2.5, 9.5], "texture": "#2"},
				"west": {"uv": [0, 0, 1.5, 9.5], "texture": "#2"},
				"up": {"uv": [0, 0, 2.5, 1.5], "rotation": 180, "texture": "#2"},
				"down": {"uv": [0, 0, 2.5, 1.5], "rotation": 180, "texture": "#2"}
			}
		},
		{
			"from": [17, 10.5, 7.25],
			"to": [18, 19, 8.75],
			"faces": {
				"north": {"uv": [0, 0, 1, 8.5], "texture": "#2"},
				"east": {"uv": [0, 0, 1.5, 8.5], "texture": "#2"},
				"south": {"uv": [0, 0, 1, 8.5], "texture": "#2"},
				"west": {"uv": [0, 0, 1.5, 8.5], "texture": "#2"},
				"up": {"uv": [0, 0, 1, 1.5], "rotation": 180, "texture": "#2"},
				"down": {"uv": [0, 0, 1, 1.5], "rotation": 180, "texture": "#2"}
			}
		},
		{
			"from": [19, 11.5, 7.25],
			"to": [19.5, 18, 8.75],
			"faces": {
				"north": {"uv": [0, 0, 0.5, 6.5], "texture": "#2"},
				"east": {"uv": [0, 0, 1.5, 6.5], "texture": "#2"},
				"south": {"uv": [0, 0, 0.5, 6.5], "texture": "#2"},
				"west": {"uv": [0, 0, 1.5, 6.5], "texture": "#2"},
				"up": {"uv": [0, 0, 0.5, 1.5], "rotation": 180, "texture": "#2"},
				"down": {"uv": [0, 0, 0.5, 1.5], "rotation": 180, "texture": "#2"}
			}
		},
		{
			"from": [18, 11, 7.25],
			"to": [19, 18.5, 8.75],
			"faces": {
				"north": {"uv": [0, 0, 1, 7.5], "texture": "#2"},
				"east": {"uv": [0, 0, 1.5, 7.5], "texture": "#2"},
				"south": {"uv": [0, 0, 1, 7.5], "texture": "#2"},
				"west": {"uv": [0, 0, 1.5, 7.5], "texture": "#2"},
				"up": {"uv": [0, 0, 1, 1.5], "rotation": 180, "texture": "#2"},
				"down": {"uv": [0, 0, 1, 1.5], "rotation": 180, "texture": "#2"}
			}
		},
		{
			"from": [20, 13.5, 7.25],
			"to": [20.5, 16, 8.75],
			"faces": {
				"north": {"uv": [0, 0, 0.5, 2.5], "texture": "#2"},
				"east": {"uv": [0, 0, 1.5, 2.5], "texture": "#2"},
				"south": {"uv": [0, 0, 0.5, 2.5], "texture": "#2"},
				"west": {"uv": [0, 0, 1.5, 2.5], "texture": "#2"},
				"up": {"uv": [0, 0, 0.5, 1.5], "texture": "#2"},
				"down": {"uv": [0, 0, 0.5, 1.5], "texture": "#2"}
			}
		},
		{
			"from": [19.5, 12.5, 7.25],
			"to": [20, 17, 8.75],
			"faces": {
				"north": {"uv": [0, 0, 0.5, 4.5], "texture": "#2"},
				"east": {"uv": [0, 0, 1.5, 4.5], "texture": "#2"},
				"south": {"uv": [0, 0, 0.5, 4.5], "texture": "#2"},
				"west": {"uv": [0, 0, 1.5, 4.5], "texture": "#2"},
				"up": {"uv": [0, 0, 0.5, 1.5], "texture": "#2"},
				"down": {"uv": [0, 0, 0.5, 1.5], "texture": "#2"}
			}
		},
		{
			"from": [2, 16.5, 6],
			"to": [14, 18, 10],
			"rotation": {"angle": 0, "axis": "y", "origin": [11, 25, 15]},
			"faces": {
				"north": {"uv": [0, 0, 12, 1.5], "texture": "#1"},
				"east": {"uv": [0, 0, 4, 1.5], "texture": "#1"},
				"south": {"uv": [0, 0, 12, 1.5], "texture": "#1"},
				"west": {"uv": [0, 0, 4, 1.5], "texture": "#1"},
				"up": {"uv": [0, 0, 12, 4], "texture": "#1"},
				"down": {"uv": [0, 0, 12, 4], "texture": "#1"}
			}
		},
		{
			"from": [-3, 16.5, 6],
			"to": [-1, 18, 10],
			"rotation": {"angle": 45, "axis": "z", "origin": [0, 25, 15]},
			"faces": {
				"north": {"uv": [0, 0, 12, 1.5], "texture": "#1"},
				"east": {"uv": [0, 0, 4, 1.5], "texture": "#1"},
				"south": {"uv": [0, 0, 12, 1.5], "texture": "#1"},
				"west": {"uv": [0, 0, 4, 1.5], "texture": "#1"},
				"up": {"uv": [0, 0, 12, 4], "texture": "#1"},
				"down": {"uv": [0, 0, 12, 4], "texture": "#1"}
			}
		},
		{
			"from": [17, 16.5, 6],
			"to": [19, 18, 10],
			"rotation": {"angle": -45, "axis": "z", "origin": [16, 25, 15]},
			"faces": {
				"north": {"uv": [0, 0, 12, 1.5], "texture": "#1"},
				"east": {"uv": [0, 0, 4, 1.5], "texture": "#1"},
				"south": {"uv": [0, 0, 12, 1.5], "texture": "#1"},
				"west": {"uv": [0, 0, 4, 1.5], "texture": "#1"},
				"up": {"uv": [0, 0, 12, 4], "texture": "#1"},
				"down": {"uv": [0, 0, 12, 4], "texture": "#1"}
			}
		},
		{
			"from": [4, 17.5, 6],
			"to": [12, 26, 10],
			"rotation": {"angle": 0, "axis": "y", "origin": [11, 26, 15]},
			"faces": {
				"north": {"uv": [0, 0, 8, 8.5], "texture": "#1"},
				"east": {"uv": [0, 0, 4, 8.5], "texture": "#1"},
				"south": {"uv": [0, 0, 8, 8.5], "texture": "#1"},
				"west": {"uv": [0, 0, 4, 8.5], "texture": "#1"},
				"up": {"uv": [0, 0, 8, 4], "texture": "#1"},
				"down": {"uv": [0, 0, 8, 4], "texture": "#1"}
			}
		},
		{
			"from": [12, 18.5, 6],
			"to": [12.02, 23.3, 10],
			"rotation": {"angle": 0, "axis": "y", "origin": [19, 27, 15]},
			"faces": {
				"north": {"uv": [0, 0, 8, 8.5], "texture": "#4"},
				"east": {"uv": [0, 0, 4, 8.5], "texture": "#4"},
				"south": {"uv": [0, 0, 8, 8.5], "texture": "#4"},
				"west": {"uv": [0, 0, 4, 8.5], "texture": "#4"},
				"up": {"uv": [0, 0, 8, 4], "texture": "#4"},
				"down": {"uv": [0, 0, 8, 4], "texture": "#4"}
			}
		},
		{
			"from": [3.98, 18.5, 6],
			"to": [4, 21.9, 10],
			"rotation": {"angle": 0, "axis": "y", "origin": [11, 27, 15]},
			"faces": {
				"north": {"uv": [0, 0, 8, 8.5], "texture": "#4"},
				"east": {"uv": [0, 0, 4, 8.5], "texture": "#4"},
				"south": {"uv": [0, 0, 8, 8.5], "texture": "#4"},
				"west": {"uv": [0, 0, 4, 8.5], "texture": "#4"},
				"up": {"uv": [0, 0, 8, 4], "texture": "#4"},
				"down": {"uv": [0, 0, 8, 4], "texture": "#4"}
			}
		},
		{
			"from": [3, 16.5, 10],
			"to": [13, 18, 10.3],
			"rotation": {"angle": 0, "axis": "y", "origin": [11, 25, 17]},
			"faces": {
				"north": {"uv": [0, 0, 10, 1.5], "texture": "#1"},
				"east": {"uv": [0, 0, 0.3, 1.5], "texture": "#1"},
				"south": {"uv": [0, 0, 10, 1.5], "texture": "#1"},
				"west": {"uv": [0, 0, 0.3, 1.5], "texture": "#1"},
				"up": {"uv": [0, 0, 10, 0.3], "texture": "#1"},
				"down": {"uv": [0, 0, 10, 0.3], "texture": "#1"}
			}
		},
		{
			"from": [4, 17.5, 10],
			"to": [12, 19, 10.3],
			"rotation": {"angle": 0, "axis": "y", "origin": [11, 26, 17]},
			"faces": {
				"north": {"uv": [0, 0, 8, 1.5], "texture": "#1"},
				"east": {"uv": [0, 0, 0.3, 1.5], "texture": "#1"},
				"south": {"uv": [0, 0, 8, 1.5], "texture": "#1"},
				"west": {"uv": [0, 0, 0.3, 1.5], "texture": "#1"},
				"up": {"uv": [0, 0, 8, 0.3], "texture": "#1"},
				"down": {"uv": [0, 0, 8, 0.3], "texture": "#1"}
			}
		},
		{
			"from": [3, 16.5, 5.7],
			"to": [13, 18, 6],
			"rotation": {"angle": 0, "axis": "y", "origin": [11, 25, 12]},
			"faces": {
				"north": {"uv": [0, 0, 10, 1.5], "texture": "#1"},
				"east": {"uv": [0, 0, 0.3, 1.5], "texture": "#1"},
				"south": {"uv": [0, 0, 10, 1.5], "texture": "#1"},
				"west": {"uv": [0, 0, 0.3, 1.5], "texture": "#1"},
				"up": {"uv": [0, 0, 10, 0.3], "texture": "#1"},
				"down": {"uv": [0, 0, 10, 0.3], "texture": "#1"}
			}
		},
		{
			"from": [4, 17.5, 5.7],
			"to": [12, 19, 6],
			"rotation": {"angle": 0, "axis": "y", "origin": [11, 26, 12]},
			"faces": {
				"north": {"uv": [0, 0, 8, 1.5], "texture": "#1"},
				"east": {"uv": [0, 0, 0.3, 1.5], "texture": "#1"},
				"south": {"uv": [0, 0, 8, 1.5], "texture": "#1"},
				"west": {"uv": [0, 0, 0.3, 1.5], "texture": "#1"},
				"up": {"uv": [0, 0, 8, 0.3], "texture": "#1"},
				"down": {"uv": [0, 0, 8, 0.3], "texture": "#1"}
			}
		},
		{
			"from": [4, 16.5, 5.4],
			"to": [12, 18, 5.7],
			"rotation": {"angle": 0, "axis": "y", "origin": [11, 25, 11]},
			"faces": {
				"north": {"uv": [0, 0, 8, 1.5], "texture": "#1"},
				"east": {"uv": [0, 0, 0.3, 1.5], "texture": "#1"},
				"south": {"uv": [0, 0, 8, 1.5], "texture": "#1"},
				"west": {"uv": [0, 0, 0.3, 1.5], "texture": "#1"},
				"up": {"uv": [0, 0, 8, 0.3], "texture": "#1"},
				"down": {"uv": [0, 0, 8, 0.3], "texture": "#1"}
			}
		},
		{
			"from": [4, 16.5, 10.3],
			"to": [12, 18, 10.6],
			"rotation": {"angle": 0, "axis": "y", "origin": [11, 25, 16]},
			"faces": {
				"north": {"uv": [0, 0, 8, 1.5], "texture": "#1"},
				"east": {"uv": [0, 0, 0.3, 1.5], "texture": "#1"},
				"south": {"uv": [0, 0, 8, 1.5], "texture": "#1"},
				"west": {"uv": [0, 0, 0.3, 1.5], "texture": "#1"},
				"up": {"uv": [0, 0, 8, 0.3], "texture": "#1"},
				"down": {"uv": [0, 0, 8, 0.3], "texture": "#1"}
			}
		},
		{
			"from": [4, 26, 6],
			"to": [12, 26.1, 10],
			"rotation": {"angle": 0, "axis": "y", "origin": [11, 32, 15]},
			"faces": {
				"north": {"uv": [0, 0, 8, 0.1], "texture": "#3"},
				"east": {"uv": [0, 0, 4, 0.1], "texture": "#3"},
				"south": {"uv": [0, 0, 8, 0.1], "texture": "#3"},
				"west": {"uv": [0, 0, 4, 0.1], "texture": "#3"},
				"up": {"uv": [0, 0, 8, 4], "texture": "#3"},
				"down": {"uv": [0, 0, 8, 4], "texture": "#3"}
			}
		},
		{
			"from": [9, 25.5, 5.99],
			"to": [10, 26, 5.99],
			"rotation": {"angle": 0, "axis": "y", "origin": [11, 26, 6.8]},
			"faces": {
				"north": {"uv": [0, 0, 1, 0.5], "texture": "#3"},
				"east": {"uv": [0, 0, 0, 0.5], "texture": "#3"},
				"south": {"uv": [0, 0, 1, 0.5], "texture": "#3"},
				"west": {"uv": [0, 0, 0, 0.5], "texture": "#3"},
				"up": {"uv": [0, 0, 1, 0], "texture": "#3"},
				"down": {"uv": [0, 0, 1, 0], "texture": "#3"}
			}
		},
		{
			"from": [10, 25.5, 5.99],
			"to": [11, 26, 5.99],
			"rotation": {"angle": 0, "axis": "y", "origin": [12, 26, 6.8]},
			"faces": {
				"north": {"uv": [0, 0, 1, 0.5], "texture": "#3"},
				"east": {"uv": [0, 0, 0, 0.5], "texture": "#3"},
				"south": {"uv": [0, 0, 1, 0.5], "texture": "#3"},
				"west": {"uv": [0, 0, 0, 0.5], "texture": "#3"},
				"up": {"uv": [0, 0, 1, 0], "texture": "#3"},
				"down": {"uv": [0, 0, 1, 0], "texture": "#3"}
			}
		},
		{
			"from": [11, 25.7, 5.99],
			"to": [11.2, 26, 5.99],
			"rotation": {"angle": 0, "axis": "y", "origin": [13, 26, 6.8]},
			"faces": {
				"north": {"uv": [0, 0, 1, 0.5], "texture": "#3"},
				"east": {"uv": [0, 0, 0, 0.5], "texture": "#3"},
				"south": {"uv": [0, 0, 1, 0.5], "texture": "#3"},
				"west": {"uv": [0, 0, 0, 0.5], "texture": "#3"},
				"up": {"uv": [0, 0, 1, 0], "texture": "#3"},
				"down": {"uv": [0, 0, 1, 0], "texture": "#3"}
			}
		},
		{
			"from": [11.2, 25.9, 5.99],
			"to": [11.6, 26, 5.99],
			"rotation": {"angle": 0, "axis": "y", "origin": [13, 26, 6.8]},
			"faces": {
				"north": {"uv": [0, 0, 1, 0.5], "texture": "#3"},
				"east": {"uv": [0, 0, 0, 0.5], "texture": "#3"},
				"south": {"uv": [0, 0, 1, 0.5], "texture": "#3"},
				"west": {"uv": [0, 0, 0, 0.5], "texture": "#3"},
				"up": {"uv": [0, 0, 1, 0], "texture": "#3"},
				"down": {"uv": [0, 0, 1, 0], "texture": "#3"}
			}
		},
		{
			"from": [8, 25.5, 5.99],
			"to": [9, 26, 5.99],
			"rotation": {"angle": 0, "axis": "y", "origin": [10, 26, 6.8]},
			"faces": {
				"north": {"uv": [0, 0, 1, 0.5], "texture": "#3"},
				"east": {"uv": [0, 0, 0, 0.5], "texture": "#3"},
				"south": {"uv": [0, 0, 1, 0.5], "texture": "#3"},
				"west": {"uv": [0, 0, 0, 0.5], "texture": "#3"},
				"up": {"uv": [0, 0, 1, 0], "texture": "#3"},
				"down": {"uv": [0, 0, 1, 0], "texture": "#3"}
			}
		},
		{
			"from": [8, 25, 5.99],
			"to": [8.8, 25.5, 5.99],
			"rotation": {"angle": 0, "axis": "y", "origin": [10, 26, 6.8]},
			"faces": {
				"north": {"uv": [0, 0, 1, 0.5], "texture": "#3"},
				"east": {"uv": [0, 0, 0, 0.5], "texture": "#3"},
				"south": {"uv": [0, 0, 1, 0.5], "texture": "#3"},
				"west": {"uv": [0, 0, 0, 0.5], "texture": "#3"},
				"up": {"uv": [0, 0, 1, 0], "texture": "#3"},
				"down": {"uv": [0, 0, 1, 0], "texture": "#3"}
			}
		},
		{
			"from": [9.3, 25, 5.99],
			"to": [10.1, 25.5, 5.99],
			"rotation": {"angle": 0, "axis": "y", "origin": [11, 26, 6.8]},
			"faces": {
				"north": {"uv": [0, 0, 1, 0.5], "texture": "#3"},
				"east": {"uv": [0, 0, 0, 0.5], "texture": "#3"},
				"south": {"uv": [0, 0, 1, 0.5], "texture": "#3"},
				"west": {"uv": [0, 0, 0, 0.5], "texture": "#3"},
				"up": {"uv": [0, 0, 1, 0], "texture": "#3"},
				"down": {"uv": [0, 0, 1, 0], "texture": "#3"}
			}
		},
		{
			"from": [9.2, 25.2, 5.99],
			"to": [9.3, 25.5, 5.99],
			"rotation": {"angle": 0, "axis": "y", "origin": [10, 26, 6.8]},
			"faces": {
				"north": {"uv": [0, 0, 1, 0.5], "texture": "#3"},
				"east": {"uv": [0, 0, 0, 0.5], "texture": "#3"},
				"south": {"uv": [0, 0, 1, 0.5], "texture": "#3"},
				"west": {"uv": [0, 0, 0, 0.5], "texture": "#3"},
				"up": {"uv": [0, 0, 1, 0], "texture": "#3"},
				"down": {"uv": [0, 0, 1, 0], "texture": "#3"}
			}
		},
		{
			"from": [8.8, 25.1, 5.99],
			"to": [8.9, 25.5, 5.99],
			"rotation": {"angle": 0, "axis": "y", "origin": [9, 26, 6.8]},
			"faces": {
				"north": {"uv": [0, 0, 1, 0.5], "texture": "#3"},
				"east": {"uv": [0, 0, 0, 0.5], "texture": "#3"},
				"south": {"uv": [0, 0, 1, 0.5], "texture": "#3"},
				"west": {"uv": [0, 0, 0, 0.5], "texture": "#3"},
				"up": {"uv": [0, 0, 1, 0], "texture": "#3"},
				"down": {"uv": [0, 0, 1, 0], "texture": "#3"}
			}
		},
		{
			"from": [9.4, 24.8, 5.99],
			"to": [9.9, 25, 5.99],
			"rotation": {"angle": 0, "axis": "y", "origin": [11, 26, 6.8]},
			"faces": {
				"north": {"uv": [0, 0, 1, 0.5], "texture": "#3"},
				"east": {"uv": [0, 0, 0, 0.5], "texture": "#3"},
				"south": {"uv": [0, 0, 1, 0.5], "texture": "#3"},
				"west": {"uv": [0, 0, 0, 0.5], "texture": "#3"},
				"up": {"uv": [0, 0, 1, 0], "texture": "#3"},
				"down": {"uv": [0, 0, 1, 0], "texture": "#3"}
			}
		},
		{
			"from": [7.9, 24.8, 5.99],
			"to": [8.4, 25, 5.99],
			"rotation": {"angle": 0, "axis": "y", "origin": [9, 26, 6.8]},
			"faces": {
				"north": {"uv": [0, 0, 1, 0.5], "texture": "#3"},
				"east": {"uv": [0, 0, 0, 0.5], "texture": "#3"},
				"south": {"uv": [0, 0, 1, 0.5], "texture": "#3"},
				"west": {"uv": [0, 0, 0, 0.5], "texture": "#3"},
				"up": {"uv": [0, 0, 1, 0], "texture": "#3"},
				"down": {"uv": [0, 0, 1, 0], "texture": "#3"}
			}
		},
		{
			"from": [10.1, 25.3, 5.99],
			"to": [10.4, 25.6, 5.99],
			"rotation": {"angle": 0, "axis": "y", "origin": [11, 26, 6.8]},
			"faces": {
				"north": {"uv": [0, 0, 1, 0.5], "texture": "#3"},
				"east": {"uv": [0, 0, 0, 0.5], "texture": "#3"},
				"south": {"uv": [0, 0, 1, 0.5], "texture": "#3"},
				"west": {"uv": [0, 0, 0, 0.5], "texture": "#3"},
				"up": {"uv": [0, 0, 1, 0], "texture": "#3"},
				"down": {"uv": [0, 0, 1, 0], "texture": "#3"}
			}
		},
		{
			"from": [8.9, 25.3, 5.99],
			"to": [9.2, 25.5, 5.99],
			"rotation": {"angle": 0, "axis": "y", "origin": [10, 26, 6.8]},
			"faces": {
				"north": {"uv": [0, 0, 1, 0.5], "texture": "#3"},
				"east": {"uv": [0, 0, 0, 0.5], "texture": "#3"},
				"south": {"uv": [0, 0, 1, 0.5], "texture": "#3"},
				"west": {"uv": [0, 0, 0, 0.5], "texture": "#3"},
				"up": {"uv": [0, 0, 1, 0], "texture": "#3"},
				"down": {"uv": [0, 0, 1, 0], "texture": "#3"}
			}
		},
		{
			"from": [7, 24.5, 5.99],
			"to": [8, 26, 5.99],
			"rotation": {"angle": 0, "axis": "y", "origin": [9, 26, 6.8]},
			"faces": {
				"north": {"uv": [0, 0, 1, 1.5], "texture": "#3"},
				"east": {"uv": [0, 0, 0, 1.5], "texture": "#3"},
				"south": {"uv": [0, 0, 1, 1.5], "texture": "#3"},
				"west": {"uv": [0, 0, 0, 1.5], "texture": "#3"},
				"up": {"uv": [0, 0, 1, 0], "texture": "#3"},
				"down": {"uv": [0, 0, 1, 0], "texture": "#3"}
			}
		},
		{
			"from": [7, 22.5, 5.99],
			"to": [8, 23, 5.99],
			"rotation": {"angle": 0, "axis": "y", "origin": [9, 24, 6.8]},
			"faces": {
				"north": {"uv": [0, 0, 1, 0.5], "texture": "#3"},
				"east": {"uv": [0, 0, 0, 0.5], "texture": "#3"},
				"south": {"uv": [0, 0, 1, 0.5], "texture": "#3"},
				"west": {"uv": [0, 0, 0, 0.5], "texture": "#3"},
				"up": {"uv": [0, 0, 1, 0], "texture": "#3"},
				"down": {"uv": [0, 0, 1, 0], "texture": "#3"}
			}
		},
		{
			"from": [7.15, 23, 5.99],
			"to": [7.85, 23.1, 5.99],
			"rotation": {"angle": 0, "axis": "y", "origin": [9, 24, 6.8]},
			"faces": {
				"north": {"uv": [0, 0, 1, 0.5], "texture": "#3"},
				"east": {"uv": [0, 0, 0, 0.5], "texture": "#3"},
				"south": {"uv": [0, 0, 1, 0.5], "texture": "#3"},
				"west": {"uv": [0, 0, 0, 0.5], "texture": "#3"},
				"up": {"uv": [0, 0, 1, 0], "texture": "#3"},
				"down": {"uv": [0, 0, 1, 0], "texture": "#3"}
			}
		},
		{
			"from": [7.15, 22.4, 5.99],
			"to": [7.85, 22.5, 5.99],
			"rotation": {"angle": 0, "axis": "y", "origin": [9, 22, 6.8]},
			"faces": {
				"north": {"uv": [0, 0, 1, 0.5], "texture": "#3"},
				"east": {"uv": [0, 0, 0, 0.5], "texture": "#3"},
				"south": {"uv": [0, 0, 1, 0.5], "texture": "#3"},
				"west": {"uv": [0, 0, 0, 0.5], "texture": "#3"},
				"up": {"uv": [0, 0, 1, 0], "texture": "#3"},
				"down": {"uv": [0, 0, 1, 0], "texture": "#3"}
			}
		},
		{
			"from": [6, 23.6, 5.99],
			"to": [7, 26, 5.99],
			"rotation": {"angle": 0, "axis": "y", "origin": [8, 26, 6.8]},
			"faces": {
				"north": {"uv": [0, 0, 1, 2.5], "texture": "#3"},
				"east": {"uv": [0, 0, 0, 2.5], "texture": "#3"},
				"south": {"uv": [0, 0, 1, 2.5], "texture": "#3"},
				"west": {"uv": [0, 0, 0, 2.5], "texture": "#3"},
				"up": {"uv": [0, 0, 1, 0], "texture": "#3"},
				"down": {"uv": [0, 0, 1, 0], "texture": "#3"}
			}
		},
		{
			"from": [5.8, 24, 5.99],
			"to": [6, 26, 5.99],
			"rotation": {"angle": 0, "axis": "y", "origin": [7, 26, 6.8]},
			"faces": {
				"north": {"uv": [0, 0, 1, 2.5], "texture": "#3"},
				"east": {"uv": [0, 0, 0, 2.5], "texture": "#3"},
				"south": {"uv": [0, 0, 1, 2.5], "texture": "#3"},
				"west": {"uv": [0, 0, 0, 2.5], "texture": "#3"},
				"up": {"uv": [0, 0, 1, 0], "texture": "#3"},
				"down": {"uv": [0, 0, 1, 0], "texture": "#3"}
			}
		},
		{
			"from": [5.6, 24.4, 5.99],
			"to": [5.8, 26, 5.99],
			"rotation": {"angle": 0, "axis": "y", "origin": [7, 26, 6.8]},
			"faces": {
				"north": {"uv": [0, 0, 1, 2.5], "texture": "#3"},
				"east": {"uv": [0, 0, 0, 2.5], "texture": "#3"},
				"south": {"uv": [0, 0, 1, 2.5], "texture": "#3"},
				"west": {"uv": [0, 0, 0, 2.5], "texture": "#3"},
				"up": {"uv": [0, 0, 1, 0], "texture": "#3"},
				"down": {"uv": [0, 0, 1, 0], "texture": "#3"}
			}
		},
		{
			"from": [5.5, 24.65, 5.99],
			"to": [5.6, 25.85, 5.99],
			"rotation": {"angle": 0, "axis": "y", "origin": [7, 26, 6.8]},
			"faces": {
				"north": {"uv": [0, 0, 1, 2.5], "texture": "#3"},
				"east": {"uv": [0, 0, 0, 2.5], "texture": "#3"},
				"south": {"uv": [0, 0, 1, 2.5], "texture": "#3"},
				"west": {"uv": [0, 0, 0, 2.5], "texture": "#3"},
				"up": {"uv": [0, 0, 1, 0], "texture": "#3"},
				"down": {"uv": [0, 0, 1, 0], "texture": "#3"}
			}
		},
		{
			"from": [6.15, 23.5, 5.99],
			"to": [6.75, 23.6, 5.99],
			"rotation": {"angle": 0, "axis": "y", "origin": [8, 23, 6.8]},
			"faces": {
				"north": {"uv": [0, 0, 1, 2.5], "texture": "#3"},
				"east": {"uv": [0, 0, 0, 2.5], "texture": "#3"},
				"south": {"uv": [0, 0, 1, 2.5], "texture": "#3"},
				"west": {"uv": [0, 0, 0, 2.5], "texture": "#3"},
				"up": {"uv": [0, 0, 1, 0], "texture": "#3"},
				"down": {"uv": [0, 0, 1, 0], "texture": "#3"}
			}
		},
		{
			"from": [7, 23.8, 5.99],
			"to": [7.2, 24.5, 5.99],
			"rotation": {"angle": 0, "axis": "y", "origin": [9, 27, 6.8]},
			"faces": {
				"north": {"uv": [0, 0, 1, 2.5], "texture": "#3"},
				"east": {"uv": [0, 0, 0, 2.5], "texture": "#3"},
				"south": {"uv": [0, 0, 1, 2.5], "texture": "#3"},
				"west": {"uv": [0, 0, 0, 2.5], "texture": "#3"},
				"up": {"uv": [0, 0, 1, 0], "texture": "#3"},
				"down": {"uv": [0, 0, 1, 0], "texture": "#3"}
			}
		},
		{
			"from": [7.2, 24, 5.99],
			"to": [7.4, 24.5, 5.99],
			"rotation": {"angle": 0, "axis": "y", "origin": [9, 27, 6.8]},
			"faces": {
				"north": {"uv": [0, 0, 1, 2.5], "texture": "#3"},
				"east": {"uv": [0, 0, 0, 2.5], "texture": "#3"},
				"south": {"uv": [0, 0, 1, 2.5], "texture": "#3"},
				"west": {"uv": [0, 0, 0, 2.5], "texture": "#3"},
				"up": {"uv": [0, 0, 1, 0], "texture": "#3"},
				"down": {"uv": [0, 0, 1, 0], "texture": "#3"}
			}
		},
		{
			"from": [4, 18.5, 5.99],
			"to": [12, 21, 5.99],
			"rotation": {"angle": 0, "axis": "y", "origin": [8, 21, 6.8]},
			"faces": {
				"north": {"uv": [0, 0, 8, 2.5], "texture": "#4"},
				"east": {"uv": [0, 0, 0, 2.5], "texture": "#4"},
				"south": {"uv": [0, 0, 8, 2.5], "texture": "#4"},
				"west": {"uv": [0, 0, 0, 2.5], "texture": "#4"},
				"up": {"uv": [0, 0, 8, 0], "texture": "#4"},
				"down": {"uv": [0, 0, 8, 0], "texture": "#4"}
			}
		},
		{
			"from": [4, 21, 5.99],
			"to": [7, 22, 5.99],
			"rotation": {"angle": 0, "axis": "y", "origin": [8, 23, 6.8]},
			"faces": {
				"north": {"uv": [0, 0, 3, 1], "texture": "#4"},
				"east": {"uv": [0, 0, 0, 1], "texture": "#4"},
				"south": {"uv": [0, 0, 3, 1], "texture": "#4"},
				"west": {"uv": [0, 0, 0, 1], "texture": "#4"},
				"up": {"uv": [0, 0, 3, 0], "texture": "#4"},
				"down": {"uv": [0, 0, 3, 0], "texture": "#4"}
			}
		},
		{
			"from": [4.5, 22, 5.99],
			"to": [6.5, 22.25, 5.99],
			"rotation": {"angle": 0, "axis": "y", "origin": [8, 24, 6.8]},
			"faces": {
				"north": {"uv": [0, 0, 3, 1], "texture": "#4"},
				"east": {"uv": [0, 0, 0, 1], "texture": "#4"},
				"south": {"uv": [0, 0, 3, 1], "texture": "#4"},
				"west": {"uv": [0, 0, 0, 1], "texture": "#4"},
				"up": {"uv": [0, 0, 3, 0], "texture": "#4"},
				"down": {"uv": [0, 0, 3, 0], "texture": "#4"}
			}
		},
		{
			"from": [4.8, 22.25, 5.99],
			"to": [6.3, 22.35, 5.99],
			"rotation": {"angle": 0, "axis": "y", "origin": [8, 24, 6.8]},
			"faces": {
				"north": {"uv": [0, 0, 3, 1], "texture": "#4"},
				"east": {"uv": [0, 0, 0, 1], "texture": "#4"},
				"south": {"uv": [0, 0, 3, 1], "texture": "#4"},
				"west": {"uv": [0, 0, 0, 1], "texture": "#4"},
				"up": {"uv": [0, 0, 3, 0], "texture": "#4"},
				"down": {"uv": [0, 0, 3, 0], "texture": "#4"}
			}
		},
		{
			"from": [4.2, 22, 5.99],
			"to": [4.5, 22.15, 5.99],
			"rotation": {"angle": 0, "axis": "y", "origin": [6, 24, 6.8]},
			"faces": {
				"north": {"uv": [0, 0, 3, 1], "texture": "#4"},
				"east": {"uv": [0, 0, 0, 1], "texture": "#4"},
				"south": {"uv": [0, 0, 3, 1], "texture": "#4"},
				"west": {"uv": [0, 0, 0, 1], "texture": "#4"},
				"up": {"uv": [0, 0, 3, 0], "texture": "#4"},
				"down": {"uv": [0, 0, 3, 0], "texture": "#4"}
			}
		},
		{
			"from": [6.5, 22, 5.99],
			"to": [6.8, 22.15, 5.99],
			"rotation": {"angle": 0, "axis": "y", "origin": [8, 24, 6.8]},
			"faces": {
				"north": {"uv": [0, 0, 3, 1], "texture": "#4"},
				"east": {"uv": [0, 0, 0, 1], "texture": "#4"},
				"south": {"uv": [0, 0, 3, 1], "texture": "#4"},
				"west": {"uv": [0, 0, 0, 1], "texture": "#4"},
				"up": {"uv": [0, 0, 3, 0], "texture": "#4"},
				"down": {"uv": [0, 0, 3, 0], "texture": "#4"}
			}
		},
		{
			"from": [10, 21, 5.99],
			"to": [12, 22, 5.99],
			"rotation": {"angle": 0, "axis": "y", "origin": [13, 23, 6.8]},
			"faces": {
				"north": {"uv": [0, 0, 2, 1], "texture": "#4"},
				"east": {"uv": [0, 0, 0, 1], "texture": "#4"},
				"south": {"uv": [0, 0, 2, 1], "texture": "#4"},
				"west": {"uv": [0, 0, 0, 1], "texture": "#4"},
				"up": {"uv": [0, 0, 2, 0], "texture": "#4"},
				"down": {"uv": [0, 0, 2, 0], "texture": "#4"}
			}
		},
		{
			"from": [10.2, 22, 5.99],
			"to": [12, 22.1, 5.99],
			"rotation": {"angle": 0, "axis": "y", "origin": [13, 24, 6.8]},
			"faces": {
				"north": {"uv": [0, 0, 2, 1], "texture": "#4"},
				"east": {"uv": [0, 0, 0, 1], "texture": "#4"},
				"south": {"uv": [0, 0, 2, 1], "texture": "#4"},
				"west": {"uv": [0, 0, 0, 1], "texture": "#4"},
				"up": {"uv": [0, 0, 2, 0], "texture": "#4"},
				"down": {"uv": [0, 0, 2, 0], "texture": "#4"}
			}
		},
		{
			"from": [10.3, 22.1, 5.99],
			"to": [12, 22.2, 5.99],
			"rotation": {"angle": 0, "axis": "y", "origin": [13, 24, 6.8]},
			"faces": {
				"north": {"uv": [0, 0, 2, 1], "texture": "#4"},
				"east": {"uv": [0, 0, 0, 1], "texture": "#4"},
				"south": {"uv": [0, 0, 2, 1], "texture": "#4"},
				"west": {"uv": [0, 0, 0, 1], "texture": "#4"},
				"up": {"uv": [0, 0, 2, 0], "texture": "#4"},
				"down": {"uv": [0, 0, 2, 0], "texture": "#4"}
			}
		},
		{
			"from": [10.5, 22.2, 5.99],
			"to": [12, 22.4, 5.99],
			"rotation": {"angle": 0, "axis": "y", "origin": [13, 24, 6.8]},
			"faces": {
				"north": {"uv": [0, 0, 2, 1], "texture": "#4"},
				"east": {"uv": [0, 0, 0, 1], "texture": "#4"},
				"south": {"uv": [0, 0, 2, 1], "texture": "#4"},
				"west": {"uv": [0, 0, 0, 1], "texture": "#4"},
				"up": {"uv": [0, 0, 2, 0], "texture": "#4"},
				"down": {"uv": [0, 0, 2, 0], "texture": "#4"}
			}
		},
		{
			"from": [10.7, 22.4, 5.99],
			"to": [12, 22.6, 5.99],
			"rotation": {"angle": 0, "axis": "y", "origin": [13, 24, 6.8]},
			"faces": {
				"north": {"uv": [0, 0, 2, 1], "texture": "#4"},
				"east": {"uv": [0, 0, 0, 1], "texture": "#4"},
				"south": {"uv": [0, 0, 2, 1], "texture": "#4"},
				"west": {"uv": [0, 0, 0, 1], "texture": "#4"},
				"up": {"uv": [0, 0, 2, 0], "texture": "#4"},
				"down": {"uv": [0, 0, 2, 0], "texture": "#4"}
			}
		},
		{
			"from": [10.9, 22.6, 5.99],
			"to": [12, 22.8, 5.99],
			"rotation": {"angle": 0, "axis": "y", "origin": [13, 24, 6.8]},
			"faces": {
				"north": {"uv": [0, 0, 2, 1], "texture": "#4"},
				"east": {"uv": [0, 0, 0, 1], "texture": "#4"},
				"south": {"uv": [0, 0, 2, 1], "texture": "#4"},
				"west": {"uv": [0, 0, 0, 1], "texture": "#4"},
				"up": {"uv": [0, 0, 2, 0], "texture": "#4"},
				"down": {"uv": [0, 0, 2, 0], "texture": "#4"}
			}
		},
		{
			"from": [11.1, 22.8, 5.99],
			"to": [12, 22.9, 5.99],
			"rotation": {"angle": 0, "axis": "y", "origin": [13, 24, 6.8]},
			"faces": {
				"north": {"uv": [0, 0, 2, 1], "texture": "#4"},
				"east": {"uv": [0, 0, 0, 1], "texture": "#4"},
				"south": {"uv": [0, 0, 2, 1], "texture": "#4"},
				"west": {"uv": [0, 0, 0, 1], "texture": "#4"},
				"up": {"uv": [0, 0, 2, 0], "texture": "#4"},
				"down": {"uv": [0, 0, 2, 0], "texture": "#4"}
			}
		},
		{
			"from": [11.3, 22.9, 5.99],
			"to": [12, 23, 5.99],
			"rotation": {"angle": 0, "axis": "y", "origin": [13, 24, 6.8]},
			"faces": {
				"north": {"uv": [0, 0, 2, 1], "texture": "#4"},
				"east": {"uv": [0, 0, 0, 1], "texture": "#4"},
				"south": {"uv": [0, 0, 2, 1], "texture": "#4"},
				"west": {"uv": [0, 0, 0, 1], "texture": "#4"},
				"up": {"uv": [0, 0, 2, 0], "texture": "#4"},
				"down": {"uv": [0, 0, 2, 0], "texture": "#4"}
			}
		},
		{
			"from": [11.5, 23, 5.99],
			"to": [12, 23.1, 5.99],
			"rotation": {"angle": 0, "axis": "y", "origin": [13, 24, 6.8]},
			"faces": {
				"north": {"uv": [0, 0, 2, 1], "texture": "#4"},
				"east": {"uv": [0, 0, 0, 1], "texture": "#4"},
				"south": {"uv": [0, 0, 2, 1], "texture": "#4"},
				"west": {"uv": [0, 0, 0, 1], "texture": "#4"},
				"up": {"uv": [0, 0, 2, 0], "texture": "#4"},
				"down": {"uv": [0, 0, 2, 0], "texture": "#4"}
			}
		},
		{
			"from": [11.7, 23.1, 5.99],
			"to": [12, 23.2, 5.99],
			"rotation": {"angle": 0, "axis": "y", "origin": [13, 24, 6.8]},
			"faces": {
				"north": {"uv": [0, 0, 2, 1], "texture": "#4"},
				"east": {"uv": [0, 0, 0, 1], "texture": "#4"},
				"south": {"uv": [0, 0, 2, 1], "texture": "#4"},
				"west": {"uv": [0, 0, 0, 1], "texture": "#4"},
				"up": {"uv": [0, 0, 2, 0], "texture": "#4"},
				"down": {"uv": [0, 0, 2, 0], "texture": "#4"}
			}
		},
		{
			"from": [9.8, 21, 5.99],
			"to": [10, 21.9, 5.99],
			"rotation": {"angle": 0, "axis": "y", "origin": [12, 23, 6.8]},
			"faces": {
				"north": {"uv": [0, 0, 0.2, 0.9], "texture": "#4"},
				"east": {"uv": [0, 0, 0, 0.9], "texture": "#4"},
				"south": {"uv": [0, 0, 0.2, 0.9], "texture": "#4"},
				"west": {"uv": [0, 0, 0, 0.9], "texture": "#4"},
				"up": {"uv": [0, 0, 0.2, 0], "texture": "#4"},
				"down": {"uv": [0, 0, 0.2, 0], "texture": "#4"}
			}
		},
		{
			"from": [7, 21, 5.99],
			"to": [7.2, 21.9, 5.99],
			"rotation": {"angle": 0, "axis": "y", "origin": [9, 23, 6.8]},
			"faces": {
				"north": {"uv": [0, 0, 0.2, 0.9], "texture": "#4"},
				"east": {"uv": [0, 0, 0, 0.9], "texture": "#4"},
				"south": {"uv": [0, 0, 0.2, 0.9], "texture": "#4"},
				"west": {"uv": [0, 0, 0, 0.9], "texture": "#4"},
				"up": {"uv": [0, 0, 0.2, 0], "texture": "#4"},
				"down": {"uv": [0, 0, 0.2, 0], "texture": "#4"}
			}
		},
		{
			"from": [7.2, 21, 5.99],
			"to": [7.4, 21.7, 5.99],
			"rotation": {"angle": 0, "axis": "y", "origin": [9, 23, 6.8]},
			"faces": {
				"north": {"uv": [0, 0, 0.2, 0.7], "texture": "#4"},
				"east": {"uv": [0, 0, 0, 0.7], "texture": "#4"},
				"south": {"uv": [0, 0, 0.2, 0.7], "texture": "#4"},
				"west": {"uv": [0, 0, 0, 0.7], "texture": "#4"},
				"up": {"uv": [0, 0, 0.2, 0], "texture": "#4"},
				"down": {"uv": [0, 0, 0.2, 0], "texture": "#4"}
			}
		},
		{
			"from": [7.4, 21, 5.99],
			"to": [7.6, 21.5, 5.99],
			"rotation": {"angle": 0, "axis": "y", "origin": [9, 23, 6.8]},
			"faces": {
				"north": {"uv": [0, 0, 0.2, 0.5], "texture": "#4"},
				"east": {"uv": [0, 0, 0, 0.5], "texture": "#4"},
				"south": {"uv": [0, 0, 0.2, 0.5], "texture": "#4"},
				"west": {"uv": [0, 0, 0, 0.5], "texture": "#4"},
				"up": {"uv": [0, 0, 0.2, 0], "texture": "#4"},
				"down": {"uv": [0, 0, 0.2, 0], "texture": "#4"}
			}
		},
		{
			"from": [7.6, 21, 5.99],
			"to": [7.8, 21.3, 5.99],
			"rotation": {"angle": 0, "axis": "y", "origin": [9, 23, 6.8]},
			"faces": {
				"north": {"uv": [0, 0, 0.2, 0.3], "texture": "#4"},
				"east": {"uv": [0, 0, 0, 0.3], "texture": "#4"},
				"south": {"uv": [0, 0, 0.2, 0.3], "texture": "#4"},
				"west": {"uv": [0, 0, 0, 0.3], "texture": "#4"},
				"up": {"uv": [0, 0, 0.2, 0], "texture": "#4"},
				"down": {"uv": [0, 0, 0.2, 0], "texture": "#4"}
			}
		},
		{
			"from": [9.6, 21, 5.99],
			"to": [9.8, 21.8, 5.99],
			"rotation": {"angle": 0, "axis": "y", "origin": [11, 23, 6.8]},
			"faces": {
				"north": {"uv": [0, 0, 0.2, 0.8], "texture": "#4"},
				"east": {"uv": [0, 0, 0, 0.8], "texture": "#4"},
				"south": {"uv": [0, 0, 0.2, 0.8], "texture": "#4"},
				"west": {"uv": [0, 0, 0, 0.8], "texture": "#4"},
				"up": {"uv": [0, 0, 0.2, 0], "texture": "#4"},
				"down": {"uv": [0, 0, 0.2, 0], "texture": "#4"}
			}
		},
		{
			"from": [9.4, 21, 5.99],
			"to": [9.6, 21.7, 5.99],
			"rotation": {"angle": 0, "axis": "y", "origin": [10, 23, 6.8]},
			"faces": {
				"north": {"uv": [0, 0, 0.2, 0.7], "texture": "#4"},
				"east": {"uv": [0, 0, 0, 0.7], "texture": "#4"},
				"south": {"uv": [0, 0, 0.2, 0.7], "texture": "#4"},
				"west": {"uv": [0, 0, 0, 0.7], "texture": "#4"},
				"up": {"uv": [0, 0, 0.2, 0], "texture": "#4"},
				"down": {"uv": [0, 0, 0.2, 0], "texture": "#4"}
			}
		},
		{
			"from": [9.2, 21, 5.99],
			"to": [9.4, 21.6, 5.99],
			"rotation": {"angle": 0, "axis": "y", "origin": [9, 23, 6.8]},
			"faces": {
				"north": {"uv": [0, 0, 0.2, 0.6], "texture": "#4"},
				"east": {"uv": [0, 0, 0, 0.6], "texture": "#4"},
				"south": {"uv": [0, 0, 0.2, 0.6], "texture": "#4"},
				"west": {"uv": [0, 0, 0, 0.6], "texture": "#4"},
				"up": {"uv": [0, 0, 0.2, 0], "texture": "#4"},
				"down": {"uv": [0, 0, 0.2, 0], "texture": "#4"}
			}
		},
		{
			"from": [9, 21, 5.99],
			"to": [9.2, 21.5, 5.99],
			"rotation": {"angle": 0, "axis": "y", "origin": [8, 23, 6.8]},
			"faces": {
				"north": {"uv": [0, 0, 0.2, 0.5], "texture": "#4"},
				"east": {"uv": [0, 0, 0, 0.5], "texture": "#4"},
				"south": {"uv": [0, 0, 0.2, 0.5], "texture": "#4"},
				"west": {"uv": [0, 0, 0, 0.5], "texture": "#4"},
				"up": {"uv": [0, 0, 0.2, 0], "texture": "#4"},
				"down": {"uv": [0, 0, 0.2, 0], "texture": "#4"}
			}
		},
		{
			"from": [8.8, 21, 5.99],
			"to": [9, 21.45, 5.99],
			"rotation": {"angle": 0, "axis": "y", "origin": [8, 23, 6.8]},
			"faces": {
				"north": {"uv": [0, 0, 0.2, 0.45], "texture": "#4"},
				"east": {"uv": [0, 0, 0, 0.45], "texture": "#4"},
				"south": {"uv": [0, 0, 0.2, 0.45], "texture": "#4"},
				"west": {"uv": [0, 0, 0, 0.45], "texture": "#4"},
				"up": {"uv": [0, 0, 0.2, 0], "texture": "#4"},
				"down": {"uv": [0, 0, 0.2, 0], "texture": "#4"}
			}
		},
		{
			"from": [8.6, 21, 5.99],
			"to": [8.8, 21.4, 5.99],
			"rotation": {"angle": 0, "axis": "y", "origin": [8, 23, 6.8]},
			"faces": {
				"north": {"uv": [0, 0, 0.2, 0.4], "texture": "#4"},
				"east": {"uv": [0, 0, 0, 0.4], "texture": "#4"},
				"south": {"uv": [0, 0, 0.2, 0.4], "texture": "#4"},
				"west": {"uv": [0, 0, 0, 0.4], "texture": "#4"},
				"up": {"uv": [0, 0, 0.2, 0], "texture": "#4"},
				"down": {"uv": [0, 0, 0.2, 0], "texture": "#4"}
			}
		},
		{
			"from": [8.4, 21, 5.99],
			"to": [8.6, 21.35, 5.99],
			"rotation": {"angle": 0, "axis": "y", "origin": [8, 23, 6.8]},
			"faces": {
				"north": {"uv": [0, 0, 0.2, 0.35], "texture": "#4"},
				"east": {"uv": [0, 0, 0, 0.35], "texture": "#4"},
				"south": {"uv": [0, 0, 0.2, 0.35], "texture": "#4"},
				"west": {"uv": [0, 0, 0, 0.35], "texture": "#4"},
				"up": {"uv": [0, 0, 0.2, 0], "texture": "#4"},
				"down": {"uv": [0, 0, 0.2, 0], "texture": "#4"}
			}
		},
		{
			"from": [8.2, 21, 5.99],
			"to": [8.4, 21.3, 5.99],
			"rotation": {"angle": 0, "axis": "y", "origin": [8, 23, 6.8]},
			"faces": {
				"north": {"uv": [0, 0, 0.2, 0.3], "texture": "#4"},
				"east": {"uv": [0, 0, 0, 0.3], "texture": "#4"},
				"south": {"uv": [0, 0, 0.2, 0.3], "texture": "#4"},
				"west": {"uv": [0, 0, 0, 0.3], "texture": "#4"},
				"up": {"uv": [0, 0, 0.2, 0], "texture": "#4"},
				"down": {"uv": [0, 0, 0.2, 0], "texture": "#4"}
			}
		},
		{
			"from": [8, 21, 5.99],
			"to": [8.2, 21.25, 5.99],
			"rotation": {"angle": 0, "axis": "y", "origin": [8, 23, 6.8]},
			"faces": {
				"north": {"uv": [0, 0, 0.2, 0.25], "texture": "#4"},
				"east": {"uv": [0, 0, 0, 0.25], "texture": "#4"},
				"south": {"uv": [0, 0, 0.2, 0.25], "texture": "#4"},
				"west": {"uv": [0, 0, 0, 0.25], "texture": "#4"},
				"up": {"uv": [0, 0, 0.2, 0], "texture": "#4"},
				"down": {"uv": [0, 0, 0.2, 0], "texture": "#4"}
			}
		},
		{
			"from": [7.8, 21, 5.99],
			"to": [8, 21.2, 5.99],
			"rotation": {"angle": 0, "axis": "y", "origin": [8, 23, 6.8]},
			"faces": {
				"north": {"uv": [0, 0, 0.2, 0.2], "texture": "#4"},
				"east": {"uv": [0, 0, 0, 0.2], "texture": "#4"},
				"south": {"uv": [0, 0, 0.2, 0.2], "texture": "#4"},
				"west": {"uv": [0, 0, 0, 0.2], "texture": "#4"},
				"up": {"uv": [0, 0, 0.2, 0], "texture": "#4"},
				"down": {"uv": [0, 0, 0.2, 0], "texture": "#4"}
			}
		},
		{
			"from": [8.5, 21.4, 5.98],
			"to": [9.5, 21.6, 6.18],
			"rotation": {"angle": 0, "axis": "y", "origin": [11, 23, 6.8]},
			"faces": {
				"north": {"uv": [0, 0, 1, 0.2], "texture": "#5"},
				"east": {"uv": [0, 0, 0.2, 0.2], "texture": "#5"},
				"south": {"uv": [0, 0, 1, 0.2], "texture": "#5"},
				"west": {"uv": [0, 0, 0.2, 0.2], "texture": "#5"},
				"up": {"uv": [0, 0, 1, 0.2], "texture": "#5"},
				"down": {"uv": [0, 0, 1, 0.2], "texture": "#5"}
			}
		},
		{
			"from": [8.6, 21, 5.98],
			"to": [9.4, 21.1, 6.18],
			"rotation": {"angle": 0, "axis": "y", "origin": [11, 23, 6.8]},
			"faces": {
				"north": {"uv": [0, 0, 0.8, 0.1], "texture": "#5"},
				"east": {"uv": [0, 0, 0.2, 0.1], "texture": "#5"},
				"south": {"uv": [0, 0, 0.8, 0.1], "texture": "#5"},
				"west": {"uv": [0, 0, 0.2, 0.1], "texture": "#5"},
				"up": {"uv": [0, 0, 0.8, 0.2], "texture": "#5"},
				"down": {"uv": [0, 0, 0.8, 0.2], "texture": "#5"}
			}
		},
		{
			"from": [8.7, 20.8, 5.98],
			"to": [9.3, 20.9, 6.18],
			"rotation": {"angle": 0, "axis": "y", "origin": [11, 23, 6.8]},
			"faces": {
				"north": {"uv": [0, 0, 0.6, 0.1], "texture": "#5"},
				"east": {"uv": [0, 0, 0.2, 0.1], "texture": "#5"},
				"south": {"uv": [0, 0, 0.6, 0.1], "texture": "#5"},
				"west": {"uv": [0, 0, 0.2, 0.1], "texture": "#5"},
				"up": {"uv": [0, 0, 0.6, 0.2], "texture": "#5"},
				"down": {"uv": [0, 0, 0.6, 0.2], "texture": "#5"}
			}
		},
		{
			"from": [8.7, 21.6, 5.98],
			"to": [9.3, 21.65, 6.18],
			"rotation": {"angle": 0, "axis": "y", "origin": [11, 24, 6.8]},
			"faces": {
				"north": {"uv": [0, 0, 0.6, 0.05], "texture": "#5"},
				"east": {"uv": [0, 0, 0.2, 0.05], "texture": "#5"},
				"south": {"uv": [0, 0, 0.6, 0.05], "texture": "#5"},
				"west": {"uv": [0, 0, 0.2, 0.05], "texture": "#5"},
				"up": {"uv": [0, 0, 0.6, 0.2], "texture": "#5"},
				"down": {"uv": [0, 0, 0.6, 0.2], "texture": "#5"}
			}
		},
		{
			"from": [8.65, 20.9, 5.98],
			"to": [8.75, 21, 6.18],
			"rotation": {"angle": 0, "axis": "y", "origin": [11, 23, 6.8]},
			"faces": {
				"north": {"uv": [0, 0, 0.1, 0.1], "texture": "#5"},
				"east": {"uv": [0, 0, 0.2, 0.1], "texture": "#5"},
				"south": {"uv": [0, 0, 0.1, 0.1], "texture": "#5"},
				"west": {"uv": [0, 0, 0.2, 0.1], "texture": "#5"},
				"up": {"uv": [0, 0, 0.1, 0.2], "texture": "#5"},
				"down": {"uv": [0, 0, 0.1, 0.2], "texture": "#5"}
			}
		},
		{
			"from": [9.25, 20.9, 5.98],
			"to": [9.35, 21, 6.18],
			"rotation": {"angle": 0, "axis": "y", "origin": [11, 23, 6.8]},
			"faces": {
				"north": {"uv": [0, 0, 0.1, 0.1], "texture": "#5"},
				"east": {"uv": [0, 0, 0.2, 0.1], "texture": "#5"},
				"south": {"uv": [0, 0, 0.1, 0.1], "texture": "#5"},
				"west": {"uv": [0, 0, 0.2, 0.1], "texture": "#5"},
				"up": {"uv": [0, 0, 0.1, 0.2], "texture": "#5"},
				"down": {"uv": [0, 0, 0.1, 0.2], "texture": "#5"}
			}
		},
		{
			"from": [8.5, 21.1, 5.98],
			"to": [8.6, 21.4, 6.18],
			"rotation": {"angle": 0, "axis": "y", "origin": [10, 24, 6.8]},
			"faces": {
				"north": {"uv": [0, 0, 0.1, 0.3], "texture": "#5"},
				"east": {"uv": [0, 0, 0.2, 0.3], "texture": "#5"},
				"south": {"uv": [0, 0, 0.1, 0.3], "texture": "#5"},
				"west": {"uv": [0, 0, 0.2, 0.3], "texture": "#5"},
				"up": {"uv": [0, 0, 0.1, 0.2], "texture": "#5"},
				"down": {"uv": [0, 0, 0.1, 0.2], "texture": "#5"}
			}
		},
		{
			"from": [8.4, 21.2, 5.98],
			"to": [8.5, 21.5, 6.18],
			"rotation": {"angle": 0, "axis": "y", "origin": [10, 24, 6.8]},
			"faces": {
				"north": {"uv": [0, 0, 0.1, 0.3], "texture": "#2"},
				"east": {"uv": [0, 0, 0.2, 0.3], "texture": "#2"},
				"south": {"uv": [0, 0, 0.1, 0.3], "texture": "#2"},
				"west": {"uv": [0, 0, 0.2, 0.3], "texture": "#2"},
				"up": {"uv": [0, 0, 0.1, 0.2], "texture": "#2"},
				"down": {"uv": [0, 0, 0.1, 0.2], "texture": "#2"}
			}
		},
		{
			"from": [8.2, 21.3, 5.98],
			"to": [8.4, 21.5, 6.18],
			"rotation": {"angle": 0, "axis": "y", "origin": [10, 24, 6.8]},
			"faces": {
				"north": {"uv": [0, 0, 0.1, 0.3], "texture": "#2"},
				"east": {"uv": [0, 0, 0.2, 0.3], "texture": "#2"},
				"south": {"uv": [0, 0, 0.1, 0.3], "texture": "#2"},
				"west": {"uv": [0, 0, 0.2, 0.3], "texture": "#2"},
				"up": {"uv": [0, 0, 0.1, 0.2], "texture": "#2"},
				"down": {"uv": [0, 0, 0.1, 0.2], "texture": "#2"}
			}
		},
		{
			"from": [9.6, 21.3, 5.98],
			"to": [9.8, 21.5, 6.18],
			"rotation": {"angle": 0, "axis": "y", "origin": [11, 24, 6.8]},
			"faces": {
				"north": {"uv": [0, 0, 0.1, 0.3], "texture": "#2"},
				"east": {"uv": [0, 0, 0.2, 0.3], "texture": "#2"},
				"south": {"uv": [0, 0, 0.1, 0.3], "texture": "#2"},
				"west": {"uv": [0, 0, 0.2, 0.3], "texture": "#2"},
				"up": {"uv": [0, 0, 0.1, 0.2], "texture": "#2"},
				"down": {"uv": [0, 0, 0.1, 0.2], "texture": "#2"}
			}
		},
		{
			"from": [9.8, 21.4, 5.98],
			"to": [10, 21.5, 6.18],
			"rotation": {"angle": 0, "axis": "y", "origin": [11, 24, 6.8]},
			"faces": {
				"north": {"uv": [0, 0, 0.1, 0.3], "texture": "#2"},
				"east": {"uv": [0, 0, 0.2, 0.3], "texture": "#2"},
				"south": {"uv": [0, 0, 0.1, 0.3], "texture": "#2"},
				"west": {"uv": [0, 0, 0.2, 0.3], "texture": "#2"},
				"up": {"uv": [0, 0, 0.1, 0.2], "texture": "#2"},
				"down": {"uv": [0, 0, 0.1, 0.2], "texture": "#2"}
			}
		},
		{
			"from": [8, 21.4, 5.98],
			"to": [8.2, 21.5, 6.18],
			"rotation": {"angle": 0, "axis": "y", "origin": [9, 24, 6.8]},
			"faces": {
				"north": {"uv": [0, 0, 0.1, 0.3], "texture": "#2"},
				"east": {"uv": [0, 0, 0.2, 0.3], "texture": "#2"},
				"south": {"uv": [0, 0, 0.1, 0.3], "texture": "#2"},
				"west": {"uv": [0, 0, 0.2, 0.3], "texture": "#2"},
				"up": {"uv": [0, 0, 0.1, 0.2], "texture": "#2"},
				"down": {"uv": [0, 0, 0.1, 0.2], "texture": "#2"}
			}
		},
		{
			"from": [7, 21.4, 5.98],
			"to": [7.2, 21.5, 6.18],
			"rotation": {"angle": 22.5, "axis": "z", "origin": [8, 24, 6.8]},
			"faces": {
				"north": {"uv": [0, 0, 0.1, 0.3], "texture": "#2"},
				"east": {"uv": [0, 0, 0.2, 0.3], "texture": "#2"},
				"south": {"uv": [0, 0, 0.1, 0.3], "texture": "#2"},
				"west": {"uv": [0, 0, 0.2, 0.3], "texture": "#2"},
				"up": {"uv": [0, 0, 0.1, 0.2], "texture": "#2"},
				"down": {"uv": [0, 0, 0.1, 0.2], "texture": "#2"}
			}
		},
		{
			"from": [10.5, 20.55, 5.98],
			"to": [10.7, 20.65, 6.18],
			"rotation": {"angle": -22.5, "axis": "z", "origin": [12, 23, 6.8]},
			"faces": {
				"north": {"uv": [0, 0, 0.1, 0.3], "texture": "#2"},
				"east": {"uv": [0, 0, 0.2, 0.3], "texture": "#2"},
				"south": {"uv": [0, 0, 0.1, 0.3], "texture": "#2"},
				"west": {"uv": [0, 0, 0.2, 0.3], "texture": "#2"},
				"up": {"uv": [0, 0, 0.1, 0.2], "texture": "#2"},
				"down": {"uv": [0, 0, 0.1, 0.2], "texture": "#2"}
			}
		},
		{
			"from": [9.5, 21.2, 5.98],
			"to": [9.6, 21.5, 6.18],
			"rotation": {"angle": 0, "axis": "y", "origin": [11, 24, 6.8]},
			"faces": {
				"north": {"uv": [0, 0, 0.1, 0.3], "texture": "#2"},
				"east": {"uv": [0, 0, 0.2, 0.3], "texture": "#2"},
				"south": {"uv": [0, 0, 0.1, 0.3], "texture": "#2"},
				"west": {"uv": [0, 0, 0.2, 0.3], "texture": "#2"},
				"up": {"uv": [0, 0, 0.1, 0.2], "texture": "#2"},
				"down": {"uv": [0, 0, 0.1, 0.2], "texture": "#2"}
			}
		},
		{
			"from": [9.4, 21.1, 5.98],
			"to": [9.5, 21.4, 6.18],
			"rotation": {"angle": 0, "axis": "y", "origin": [11, 24, 6.8]},
			"faces": {
				"north": {"uv": [0, 0, 0.1, 0.3], "texture": "#5"},
				"east": {"uv": [0, 0, 0.2, 0.3], "texture": "#5"},
				"south": {"uv": [0, 0, 0.1, 0.3], "texture": "#5"},
				"west": {"uv": [0, 0, 0.2, 0.3], "texture": "#5"},
				"up": {"uv": [0, 0, 0.1, 0.2], "texture": "#5"},
				"down": {"uv": [0, 0, 0.1, 0.2], "texture": "#5"}
			}
		},
		{
			"from": [8.85, 21.1, 5.98],
			"to": [9.15, 21.4, 6.18],
			"rotation": {"angle": 0, "axis": "y", "origin": [11, 24, 6.8]},
			"faces": {
				"north": {"uv": [0, 0, 0.3, 0.3], "texture": "#5"},
				"east": {"uv": [0, 0, 0.2, 0.3], "texture": "#5"},
				"south": {"uv": [0, 0, 0.3, 0.3], "texture": "#5"},
				"west": {"uv": [0, 0, 0.2, 0.3], "texture": "#5"},
				"up": {"uv": [0, 0, 0.3, 0.2], "texture": "#5"},
				"down": {"uv": [0, 0, 0.3, 0.2], "texture": "#5"}
			}
		},
		{
			"from": [9, 25.5, 10.01],
			"to": [10, 26, 10.01],
			"rotation": {"angle": 0, "axis": "y", "origin": [11, 26, 10.8]},
			"faces": {
				"north": {"uv": [0, 0, 1, 0.5], "texture": "#3"},
				"east": {"uv": [0, 0, 0, 0.5], "texture": "#3"},
				"south": {"uv": [0, 0, 1, 0.5], "texture": "#3"},
				"west": {"uv": [0, 0, 0, 0.5], "texture": "#3"},
				"up": {"uv": [0, 0, 1, 0], "texture": "#3"},
				"down": {"uv": [0, 0, 1, 0], "texture": "#3"}
			}
		},
		{
			"from": [10, 25.5, 10.01],
			"to": [11, 26, 10.01],
			"rotation": {"angle": 0, "axis": "y", "origin": [12, 26, 10.8]},
			"faces": {
				"north": {"uv": [0, 0, 1, 0.5], "texture": "#3"},
				"east": {"uv": [0, 0, 0, 0.5], "texture": "#3"},
				"south": {"uv": [0, 0, 1, 0.5], "texture": "#3"},
				"west": {"uv": [0, 0, 0, 0.5], "texture": "#3"},
				"up": {"uv": [0, 0, 1, 0], "texture": "#3"},
				"down": {"uv": [0, 0, 1, 0], "texture": "#3"}
			}
		},
		{
			"from": [11, 25.7, 10.01],
			"to": [11.2, 26, 10.01],
			"rotation": {"angle": 0, "axis": "y", "origin": [13, 26, 10.8]},
			"faces": {
				"north": {"uv": [0, 0, 1, 0.5], "texture": "#3"},
				"east": {"uv": [0, 0, 0, 0.5], "texture": "#3"},
				"south": {"uv": [0, 0, 1, 0.5], "texture": "#3"},
				"west": {"uv": [0, 0, 0, 0.5], "texture": "#3"},
				"up": {"uv": [0, 0, 1, 0], "texture": "#3"},
				"down": {"uv": [0, 0, 1, 0], "texture": "#3"}
			}
		},
		{
			"from": [11.2, 25.9, 10.01],
			"to": [11.6, 26, 10.01],
			"rotation": {"angle": 0, "axis": "y", "origin": [13, 26, 10.8]},
			"faces": {
				"north": {"uv": [0, 0, 1, 0.5], "texture": "#3"},
				"east": {"uv": [0, 0, 0, 0.5], "texture": "#3"},
				"south": {"uv": [0, 0, 1, 0.5], "texture": "#3"},
				"west": {"uv": [0, 0, 0, 0.5], "texture": "#3"},
				"up": {"uv": [0, 0, 1, 0], "texture": "#3"},
				"down": {"uv": [0, 0, 1, 0], "texture": "#3"}
			}
		},
		{
			"from": [8, 25.5, 10.01],
			"to": [9, 26, 10.01],
			"rotation": {"angle": 0, "axis": "y", "origin": [10, 26, 10.8]},
			"faces": {
				"north": {"uv": [0, 0, 1, 0.5], "texture": "#3"},
				"east": {"uv": [0, 0, 0, 0.5], "texture": "#3"},
				"south": {"uv": [0, 0, 1, 0.5], "texture": "#3"},
				"west": {"uv": [0, 0, 0, 0.5], "texture": "#3"},
				"up": {"uv": [0, 0, 1, 0], "texture": "#3"},
				"down": {"uv": [0, 0, 1, 0], "texture": "#3"}
			}
		},
		{
			"from": [8, 25, 10.01],
			"to": [8.8, 25.5, 10.01],
			"rotation": {"angle": 0, "axis": "y", "origin": [10, 26, 10.8]},
			"faces": {
				"north": {"uv": [0, 0, 1, 0.5], "texture": "#3"},
				"east": {"uv": [0, 0, 0, 0.5], "texture": "#3"},
				"south": {"uv": [0, 0, 1, 0.5], "texture": "#3"},
				"west": {"uv": [0, 0, 0, 0.5], "texture": "#3"},
				"up": {"uv": [0, 0, 1, 0], "texture": "#3"},
				"down": {"uv": [0, 0, 1, 0], "texture": "#3"}
			}
		},
		{
			"from": [9.3, 25, 10.01],
			"to": [10.1, 25.5, 10.01],
			"rotation": {"angle": 0, "axis": "y", "origin": [11, 26, 10.8]},
			"faces": {
				"north": {"uv": [0, 0, 1, 0.5], "texture": "#3"},
				"east": {"uv": [0, 0, 0, 0.5], "texture": "#3"},
				"south": {"uv": [0, 0, 1, 0.5], "texture": "#3"},
				"west": {"uv": [0, 0, 0, 0.5], "texture": "#3"},
				"up": {"uv": [0, 0, 1, 0], "texture": "#3"},
				"down": {"uv": [0, 0, 1, 0], "texture": "#3"}
			}
		},
		{
			"from": [9.2, 25.2, 10.01],
			"to": [9.3, 25.5, 10.01],
			"rotation": {"angle": 0, "axis": "y", "origin": [10, 26, 10.8]},
			"faces": {
				"north": {"uv": [0, 0, 1, 0.5], "texture": "#3"},
				"east": {"uv": [0, 0, 0, 0.5], "texture": "#3"},
				"south": {"uv": [0, 0, 1, 0.5], "texture": "#3"},
				"west": {"uv": [0, 0, 0, 0.5], "texture": "#3"},
				"up": {"uv": [0, 0, 1, 0], "texture": "#3"},
				"down": {"uv": [0, 0, 1, 0], "texture": "#3"}
			}
		},
		{
			"from": [8.8, 25.1, 10.01],
			"to": [8.9, 25.5, 10.01],
			"rotation": {"angle": 0, "axis": "y", "origin": [9, 26, 10.8]},
			"faces": {
				"north": {"uv": [0, 0, 1, 0.5], "texture": "#3"},
				"east": {"uv": [0, 0, 0, 0.5], "texture": "#3"},
				"south": {"uv": [0, 0, 1, 0.5], "texture": "#3"},
				"west": {"uv": [0, 0, 0, 0.5], "texture": "#3"},
				"up": {"uv": [0, 0, 1, 0], "texture": "#3"},
				"down": {"uv": [0, 0, 1, 0], "texture": "#3"}
			}
		},
		{
			"from": [9.4, 24.8, 10.01],
			"to": [9.9, 25, 10.01],
			"rotation": {"angle": 0, "axis": "y", "origin": [11, 26, 10.8]},
			"faces": {
				"north": {"uv": [0, 0, 1, 0.5], "texture": "#3"},
				"east": {"uv": [0, 0, 0, 0.5], "texture": "#3"},
				"south": {"uv": [0, 0, 1, 0.5], "texture": "#3"},
				"west": {"uv": [0, 0, 0, 0.5], "texture": "#3"},
				"up": {"uv": [0, 0, 1, 0], "texture": "#3"},
				"down": {"uv": [0, 0, 1, 0], "texture": "#3"}
			}
		},
		{
			"from": [7.9, 24.8, 10.01],
			"to": [8.4, 25, 10.01],
			"rotation": {"angle": 0, "axis": "y", "origin": [9, 26, 10.8]},
			"faces": {
				"north": {"uv": [0, 0, 1, 0.5], "texture": "#3"},
				"east": {"uv": [0, 0, 0, 0.5], "texture": "#3"},
				"south": {"uv": [0, 0, 1, 0.5], "texture": "#3"},
				"west": {"uv": [0, 0, 0, 0.5], "texture": "#3"},
				"up": {"uv": [0, 0, 1, 0], "texture": "#3"},
				"down": {"uv": [0, 0, 1, 0], "texture": "#3"}
			}
		},
		{
			"from": [10.1, 25.3, 10.01],
			"to": [10.4, 25.6, 10.01],
			"rotation": {"angle": 0, "axis": "y", "origin": [11, 26, 10.8]},
			"faces": {
				"north": {"uv": [0, 0, 1, 0.5], "texture": "#3"},
				"east": {"uv": [0, 0, 0, 0.5], "texture": "#3"},
				"south": {"uv": [0, 0, 1, 0.5], "texture": "#3"},
				"west": {"uv": [0, 0, 0, 0.5], "texture": "#3"},
				"up": {"uv": [0, 0, 1, 0], "texture": "#3"},
				"down": {"uv": [0, 0, 1, 0], "texture": "#3"}
			}
		},
		{
			"from": [8.9, 25.3, 10.01],
			"to": [9.2, 25.5, 10.01],
			"rotation": {"angle": 0, "axis": "y", "origin": [10, 26, 10.8]},
			"faces": {
				"north": {"uv": [0, 0, 1, 0.5], "texture": "#3"},
				"east": {"uv": [0, 0, 0, 0.5], "texture": "#3"},
				"south": {"uv": [0, 0, 1, 0.5], "texture": "#3"},
				"west": {"uv": [0, 0, 0, 0.5], "texture": "#3"},
				"up": {"uv": [0, 0, 1, 0], "texture": "#3"},
				"down": {"uv": [0, 0, 1, 0], "texture": "#3"}
			}
		},
		{
			"from": [7, 24.5, 10.01],
			"to": [8, 26, 10.01],
			"rotation": {"angle": 0, "axis": "y", "origin": [9, 26, 10.8]},
			"faces": {
				"north": {"uv": [0, 0, 1, 1.5], "texture": "#3"},
				"east": {"uv": [0, 0, 0, 1.5], "texture": "#3"},
				"south": {"uv": [0, 0, 1, 1.5], "texture": "#3"},
				"west": {"uv": [0, 0, 0, 1.5], "texture": "#3"},
				"up": {"uv": [0, 0, 1, 0], "texture": "#3"},
				"down": {"uv": [0, 0, 1, 0], "texture": "#3"}
			}
		},
		{
			"from": [7, 22.5, 10.01],
			"to": [8, 23, 10.01],
			"rotation": {"angle": 0, "axis": "y", "origin": [9, 24, 10.8]},
			"faces": {
				"north": {"uv": [0, 0, 1, 0.5], "texture": "#3"},
				"east": {"uv": [0, 0, 0, 0.5], "texture": "#3"},
				"south": {"uv": [0, 0, 1, 0.5], "texture": "#3"},
				"west": {"uv": [0, 0, 0, 0.5], "texture": "#3"},
				"up": {"uv": [0, 0, 1, 0], "texture": "#3"},
				"down": {"uv": [0, 0, 1, 0], "texture": "#3"}
			}
		},
		{
			"from": [7.15, 23, 10.01],
			"to": [7.85, 23.1, 10.01],
			"rotation": {"angle": 0, "axis": "y", "origin": [9, 24, 10.8]},
			"faces": {
				"north": {"uv": [0, 0, 1, 0.5], "texture": "#3"},
				"east": {"uv": [0, 0, 0, 0.5], "texture": "#3"},
				"south": {"uv": [0, 0, 1, 0.5], "texture": "#3"},
				"west": {"uv": [0, 0, 0, 0.5], "texture": "#3"},
				"up": {"uv": [0, 0, 1, 0], "texture": "#3"},
				"down": {"uv": [0, 0, 1, 0], "texture": "#3"}
			}
		},
		{
			"from": [7.15, 22.4, 10.01],
			"to": [7.85, 22.5, 10.01],
			"rotation": {"angle": 0, "axis": "y", "origin": [9, 22, 10.8]},
			"faces": {
				"north": {"uv": [0, 0, 1, 0.5], "texture": "#3"},
				"east": {"uv": [0, 0, 0, 0.5], "texture": "#3"},
				"south": {"uv": [0, 0, 1, 0.5], "texture": "#3"},
				"west": {"uv": [0, 0, 0, 0.5], "texture": "#3"},
				"up": {"uv": [0, 0, 1, 0], "texture": "#3"},
				"down": {"uv": [0, 0, 1, 0], "texture": "#3"}
			}
		},
		{
			"from": [6, 23.6, 10.01],
			"to": [7, 26, 10.01],
			"rotation": {"angle": 0, "axis": "y", "origin": [8, 26, 10.8]},
			"faces": {
				"north": {"uv": [0, 0, 1, 2.5], "texture": "#3"},
				"east": {"uv": [0, 0, 0, 2.5], "texture": "#3"},
				"south": {"uv": [0, 0, 1, 2.5], "texture": "#3"},
				"west": {"uv": [0, 0, 0, 2.5], "texture": "#3"},
				"up": {"uv": [0, 0, 1, 0], "texture": "#3"},
				"down": {"uv": [0, 0, 1, 0], "texture": "#3"}
			}
		},
		{
			"from": [5.8, 24, 10.01],
			"to": [6, 26, 10.01],
			"rotation": {"angle": 0, "axis": "y", "origin": [7, 26, 10.8]},
			"faces": {
				"north": {"uv": [0, 0, 1, 2.5], "texture": "#3"},
				"east": {"uv": [0, 0, 0, 2.5], "texture": "#3"},
				"south": {"uv": [0, 0, 1, 2.5], "texture": "#3"},
				"west": {"uv": [0, 0, 0, 2.5], "texture": "#3"},
				"up": {"uv": [0, 0, 1, 0], "texture": "#3"},
				"down": {"uv": [0, 0, 1, 0], "texture": "#3"}
			}
		},
		{
			"from": [5.6, 24.4, 10.01],
			"to": [5.8, 26, 10.01],
			"rotation": {"angle": 0, "axis": "y", "origin": [7, 26, 10.8]},
			"faces": {
				"north": {"uv": [0, 0, 1, 2.5], "texture": "#3"},
				"east": {"uv": [0, 0, 0, 2.5], "texture": "#3"},
				"south": {"uv": [0, 0, 1, 2.5], "texture": "#3"},
				"west": {"uv": [0, 0, 0, 2.5], "texture": "#3"},
				"up": {"uv": [0, 0, 1, 0], "texture": "#3"},
				"down": {"uv": [0, 0, 1, 0], "texture": "#3"}
			}
		},
		{
			"from": [5.5, 24.65, 10.01],
			"to": [5.6, 25.85, 10.01],
			"rotation": {"angle": 0, "axis": "y", "origin": [7, 26, 10.8]},
			"faces": {
				"north": {"uv": [0, 0, 1, 2.5], "texture": "#3"},
				"east": {"uv": [0, 0, 0, 2.5], "texture": "#3"},
				"south": {"uv": [0, 0, 1, 2.5], "texture": "#3"},
				"west": {"uv": [0, 0, 0, 2.5], "texture": "#3"},
				"up": {"uv": [0, 0, 1, 0], "texture": "#3"},
				"down": {"uv": [0, 0, 1, 0], "texture": "#3"}
			}
		},
		{
			"from": [6.15, 23.5, 10.01],
			"to": [6.75, 23.6, 10.01],
			"rotation": {"angle": 0, "axis": "y", "origin": [8, 23, 10.8]},
			"faces": {
				"north": {"uv": [0, 0, 1, 2.5], "texture": "#3"},
				"east": {"uv": [0, 0, 0, 2.5], "texture": "#3"},
				"south": {"uv": [0, 0, 1, 2.5], "texture": "#3"},
				"west": {"uv": [0, 0, 0, 2.5], "texture": "#3"},
				"up": {"uv": [0, 0, 1, 0], "texture": "#3"},
				"down": {"uv": [0, 0, 1, 0], "texture": "#3"}
			}
		},
		{
			"from": [7, 23.8, 10.01],
			"to": [7.2, 24.5, 10.01],
			"rotation": {"angle": 0, "axis": "y", "origin": [9, 27, 10.8]},
			"faces": {
				"north": {"uv": [0, 0, 1, 2.5], "texture": "#3"},
				"east": {"uv": [0, 0, 0, 2.5], "texture": "#3"},
				"south": {"uv": [0, 0, 1, 2.5], "texture": "#3"},
				"west": {"uv": [0, 0, 0, 2.5], "texture": "#3"},
				"up": {"uv": [0, 0, 1, 0], "texture": "#3"},
				"down": {"uv": [0, 0, 1, 0], "texture": "#3"}
			}
		},
		{
			"from": [7.2, 24, 10.01],
			"to": [7.4, 24.5, 10.01],
			"rotation": {"angle": 0, "axis": "y", "origin": [9, 27, 10.8]},
			"faces": {
				"north": {"uv": [0, 0, 1, 2.5], "texture": "#3"},
				"east": {"uv": [0, 0, 0, 2.5], "texture": "#3"},
				"south": {"uv": [0, 0, 1, 2.5], "texture": "#3"},
				"west": {"uv": [0, 0, 0, 2.5], "texture": "#3"},
				"up": {"uv": [0, 0, 1, 0], "texture": "#3"},
				"down": {"uv": [0, 0, 1, 0], "texture": "#3"}
			}
		},
		{
			"from": [4, 18.5, 10.01],
			"to": [12, 21, 10.01],
			"rotation": {"angle": 0, "axis": "y", "origin": [8, 21, 10.8]},
			"faces": {
				"north": {"uv": [0, 0, 8, 2.5], "texture": "#4"},
				"east": {"uv": [0, 0, 0, 2.5], "texture": "#4"},
				"south": {"uv": [0, 0, 8, 2.5], "texture": "#4"},
				"west": {"uv": [0, 0, 0, 2.5], "texture": "#4"},
				"up": {"uv": [0, 0, 8, 0], "texture": "#4"},
				"down": {"uv": [0, 0, 8, 0], "texture": "#4"}
			}
		},
		{
			"from": [4, 21, 10.01],
			"to": [7, 22, 10.01],
			"rotation": {"angle": 0, "axis": "y", "origin": [8, 23, 10.8]},
			"faces": {
				"north": {"uv": [0, 0, 3, 1], "texture": "#4"},
				"east": {"uv": [0, 0, 0, 1], "texture": "#4"},
				"south": {"uv": [0, 0, 3, 1], "texture": "#4"},
				"west": {"uv": [0, 0, 0, 1], "texture": "#4"},
				"up": {"uv": [0, 0, 3, 0], "texture": "#4"},
				"down": {"uv": [0, 0, 3, 0], "texture": "#4"}
			}
		},
		{
			"from": [4.5, 22, 10.01],
			"to": [6.5, 22.25, 10.01],
			"rotation": {"angle": 0, "axis": "y", "origin": [8, 24, 10.8]},
			"faces": {
				"north": {"uv": [0, 0, 3, 1], "texture": "#4"},
				"east": {"uv": [0, 0, 0, 1], "texture": "#4"},
				"south": {"uv": [0, 0, 3, 1], "texture": "#4"},
				"west": {"uv": [0, 0, 0, 1], "texture": "#4"},
				"up": {"uv": [0, 0, 3, 0], "texture": "#4"},
				"down": {"uv": [0, 0, 3, 0], "texture": "#4"}
			}
		},
		{
			"from": [4.8, 22.25, 10.01],
			"to": [6.3, 22.35, 10.01],
			"rotation": {"angle": 0, "axis": "y", "origin": [8, 24, 10.8]},
			"faces": {
				"north": {"uv": [0, 0, 3, 1], "texture": "#4"},
				"east": {"uv": [0, 0, 0, 1], "texture": "#4"},
				"south": {"uv": [0, 0, 3, 1], "texture": "#4"},
				"west": {"uv": [0, 0, 0, 1], "texture": "#4"},
				"up": {"uv": [0, 0, 3, 0], "texture": "#4"},
				"down": {"uv": [0, 0, 3, 0], "texture": "#4"}
			}
		},
		{
			"from": [4.2, 22, 10.01],
			"to": [4.5, 22.15, 10.01],
			"rotation": {"angle": 0, "axis": "y", "origin": [6, 24, 10.8]},
			"faces": {
				"north": {"uv": [0, 0, 3, 1], "texture": "#4"},
				"east": {"uv": [0, 0, 0, 1], "texture": "#4"},
				"south": {"uv": [0, 0, 3, 1], "texture": "#4"},
				"west": {"uv": [0, 0, 0, 1], "texture": "#4"},
				"up": {"uv": [0, 0, 3, 0], "texture": "#4"},
				"down": {"uv": [0, 0, 3, 0], "texture": "#4"}
			}
		},
		{
			"from": [6.5, 22, 10.01],
			"to": [6.8, 22.15, 10.01],
			"rotation": {"angle": 0, "axis": "y", "origin": [8, 24, 10.8]},
			"faces": {
				"north": {"uv": [0, 0, 3, 1], "texture": "#4"},
				"east": {"uv": [0, 0, 0, 1], "texture": "#4"},
				"south": {"uv": [0, 0, 3, 1], "texture": "#4"},
				"west": {"uv": [0, 0, 0, 1], "texture": "#4"},
				"up": {"uv": [0, 0, 3, 0], "texture": "#4"},
				"down": {"uv": [0, 0, 3, 0], "texture": "#4"}
			}
		},
		{
			"from": [10, 21, 10.01],
			"to": [12, 22, 10.01],
			"rotation": {"angle": 0, "axis": "y", "origin": [13, 23, 10.8]},
			"faces": {
				"north": {"uv": [0, 0, 2, 1], "texture": "#4"},
				"east": {"uv": [0, 0, 0, 1], "texture": "#4"},
				"south": {"uv": [0, 0, 2, 1], "texture": "#4"},
				"west": {"uv": [0, 0, 0, 1], "texture": "#4"},
				"up": {"uv": [0, 0, 2, 0], "texture": "#4"},
				"down": {"uv": [0, 0, 2, 0], "texture": "#4"}
			}
		},
		{
			"from": [10.2, 22, 10.01],
			"to": [12, 22.1, 10.01],
			"rotation": {"angle": 0, "axis": "y", "origin": [13, 24, 10.8]},
			"faces": {
				"north": {"uv": [0, 0, 2, 1], "texture": "#4"},
				"east": {"uv": [0, 0, 0, 1], "texture": "#4"},
				"south": {"uv": [0, 0, 2, 1], "texture": "#4"},
				"west": {"uv": [0, 0, 0, 1], "texture": "#4"},
				"up": {"uv": [0, 0, 2, 0], "texture": "#4"},
				"down": {"uv": [0, 0, 2, 0], "texture": "#4"}
			}
		},
		{
			"from": [10.3, 22.1, 10.01],
			"to": [12, 22.2, 10.01],
			"rotation": {"angle": 0, "axis": "y", "origin": [13, 24, 10.8]},
			"faces": {
				"north": {"uv": [0, 0, 2, 1], "texture": "#4"},
				"east": {"uv": [0, 0, 0, 1], "texture": "#4"},
				"south": {"uv": [0, 0, 2, 1], "texture": "#4"},
				"west": {"uv": [0, 0, 0, 1], "texture": "#4"},
				"up": {"uv": [0, 0, 2, 0], "texture": "#4"},
				"down": {"uv": [0, 0, 2, 0], "texture": "#4"}
			}
		},
		{
			"from": [10.5, 22.2, 10.01],
			"to": [12, 22.4, 10.01],
			"rotation": {"angle": 0, "axis": "y", "origin": [13, 24, 10.8]},
			"faces": {
				"north": {"uv": [0, 0, 2, 1], "texture": "#4"},
				"east": {"uv": [0, 0, 0, 1], "texture": "#4"},
				"south": {"uv": [0, 0, 2, 1], "texture": "#4"},
				"west": {"uv": [0, 0, 0, 1], "texture": "#4"},
				"up": {"uv": [0, 0, 2, 0], "texture": "#4"},
				"down": {"uv": [0, 0, 2, 0], "texture": "#4"}
			}
		},
		{
			"from": [10.7, 22.4, 10.01],
			"to": [12, 22.6, 10.01],
			"rotation": {"angle": 0, "axis": "y", "origin": [13, 24, 10.8]},
			"faces": {
				"north": {"uv": [0, 0, 2, 1], "texture": "#4"},
				"east": {"uv": [0, 0, 0, 1], "texture": "#4"},
				"south": {"uv": [0, 0, 2, 1], "texture": "#4"},
				"west": {"uv": [0, 0, 0, 1], "texture": "#4"},
				"up": {"uv": [0, 0, 2, 0], "texture": "#4"},
				"down": {"uv": [0, 0, 2, 0], "texture": "#4"}
			}
		},
		{
			"from": [10.9, 22.6, 10.01],
			"to": [12, 22.8, 10.01],
			"rotation": {"angle": 0, "axis": "y", "origin": [13, 24, 10.8]},
			"faces": {
				"north": {"uv": [0, 0, 2, 1], "texture": "#4"},
				"east": {"uv": [0, 0, 0, 1], "texture": "#4"},
				"south": {"uv": [0, 0, 2, 1], "texture": "#4"},
				"west": {"uv": [0, 0, 0, 1], "texture": "#4"},
				"up": {"uv": [0, 0, 2, 0], "texture": "#4"},
				"down": {"uv": [0, 0, 2, 0], "texture": "#4"}
			}
		},
		{
			"from": [11.1, 22.8, 10.01],
			"to": [12, 22.9, 10.01],
			"rotation": {"angle": 0, "axis": "y", "origin": [13, 24, 10.8]},
			"faces": {
				"north": {"uv": [0, 0, 2, 1], "texture": "#4"},
				"east": {"uv": [0, 0, 0, 1], "texture": "#4"},
				"south": {"uv": [0, 0, 2, 1], "texture": "#4"},
				"west": {"uv": [0, 0, 0, 1], "texture": "#4"},
				"up": {"uv": [0, 0, 2, 0], "texture": "#4"},
				"down": {"uv": [0, 0, 2, 0], "texture": "#4"}
			}
		},
		{
			"from": [11.3, 22.9, 10.01],
			"to": [12, 23, 10.01],
			"rotation": {"angle": 0, "axis": "y", "origin": [13, 24, 10.8]},
			"faces": {
				"north": {"uv": [0, 0, 2, 1], "texture": "#4"},
				"east": {"uv": [0, 0, 0, 1], "texture": "#4"},
				"south": {"uv": [0, 0, 2, 1], "texture": "#4"},
				"west": {"uv": [0, 0, 0, 1], "texture": "#4"},
				"up": {"uv": [0, 0, 2, 0], "texture": "#4"},
				"down": {"uv": [0, 0, 2, 0], "texture": "#4"}
			}
		},
		{
			"from": [11.5, 23, 10.01],
			"to": [12, 23.1, 10.01],
			"rotation": {"angle": 0, "axis": "y", "origin": [13, 24, 10.8]},
			"faces": {
				"north": {"uv": [0, 0, 2, 1], "texture": "#4"},
				"east": {"uv": [0, 0, 0, 1], "texture": "#4"},
				"south": {"uv": [0, 0, 2, 1], "texture": "#4"},
				"west": {"uv": [0, 0, 0, 1], "texture": "#4"},
				"up": {"uv": [0, 0, 2, 0], "texture": "#4"},
				"down": {"uv": [0, 0, 2, 0], "texture": "#4"}
			}
		},
		{
			"from": [11.7, 23.1, 10.01],
			"to": [12, 23.2, 10.01],
			"rotation": {"angle": 0, "axis": "y", "origin": [13, 24, 10.8]},
			"faces": {
				"north": {"uv": [0, 0, 2, 1], "texture": "#4"},
				"east": {"uv": [0, 0, 0, 1], "texture": "#4"},
				"south": {"uv": [0, 0, 2, 1], "texture": "#4"},
				"west": {"uv": [0, 0, 0, 1], "texture": "#4"},
				"up": {"uv": [0, 0, 2, 0], "texture": "#4"},
				"down": {"uv": [0, 0, 2, 0], "texture": "#4"}
			}
		},
		{
			"from": [9.8, 21, 10.01],
			"to": [10, 21.9, 10.01],
			"rotation": {"angle": 0, "axis": "y", "origin": [12, 23, 10.8]},
			"faces": {
				"north": {"uv": [0, 0, 0.2, 0.9], "texture": "#4"},
				"east": {"uv": [0, 0, 0, 0.9], "texture": "#4"},
				"south": {"uv": [0, 0, 0.2, 0.9], "texture": "#4"},
				"west": {"uv": [0, 0, 0, 0.9], "texture": "#4"},
				"up": {"uv": [0, 0, 0.2, 0], "texture": "#4"},
				"down": {"uv": [0, 0, 0.2, 0], "texture": "#4"}
			}
		},
		{
			"from": [7, 21, 10.01],
			"to": [7.2, 21.9, 10.01],
			"rotation": {"angle": 0, "axis": "y", "origin": [9, 23, 10.8]},
			"faces": {
				"north": {"uv": [0, 0, 0.2, 0.9], "texture": "#4"},
				"east": {"uv": [0, 0, 0, 0.9], "texture": "#4"},
				"south": {"uv": [0, 0, 0.2, 0.9], "texture": "#4"},
				"west": {"uv": [0, 0, 0, 0.9], "texture": "#4"},
				"up": {"uv": [0, 0, 0.2, 0], "texture": "#4"},
				"down": {"uv": [0, 0, 0.2, 0], "texture": "#4"}
			}
		},
		{
			"from": [7.2, 21, 10.01],
			"to": [7.4, 21.7, 10.01],
			"rotation": {"angle": 0, "axis": "y", "origin": [9, 23, 10.8]},
			"faces": {
				"north": {"uv": [0, 0, 0.2, 0.7], "texture": "#4"},
				"east": {"uv": [0, 0, 0, 0.7], "texture": "#4"},
				"south": {"uv": [0, 0, 0.2, 0.7], "texture": "#4"},
				"west": {"uv": [0, 0, 0, 0.7], "texture": "#4"},
				"up": {"uv": [0, 0, 0.2, 0], "texture": "#4"},
				"down": {"uv": [0, 0, 0.2, 0], "texture": "#4"}
			}
		},
		{
			"from": [7.4, 21, 10.01],
			"to": [7.6, 21.5, 10.01],
			"rotation": {"angle": 0, "axis": "y", "origin": [9, 23, 10.8]},
			"faces": {
				"north": {"uv": [0, 0, 0.2, 0.5], "texture": "#4"},
				"east": {"uv": [0, 0, 0, 0.5], "texture": "#4"},
				"south": {"uv": [0, 0, 0.2, 0.5], "texture": "#4"},
				"west": {"uv": [0, 0, 0, 0.5], "texture": "#4"},
				"up": {"uv": [0, 0, 0.2, 0], "texture": "#4"},
				"down": {"uv": [0, 0, 0.2, 0], "texture": "#4"}
			}
		},
		{
			"from": [7.6, 21, 10.01],
			"to": [7.8, 21.3, 10.01],
			"rotation": {"angle": 0, "axis": "y", "origin": [9, 23, 10.8]},
			"faces": {
				"north": {"uv": [0, 0, 0.2, 0.3], "texture": "#4"},
				"east": {"uv": [0, 0, 0, 0.3], "texture": "#4"},
				"south": {"uv": [0, 0, 0.2, 0.3], "texture": "#4"},
				"west": {"uv": [0, 0, 0, 0.3], "texture": "#4"},
				"up": {"uv": [0, 0, 0.2, 0], "texture": "#4"},
				"down": {"uv": [0, 0, 0.2, 0], "texture": "#4"}
			}
		},
		{
			"from": [9.6, 21, 10.01],
			"to": [9.8, 21.8, 10.01],
			"rotation": {"angle": 0, "axis": "y", "origin": [11, 23, 10.8]},
			"faces": {
				"north": {"uv": [0, 0, 0.2, 0.8], "texture": "#4"},
				"east": {"uv": [0, 0, 0, 0.8], "texture": "#4"},
				"south": {"uv": [0, 0, 0.2, 0.8], "texture": "#4"},
				"west": {"uv": [0, 0, 0, 0.8], "texture": "#4"},
				"up": {"uv": [0, 0, 0.2, 0], "texture": "#4"},
				"down": {"uv": [0, 0, 0.2, 0], "texture": "#4"}
			}
		},
		{
			"from": [9.4, 21, 10.01],
			"to": [9.6, 21.7, 10.01],
			"rotation": {"angle": 0, "axis": "y", "origin": [10, 23, 10.8]},
			"faces": {
				"north": {"uv": [0, 0, 0.2, 0.7], "texture": "#4"},
				"east": {"uv": [0, 0, 0, 0.7], "texture": "#4"},
				"south": {"uv": [0, 0, 0.2, 0.7], "texture": "#4"},
				"west": {"uv": [0, 0, 0, 0.7], "texture": "#4"},
				"up": {"uv": [0, 0, 0.2, 0], "texture": "#4"},
				"down": {"uv": [0, 0, 0.2, 0], "texture": "#4"}
			}
		},
		{
			"from": [9.2, 21, 10.01],
			"to": [9.4, 21.6, 10.01],
			"rotation": {"angle": 0, "axis": "y", "origin": [9, 23, 10.8]},
			"faces": {
				"north": {"uv": [0, 0, 0.2, 0.6], "texture": "#4"},
				"east": {"uv": [0, 0, 0, 0.6], "texture": "#4"},
				"south": {"uv": [0, 0, 0.2, 0.6], "texture": "#4"},
				"west": {"uv": [0, 0, 0, 0.6], "texture": "#4"},
				"up": {"uv": [0, 0, 0.2, 0], "texture": "#4"},
				"down": {"uv": [0, 0, 0.2, 0], "texture": "#4"}
			}
		},
		{
			"from": [9, 21, 10.01],
			"to": [9.2, 21.5, 10.01],
			"rotation": {"angle": 0, "axis": "y", "origin": [8, 23, 10.8]},
			"faces": {
				"north": {"uv": [0, 0, 0.2, 0.5], "texture": "#4"},
				"east": {"uv": [0, 0, 0, 0.5], "texture": "#4"},
				"south": {"uv": [0, 0, 0.2, 0.5], "texture": "#4"},
				"west": {"uv": [0, 0, 0, 0.5], "texture": "#4"},
				"up": {"uv": [0, 0, 0.2, 0], "texture": "#4"},
				"down": {"uv": [0, 0, 0.2, 0], "texture": "#4"}
			}
		},
		{
			"from": [8.8, 21, 10.01],
			"to": [9, 21.45, 10.01],
			"rotation": {"angle": 0, "axis": "y", "origin": [8, 23, 10.8]},
			"faces": {
				"north": {"uv": [0, 0, 0.2, 0.45], "texture": "#4"},
				"east": {"uv": [0, 0, 0, 0.45], "texture": "#4"},
				"south": {"uv": [0, 0, 0.2, 0.45], "texture": "#4"},
				"west": {"uv": [0, 0, 0, 0.45], "texture": "#4"},
				"up": {"uv": [0, 0, 0.2, 0], "texture": "#4"},
				"down": {"uv": [0, 0, 0.2, 0], "texture": "#4"}
			}
		},
		{
			"from": [8.6, 21, 10.01],
			"to": [8.8, 21.4, 10.01],
			"rotation": {"angle": 0, "axis": "y", "origin": [8, 23, 10.8]},
			"faces": {
				"north": {"uv": [0, 0, 0.2, 0.4], "texture": "#4"},
				"east": {"uv": [0, 0, 0, 0.4], "texture": "#4"},
				"south": {"uv": [0, 0, 0.2, 0.4], "texture": "#4"},
				"west": {"uv": [0, 0, 0, 0.4], "texture": "#4"},
				"up": {"uv": [0, 0, 0.2, 0], "texture": "#4"},
				"down": {"uv": [0, 0, 0.2, 0], "texture": "#4"}
			}
		},
		{
			"from": [8.4, 21, 10.01],
			"to": [8.6, 21.35, 10.01],
			"rotation": {"angle": 0, "axis": "y", "origin": [8, 23, 10.8]},
			"faces": {
				"north": {"uv": [0, 0, 0.2, 0.35], "texture": "#4"},
				"east": {"uv": [0, 0, 0, 0.35], "texture": "#4"},
				"south": {"uv": [0, 0, 0.2, 0.35], "texture": "#4"},
				"west": {"uv": [0, 0, 0, 0.35], "texture": "#4"},
				"up": {"uv": [0, 0, 0.2, 0], "texture": "#4"},
				"down": {"uv": [0, 0, 0.2, 0], "texture": "#4"}
			}
		},
		{
			"from": [8.2, 21, 10.01],
			"to": [8.4, 21.3, 10.01],
			"rotation": {"angle": 0, "axis": "y", "origin": [8, 23, 10.8]},
			"faces": {
				"north": {"uv": [0, 0, 0.2, 0.3], "texture": "#4"},
				"east": {"uv": [0, 0, 0, 0.3], "texture": "#4"},
				"south": {"uv": [0, 0, 0.2, 0.3], "texture": "#4"},
				"west": {"uv": [0, 0, 0, 0.3], "texture": "#4"},
				"up": {"uv": [0, 0, 0.2, 0], "texture": "#4"},
				"down": {"uv": [0, 0, 0.2, 0], "texture": "#4"}
			}
		},
		{
			"from": [8, 21, 10.01],
			"to": [8.2, 21.25, 10.01],
			"rotation": {"angle": 0, "axis": "y", "origin": [8, 23, 10.8]},
			"faces": {
				"north": {"uv": [0, 0, 0.2, 0.25], "texture": "#4"},
				"east": {"uv": [0, 0, 0, 0.25], "texture": "#4"},
				"south": {"uv": [0, 0, 0.2, 0.25], "texture": "#4"},
				"west": {"uv": [0, 0, 0, 0.25], "texture": "#4"},
				"up": {"uv": [0, 0, 0.2, 0], "texture": "#4"},
				"down": {"uv": [0, 0, 0.2, 0], "texture": "#4"}
			}
		},
		{
			"from": [7.8, 21, 10.01],
			"to": [8, 21.2, 10.01],
			"rotation": {"angle": 0, "axis": "y", "origin": [8, 23, 10.8]},
			"faces": {
				"north": {"uv": [0, 0, 0.2, 0.2], "texture": "#4"},
				"east": {"uv": [0, 0, 0, 0.2], "texture": "#4"},
				"south": {"uv": [0, 0, 0.2, 0.2], "texture": "#4"},
				"west": {"uv": [0, 0, 0, 0.2], "texture": "#4"},
				"up": {"uv": [0, 0, 0.2, 0], "texture": "#4"},
				"down": {"uv": [0, 0, 0.2, 0], "texture": "#4"}
			}
		}
	],
	"display": {
		"thirdperson_righthand": {
			"rotation": [16, 0, 0],
			"translation": [0, -1, 0.5],
			"scale": [0.3, 0.3, 0.3]
		},
		"thirdperson_lefthand": {
			"rotation": [16, 0, 0],
			"translation": [0, -1, 0.5],
			"scale": [0.3, 0.3, 0.3]
		},
		"firstperson_righthand": {
			"rotation": [-12, -12, 14],
			"translation": [3, 0.75, 0],
			"scale": [0.3, 0.3, 0.3]
		},
		"firstperson_lefthand": {
			"rotation": [-12, -12, 14],
			"translation": [3, 0.75, 0],
			"scale": [0.3, 0.3, 0.3]
		},
		"ground": {
			"translation": [0, 2, 0],
			"scale": [0.3, 0.3, 0.3]
		},
		"gui": {
			"rotation": [0, 16, 0],
			"translation": [0, -3.25, 0],
			"scale": [0.6, 0.6, 0.6]
		},
		"head": {
			"translation": [0, -1.25, 0],
			"scale": [0.79453, 0.88633, 1.44297]
		},
		"fixed": {
			"translation": [0, -3.5, -1.75]
		}
	},
	"groups": [
		{
			"name": "band",
			"origin": [8, 8, 8],
			"children": [0, 1, 2]
		},
		{
			"name": "ears",
			"origin": [9, 8, 8],
			"children": [3, 4, 5, 6, 7, 8, 9, 10, 11, 12, 13, 14, 15, 16, 17, 18, 19, 20, 21, 22, 23, 24, 25, 26, 27, 28, 29, 30, 31, 32, 33, 34, 35, 36, 37, 38, 39, 40, 41, 42, 43, 44, 45, 46, 47, 48, 49, 50, 51, 52]
		},
		{
			"name": "Hat",
			"origin": [8, 8, 8],
			"children": [53, 54, 55, 56, 57, 58, 59, 60, 61, 62, 63, 64,
				{
					"name": "Graphic",
					"origin": [8, 8, 8],
					"children": [65, 66, 67, 68, 69, 70, 71, 72, 73, 74, 75, 76, 77, 78, 79, 80, 81, 82, 83, 84, 85, 86, 87, 88, 89, 90, 91, 92, 93, 94, 95, 96, 97, 98, 99, 100, 101, 102, 103, 104, 105, 106, 107, 108, 109, 110, 111, 112, 113, 114, 115, 116, 117, 118, 119, 120,
						{
							"name": "Bat",
							"origin": [8, 23, 6.8],
							"children": [121, 122, 123, 124, 125, 126, 127, 128, 129, 130, 131, 132, 133, 134, 135, 136, 137]
						}
					]
				},
				{
					"name": "Graphic back",
					"origin": [8, 8, 8],
					"children": [138, 139, 140, 141, 142, 143, 144, 145, 146, 147, 148, 149, 150, 151, 152, 153, 154, 155, 156, 157, 158, 159, 160, 161, 162, 163, 164, 165, 166, 167, 168, 169, 170, 171, 172, 173, 174, 175, 176, 177, 178, 179, 180, 181, 182, 183, 184, 185, 186, 187, 188, 189, 190, 191, 192]
				}
			]
		}
	]
}