{
	"credit": "Credit: Ontvlambaar, Sammie_gaga",
	"textures": {
		"1": "block/white_concrete",
		"2": "block/black_concrete",
		"3": "loungefly/ghostmickey_full",
		"4": "loungefly/ghostmickey",
		"particle": "loungefly/ghostmickey_full"
	},
	"elements": [
		{
			"from": [-0.5, 5.5, 7],
			"to": [0.2, 16, 9.25],
			"faces": {
				"north": {"uv": [0, 0, 0.5, 10.5], "texture": "#2"},
				"east": {"uv": [0, 0, 2.25, 10.5], "texture": "#2"},
				"south": {"uv": [0, 0, 0.5, 10.5], "texture": "#2"},
				"west": {"uv": [0, 0, 2.25, 10.5], "texture": "#2"},
				"down": {"uv": [0, 0, 0.5, 2.25], "texture": "#2"}
			}
		},
		{
			"from": [-0.5, 16, 7],
			"to": [16.5, 16.5, 9.25],
			"faces": {
				"north": {"uv": [0, 0, 16, 0.5], "texture": "#2"},
				"east": {"uv": [0, 0, 2.25, 0.5], "texture": "#2"},
				"south": {"uv": [0, 0, 16, 0.5], "texture": "#2"},
				"west": {"uv": [0, 0, 2.25, 0.5], "texture": "#2"},
				"up": {"uv": [0, 0, 16, 2.25], "texture": "#2"},
				"down": {"uv": [0, 0, 16, 2.25], "texture": "#2"}
			}
		},
		{
			"from": [16, 5.5, 7],
			"to": [16.7, 16, 9.25],
			"faces": {
				"north": {"uv": [0, 0, 0.5, 10.5], "texture": "#2"},
				"east": {"uv": [0, 0, 2.25, 10.5], "texture": "#2"},
				"south": {"uv": [0, 0, 0.5, 10.5], "texture": "#2"},
				"west": {"uv": [0, 0, 2.25, 10.5], "texture": "#2"},
				"up": {"uv": [0, 0, 0.5, 2.25], "texture": "#2"},
				"down": {"uv": [0, 0, 0.5, 2.25], "texture": "#2"}
			}
		},
		{
			"from": [-2.25, 11.35, 7.75],
			"to": [-1.25, 19.25, 8.25],
			"faces": {
				"north": {"uv": [0, 0, 1, 9], "texture": "#1"},
				"east": {"uv": [0, 0, 0.5, 9], "texture": "#1"},
				"south": {"uv": [0, 0, 1, 9], "texture": "#1"},
				"west": {"uv": [0, 0, 0.5, 9], "texture": "#1"},
				"up": {"uv": [0, 0, 1, 0.5], "texture": "#1"},
				"down": {"uv": [0, 0, 1, 0.5], "texture": "#1"}
			}
		},
		{
			"from": [-1.25, 11.75, 7.75],
			"to": [-0.25, 19.25, 8.25],
			"rotation": {"angle": 0, "axis": "y", "origin": [9, 8, 8]},
			"faces": {
				"north": {"uv": [0, 0, 1, 9], "texture": "#1"},
				"south": {"uv": [0, 0, 1, 9], "texture": "#1"},
				"up": {"uv": [0, 0, 1, 0.5], "texture": "#1"},
				"down": {"uv": [0, 0, 1, 0.5], "texture": "#1"}
			}
		},
		{
			"from": [-1.75, 12.45, 7.75],
			"to": [-0.75, 19.45, 8.25],
			"rotation": {"angle": 0, "axis": "y", "origin": [7.5, 8.1, 8]},
			"faces": {
				"north": {"uv": [0, 0, 3, 10], "texture": "#1"},
				"east": {"uv": [0, 0, 0.5, 10], "texture": "#1"},
				"south": {"uv": [0, 0, 3, 10], "texture": "#1"},
				"west": {"uv": [0, 0, 0.5, 10], "texture": "#1"},
				"up": {"uv": [0, 0, 3, 0.5], "texture": "#1"}
			}
		},
		{
			"from": [-3.25, 11.25, 7.75],
			"to": [-2.25, 18.75, 8.25],
			"faces": {
				"north": {"uv": [0, 0, 1, 7.5], "texture": "#1"},
				"south": {"uv": [0, 0, 1, 7.5], "texture": "#1"},
				"west": {"uv": [0, 0, 0.5, 7.5], "texture": "#1"},
				"up": {"uv": [0, 0, 1, 0.5], "texture": "#1"},
				"down": {"uv": [0, 0, 1, 0.5], "texture": "#1"}
			}
		},
		{
			"from": [-3.75, 11.85, 7.75],
			"to": [-3.25, 18.25, 8.25],
			"faces": {
				"north": {"uv": [0, 0, 0.5, 7], "texture": "#1"},
				"south": {"uv": [0, 0, 0.5, 7], "texture": "#1"},
				"west": {"uv": [0, 0, 0.5, 7], "texture": "#1"},
				"up": {"uv": [0, 0, 0.5, 0.5], "texture": "#1"},
				"down": {"uv": [0, 0, 0.5, 0.5], "texture": "#1"}
			}
		},
		{
			"from": [-4.75, 13.25, 7.75],
			"to": [-4.25, 16.25, 8.25],
			"faces": {
				"north": {"uv": [0, 0, 0.5, 3], "texture": "#1"},
				"south": {"uv": [0, 0, 0.5, 3], "texture": "#1"},
				"west": {"uv": [0, 0, 0.5, 3], "texture": "#1"},
				"up": {"uv": [0, 0, 0.5, 0.5], "texture": "#1"},
				"down": {"uv": [0, 0, 0.5, 0.5], "texture": "#1"}
			}
		},
		{
			"from": [-4.25, 11.95, 7.75],
			"to": [-3.75, 16.55, 8.25],
			"rotation": {"angle": 0, "axis": "y", "origin": [8, 7.3, 8]},
			"faces": {
				"north": {"uv": [0, 0, 0.5, 5], "texture": "#1"},
				"east": {"uv": [0, 0, 0.5, 5], "texture": "#1"},
				"south": {"uv": [0, 0, 0.5, 5], "texture": "#1"},
				"west": {"uv": [0, 0, 0.5, 5], "texture": "#1"},
				"up": {"uv": [0, 0, 0.5, 0.5], "texture": "#1"},
				"down": {"uv": [0, 0, 0.5, 0.5], "texture": "#1"}
			}
		},
		{
			"from": [-0.25, 16.05, 7.75],
			"to": [0.75, 19.25, 8.25],
			"rotation": {"angle": 0, "axis": "y", "origin": [8, 7.8, 8]},
			"faces": {
				"north": {"uv": [0, 0, 3, 10], "texture": "#1"},
				"south": {"uv": [0, 0, 3, 10], "texture": "#1"},
				"up": {"uv": [0, 0, 3, 0.5], "texture": "#1"}
			}
		},
		{
			"from": [-0.25, 16.3, 7.25],
			"to": [0.75, 19, 8.75],
			"rotation": {"angle": 0, "axis": "y", "origin": [8, 7.8, 8]},
			"faces": {
				"north": {"uv": [0, 0, 2.5, 9.5], "texture": "#1"},
				"south": {"uv": [0, 0, 2.5, 9.5], "texture": "#1"},
				"up": {"uv": [0, 0, 2.5, 1.5], "texture": "#1"}
			}
		},
		{
			"from": [-1, 12.6, 7.25],
			"to": [-0.25, 19.5, 8.75],
			"rotation": {"angle": 0, "axis": "y", "origin": [8, 8.3, 8]},
			"faces": {
				"north": {"uv": [0, 0, 2.5, 9.5], "texture": "#1"},
				"south": {"uv": [0, 0, 2.5, 9.5], "texture": "#1"},
				"up": {"uv": [0, 0, 2.5, 1.5], "texture": "#1"},
				"down": {"uv": [0, 0, 2.5, 1.5], "texture": "#1"}
			}
		},
		{
			"from": [-2, 12, 7.25],
			"to": [-1, 19, 8.75],
			"faces": {
				"north": {"uv": [0, 0, 1, 8.5], "texture": "#1"},
				"east": {"uv": [0, 0, 1.5, 8.5], "texture": "#1"},
				"south": {"uv": [0, 0, 1, 8.5], "texture": "#1"},
				"west": {"uv": [0, 0, 1.5, 8.5], "texture": "#1"},
				"up": {"uv": [0, 0, 1, 1.5], "texture": "#1"},
				"down": {"uv": [0, 0, 1, 1.5], "texture": "#1"}
			}
		},
		{
			"from": [-0.6, 20.2, 7.15],
			"to": [3.3, 24.2, 8.65],
			"rotation": {"angle": 45, "axis": "z", "origin": [8.4, 14.9, 7.9]},
			"faces": {
				"north": {"uv": [0, 0, 15.989, 15.995], "texture": "#4"},
				"east": {"uv": [0, 0, 1.5, 8.5], "texture": "#4"},
				"west": {"uv": [0, 0, 1.5, 8.5], "texture": "#4"},
				"up": {"uv": [0, 0, 1, 1.5], "texture": "#4"},
				"down": {"uv": [0, 0, 1, 1.5], "texture": "#4"}
			}
		},
		{
			"from": [-0.6, 20.2, 7.35],
			"to": [3.3, 24.2, 8.85],
			"rotation": {"angle": 45, "axis": "z", "origin": [8.4, 14.9, 8.1]},
			"faces": {
				"east": {"uv": [1.5, 0, 0, 8.5], "texture": "#4"},
				"south": {"uv": [15.989, 0, 0, 15.995], "texture": "#4"},
				"west": {"uv": [1.5, 0, 0, 8.5], "texture": "#4"},
				"up": {"uv": [0, 1.5, 1, 0], "texture": "#4"},
				"down": {"uv": [0, 1.5, 1, 0], "texture": "#4"}
			}
		},
		{
			"from": [-4.5, 13.5, 7.25],
			"to": [-4, 16, 8.75],
			"faces": {
				"north": {"uv": [0, 0, 0.5, 2.5], "texture": "#1"},
				"south": {"uv": [0, 0, 0.5, 2.5], "texture": "#1"},
				"west": {"uv": [0, 0, 1.5, 2.5], "texture": "#1"},
				"up": {"uv": [0, 0, 0.5, 1.5], "texture": "#1"},
				"down": {"uv": [0, 0, 0.5, 1.5], "texture": "#1"}
			}
		},
		{
			"from": [-4, 12.5, 7.25],
			"to": [-3.5, 17, 8.75],
			"faces": {
				"north": {"uv": [0, 0, 0.5, 4.5], "texture": "#1"},
				"south": {"uv": [0, 0, 0.5, 4.5], "texture": "#1"},
				"west": {"uv": [0, 0, 1.5, 4.5], "texture": "#1"},
				"up": {"uv": [0, 0, 0.5, 1.5], "texture": "#1"},
				"down": {"uv": [0, 0, 0.5, 1.5], "texture": "#1"}
			}
		},
		{
			"from": [-3.5, 11.7, 7.25],
			"to": [-3, 18, 8.75],
			"faces": {
				"north": {"uv": [0, 0, 0.5, 6.5], "texture": "#1"},
				"south": {"uv": [0, 0, 0.5, 6.5], "texture": "#1"},
				"west": {"uv": [0, 0, 1.5, 6.5], "texture": "#1"},
				"up": {"uv": [0, 0, 0.5, 1.5], "texture": "#1"},
				"down": {"uv": [0, 0, 0.5, 1.5], "texture": "#1"}
			}
		},
		{
			"from": [-3, 11.5, 7.25],
			"to": [-2, 18.5, 8.75],
			"faces": {
				"north": {"uv": [0, 0, 1, 7.5], "texture": "#1"},
				"east": {"uv": [0, 0, 1.5, 7.5], "texture": "#1"},
				"south": {"uv": [0, 0, 1, 7.5], "texture": "#1"},
				"west": {"uv": [0, 0, 1.5, 7.5], "texture": "#1"},
				"up": {"uv": [0, 0, 1, 1.5], "texture": "#1"},
				"down": {"uv": [0, 0, 1, 1.5], "texture": "#1"}
			}
		},
		{
			"name": "hexadecagon",
			"from": [-6.27739, 11.5, 7.85],
			"to": [-5.32261, 16.3, 8.15],
			"rotation": {"angle": -45, "axis": "z", "origin": [-5.8, 13.9, 8]},
			"faces": {
				"north": {"uv": [0, 0, 1, 1], "texture": "#1"},
				"south": {"uv": [0, 0, 1, 1], "texture": "#1"},
				"down": {"uv": [0, 0, 1, 1], "texture": "#1"}
			}
		},
		{
			"name": "hexadecagon",
			"from": [-6.27739, 11.5, 7.85],
			"to": [-5.32261, 16.3, 8.15],
			"rotation": {"angle": -22.5, "axis": "z", "origin": [-5.8, 13.9, 8]},
			"faces": {
				"north": {"uv": [0, 0, 1, 1], "texture": "#1"},
				"south": {"uv": [0, 0, 1, 1], "texture": "#1"},
				"up": {"uv": [0, 0, 1, 1], "texture": "#1"},
				"down": {"uv": [0, 0, 1, 1], "texture": "#1"}
			}
		},
		{
			"name": "hexadecagon",
			"from": [-6.27739, 11.5, 7.85],
			"to": [-5.32261, 16.3, 8.15],
			"rotation": {"angle": 0, "axis": "z", "origin": [-5.8, 13.9, 8]},
			"faces": {
				"north": {"uv": [0, 0, 1, 1], "texture": "#1"},
				"south": {"uv": [0, 0, 1, 1], "texture": "#1"},
				"up": {"uv": [0, 0, 1, 1], "texture": "#1"},
				"down": {"uv": [0, 0, 1, 1], "texture": "#1"}
			}
		},
		{
			"name": "hexadecagon",
			"from": [-6.27739, 11.5, 7.85],
			"to": [-5.32261, 16.3, 8.15],
			"rotation": {"angle": 22.5, "axis": "z", "origin": [-5.8, 13.9, 8]},
			"faces": {
				"north": {"uv": [0, 0, 1, 1], "texture": "#1"},
				"south": {"uv": [0, 0, 1, 1], "texture": "#1"},
				"up": {"uv": [0, 0, 1, 1], "texture": "#1"},
				"down": {"uv": [0, 0, 1, 1], "texture": "#1"}
			}
		},
		{
			"name": "hexadecagon",
			"from": [-6.27739, 11.5, 7.85],
			"to": [-5.32261, 16.3, 8.15],
			"rotation": {"angle": 45, "axis": "z", "origin": [-5.8, 13.9, 8]},
			"faces": {
				"north": {"uv": [0, 0, 1, 1], "texture": "#1"},
				"south": {"uv": [0, 0, 1, 1], "texture": "#1"},
				"up": {"uv": [0, 0, 1, 1], "texture": "#1"},
				"down": {"uv": [0, 0, 1, 1], "texture": "#1"}
			}
		},
		{
			"name": "hexadecagon",
			"from": [-8.2, 13.42261, 7.85],
			"to": [-3.4, 14.37739, 8.15],
			"rotation": {"angle": -22.5, "axis": "z", "origin": [-5.8, 13.9, 8]},
			"faces": {
				"north": {"uv": [0, 0, 1, 1], "texture": "#1"},
				"south": {"uv": [0, 0, 1, 1], "texture": "#1"},
				"west": {"uv": [0, 0, 1, 1], "texture": "#1"}
			}
		},
		{
			"name": "hexadecagon",
			"from": [-8.2, 13.42261, 7.85],
			"to": [-3.4, 14.37739, 8.15],
			"rotation": {"angle": 0, "axis": "z", "origin": [-5.8, 13.9, 8]},
			"faces": {
				"north": {"uv": [0, 0, 1, 1], "texture": "#1"},
				"south": {"uv": [0, 0, 1, 1], "texture": "#1"},
				"west": {"uv": [0, 0, 1, 1], "texture": "#1"}
			}
		},
		{
			"name": "hexadecagon",
			"from": [-8.2, 13.42261, 7.85],
			"to": [-3.4, 14.37739, 8.15],
			"rotation": {"angle": 22.5, "axis": "z", "origin": [-5.8, 13.9, 8]},
			"faces": {
				"north": {"uv": [0, 0, 1, 1], "texture": "#1"},
				"south": {"uv": [0, 0, 1, 1], "texture": "#1"},
				"west": {"uv": [0, 0, 1, 1], "texture": "#1"}
			}
		},
		{
			"name": "hexadecagon",
			"from": [-3.07739, 17.4, 7.85],
			"to": [-2.12261, 22.2, 8.15],
			"rotation": {"angle": -45, "axis": "z", "origin": [-2.6, 19.8, 8]},
			"faces": {
				"north": {"uv": [0, 0, 1, 1], "texture": "#1"},
				"south": {"uv": [0, 0, 1, 1], "texture": "#1"},
				"up": {"uv": [0, 0, 1, 1], "texture": "#1"},
				"down": {"uv": [0, 0, 1, 1], "texture": "#1"}
			}
		},
		{
			"name": "hexadecagon",
			"from": [-3.07739, 17.4, 7.85],
			"to": [-2.12261, 22.2, 8.15],
			"rotation": {"angle": -22.5, "axis": "z", "origin": [-2.6, 19.8, 8]},
			"faces": {
				"north": {"uv": [0, 0, 1, 1], "texture": "#1"},
				"south": {"uv": [0, 0, 1, 1], "texture": "#1"},
				"up": {"uv": [0, 0, 1, 1], "texture": "#1"},
				"down": {"uv": [0, 0, 1, 1], "texture": "#1"}
			}
		},
		{
			"name": "hexadecagon",
			"from": [-3.07739, 17.4, 7.85],
			"to": [-2.12261, 22.2, 8.15],
			"rotation": {"angle": 0, "axis": "z", "origin": [-2.6, 19.8, 8]},
			"faces": {
				"north": {"uv": [0, 0, 1, 1], "texture": "#1"},
				"south": {"uv": [0, 0, 1, 1], "texture": "#1"},
				"up": {"uv": [0, 0, 1, 1], "texture": "#1"}
			}
		},
		{
			"name": "hexadecagon",
			"from": [-3.07739, 17.4, 7.85],
			"to": [-2.12261, 22.2, 8.15],
			"rotation": {"angle": 22.5, "axis": "z", "origin": [-2.6, 19.8, 8]},
			"faces": {
				"north": {"uv": [0, 0, 1, 1], "texture": "#1"},
				"south": {"uv": [0, 0, 1, 1], "texture": "#1"},
				"up": {"uv": [0, 0, 1, 1], "texture": "#1"}
			}
		},
		{
			"name": "hexadecagon",
			"from": [-3.07739, 17.4, 7.85],
			"to": [-2.12261, 22.2, 8.15],
			"rotation": {"angle": 45, "axis": "z", "origin": [-2.6, 19.8, 8]},
			"faces": {
				"north": {"uv": [0, 0, 1, 1], "texture": "#1"},
				"south": {"uv": [0, 0, 1, 1], "texture": "#1"},
				"up": {"uv": [0, 0, 1, 1], "texture": "#1"}
			}
		},
		{
			"name": "hexadecagon",
			"from": [-5, 19.32261, 7.85],
			"to": [-0.2, 20.27739, 8.15],
			"rotation": {"angle": -22.5, "axis": "z", "origin": [-2.6, 19.8, 8]},
			"faces": {
				"north": {"uv": [0, 0, 1, 1], "texture": "#1"},
				"east": {"uv": [0, 0, 1, 1], "texture": "#1"},
				"south": {"uv": [0, 0, 1, 1], "texture": "#1"},
				"west": {"uv": [0, 0, 1, 1], "texture": "#1"}
			}
		},
		{
			"name": "hexadecagon",
			"from": [-5, 19.32261, 7.85],
			"to": [-0.2, 20.27739, 8.15],
			"rotation": {"angle": 0, "axis": "z", "origin": [-2.6, 19.8, 8]},
			"faces": {
				"north": {"uv": [0, 0, 1, 1], "texture": "#1"},
				"east": {"uv": [0, 0, 1, 1], "texture": "#1"},
				"south": {"uv": [0, 0, 1, 1], "texture": "#1"},
				"west": {"uv": [0, 0, 1, 1], "texture": "#1"}
			}
		},
		{
			"name": "hexadecagon",
			"from": [-5, 19.32261, 7.85],
			"to": [-0.2, 20.27739, 8.15],
			"rotation": {"angle": 22.5, "axis": "z", "origin": [-2.6, 19.8, 8]},
			"faces": {
				"north": {"uv": [0, 0, 1, 1], "texture": "#1"},
				"east": {"uv": [0, 0, 1, 1], "texture": "#1"},
				"south": {"uv": [0, 0, 1, 1], "texture": "#1"},
				"west": {"uv": [0, 0, 1, 1], "texture": "#1"}
			}
		},
		{
			"from": [9, 16.5, 7.5],
			"to": [9.5, 19.5, 9],
			"faces": {
				"north": {"uv": [0, 0, 0.5, 3], "texture": "#2"},
				"south": {"uv": [0, 0, 0.5, 3], "texture": "#2"},
				"west": {"uv": [0, 0, 1.5, 3], "texture": "#2"},
				"up": {"uv": [0, 0, 0.5, 1.5], "texture": "#2"}
			}
		},
		{
			"from": [9.5, 16.25, 7.5],
			"to": [10, 20.5, 9],
			"faces": {
				"north": {"uv": [0, 0, 0.5, 4.5], "texture": "#2"},
				"south": {"uv": [0, 0, 0.5, 4.5], "texture": "#2"},
				"west": {"uv": [0, 0, 1.5, 4.5], "texture": "#2"},
				"up": {"uv": [0, 0, 0.5, 1.5], "texture": "#2"}
			}
		},
		{
			"from": [10, 16.25, 7.5],
			"to": [11, 21, 9],
			"faces": {
				"north": {"uv": [0, 0, 1, 5], "texture": "#2"},
				"south": {"uv": [0, 0, 1, 5], "texture": "#2"},
				"west": {"uv": [0, 0, 1.5, 5], "texture": "#2"},
				"up": {"uv": [0, 0, 1, 1.5], "texture": "#2"}
			}
		},
		{
			"from": [11, 16.25, 7.5],
			"to": [13, 21.5, 9],
			"faces": {
				"north": {"uv": [0, 0, 2, 5.5], "texture": "#2"},
				"south": {"uv": [0, 0, 2, 5.5], "texture": "#2"},
				"west": {"uv": [0, 0, 1.5, 5.5], "texture": "#2"},
				"up": {"uv": [0, 0, 2, 1.5], "texture": "#2"}
			}
		},
		{
			"from": [13, 21.5, 7.5],
			"to": [15, 22, 9],
			"faces": {
				"north": {"uv": [0, 0, 2, 5.5], "texture": "#2"},
				"east": {"uv": [0, 0, 1.5, 5.5], "texture": "#2"},
				"south": {"uv": [0, 0, 2, 5.5], "texture": "#2"},
				"west": {"uv": [0, 0, 1.5, 5.5], "texture": "#2"},
				"up": {"uv": [0, 0, 2, 1.5], "texture": "#2"}
			}
		},
		{
			"from": [15, 17.5, 7.5],
			"to": [15.5, 21.5, 9],
			"faces": {
				"north": {"uv": [0, 0, 0.5, 4], "texture": "#2"},
				"east": {"uv": [0, 0, 1.5, 4], "texture": "#2"},
				"south": {"uv": [0, 0, 0.5, 4], "texture": "#2"},
				"up": {"uv": [0, 0, 0.5, 1.5], "texture": "#2"}
			}
		},
		{
			"from": [13, 16.5, 7],
			"to": [15, 21.5, 9.5],
			"faces": {
				"north": {"uv": [0, 0, 2, 5], "texture": "#2"},
				"east": {"uv": [0, 0, 2.5, 5], "texture": "#2"},
				"south": {"uv": [0, 0, 2, 5], "texture": "#2"},
				"west": {"uv": [0, 0, 2.5, 5], "texture": "#2"},
				"up": {"uv": [0, 0, 2, 2.5], "texture": "#2"},
				"down": {"uv": [0, 0, 2, 2.5], "texture": "#2"}
			}
		},
		{
			"from": [11, 16.5, 7],
			"to": [13, 21, 9.5],
			"faces": {
				"north": {"uv": [0, 0, 2, 5], "texture": "#2"},
				"south": {"uv": [0, 0, 2, 5], "texture": "#2"},
				"west": {"uv": [0, 0, 2.5, 5], "texture": "#2"},
				"up": {"uv": [0, 0, 2, 2.5], "texture": "#2"},
				"down": {"uv": [0, 0, 2, 2.5], "texture": "#2"}
			}
		},
		{
			"from": [15, 17.5, 7],
			"to": [15.5, 21, 9.5],
			"faces": {
				"north": {"uv": [0, 0, 0.5, 3.5], "texture": "#2"},
				"east": {"uv": [0, 0, 2.5, 3.5], "texture": "#2"},
				"south": {"uv": [0, 0, 0.5, 3.5], "texture": "#2"},
				"up": {"uv": [0, 0, 0.5, 2.5], "texture": "#2"},
				"down": {"uv": [0, 0, 0.5, 2.5], "texture": "#2"}
			}
		},
		{
			"from": [10, 16.5, 7],
			"to": [11, 20.5, 9.5],
			"faces": {
				"north": {"uv": [0, 0, 1, 4.5], "texture": "#2"},
				"south": {"uv": [0, 0, 1, 4.5], "texture": "#2"},
				"west": {"uv": [0, 0, 2.5, 4.5], "texture": "#2"},
				"up": {"uv": [0, 0, 1, 2.5], "texture": "#2"},
				"down": {"uv": [0, 0, 1, 2.5], "texture": "#2"}
			}
		},
		{
			"from": [9.5, 16.5, 7],
			"to": [10, 19.5, 9.5],
			"faces": {
				"north": {"uv": [0, 0, 0.5, 3.5], "texture": "#2"},
				"south": {"uv": [0, 0, 0.5, 3.5], "texture": "#2"},
				"west": {"uv": [0, 0, 2.5, 3.5], "texture": "#2"},
				"up": {"uv": [0, 0, 0.5, 2.5], "texture": "#2"},
				"down": {"uv": [0, 0, 0.5, 2.5], "texture": "#2"}
			}
		},
		{
			"from": [11, 17, 6.5],
			"to": [13, 20, 10],
			"faces": {
				"north": {"uv": [0, 0, 2, 3], "texture": "#2"},
				"south": {"uv": [0, 0, 2, 3], "texture": "#2"},
				"west": {"uv": [0, 0, 3.5, 3], "texture": "#2"},
				"up": {"uv": [0, 0, 2, 3.5], "texture": "#2"},
				"down": {"uv": [0, 0, 2, 3.5], "texture": "#2"}
			}
		},
		{
			"from": [13, 17, 6.5],
			"to": [14.5, 20.5, 10],
			"faces": {
				"north": {"uv": [0, 0, 1.5, 3.5], "texture": "#2"},
				"east": {"uv": [0, 0, 3.5, 3.5], "texture": "#2"},
				"south": {"uv": [0, 0, 1.5, 3.5], "texture": "#2"},
				"west": {"uv": [0, 0, 3.5, 3.5], "texture": "#2"},
				"up": {"uv": [0, 0, 1.5, 3.5], "texture": "#2"},
				"down": {"uv": [0, 0, 1.5, 3.5], "texture": "#2"}
			}
		},
		{
			"from": [14.5, 18, 6.5],
			"to": [15, 20, 10],
			"faces": {
				"north": {"uv": [0, 0, 0.5, 2], "texture": "#2"},
				"east": {"uv": [0, 0, 3.5, 2], "texture": "#2"},
				"south": {"uv": [0, 0, 0.5, 2], "texture": "#2"},
				"up": {"uv": [0, 0, 0.5, 3.5], "texture": "#2"},
				"down": {"uv": [0, 0, 0.5, 3.5], "texture": "#2"}
			}
		},
		{
			"from": [10.5, 17.5, 6.5],
			"to": [11, 19, 10],
			"faces": {
				"north": {"uv": [0, 0, 0.5, 1.5], "texture": "#2"},
				"south": {"uv": [0, 0, 0.5, 1.5], "texture": "#2"},
				"west": {"uv": [0, 0, 3.5, 1.5], "texture": "#2"},
				"up": {"uv": [0, 0, 0.5, 3.5], "texture": "#2"},
				"down": {"uv": [0, 0, 0.5, 3.5], "texture": "#2"}
			}
		},
		{
			"from": [4.75, 17.5, 6.25],
			"to": [5.25, 19, 9.75],
			"faces": {
				"north": {"uv": [0, 0, 0.5, 1.5], "texture": "#2"},
				"east": {"uv": [0, 0, 3.5, 1.5], "texture": "#2"},
				"south": {"uv": [0, 0, 0.5, 1.5], "texture": "#2"},
				"up": {"uv": [0, 0, 0.5, 3.5], "rotation": 180, "texture": "#2"},
				"down": {"uv": [0, 0, 0.5, 3.5], "rotation": 180, "texture": "#2"}
			}
		},
		{
			"from": [2.75, 17, 6.25],
			"to": [4.75, 20, 9.75],
			"faces": {
				"north": {"uv": [0, 0, 2, 3], "texture": "#2"},
				"east": {"uv": [0, 0, 3.5, 3], "texture": "#2"},
				"south": {"uv": [0, 0, 2, 3], "texture": "#2"},
				"up": {"uv": [0, 0, 2, 3.5], "rotation": 180, "texture": "#2"},
				"down": {"uv": [0, 0, 2, 3.5], "rotation": 180, "texture": "#2"}
			}
		},
		{
			"from": [3.05, 17.7, 6.15],
			"to": [4.75, 20, 6.25],
			"rotation": {"angle": 0, "axis": "y", "origin": [8, 8, 4.5]},
			"faces": {
				"north": {"uv": [0, 0, 16, 16], "texture": "#3"},
				"east": {"uv": [0, 0, 0, 2.226], "texture": "#3"},
				"west": {"uv": [0, 0, 3.5, 0], "texture": "#3"},
				"up": {"uv": [0, 0, 0.371, 0.813], "rotation": 180, "texture": "#3"},
				"down": {"uv": [0, 0, 2, 1.261], "rotation": 180, "texture": "#3"}
			}
		},
		{
			"from": [3.05, 17.7, 9.75],
			"to": [4.75, 20, 9.85],
			"rotation": {"angle": 0, "axis": "y", "origin": [8, 8, 11.5]},
			"faces": {
				"east": {"uv": [0, 0, 0, 2.226], "texture": "#3"},
				"south": {"uv": [16, 0, 0, 16], "texture": "#3"},
				"west": {"uv": [3.5, 0, 0, 0], "texture": "#3"},
				"up": {"uv": [0, 0.813, 0.371, 0], "rotation": 180, "texture": "#3"},
				"down": {"uv": [0, 1.261, 2, 0], "rotation": 180, "texture": "#3"}
			}
		},
		{
			"from": [11.25, 17.7, 9.95],
			"to": [12.95, 20, 10.05],
			"rotation": {"angle": 0, "axis": "y", "origin": [8, 8, 11.7]},
			"faces": {
				"east": {"uv": [0, 0, 3.5, 0], "texture": "#3"},
				"south": {"uv": [0, 0, 16, 16], "texture": "#3"},
				"west": {"uv": [0, 0, 0, 2.226], "texture": "#3"},
				"up": {"uv": [0.371, 0.813, 0, 0], "rotation": 180, "texture": "#3"},
				"down": {"uv": [2, 1.261, 0, 0], "rotation": 180, "texture": "#3"}
			}
		},
		{
			"from": [11.25, 17.7, 6.15],
			"to": [12.95, 20, 6.25],
			"rotation": {"angle": 0, "axis": "y", "origin": [8, 8, 4.5]},
			"faces": {
				"north": {"uv": [16, 0, 0, 16], "texture": "#3"},
				"east": {"uv": [3.5, 0, 0, 0], "texture": "#3"},
				"south": {"uv": [0.697, 0, 0, 3], "texture": "#3"},
				"west": {"uv": [0, 0, 0, 2.226], "texture": "#3"},
				"up": {"uv": [0.371, 0, 0, 0.813], "rotation": 180, "texture": "#3"},
				"down": {"uv": [2, 0, 0, 1.261], "rotation": 180, "texture": "#3"}
			}
		},
		{
			"from": [1.15, 19.3, 6.15],
			"to": [2.25, 20.7, 6.25],
			"rotation": {"angle": 0, "axis": "y", "origin": [6.1, 9, 4.5]},
			"faces": {
				"north": {"uv": [0, 0, 16, 16], "texture": "#3"},
				"east": {"uv": [0, 0, 0.365, 1.33], "texture": "#3"},
				"south": {"uv": [0, 0, 0, 3], "texture": "#3"},
				"west": {"uv": [0, 0, 0, 2.226], "texture": "#3"},
				"up": {"uv": [0, 0, 0.778, 1.342], "rotation": 180, "texture": "#3"},
				"down": {"uv": [0, 0, 0.942, 1.261], "rotation": 180, "texture": "#3"}
			}
		},
		{
			"from": [1.15, 19.3, 9.75],
			"to": [2.25, 20.7, 9.85],
			"rotation": {"angle": 0, "axis": "y", "origin": [6.1, 9, 11.5]},
			"faces": {
				"north": {"uv": [0, 0, 0, 3], "texture": "#3"},
				"east": {"uv": [0.365, 0, 0, 1.33], "texture": "#3"},
				"south": {"uv": [16, 0, 0, 16], "texture": "#3"},
				"west": {"uv": [0, 0, 0, 2.226], "texture": "#3"},
				"up": {"uv": [0, 1.342, 0.778, 0], "rotation": 180, "texture": "#3"},
				"down": {"uv": [0, 1.261, 0.942, 0], "rotation": 180, "texture": "#3"}
			}
		},
		{
			"from": [13.75, 19.3, 9.95],
			"to": [14.85, 20.7, 10.05],
			"rotation": {"angle": 0, "axis": "y", "origin": [9.9, 9, 11.7]},
			"faces": {
				"north": {"uv": [0, 0, 0, 3], "texture": "#3"},
				"east": {"uv": [0, 0, 0, 2.226], "texture": "#3"},
				"south": {"uv": [0, 0, 16, 16], "texture": "#3"},
				"west": {"uv": [0, 0, 0.365, 1.33], "texture": "#3"},
				"up": {"uv": [0.778, 1.342, 0, 0], "rotation": 180, "texture": "#3"},
				"down": {"uv": [0.942, 1.261, 0, 0], "rotation": 180, "texture": "#3"}
			}
		},
		{
			"from": [13.75, 19.3, 6.15],
			"to": [14.85, 20.7, 6.25],
			"rotation": {"angle": 0, "axis": "y", "origin": [9.9, 9, 4.5]},
			"faces": {
				"north": {"uv": [16, 0, 0, 16], "texture": "#3"},
				"east": {"uv": [0, 0, 0, 2.226], "texture": "#3"},
				"south": {"uv": [0, 0, 0, 3], "texture": "#3"},
				"west": {"uv": [0.365, 0, 0, 1.33], "texture": "#3"},
				"up": {"uv": [0.778, 0, 0, 1.342], "rotation": 180, "texture": "#3"},
				"down": {"uv": [0.942, 0, 0, 1.261], "rotation": 180, "texture": "#3"}
			}
		},
		{
			"from": [13.75, 19.3, 9.75],
			"to": [14.85, 20.7, 9.85],
			"rotation": {"angle": 0, "axis": "y", "origin": [9.9, 9, 11.5]},
			"faces": {
				"north": {"uv": [0, 0, 0, 3], "texture": "#3"},
				"east": {"uv": [0, 0, 0, 2.226], "texture": "#3"},
				"south": {"uv": [0, 0, 16, 16], "texture": "#3"},
				"west": {"uv": [0, 0, 0.365, 1.33], "texture": "#3"},
				"up": {"uv": [0.778, 1.342, 0, 0], "rotation": 180, "texture": "#3"}
			}
		},
		{
			"from": [1.55, 17.3, 6.15],
			"to": [2.35, 18.2, 6.25],
			"rotation": {"angle": 0, "axis": "y", "origin": [6.5, 7, 4.5]},
			"faces": {
				"north": {"uv": [0, 0, 16, 16], "texture": "#3"},
				"east": {"uv": [0, 0, 0.365, 1.33], "texture": "#3"},
				"west": {"uv": [0, 0, 0, 2.226], "texture": "#3"},
				"up": {"uv": [0, 0, 0.778, 1.342], "rotation": 180, "texture": "#3"},
				"down": {"uv": [0, 0, 0.942, 1.261], "rotation": 180, "texture": "#3"}
			}
		},
		{
			"from": [1.55, 17.3, 9.75],
			"to": [2.35, 18.2, 9.85],
			"rotation": {"angle": 0, "axis": "y", "origin": [6.5, 7, 11.5]},
			"faces": {
				"east": {"uv": [0.365, 0, 0, 1.33], "texture": "#3"},
				"south": {"uv": [16, 0, 0, 16], "texture": "#3"},
				"west": {"uv": [0, 0, 0, 2.226], "texture": "#3"},
				"up": {"uv": [0, 1.342, 0.778, 0], "rotation": 180, "texture": "#3"},
				"down": {"uv": [0, 1.261, 0.942, 0], "rotation": 180, "texture": "#3"}
			}
		},
		{
			"from": [13.65, 17.3, 9.95],
			"to": [14.45, 18.2, 10.05],
			"rotation": {"angle": 0, "axis": "y", "origin": [9.5, 7, 11.7]},
			"faces": {
				"east": {"uv": [0, 0, 0, 2.226], "texture": "#3"},
				"south": {"uv": [0, 0, 16, 16], "texture": "#3"},
				"west": {"uv": [0, 0, 0.365, 1.33], "texture": "#3"},
				"up": {"uv": [0.778, 1.342, 0, 0], "rotation": 180, "texture": "#3"},
				"down": {"uv": [0.942, 1.261, 0, 0], "rotation": 180, "texture": "#3"}
			}
		},
		{
			"from": [13.65, 17.3, 6.15],
			"to": [14.45, 18.2, 6.25],
			"rotation": {"angle": 0, "axis": "y", "origin": [9.5, 7, 4.5]},
			"faces": {
				"north": {"uv": [16, 0, 0, 16], "texture": "#3"},
				"east": {"uv": [0, 0, 0, 2.226], "texture": "#3"},
				"south": {"uv": [0, 0, 0, 3], "texture": "#3"},
				"west": {"uv": [0.365, 0, 0, 1.33], "texture": "#3"},
				"up": {"uv": [0.778, 0, 0, 1.342], "rotation": 180, "texture": "#3"},
				"down": {"uv": [0.942, 0, 0, 1.261], "rotation": 180, "texture": "#3"}
			}
		},
		{
			"from": [1.25, 17, 6.25],
			"to": [2.75, 20.5, 9.75],
			"faces": {
				"north": {"uv": [0, 0, 1.5, 3.5], "texture": "#2"},
				"east": {"uv": [0, 0, 3.5, 3.5], "texture": "#2"},
				"south": {"uv": [0, 0, 1.5, 3.5], "texture": "#2"},
				"west": {"uv": [0, 0, 3.5, 3.5], "texture": "#2"},
				"up": {"uv": [0, 0, 1.5, 3.5], "rotation": 180, "texture": "#2"},
				"down": {"uv": [0, 0, 1.5, 3.5], "rotation": 180, "texture": "#2"}
			}
		},
		{
			"from": [0.75, 18, 6.25],
			"to": [1.25, 20, 9.75],
			"faces": {
				"north": {"uv": [0, 0, 0.5, 2], "texture": "#2"},
				"south": {"uv": [0, 0, 0.5, 2], "texture": "#2"},
				"west": {"uv": [0, 0, 3.5, 2], "texture": "#2"},
				"up": {"uv": [0, 0, 0.5, 3.5], "rotation": 180, "texture": "#2"},
				"down": {"uv": [0, 0, 0.5, 3.5], "rotation": 180, "texture": "#2"}
			}
		},
		{
			"from": [0.25, 17.5, 6.75],
			"to": [0.75, 21, 9.25],
			"faces": {
				"north": {"uv": [0, 0, 0.5, 3.5], "texture": "#2"},
				"south": {"uv": [0, 0, 0.5, 3.5], "texture": "#2"},
				"west": {"uv": [0, 0, 2.5, 3.5], "texture": "#2"},
				"up": {"uv": [0, 0, 0.5, 2.5], "rotation": 180, "texture": "#2"},
				"down": {"uv": [0, 0, 0.5, 2.5], "rotation": 180, "texture": "#2"}
			}
		},
		{
			"from": [0.75, 16.5, 6.75],
			"to": [2.75, 21.5, 9.25],
			"faces": {
				"north": {"uv": [0, 0, 2, 5], "texture": "#2"},
				"east": {"uv": [0, 0, 2.5, 5], "texture": "#2"},
				"south": {"uv": [0, 0, 2, 5], "texture": "#2"},
				"west": {"uv": [0, 0, 2.5, 5], "texture": "#2"},
				"up": {"uv": [0, 0, 2, 2.5], "rotation": 180, "texture": "#2"},
				"down": {"uv": [0, 0, 2, 2.5], "rotation": 180, "texture": "#2"}
			}
		},
		{
			"from": [2.75, 16.5, 6.75],
			"to": [4.75, 21, 9.25],
			"faces": {
				"north": {"uv": [0, 0, 2, 5], "texture": "#2"},
				"east": {"uv": [0, 0, 2.5, 5], "texture": "#2"},
				"south": {"uv": [0, 0, 2, 5], "texture": "#2"},
				"up": {"uv": [0, 0, 2, 2.5], "rotation": 180, "texture": "#2"},
				"down": {"uv": [0, 0, 2, 2.5], "rotation": 180, "texture": "#2"}
			}
		},
		{
			"from": [4.75, 16.5, 6.75],
			"to": [5.75, 20.5, 9.25],
			"faces": {
				"north": {"uv": [0, 0, 1, 4.5], "texture": "#2"},
				"east": {"uv": [0, 0, 2.5, 4.5], "texture": "#2"},
				"south": {"uv": [0, 0, 1, 4.5], "texture": "#2"},
				"up": {"uv": [0, 0, 1, 2.5], "rotation": 180, "texture": "#2"},
				"down": {"uv": [0, 0, 1, 2.5], "rotation": 180, "texture": "#2"}
			}
		},
		{
			"from": [5.75, 16.5, 6.75],
			"to": [6.25, 19.5, 9.25],
			"faces": {
				"north": {"uv": [0, 0, 0.5, 3.5], "texture": "#2"},
				"east": {"uv": [0, 0, 2.5, 3.5], "texture": "#2"},
				"south": {"uv": [0, 0, 0.5, 3.5], "texture": "#2"},
				"up": {"uv": [0, 0, 0.5, 2.5], "rotation": 180, "texture": "#2"},
				"down": {"uv": [0, 0, 0.5, 2.5], "rotation": 180, "texture": "#2"}
			}
		},
		{
			"from": [6.25, 16.5, 7.25],
			"to": [6.75, 19.5, 8.75],
			"faces": {
				"north": {"uv": [0, 0, 0.5, 3], "texture": "#2"},
				"east": {"uv": [0, 0, 1.5, 3], "texture": "#2"},
				"south": {"uv": [0, 0, 0.5, 3], "texture": "#2"},
				"up": {"uv": [0, 0, 0.5, 1.5], "rotation": 180, "texture": "#2"}
			}
		},
		{
			"from": [5.75, 16.25, 7.25],
			"to": [6.25, 20.5, 8.75],
			"faces": {
				"north": {"uv": [0, 0, 0.5, 4.5], "texture": "#2"},
				"east": {"uv": [0, 0, 1.5, 4.5], "texture": "#2"},
				"south": {"uv": [0, 0, 0.5, 4.5], "texture": "#2"},
				"up": {"uv": [0, 0, 0.5, 1.5], "rotation": 180, "texture": "#2"}
			}
		},
		{
			"from": [4.75, 16.25, 7.25],
			"to": [5.75, 21, 8.75],
			"faces": {
				"north": {"uv": [0, 0, 1, 5], "texture": "#2"},
				"east": {"uv": [0, 0, 1.5, 5], "texture": "#2"},
				"south": {"uv": [0, 0, 1, 5], "texture": "#2"},
				"up": {"uv": [0, 0, 1, 1.5], "rotation": 180, "texture": "#2"}
			}
		},
		{
			"from": [2.75, 16.25, 7.25],
			"to": [4.75, 21.5, 8.75],
			"faces": {
				"north": {"uv": [0, 0, 2, 5.5], "texture": "#2"},
				"east": {"uv": [0, 0, 1.5, 5.5], "texture": "#2"},
				"south": {"uv": [0, 0, 2, 5.5], "texture": "#2"},
				"up": {"uv": [0, 0, 2, 1.5], "rotation": 180, "texture": "#2"}
			}
		},
		{
			"from": [0.75, 21.5, 7.25],
			"to": [2.75, 22, 8.75],
			"faces": {
				"north": {"uv": [0, 0, 2, 5.5], "texture": "#2"},
				"east": {"uv": [0, 0, 1.5, 5.5], "texture": "#2"},
				"south": {"uv": [0, 0, 2, 5.5], "texture": "#2"},
				"west": {"uv": [0, 0, 1.5, 5.5], "texture": "#2"},
				"up": {"uv": [0, 0, 2, 1.5], "rotation": 180, "texture": "#2"}
			}
		},
		{
			"from": [0.25, 17.5, 7.25],
			"to": [0.75, 21.5, 8.75],
			"faces": {
				"north": {"uv": [0, 0, 0.5, 4], "texture": "#2"},
				"south": {"uv": [0, 0, 0.5, 4], "texture": "#2"},
				"west": {"uv": [0, 0, 1.5, 4], "texture": "#2"},
				"up": {"uv": [0, 0, 0.5, 1.5], "rotation": 180, "texture": "#2"}
			}
		},
		{
			"from": [6.75, 16.5, 7.25],
			"to": [9, 17.5, 9],
			"rotation": {"angle": 0, "axis": "y", "origin": [8, 8, 9]},
			"faces": {
				"north": {"uv": [0, 0, 2.25, 1], "texture": "#2"},
				"east": {"uv": [0, 0, 3.75, 1], "texture": "#2"},
				"south": {"uv": [0, 0, 2.25, 1], "texture": "#2"},
				"west": {"uv": [0, 0, 3.75, 1], "texture": "#2"},
				"up": {"uv": [0, 0, 2.25, 3.75], "texture": "#2"}
			}
		},
		{
			"from": [17.25, 11.25, 7.75],
			"to": [18.25, 19.25, 8.25],
			"faces": {
				"north": {"uv": [1, 0, 0, 9], "texture": "#1"},
				"east": {"uv": [0.5, 0, 0, 9], "texture": "#1"},
				"south": {"uv": [1, 0, 0, 9], "texture": "#1"},
				"west": {"uv": [0.5, 0, 0, 9], "texture": "#1"},
				"up": {"uv": [1, 0, 0, 0.5], "texture": "#1"},
				"down": {"uv": [1, 0, 0, 0.5], "texture": "#1"}
			}
		},
		{
			"from": [16.65, 11.75, 7.75],
			"to": [17.25, 19.25, 8.25],
			"rotation": {"angle": 0, "axis": "y", "origin": [7, 8, 8]},
			"faces": {
				"north": {"uv": [1, 0, 0, 9], "texture": "#1"},
				"south": {"uv": [1, 0, 0, 9], "texture": "#1"},
				"up": {"uv": [1, 0, 0, 0.5], "texture": "#1"},
				"down": {"uv": [1, 0, 0, 0.5], "texture": "#1"}
			}
		},
		{
			"from": [16.75, 12.45, 7.75],
			"to": [17.75, 19.45, 8.25],
			"rotation": {"angle": 0, "axis": "y", "origin": [8.5, 8.1, 8]},
			"faces": {
				"north": {"uv": [3, 0, 0, 10], "texture": "#1"},
				"east": {"uv": [0.5, 0, 0, 10], "texture": "#1"},
				"south": {"uv": [3, 0, 0, 10], "texture": "#1"},
				"west": {"uv": [0.5, 0, 0, 10], "texture": "#1"},
				"up": {"uv": [3, 0, 0, 0.5], "texture": "#1"}
			}
		},
		{
			"from": [18.25, 11.35, 7.75],
			"to": [19.25, 18.75, 8.25],
			"faces": {
				"north": {"uv": [1, 0, 0, 7.5], "texture": "#1"},
				"east": {"uv": [0.5, 0, 0, 7.5], "texture": "#1"},
				"south": {"uv": [1, 0, 0, 7.5], "texture": "#1"},
				"up": {"uv": [1, 0, 0, 0.5], "texture": "#1"},
				"down": {"uv": [1, 0, 0, 0.5], "texture": "#1"}
			}
		},
		{
			"from": [19.25, 11.85, 7.75],
			"to": [19.75, 18.25, 8.25],
			"faces": {
				"north": {"uv": [0.5, 0, 0, 7], "texture": "#1"},
				"east": {"uv": [0.5, 0, 0, 7], "texture": "#1"},
				"south": {"uv": [0.5, 0, 0, 7], "texture": "#1"},
				"up": {"uv": [0.5, 0, 0, 0.5], "texture": "#1"},
				"down": {"uv": [0.5, 0, 0, 0.5], "texture": "#1"}
			}
		},
		{
			"from": [20.25, 13.25, 7.75],
			"to": [20.75, 16.25, 8.25],
			"faces": {
				"north": {"uv": [0.5, 0, 0, 3], "texture": "#1"},
				"east": {"uv": [0.5, 0, 0, 3], "texture": "#1"},
				"south": {"uv": [0.5, 0, 0, 3], "texture": "#1"},
				"up": {"uv": [0.5, 0, 0, 0.5], "texture": "#1"},
				"down": {"uv": [0.5, 0, 0, 0.5], "texture": "#1"}
			}
		},
		{
			"from": [19.75, 12.25, 7.75],
			"to": [20.25, 16.55, 8.25],
			"faces": {
				"north": {"uv": [0.5, 0, 0, 5], "texture": "#1"},
				"east": {"uv": [0.5, 0, 0, 5], "texture": "#1"},
				"south": {"uv": [0.5, 0, 0, 5], "texture": "#1"},
				"up": {"uv": [0.5, 0, 0, 0.5], "texture": "#1"},
				"down": {"uv": [0.5, 0, 0, 0.5], "texture": "#1"}
			}
		},
		{
			"from": [15.25, 16.05, 7.75],
			"to": [16.25, 19.25, 8.25],
			"rotation": {"angle": 0, "axis": "y", "origin": [8, 7.8, 8]},
			"faces": {
				"north": {"uv": [3, 0, 0, 10], "texture": "#1"},
				"south": {"uv": [3, 0, 0, 10], "texture": "#1"},
				"up": {"uv": [3, 0, 0, 0.5], "texture": "#1"}
			}
		},
		{
			"from": [15.25, 16.3, 7.25],
			"to": [16.25, 19, 8.75],
			"rotation": {"angle": 0, "axis": "y", "origin": [8, 7.8, 8]},
			"faces": {
				"north": {"uv": [2.5, 0, 0, 9.5], "texture": "#1"},
				"south": {"uv": [2.5, 0, 0, 9.5], "texture": "#1"},
				"west": {"uv": [1.5, 0, 0, 9.5], "texture": "#1"},
				"up": {"uv": [2.5, 0, 0, 1.5], "texture": "#1"}
			}
		},
		{
			"from": [16.25, 12.1, 7.25],
			"to": [17, 19, 8.75],
			"rotation": {"angle": 0, "axis": "y", "origin": [8, 7.8, 8]},
			"faces": {
				"north": {"uv": [2.5, 0, 0, 9.5], "texture": "#1"},
				"south": {"uv": [2.5, 0, 0, 9.5], "texture": "#1"},
				"up": {"uv": [2.5, 0, 0, 1.5], "texture": "#1"},
				"down": {"uv": [2.5, 0, 0, 1.5], "texture": "#1"}
			}
		},
		{
			"from": [17, 11.8, 7.25],
			"to": [18, 19, 8.75],
			"faces": {
				"north": {"uv": [1, 0, 0, 8.5], "texture": "#1"},
				"east": {"uv": [1.5, 0, 0, 8.5], "texture": "#1"},
				"south": {"uv": [1, 0, 0, 8.5], "texture": "#1"},
				"west": {"uv": [1.5, 0, 0, 8.5], "texture": "#1"},
				"up": {"uv": [1, 0, 0, 1.5], "texture": "#1"},
				"down": {"uv": [1, 0, 0, 1.5], "texture": "#1"}
			}
		},
		{
			"from": [12.7, 20.2, 7.15],
			"to": [16.6, 24.2, 8.65],
			"rotation": {"angle": -45, "axis": "z", "origin": [7.6, 14.9, 7.9]},
			"faces": {
				"north": {"uv": [15.989, 0, 0, 15.995], "texture": "#4"},
				"east": {"uv": [1.5, 0, 0, 8.5], "texture": "#4"},
				"west": {"uv": [1.5, 0, 0, 8.5], "texture": "#4"},
				"up": {"uv": [1, 0, 0, 1.5], "texture": "#4"},
				"down": {"uv": [1, 0, 0, 1.5], "texture": "#4"}
			}
		},
		{
			"from": [12.7, 20.2, 7.35],
			"to": [16.6, 24.2, 8.85],
			"rotation": {"angle": -45, "axis": "z", "origin": [7.6, 14.9, 8.1]},
			"faces": {
				"east": {"uv": [0, 0, 1.5, 8.5], "texture": "#4"},
				"south": {"uv": [0, 0, 15.989, 15.995], "texture": "#4"},
				"west": {"uv": [0, 0, 1.5, 8.5], "texture": "#4"},
				"up": {"uv": [1, 1.5, 0, 0], "texture": "#4"},
				"down": {"uv": [1, 1.5, 0, 0], "texture": "#4"}
			}
		},
		{
			"from": [20, 13.5, 7.25],
			"to": [20.5, 16, 8.75],
			"faces": {
				"north": {"uv": [0.5, 0, 0, 2.5], "texture": "#1"},
				"east": {"uv": [1.5, 0, 0, 2.5], "texture": "#1"},
				"south": {"uv": [0.5, 0, 0, 2.5], "texture": "#1"},
				"up": {"uv": [0.5, 0, 0, 1.5], "texture": "#1"},
				"down": {"uv": [0.5, 0, 0, 1.5], "texture": "#1"}
			}
		},
		{
			"from": [19.5, 12.5, 7.25],
			"to": [20, 17, 8.75],
			"faces": {
				"north": {"uv": [0.5, 0, 0, 4.5], "texture": "#1"},
				"east": {"uv": [1.5, 0, 0, 4.5], "texture": "#1"},
				"south": {"uv": [0.5, 0, 0, 4.5], "texture": "#1"},
				"up": {"uv": [0.5, 0, 0, 1.5], "texture": "#1"},
				"down": {"uv": [0.5, 0, 0, 1.5], "texture": "#1"}
			}
		},
		{
			"from": [19, 11.6, 7.25],
			"to": [19.5, 18, 8.75],
			"faces": {
				"north": {"uv": [0.5, 0, 0, 6.5], "texture": "#1"},
				"east": {"uv": [1.5, 0, 0, 6.5], "texture": "#1"},
				"south": {"uv": [0.5, 0, 0, 6.5], "texture": "#1"},
				"up": {"uv": [0.5, 0, 0, 1.5], "texture": "#1"},
				"down": {"uv": [0.5, 0, 0, 1.5], "texture": "#1"}
			}
		},
		{
			"from": [18, 11.5, 7.25],
			"to": [19, 18.5, 8.75],
			"faces": {
				"north": {"uv": [1, 0, 0, 7.5], "texture": "#1"},
				"east": {"uv": [1.5, 0, 0, 7.5], "texture": "#1"},
				"south": {"uv": [1, 0, 0, 7.5], "texture": "#1"},
				"west": {"uv": [1.5, 0, 0, 7.5], "texture": "#1"},
				"up": {"uv": [1, 0, 0, 1.5], "texture": "#1"},
				"down": {"uv": [1, 0, 0, 1.5], "texture": "#1"}
			}
		},
		{
			"name": "hexadecagon",
			"from": [21.32261, 11.5, 7.85],
			"to": [22.27739, 16.3, 8.15],
			"rotation": {"angle": 45, "axis": "z", "origin": [21.8, 13.9, 8]},
			"faces": {
				"north": {"uv": [1, 0, 0, 1], "texture": "#1"},
				"south": {"uv": [1, 0, 0, 1], "texture": "#1"},
				"down": {"uv": [1, 0, 0, 1], "texture": "#1"}
			}
		},
		{
			"name": "hexadecagon",
			"from": [21.32261, 11.5, 7.85],
			"to": [22.27739, 16.3, 8.15],
			"rotation": {"angle": 22.5, "axis": "z", "origin": [21.8, 13.9, 8]},
			"faces": {
				"north": {"uv": [1, 0, 0, 1], "texture": "#1"},
				"south": {"uv": [1, 0, 0, 1], "texture": "#1"},
				"up": {"uv": [1, 0, 0, 1], "texture": "#1"},
				"down": {"uv": [1, 0, 0, 1], "texture": "#1"}
			}
		},
		{
			"name": "hexadecagon",
			"from": [21.32261, 11.5, 7.85],
			"to": [22.27739, 16.3, 8.15],
			"rotation": {"angle": 0, "axis": "z", "origin": [21.8, 13.9, 8]},
			"faces": {
				"north": {"uv": [1, 0, 0, 1], "texture": "#1"},
				"south": {"uv": [1, 0, 0, 1], "texture": "#1"},
				"up": {"uv": [1, 0, 0, 1], "texture": "#1"},
				"down": {"uv": [1, 0, 0, 1], "texture": "#1"}
			}
		},
		{
			"name": "hexadecagon",
			"from": [21.32261, 11.5, 7.85],
			"to": [22.27739, 16.3, 8.15],
			"rotation": {"angle": -22.5, "axis": "z", "origin": [21.8, 13.9, 8]},
			"faces": {
				"north": {"uv": [1, 0, 0, 1], "texture": "#1"},
				"south": {"uv": [1, 0, 0, 1], "texture": "#1"},
				"up": {"uv": [1, 0, 0, 1], "texture": "#1"},
				"down": {"uv": [1, 0, 0, 1], "texture": "#1"}
			}
		},
		{
			"name": "hexadecagon",
			"from": [21.32261, 11.5, 7.85],
			"to": [22.27739, 16.3, 8.15],
			"rotation": {"angle": -45, "axis": "z", "origin": [21.8, 13.9, 8]},
			"faces": {
				"north": {"uv": [1, 0, 0, 1], "texture": "#1"},
				"south": {"uv": [1, 0, 0, 1], "texture": "#1"},
				"up": {"uv": [1, 0, 0, 1], "texture": "#1"},
				"down": {"uv": [1, 0, 0, 1], "texture": "#1"}
			}
		},
		{
			"name": "hexadecagon",
			"from": [19.4, 13.42261, 7.85],
			"to": [24.2, 14.37739, 8.15],
			"rotation": {"angle": 22.5, "axis": "z", "origin": [21.8, 13.9, 8]},
			"faces": {
				"north": {"uv": [1, 0, 0, 1], "texture": "#1"},
				"east": {"uv": [1, 0, 0, 1], "texture": "#1"},
				"south": {"uv": [1, 0, 0, 1], "texture": "#1"}
			}
		},
		{
			"name": "hexadecagon",
			"from": [19.4, 13.42261, 7.85],
			"to": [24.2, 14.37739, 8.15],
			"rotation": {"angle": 0, "axis": "z", "origin": [21.8, 13.9, 8]},
			"faces": {
				"north": {"uv": [1, 0, 0, 1], "texture": "#1"},
				"east": {"uv": [1, 0, 0, 1], "texture": "#1"},
				"south": {"uv": [1, 0, 0, 1], "texture": "#1"}
			}
		},
		{
			"name": "hexadecagon",
			"from": [19.4, 13.42261, 7.85],
			"to": [24.2, 14.37739, 8.15],
			"rotation": {"angle": -22.5, "axis": "z", "origin": [21.8, 13.9, 8]},
			"faces": {
				"north": {"uv": [1, 0, 0, 1], "texture": "#1"},
				"east": {"uv": [1, 0, 0, 1], "texture": "#1"},
				"south": {"uv": [1, 0, 0, 1], "texture": "#1"}
			}
		},
		{
			"name": "hexadecagon",
			"from": [18.12261, 17.4, 7.85],
			"to": [19.07739, 22.2, 8.15],
			"rotation": {"angle": 45, "axis": "z", "origin": [18.6, 19.8, 8]},
			"faces": {
				"north": {"uv": [1, 0, 0, 1], "texture": "#1"},
				"south": {"uv": [1, 0, 0, 1], "texture": "#1"},
				"up": {"uv": [1, 0, 0, 1], "texture": "#1"},
				"down": {"uv": [1, 0, 0, 1], "texture": "#1"}
			}
		},
		{
			"name": "hexadecagon",
			"from": [18.12261, 17.4, 7.85],
			"to": [19.07739, 22.2, 8.15],
			"rotation": {"angle": 22.5, "axis": "z", "origin": [18.6, 19.8, 8]},
			"faces": {
				"north": {"uv": [1, 0, 0, 1], "texture": "#1"},
				"south": {"uv": [1, 0, 0, 1], "texture": "#1"},
				"up": {"uv": [1, 0, 0, 1], "texture": "#1"},
				"down": {"uv": [1, 0, 0, 1], "texture": "#1"}
			}
		},
		{
			"name": "hexadecagon",
			"from": [18.12261, 17.4, 7.85],
			"to": [19.07739, 22.2, 8.15],
			"rotation": {"angle": 0, "axis": "z", "origin": [18.6, 19.8, 8]},
			"faces": {
				"north": {"uv": [1, 0, 0, 1], "texture": "#1"},
				"south": {"uv": [1, 0, 0, 1], "texture": "#1"},
				"up": {"uv": [1, 0, 0, 1], "texture": "#1"}
			}
		},
		{
			"name": "hexadecagon",
			"from": [18.12261, 17.4, 7.85],
			"to": [19.07739, 22.2, 8.15],
			"rotation": {"angle": -22.5, "axis": "z", "origin": [18.6, 19.8, 8]},
			"faces": {
				"north": {"uv": [1, 0, 0, 1], "texture": "#1"},
				"south": {"uv": [1, 0, 0, 1], "texture": "#1"},
				"up": {"uv": [1, 0, 0, 1], "texture": "#1"}
			}
		},
		{
			"name": "hexadecagon",
			"from": [18.12261, 17.4, 7.85],
			"to": [19.07739, 22.2, 8.15],
			"rotation": {"angle": -45, "axis": "z", "origin": [18.6, 19.8, 8]},
			"faces": {
				"north": {"uv": [1, 0, 0, 1], "texture": "#1"},
				"south": {"uv": [1, 0, 0, 1], "texture": "#1"},
				"up": {"uv": [1, 0, 0, 1], "texture": "#1"}
			}
		},
		{
			"name": "hexadecagon",
			"from": [16.2, 19.32261, 7.85],
			"to": [21, 20.27739, 8.15],
			"rotation": {"angle": 22.5, "axis": "z", "origin": [18.6, 19.8, 8]},
			"faces": {
				"north": {"uv": [1, 0, 0, 1], "texture": "#1"},
				"east": {"uv": [1, 0, 0, 1], "texture": "#1"},
				"south": {"uv": [1, 0, 0, 1], "texture": "#1"},
				"west": {"uv": [1, 0, 0, 1], "texture": "#1"}
			}
		},
		{
			"name": "hexadecagon",
			"from": [16.2, 19.32261, 7.85],
			"to": [21, 20.27739, 8.15],
			"rotation": {"angle": 0, "axis": "z", "origin": [18.6, 19.8, 8]},
			"faces": {
				"north": {"uv": [1, 0, 0, 1], "texture": "#1"},
				"east": {"uv": [1, 0, 0, 1], "texture": "#1"},
				"south": {"uv": [1, 0, 0, 1], "texture": "#1"},
				"west": {"uv": [1, 0, 0, 1], "texture": "#1"}
			}
		},
		{
			"name": "hexadecagon",
			"from": [16.2, 19.32261, 7.85],
			"to": [21, 20.27739, 8.15],
			"rotation": {"angle": -22.5, "axis": "z", "origin": [18.6, 19.8, 8]},
			"faces": {
				"north": {"uv": [1, 0, 0, 1], "texture": "#1"},
				"east": {"uv": [1, 0, 0, 1], "texture": "#1"},
				"south": {"uv": [1, 0, 0, 1], "texture": "#1"},
				"west": {"uv": [1, 0, 0, 1], "texture": "#1"}
			}
		}
	],
	"display": {
		"thirdperson_righthand": {
			"rotation": [16, 0, 0],
			"translation": [0, -1, 0.5],
			"scale": [0.3, 0.3, 0.3]
		},
		"thirdperson_lefthand": {
			"rotation": [16, 0, 0],
			"translation": [0, -1, 0.5],
			"scale": [0.3, 0.3, 0.3]
		},
		"firstperson_righthand": {
			"rotation": [-12, -12, 14],
			"translation": [3, 0.75, 0],
			"scale": [0.3, 0.3, 0.3]
		},
		"firstperson_lefthand": {
			"rotation": [-12, -12, 14],
			"translation": [3, 0.75, 0],
			"scale": [0.3, 0.3, 0.3]
		},
		"ground": {
			"translation": [0, 2, 0],
			"scale": [0.3, 0.3, 0.3]
		},
		"gui": {
			"rotation": [0, 16, 0],
			"translation": [0, -2.25, 0],
			"scale": [0.6, 0.6, 0.6]
		},
		"head": {
			"translation": [0, -0.25, 0],
			"scale": [0.85, 0.85, 0.85]
		},
		"fixed": {
			"translation": [0, -3, -1.75]
		}
	},
	"groups": [
		{
			"name": "band",
			"origin": [8, 8, 8],
			"children": [0, 1, 2]
		},
		{
			"name": "ears",
			"origin": [9, 8, 8],
			"children": [3, 4, 5, 6, 7, 8, 9, 10, 11, 12, 13, 14, 15, 16, 17, 18, 19,
				{
					"name": "hexadecagon",
					"origin": [8, 8, 8],
					"children": [20, 21, 22, 23, 24, 25, 26, 27]
				},
				{
					"name": "hexadecagon",
					"origin": [8, 8, 8],
					"children": [28, 29, 30, 31, 32, 33, 34, 35]
				}
			]
		},
		{
			"name": "bow",
			"origin": [8, 8, 8],
			"children": [36, 37, 38, 39, 40, 41, 42, 43, 44, 45, 46, 47, 48, 49, 50, 51, 52, 53, 54, 55, 56, 57, 58, 59, 60, 61, 62, 63, 64, 65, 66, 67, 68, 69, 70, 71, 72, 73, 74, 75, 76, 77, 78, 79]
		},
		{
			"name": "ears",
			"origin": [9, 8, 8],
			"children": [80, 81, 82, 83, 84, 85, 86, 87, 88, 89, 90, 91, 92, 93, 94, 95, 96,
				{
					"name": "hexadecagon",
					"origin": [8, 8, 8],
					"children": [97, 98, 99, 100, 101, 102, 103, 104]
				},
				{
					"name": "hexadecagon",
					"origin": [8, 8, 8],
					"children": [105, 106, 107, 108, 109, 110, 111, 112]
				}
			]
		}
	]
}