{
	"credit": "Credit: Oran9eUtan, Ontvlambaar",
	"textures": {
		"10": "block/black_concrete"
	},
	"elements": [
		{
			"from": [-0.5, 5.5, 7],
			"to": [0, 16, 9.25],
			"faces": {
				"north": {"uv": [3, 3, 4.5, 4.5], "texture": "#10"},
				"east": {"uv": [3, 3, 4.5, 4.5], "texture": "#10"},
				"south": {"uv": [3, 3, 4.5, 4.5], "texture": "#10"},
				"west": {"uv": [3, 3, 4.5, 4.5], "texture": "#10"},
				"up": {"uv": [3, 3, 4.5, 4.5], "texture": "#10"},
				"down": {"uv": [3, 3, 4.5, 4.5], "texture": "#10"}
			}
		},
		{
			"from": [-0.5, 16, 7],
			"to": [16.5, 16.5, 9.25],
			"faces": {
				"north": {"uv": [3, 3, 4.5, 4.5], "texture": "#10"},
				"east": {"uv": [3, 3, 4.5, 4.5], "texture": "#10"},
				"south": {"uv": [3, 3, 4.5, 4.5], "texture": "#10"},
				"west": {"uv": [3, 3, 4.5, 4.5], "texture": "#10"},
				"up": {"uv": [3, 3, 4.5, 4.5], "texture": "#10"},
				"down": {"uv": [3, 3, 4.5, 4.5], "texture": "#10"}
			}
		},
		{
			"from": [16, 5.5, 7],
			"to": [16.5, 16, 9.25],
			"faces": {
				"north": {"uv": [3, 3, 4.5, 4.5], "texture": "#10"},
				"east": {"uv": [3, 3, 4.5, 4.5], "texture": "#10"},
				"south": {"uv": [3, 3, 4.5, 4.5], "texture": "#10"},
				"west": {"uv": [3, 3, 4.5, 4.5], "texture": "#10"},
				"up": {"uv": [3, 3, 4.5, 4.5], "texture": "#10"},
				"down": {"uv": [3, 3, 4.5, 4.5], "texture": "#10"}
			}
		},
		{
			"from": [17.75, 17.625, 7.75],
			"to": [19.125, 20.875, 8.25],
			"faces": {
				"north": {"uv": [3, 3, 4.5, 4.5], "texture": "#10"},
				"east": {"uv": [3, 3, 4.5, 4.5], "texture": "#10"},
				"south": {"uv": [3, 3, 4.5, 4.5], "texture": "#10"},
				"west": {"uv": [3, 3, 4.5, 4.5], "texture": "#10"},
				"up": {"uv": [3, 3, 4.5, 4.5], "texture": "#10"},
				"down": {"uv": [3, 3, 4.5, 4.5], "texture": "#10"}
			}
		},
		{
			"from": [17.625, 10.5, 7.75],
			"to": [19.125, 13.75, 8.25],
			"faces": {
				"north": {"uv": [3, 3, 4.5, 4.5], "texture": "#10"},
				"east": {"uv": [3, 3, 4.5, 4.5], "texture": "#10"},
				"south": {"uv": [3, 3, 4.5, 4.5], "texture": "#10"},
				"west": {"uv": [3, 3, 4.5, 4.5], "texture": "#10"},
				"up": {"uv": [3, 3, 4.5, 4.5], "texture": "#10"},
				"down": {"uv": [3, 3, 4.5, 4.5], "texture": "#10"}
			}
		},
		{
			"from": [16.5, 10.5, 7.75],
			"to": [18, 13.375, 8.25],
			"faces": {
				"north": {"uv": [3, 3, 4.5, 4.5], "texture": "#10"},
				"east": {"uv": [3, 3, 4.5, 4.5], "texture": "#10"},
				"south": {"uv": [3, 3, 4.5, 4.5], "texture": "#10"},
				"west": {"uv": [3, 3, 4.5, 4.5], "texture": "#10"},
				"up": {"uv": [3, 3, 4.5, 4.5], "texture": "#10"},
				"down": {"uv": [3, 3, 4.5, 4.5], "texture": "#10"}
			}
		},
		{
			"from": [13.25, 17, 7.75],
			"to": [14.125, 19.375, 8.25],
			"faces": {
				"north": {"uv": [3, 3, 4.5, 4.5], "texture": "#10"},
				"east": {"uv": [3, 3, 4.5, 4.5], "texture": "#10"},
				"south": {"uv": [3, 3, 4.5, 4.5], "texture": "#10"},
				"west": {"uv": [3, 3, 4.5, 4.5], "texture": "#10"},
				"up": {"uv": [3, 3, 4.5, 4.5], "texture": "#10"},
				"down": {"uv": [3, 3, 4.5, 4.5], "texture": "#10"}
			}
		},
		{
			"from": [16, 17.625, 7.75],
			"to": [16.75, 20.375, 8.25],
			"faces": {
				"north": {"uv": [3, 3, 4.5, 4.5], "texture": "#10"},
				"east": {"uv": [3, 3, 4.5, 4.5], "texture": "#10"},
				"south": {"uv": [3, 3, 4.5, 4.5], "texture": "#10"},
				"west": {"uv": [3, 3, 4.5, 4.5], "texture": "#10"},
				"up": {"uv": [3, 3, 4.5, 4.5], "texture": "#10"},
				"down": {"uv": [3, 3, 4.5, 4.5], "texture": "#10"}
			}
		},
		{
			"from": [14.25, 17.25, 7.75],
			"to": [16.375, 20.25, 8.25],
			"faces": {
				"north": {"uv": [3, 3, 4.5, 4.5], "texture": "#10"},
				"east": {"uv": [3, 3, 4.5, 4.5], "texture": "#10"},
				"south": {"uv": [3, 3, 4.5, 4.5], "texture": "#10"},
				"west": {"uv": [3, 3, 4.5, 4.5], "texture": "#10"},
				"up": {"uv": [3, 3, 4.5, 4.5], "texture": "#10"},
				"down": {"uv": [3, 3, 4.5, 4.5], "texture": "#10"}
			}
		},
		{
			"from": [12.75, 17.25, 7.75],
			"to": [13.625, 18.375, 8.25],
			"faces": {
				"north": {"uv": [3, 3, 4.5, 4.5], "texture": "#10"},
				"east": {"uv": [3, 3, 4.5, 4.5], "texture": "#10"},
				"south": {"uv": [3, 3, 4.5, 4.5], "texture": "#10"},
				"west": {"uv": [3, 3, 4.5, 4.5], "texture": "#10"},
				"up": {"uv": [3, 3, 4.5, 4.5], "texture": "#10"},
				"down": {"uv": [3, 3, 4.5, 4.5], "texture": "#10"}
			}
		},
		{
			"from": [12.25, 16.375, 7.75],
			"to": [15, 17.375, 8.25],
			"faces": {
				"north": {"uv": [3, 3, 4.5, 4.5], "texture": "#10"},
				"east": {"uv": [3, 3, 4.5, 4.5], "texture": "#10"},
				"south": {"uv": [3, 3, 4.5, 4.5], "texture": "#10"},
				"west": {"uv": [3, 3, 4.5, 4.5], "texture": "#10"},
				"up": {"uv": [3, 3, 4.5, 4.5], "texture": "#10"},
				"down": {"uv": [3, 3, 4.5, 4.5], "texture": "#10"}
			}
		},
		{
			"from": [18.75, 17.25, 7.75],
			"to": [20.125, 20.375, 8.25],
			"faces": {
				"north": {"uv": [3, 3, 4.5, 4.5], "texture": "#10"},
				"east": {"uv": [3, 3, 4.5, 4.5], "texture": "#10"},
				"south": {"uv": [3, 3, 4.5, 4.5], "texture": "#10"},
				"west": {"uv": [3, 3, 4.5, 4.5], "texture": "#10"},
				"up": {"uv": [3, 3, 4.5, 4.5], "texture": "#10"},
				"down": {"uv": [3, 3, 4.5, 4.5], "texture": "#10"}
			}
		},
		{
			"from": [18.75, 11.125, 7.75],
			"to": [20.125, 14.25, 8.25],
			"faces": {
				"north": {"uv": [3, 3, 4.5, 4.5], "texture": "#10"},
				"east": {"uv": [3, 3, 4.5, 4.5], "texture": "#10"},
				"south": {"uv": [3, 3, 4.5, 4.5], "texture": "#10"},
				"west": {"uv": [3, 3, 4.5, 4.5], "texture": "#10"},
				"up": {"uv": [3, 3, 4.5, 4.5], "texture": "#10"},
				"down": {"uv": [3, 3, 4.5, 4.5], "texture": "#10"}
			}
		},
		{
			"from": [16.125, 11.125, 7.75],
			"to": [17.25, 13.75, 8.25],
			"faces": {
				"north": {"uv": [3, 3, 4.5, 4.5], "texture": "#10"},
				"east": {"uv": [3, 3, 4.5, 4.5], "texture": "#10"},
				"south": {"uv": [3, 3, 4.5, 4.5], "texture": "#10"},
				"west": {"uv": [3, 3, 4.5, 4.5], "texture": "#10"},
				"up": {"uv": [3, 3, 4.5, 4.5], "texture": "#10"},
				"down": {"uv": [3, 3, 4.5, 4.5], "texture": "#10"}
			}
		},
		{
			"from": [20.25, 11.5, 7.75],
			"to": [21.125, 19.875, 8.25],
			"faces": {
				"north": {"uv": [3, 3, 4.5, 4.5], "texture": "#10"},
				"east": {"uv": [3, 3, 4.5, 4.5], "texture": "#10"},
				"south": {"uv": [3, 3, 4.5, 4.5], "texture": "#10"},
				"west": {"uv": [3, 3, 4.5, 4.5], "texture": "#10"},
				"up": {"uv": [3, 3, 4.5, 4.5], "texture": "#10"},
				"down": {"uv": [3, 3, 4.5, 4.5], "texture": "#10"}
			}
		},
		{
			"from": [19.75, 16.25, 7.75],
			"to": [20.625, 19.875, 8.25],
			"faces": {
				"north": {"uv": [3, 3, 4.5, 4.5], "texture": "#10"},
				"east": {"uv": [3, 3, 4.5, 4.5], "texture": "#10"},
				"south": {"uv": [3, 3, 4.5, 4.5], "texture": "#10"},
				"west": {"uv": [3, 3, 4.5, 4.5], "texture": "#10"},
				"up": {"uv": [3, 3, 4.5, 4.5], "texture": "#10"},
				"down": {"uv": [3, 3, 4.5, 4.5], "texture": "#10"}
			}
		},
		{
			"from": [19.75, 11.5, 7.75],
			"to": [20.625, 15.25, 8.25],
			"faces": {
				"north": {"uv": [3, 3, 4.5, 4.5], "texture": "#10"},
				"east": {"uv": [3, 3, 4.5, 4.5], "texture": "#10"},
				"south": {"uv": [3, 3, 4.5, 4.5], "texture": "#10"},
				"west": {"uv": [3, 3, 4.5, 4.5], "texture": "#10"},
				"up": {"uv": [3, 3, 4.5, 4.5], "texture": "#10"},
				"down": {"uv": [3, 3, 4.5, 4.5], "texture": "#10"}
			}
		},
		{
			"from": [20.75, 12, 7.75],
			"to": [21.625, 19.375, 8.25],
			"faces": {
				"north": {"uv": [3, 3, 4.5, 4.5], "texture": "#10"},
				"east": {"uv": [3, 3, 4.5, 4.5], "texture": "#10"},
				"south": {"uv": [3, 3, 4.5, 4.5], "texture": "#10"},
				"west": {"uv": [3, 3, 4.5, 4.5], "texture": "#10"},
				"up": {"uv": [3, 3, 4.5, 4.5], "texture": "#10"},
				"down": {"uv": [3, 3, 4.5, 4.5], "texture": "#10"}
			}
		},
		{
			"from": [21.75, 14, 7.75],
			"to": [22.625, 17.375, 8.25],
			"faces": {
				"north": {"uv": [3, 3, 4.5, 4.5], "texture": "#10"},
				"east": {"uv": [3, 3, 4.5, 4.5], "texture": "#10"},
				"south": {"uv": [3, 3, 4.5, 4.5], "texture": "#10"},
				"west": {"uv": [3, 3, 4.5, 4.5], "texture": "#10"},
				"up": {"uv": [3, 3, 4.5, 4.5], "texture": "#10"},
				"down": {"uv": [3, 3, 4.5, 4.5], "texture": "#10"}
			}
		},
		{
			"from": [21.25, 13, 7.75],
			"to": [22.125, 18.375, 8.25],
			"faces": {
				"north": {"uv": [3, 3, 4.5, 4.5], "texture": "#10"},
				"east": {"uv": [3, 3, 4.5, 4.5], "texture": "#10"},
				"south": {"uv": [3, 3, 4.5, 4.5], "texture": "#10"},
				"west": {"uv": [3, 3, 4.5, 4.5], "texture": "#10"},
				"up": {"uv": [3, 3, 4.5, 4.5], "texture": "#10"},
				"down": {"uv": [3, 3, 4.5, 4.5], "texture": "#10"}
			}
		},
		{
			"from": [16.625, 10.75, 7.25],
			"to": [18.875, 13, 8.75],
			"faces": {
				"north": {"uv": [3, 3, 4.5, 4.5], "texture": "#10"},
				"east": {"uv": [3, 3, 4.5, 4.5], "texture": "#10"},
				"south": {"uv": [3, 3, 4.5, 4.5], "texture": "#10"},
				"west": {"uv": [3, 3, 4.5, 4.5], "texture": "#10"},
				"up": {"uv": [3, 3, 4.5, 4.5], "texture": "#10"},
				"down": {"uv": [3, 3, 4.5, 4.5], "texture": "#10"}
			}
		},
		{
			"from": [16.125, 11.25, 7.25],
			"to": [17, 13.5, 8.75],
			"faces": {
				"north": {"uv": [3, 3, 4.5, 4.5], "texture": "#10"},
				"east": {"uv": [3, 3, 4.5, 4.5], "texture": "#10"},
				"south": {"uv": [3, 3, 4.5, 4.5], "texture": "#10"},
				"west": {"uv": [3, 3, 4.5, 4.5], "texture": "#10"},
				"up": {"uv": [3, 3, 4.5, 4.5], "texture": "#10"},
				"down": {"uv": [3, 3, 4.5, 4.5], "texture": "#10"}
			}
		},
		{
			"from": [18, 11.25, 7.25],
			"to": [19.875, 13.5, 8.75],
			"faces": {
				"north": {"uv": [3, 3, 4.5, 4.5], "texture": "#10"},
				"east": {"uv": [3, 3, 4.5, 4.5], "texture": "#10"},
				"south": {"uv": [3, 3, 4.5, 4.5], "texture": "#10"},
				"west": {"uv": [3, 3, 4.5, 4.5], "texture": "#10"},
				"up": {"uv": [3, 3, 4.5, 4.5], "texture": "#10"},
				"down": {"uv": [3, 3, 4.5, 4.5], "texture": "#10"}
			}
		},
		{
			"from": [19, 11.75, 7.25],
			"to": [20.875, 14.125, 8.75],
			"faces": {
				"north": {"uv": [3, 3, 4.5, 4.5], "texture": "#10"},
				"east": {"uv": [3, 3, 4.5, 4.5], "texture": "#10"},
				"south": {"uv": [3, 3, 4.5, 4.5], "texture": "#10"},
				"west": {"uv": [3, 3, 4.5, 4.5], "texture": "#10"},
				"up": {"uv": [3, 3, 4.5, 4.5], "texture": "#10"},
				"down": {"uv": [3, 3, 4.5, 4.5], "texture": "#10"}
			}
		},
		{
			"from": [16.5, 12.25, 7.25],
			"to": [21.375, 16, 8.75],
			"faces": {
				"north": {"uv": [3, 3, 4.5, 4.5], "texture": "#10"},
				"east": {"uv": [3, 3, 4.5, 4.5], "texture": "#10"},
				"south": {"uv": [3, 3, 4.5, 4.5], "texture": "#10"},
				"west": {"uv": [3, 3, 4.5, 4.5], "texture": "#10"},
				"up": {"uv": [3, 3, 4.5, 4.5], "texture": "#10"},
				"down": {"uv": [3, 3, 4.5, 4.5], "texture": "#10"}
			}
		},
		{
			"from": [20.5, 13.25, 7.25],
			"to": [21.875, 16.125, 8.75],
			"faces": {
				"north": {"uv": [3, 3, 4.5, 4.5], "texture": "#10"},
				"east": {"uv": [3, 3, 4.5, 4.5], "texture": "#10"},
				"south": {"uv": [3, 3, 4.5, 4.5], "texture": "#10"},
				"west": {"uv": [3, 3, 4.5, 4.5], "texture": "#10"},
				"up": {"uv": [3, 3, 4.5, 4.5], "texture": "#10"},
				"down": {"uv": [3, 3, 4.5, 4.5], "texture": "#10"}
			}
		},
		{
			"from": [21, 14.25, 7.25],
			"to": [22.375, 17.125, 8.75],
			"faces": {
				"north": {"uv": [3, 3, 4.5, 4.5], "texture": "#10"},
				"east": {"uv": [3, 3, 4.5, 4.5], "texture": "#10"},
				"south": {"uv": [3, 3, 4.5, 4.5], "texture": "#10"},
				"west": {"uv": [3, 3, 4.5, 4.5], "texture": "#10"},
				"up": {"uv": [3, 3, 4.5, 4.5], "texture": "#10"},
				"down": {"uv": [3, 3, 4.5, 4.5], "texture": "#10"}
			}
		},
		{
			"from": [14, 16.375, 7.25],
			"to": [16.25, 19.625, 8.75],
			"faces": {
				"north": {"uv": [3, 3, 4.5, 4.5], "texture": "#10"},
				"east": {"uv": [3, 3, 4.5, 4.5], "texture": "#10"},
				"south": {"uv": [3, 3, 4.5, 4.5], "texture": "#10"},
				"west": {"uv": [3, 3, 4.5, 4.5], "texture": "#10"},
				"up": {"uv": [3, 3, 4.5, 4.5], "texture": "#10"},
				"down": {"uv": [3, 3, 4.5, 4.5], "texture": "#10"}
			}
		},
		{
			"from": [14.5, 18, 7.25],
			"to": [16.75, 20.125, 8.75],
			"faces": {
				"north": {"uv": [3, 3, 4.5, 4.5], "texture": "#10"},
				"east": {"uv": [3, 3, 4.5, 4.5], "texture": "#10"},
				"south": {"uv": [3, 3, 4.5, 4.5], "texture": "#10"},
				"west": {"uv": [3, 3, 4.5, 4.5], "texture": "#10"},
				"up": {"uv": [3, 3, 4.5, 4.5], "texture": "#10"},
				"down": {"uv": [3, 3, 4.5, 4.5], "texture": "#10"}
			}
		},
		{
			"from": [16.375, 18.25, 7.25],
			"to": [18.875, 20.625, 8.75],
			"faces": {
				"north": {"uv": [3, 3, 4.5, 4.5], "texture": "#10"},
				"east": {"uv": [3, 3, 4.5, 4.5], "texture": "#10"},
				"south": {"uv": [3, 3, 4.5, 4.5], "texture": "#10"},
				"west": {"uv": [3, 3, 4.5, 4.5], "texture": "#10"},
				"up": {"uv": [3, 3, 4.5, 4.5], "texture": "#10"},
				"down": {"uv": [3, 3, 4.5, 4.5], "texture": "#10"}
			}
		},
		{
			"from": [15.875, 17.25, 7.25],
			"to": [19.875, 20.125, 8.75],
			"faces": {
				"north": {"uv": [3, 3, 4.5, 4.5], "texture": "#10"},
				"east": {"uv": [3, 3, 4.5, 4.5], "texture": "#10"},
				"south": {"uv": [3, 3, 4.5, 4.5], "texture": "#10"},
				"west": {"uv": [3, 3, 4.5, 4.5], "texture": "#10"},
				"up": {"uv": [3, 3, 4.5, 4.5], "texture": "#10"},
				"down": {"uv": [3, 3, 4.5, 4.5], "texture": "#10"}
			}
		},
		{
			"from": [20, 16.375, 7.25],
			"to": [21.375, 19.125, 8.75],
			"faces": {
				"north": {"uv": [3, 3, 4.5, 4.5], "texture": "#10"},
				"east": {"uv": [3, 3, 4.5, 4.5], "texture": "#10"},
				"south": {"uv": [3, 3, 4.5, 4.5], "texture": "#10"},
				"west": {"uv": [3, 3, 4.5, 4.5], "texture": "#10"},
				"up": {"uv": [3, 3, 4.5, 4.5], "texture": "#10"},
				"down": {"uv": [3, 3, 4.5, 4.5], "texture": "#10"}
			}
		},
		{
			"from": [19, 17.375, 7.25],
			"to": [20.875, 19.625, 8.75],
			"faces": {
				"north": {"uv": [3, 3, 4.5, 4.5], "texture": "#10"},
				"east": {"uv": [3, 3, 4.5, 4.5], "texture": "#10"},
				"south": {"uv": [3, 3, 4.5, 4.5], "texture": "#10"},
				"west": {"uv": [3, 3, 4.5, 4.5], "texture": "#10"},
				"up": {"uv": [3, 3, 4.5, 4.5], "texture": "#10"},
				"down": {"uv": [3, 3, 4.5, 4.5], "texture": "#10"}
			}
		},
		{
			"from": [21, 14.375, 7.25],
			"to": [22.375, 17.125, 8.75],
			"faces": {
				"north": {"uv": [3, 3, 4.5, 4.5], "texture": "#10"},
				"east": {"uv": [3, 3, 4.5, 4.5], "texture": "#10"},
				"south": {"uv": [3, 3, 4.5, 4.5], "texture": "#10"},
				"west": {"uv": [3, 3, 4.5, 4.5], "texture": "#10"},
				"up": {"uv": [3, 3, 4.5, 4.5], "texture": "#10"},
				"down": {"uv": [3, 3, 4.5, 4.5], "texture": "#10"}
			}
		},
		{
			"from": [16.25, 15.375, 7.25],
			"to": [21.875, 18.125, 8.75],
			"faces": {
				"north": {"uv": [3, 3, 4.5, 4.5], "texture": "#10"},
				"east": {"uv": [3, 3, 4.5, 4.5], "texture": "#10"},
				"south": {"uv": [3, 3, 4.5, 4.5], "texture": "#10"},
				"west": {"uv": [3, 3, 4.5, 4.5], "texture": "#10"},
				"up": {"uv": [3, 3, 4.5, 4.5], "texture": "#10"},
				"down": {"uv": [3, 3, 4.5, 4.5], "texture": "#10"}
			}
		},
		{
			"from": [16.125, 17.875, 7.75],
			"to": [18.125, 20.875, 8.25],
			"faces": {
				"north": {"uv": [3, 3, 4.5, 4.5], "texture": "#10"},
				"east": {"uv": [3, 3, 4.5, 4.5], "texture": "#10"},
				"south": {"uv": [3, 3, 4.5, 4.5], "texture": "#10"},
				"west": {"uv": [3, 3, 4.5, 4.5], "texture": "#10"},
				"up": {"uv": [3, 3, 4.5, 4.5], "texture": "#10"},
				"down": {"uv": [3, 3, 4.5, 4.5], "texture": "#10"}
			}
		},
		{
			"from": [-2.125, 17.875, 7.75],
			"to": [-0.125, 20.875, 8.25],
			"faces": {
				"north": {"uv": [4.5, 3, 3, 4.5], "texture": "#10"},
				"east": {"uv": [4.5, 3, 3, 4.5], "texture": "#10"},
				"south": {"uv": [4.5, 3, 3, 4.5], "texture": "#10"},
				"west": {"uv": [4.5, 3, 3, 4.5], "texture": "#10"},
				"up": {"uv": [4.5, 3, 3, 4.5], "texture": "#10"},
				"down": {"uv": [4.5, 3, 3, 4.5], "texture": "#10"}
			}
		},
		{
			"from": [-2.875, 10.75, 7.25],
			"to": [-0.625, 13, 8.75],
			"faces": {
				"north": {"uv": [4.5, 3, 3, 4.5], "texture": "#10"},
				"east": {"uv": [4.5, 3, 3, 4.5], "texture": "#10"},
				"south": {"uv": [4.5, 3, 3, 4.5], "texture": "#10"},
				"west": {"uv": [4.5, 3, 3, 4.5], "texture": "#10"},
				"up": {"uv": [4.5, 3, 3, 4.5], "texture": "#10"},
				"down": {"uv": [4.5, 3, 3, 4.5], "texture": "#10"}
			}
		},
		{
			"from": [-1, 11.25, 7.25],
			"to": [-0.125, 13.5, 8.75],
			"faces": {
				"north": {"uv": [4.5, 3, 3, 4.5], "texture": "#10"},
				"east": {"uv": [4.5, 3, 3, 4.5], "texture": "#10"},
				"south": {"uv": [4.5, 3, 3, 4.5], "texture": "#10"},
				"west": {"uv": [4.5, 3, 3, 4.5], "texture": "#10"},
				"up": {"uv": [4.5, 3, 3, 4.5], "texture": "#10"},
				"down": {"uv": [4.5, 3, 3, 4.5], "texture": "#10"}
			}
		},
		{
			"from": [-3.875, 11.25, 7.25],
			"to": [-2, 13.5, 8.75],
			"faces": {
				"north": {"uv": [4.5, 3, 3, 4.5], "texture": "#10"},
				"east": {"uv": [4.5, 3, 3, 4.5], "texture": "#10"},
				"south": {"uv": [4.5, 3, 3, 4.5], "texture": "#10"},
				"west": {"uv": [4.5, 3, 3, 4.5], "texture": "#10"},
				"up": {"uv": [4.5, 3, 3, 4.5], "texture": "#10"},
				"down": {"uv": [4.5, 3, 3, 4.5], "texture": "#10"}
			}
		},
		{
			"from": [-4.875, 11.75, 7.25],
			"to": [-3, 14.125, 8.75],
			"faces": {
				"north": {"uv": [4.5, 3, 3, 4.5], "texture": "#10"},
				"east": {"uv": [4.5, 3, 3, 4.5], "texture": "#10"},
				"south": {"uv": [4.5, 3, 3, 4.5], "texture": "#10"},
				"west": {"uv": [4.5, 3, 3, 4.5], "texture": "#10"},
				"up": {"uv": [4.5, 3, 3, 4.5], "texture": "#10"},
				"down": {"uv": [4.5, 3, 3, 4.5], "texture": "#10"}
			}
		},
		{
			"from": [-5.375, 12.25, 7.25],
			"to": [-0.5, 16, 8.75],
			"faces": {
				"north": {"uv": [4.5, 3, 3, 4.5], "texture": "#10"},
				"east": {"uv": [4.5, 3, 3, 4.5], "texture": "#10"},
				"south": {"uv": [4.5, 3, 3, 4.5], "texture": "#10"},
				"west": {"uv": [4.5, 3, 3, 4.5], "texture": "#10"},
				"up": {"uv": [4.5, 3, 3, 4.5], "texture": "#10"},
				"down": {"uv": [4.5, 3, 3, 4.5], "texture": "#10"}
			}
		},
		{
			"from": [-5.875, 13.25, 7.25],
			"to": [-4.5, 16.125, 8.75],
			"faces": {
				"north": {"uv": [4.5, 3, 3, 4.5], "texture": "#10"},
				"east": {"uv": [4.5, 3, 3, 4.5], "texture": "#10"},
				"south": {"uv": [4.5, 3, 3, 4.5], "texture": "#10"},
				"west": {"uv": [4.5, 3, 3, 4.5], "texture": "#10"},
				"up": {"uv": [4.5, 3, 3, 4.5], "texture": "#10"},
				"down": {"uv": [4.5, 3, 3, 4.5], "texture": "#10"}
			}
		},
		{
			"from": [-6.375, 14.25, 7.25],
			"to": [-5, 17.125, 8.75],
			"faces": {
				"north": {"uv": [4.5, 3, 3, 4.5], "texture": "#10"},
				"east": {"uv": [4.5, 3, 3, 4.5], "texture": "#10"},
				"south": {"uv": [4.5, 3, 3, 4.5], "texture": "#10"},
				"west": {"uv": [4.5, 3, 3, 4.5], "texture": "#10"},
				"up": {"uv": [4.5, 3, 3, 4.5], "texture": "#10"},
				"down": {"uv": [4.5, 3, 3, 4.5], "texture": "#10"}
			}
		},
		{
			"from": [-0.25, 16.375, 7.25],
			"to": [2, 19.625, 8.75],
			"faces": {
				"north": {"uv": [4.5, 3, 3, 4.5], "texture": "#10"},
				"east": {"uv": [4.5, 3, 3, 4.5], "texture": "#10"},
				"south": {"uv": [4.5, 3, 3, 4.5], "texture": "#10"},
				"west": {"uv": [4.5, 3, 3, 4.5], "texture": "#10"},
				"up": {"uv": [4.5, 3, 3, 4.5], "texture": "#10"},
				"down": {"uv": [4.5, 3, 3, 4.5], "texture": "#10"}
			}
		},
		{
			"from": [-0.75, 18, 7.25],
			"to": [1.5, 20.125, 8.75],
			"faces": {
				"north": {"uv": [4.5, 3, 3, 4.5], "texture": "#10"},
				"east": {"uv": [4.5, 3, 3, 4.5], "texture": "#10"},
				"south": {"uv": [4.5, 3, 3, 4.5], "texture": "#10"},
				"west": {"uv": [4.5, 3, 3, 4.5], "texture": "#10"},
				"up": {"uv": [4.5, 3, 3, 4.5], "texture": "#10"},
				"down": {"uv": [4.5, 3, 3, 4.5], "texture": "#10"}
			}
		},
		{
			"from": [-2.875, 18.25, 7.25],
			"to": [-0.375, 20.625, 8.75],
			"faces": {
				"north": {"uv": [4.5, 3, 3, 4.5], "texture": "#10"},
				"east": {"uv": [4.5, 3, 3, 4.5], "texture": "#10"},
				"south": {"uv": [4.5, 3, 3, 4.5], "texture": "#10"},
				"west": {"uv": [4.5, 3, 3, 4.5], "texture": "#10"},
				"up": {"uv": [4.5, 3, 3, 4.5], "texture": "#10"},
				"down": {"uv": [4.5, 3, 3, 4.5], "texture": "#10"}
			}
		},
		{
			"from": [-3.875, 17.25, 7.25],
			"to": [0.125, 20.125, 8.75],
			"faces": {
				"north": {"uv": [4.5, 3, 3, 4.5], "texture": "#10"},
				"east": {"uv": [4.5, 3, 3, 4.5], "texture": "#10"},
				"south": {"uv": [4.5, 3, 3, 4.5], "texture": "#10"},
				"west": {"uv": [4.5, 3, 3, 4.5], "texture": "#10"},
				"up": {"uv": [4.5, 3, 3, 4.5], "texture": "#10"},
				"down": {"uv": [4.5, 3, 3, 4.5], "texture": "#10"}
			}
		},
		{
			"from": [-5.375, 16.375, 7.25],
			"to": [-4, 19.125, 8.75],
			"faces": {
				"north": {"uv": [4.5, 3, 3, 4.5], "texture": "#10"},
				"east": {"uv": [4.5, 3, 3, 4.5], "texture": "#10"},
				"south": {"uv": [4.5, 3, 3, 4.5], "texture": "#10"},
				"west": {"uv": [4.5, 3, 3, 4.5], "texture": "#10"},
				"up": {"uv": [4.5, 3, 3, 4.5], "texture": "#10"},
				"down": {"uv": [4.5, 3, 3, 4.5], "texture": "#10"}
			}
		},
		{
			"from": [-4.875, 17.375, 7.25],
			"to": [-3, 19.625, 8.75],
			"faces": {
				"north": {"uv": [4.5, 3, 3, 4.5], "texture": "#10"},
				"east": {"uv": [4.5, 3, 3, 4.5], "texture": "#10"},
				"south": {"uv": [4.5, 3, 3, 4.5], "texture": "#10"},
				"west": {"uv": [4.5, 3, 3, 4.5], "texture": "#10"},
				"up": {"uv": [4.5, 3, 3, 4.5], "texture": "#10"},
				"down": {"uv": [4.5, 3, 3, 4.5], "texture": "#10"}
			}
		},
		{
			"from": [-6.375, 14.375, 7.25],
			"to": [-5, 17.125, 8.75],
			"faces": {
				"north": {"uv": [4.5, 3, 3, 4.5], "texture": "#10"},
				"east": {"uv": [4.5, 3, 3, 4.5], "texture": "#10"},
				"south": {"uv": [4.5, 3, 3, 4.5], "texture": "#10"},
				"west": {"uv": [4.5, 3, 3, 4.5], "texture": "#10"},
				"up": {"uv": [4.5, 3, 3, 4.5], "texture": "#10"},
				"down": {"uv": [4.5, 3, 3, 4.5], "texture": "#10"}
			}
		},
		{
			"from": [-5.875, 15.375, 7.25],
			"to": [-0.25, 18.125, 8.75],
			"faces": {
				"north": {"uv": [4.5, 3, 3, 4.5], "texture": "#10"},
				"east": {"uv": [4.5, 3, 3, 4.5], "texture": "#10"},
				"south": {"uv": [4.5, 3, 3, 4.5], "texture": "#10"},
				"west": {"uv": [4.5, 3, 3, 4.5], "texture": "#10"},
				"up": {"uv": [4.5, 3, 3, 4.5], "texture": "#10"},
				"down": {"uv": [4.5, 3, 3, 4.5], "texture": "#10"}
			}
		},
		{
			"from": [-6.125, 13, 7.75],
			"to": [-5.25, 18.375, 8.25],
			"faces": {
				"north": {"uv": [4.5, 3, 3, 4.5], "texture": "#10"},
				"east": {"uv": [4.5, 3, 3, 4.5], "texture": "#10"},
				"south": {"uv": [4.5, 3, 3, 4.5], "texture": "#10"},
				"west": {"uv": [4.5, 3, 3, 4.5], "texture": "#10"},
				"up": {"uv": [4.5, 3, 3, 4.5], "texture": "#10"},
				"down": {"uv": [4.5, 3, 3, 4.5], "texture": "#10"}
			}
		},
		{
			"from": [-6.625, 14, 7.75],
			"to": [-5.75, 17.375, 8.25],
			"faces": {
				"north": {"uv": [4.5, 3, 3, 4.5], "texture": "#10"},
				"east": {"uv": [4.5, 3, 3, 4.5], "texture": "#10"},
				"south": {"uv": [4.5, 3, 3, 4.5], "texture": "#10"},
				"west": {"uv": [4.5, 3, 3, 4.5], "texture": "#10"},
				"up": {"uv": [4.5, 3, 3, 4.5], "texture": "#10"},
				"down": {"uv": [4.5, 3, 3, 4.5], "texture": "#10"}
			}
		},
		{
			"from": [-5.625, 12, 7.75],
			"to": [-4.75, 19.375, 8.25],
			"faces": {
				"north": {"uv": [4.5, 3, 3, 4.5], "texture": "#10"},
				"east": {"uv": [4.5, 3, 3, 4.5], "texture": "#10"},
				"south": {"uv": [4.5, 3, 3, 4.5], "texture": "#10"},
				"west": {"uv": [4.5, 3, 3, 4.5], "texture": "#10"},
				"up": {"uv": [4.5, 3, 3, 4.5], "texture": "#10"},
				"down": {"uv": [4.5, 3, 3, 4.5], "texture": "#10"}
			}
		},
		{
			"from": [-4.625, 11.5, 7.75],
			"to": [-3.75, 15.25, 8.25],
			"faces": {
				"north": {"uv": [4.5, 3, 3, 4.5], "texture": "#10"},
				"east": {"uv": [4.5, 3, 3, 4.5], "texture": "#10"},
				"south": {"uv": [4.5, 3, 3, 4.5], "texture": "#10"},
				"west": {"uv": [4.5, 3, 3, 4.5], "texture": "#10"},
				"up": {"uv": [4.5, 3, 3, 4.5], "texture": "#10"},
				"down": {"uv": [4.5, 3, 3, 4.5], "texture": "#10"}
			}
		},
		{
			"from": [-4.625, 16.25, 7.75],
			"to": [-3.75, 19.875, 8.25],
			"faces": {
				"north": {"uv": [4.5, 3, 3, 4.5], "texture": "#10"},
				"east": {"uv": [4.5, 3, 3, 4.5], "texture": "#10"},
				"south": {"uv": [4.5, 3, 3, 4.5], "texture": "#10"},
				"west": {"uv": [4.5, 3, 3, 4.5], "texture": "#10"},
				"up": {"uv": [4.5, 3, 3, 4.5], "texture": "#10"},
				"down": {"uv": [4.5, 3, 3, 4.5], "texture": "#10"}
			}
		},
		{
			"from": [-5.125, 11.5, 7.75],
			"to": [-4.25, 19.875, 8.25],
			"faces": {
				"north": {"uv": [4.5, 3, 3, 4.5], "texture": "#10"},
				"east": {"uv": [4.5, 3, 3, 4.5], "texture": "#10"},
				"south": {"uv": [4.5, 3, 3, 4.5], "texture": "#10"},
				"west": {"uv": [4.5, 3, 3, 4.5], "texture": "#10"},
				"up": {"uv": [4.5, 3, 3, 4.5], "texture": "#10"},
				"down": {"uv": [4.5, 3, 3, 4.5], "texture": "#10"}
			}
		},
		{
			"from": [-1.25, 11.125, 7.75],
			"to": [-0.125, 13.75, 8.25],
			"faces": {
				"north": {"uv": [4.5, 3, 3, 4.5], "texture": "#10"},
				"east": {"uv": [4.5, 3, 3, 4.5], "texture": "#10"},
				"south": {"uv": [4.5, 3, 3, 4.5], "texture": "#10"},
				"west": {"uv": [4.5, 3, 3, 4.5], "texture": "#10"},
				"up": {"uv": [4.5, 3, 3, 4.5], "texture": "#10"},
				"down": {"uv": [4.5, 3, 3, 4.5], "texture": "#10"}
			}
		},
		{
			"from": [-4.125, 11.125, 7.75],
			"to": [-2.75, 14.25, 8.25],
			"faces": {
				"north": {"uv": [4.5, 3, 3, 4.5], "texture": "#10"},
				"east": {"uv": [4.5, 3, 3, 4.5], "texture": "#10"},
				"south": {"uv": [4.5, 3, 3, 4.5], "texture": "#10"},
				"west": {"uv": [4.5, 3, 3, 4.5], "texture": "#10"},
				"up": {"uv": [4.5, 3, 3, 4.5], "texture": "#10"},
				"down": {"uv": [4.5, 3, 3, 4.5], "texture": "#10"}
			}
		},
		{
			"from": [-4.125, 17.25, 7.75],
			"to": [-2.75, 20.375, 8.25],
			"faces": {
				"north": {"uv": [4.5, 3, 3, 4.5], "texture": "#10"},
				"east": {"uv": [4.5, 3, 3, 4.5], "texture": "#10"},
				"south": {"uv": [4.5, 3, 3, 4.5], "texture": "#10"},
				"west": {"uv": [4.5, 3, 3, 4.5], "texture": "#10"},
				"up": {"uv": [4.5, 3, 3, 4.5], "texture": "#10"},
				"down": {"uv": [4.5, 3, 3, 4.5], "texture": "#10"}
			}
		},
		{
			"from": [1, 16.375, 7.75],
			"to": [3.75, 17.375, 8.25],
			"faces": {
				"north": {"uv": [4.5, 3, 3, 4.5], "texture": "#10"},
				"east": {"uv": [4.5, 3, 3, 4.5], "texture": "#10"},
				"south": {"uv": [4.5, 3, 3, 4.5], "texture": "#10"},
				"west": {"uv": [4.5, 3, 3, 4.5], "texture": "#10"},
				"up": {"uv": [4.5, 3, 3, 4.5], "texture": "#10"},
				"down": {"uv": [4.5, 3, 3, 4.5], "texture": "#10"}
			}
		},
		{
			"from": [2.375, 17.25, 7.75],
			"to": [3.25, 18.375, 8.25],
			"faces": {
				"north": {"uv": [4.5, 3, 3, 4.5], "texture": "#10"},
				"east": {"uv": [4.5, 3, 3, 4.5], "texture": "#10"},
				"south": {"uv": [4.5, 3, 3, 4.5], "texture": "#10"},
				"west": {"uv": [4.5, 3, 3, 4.5], "texture": "#10"},
				"up": {"uv": [4.5, 3, 3, 4.5], "texture": "#10"},
				"down": {"uv": [4.5, 3, 3, 4.5], "texture": "#10"}
			}
		},
		{
			"from": [-0.375, 17.25, 7.75],
			"to": [1.75, 20.25, 8.25],
			"faces": {
				"north": {"uv": [4.5, 3, 3, 4.5], "texture": "#10"},
				"east": {"uv": [4.5, 3, 3, 4.5], "texture": "#10"},
				"south": {"uv": [4.5, 3, 3, 4.5], "texture": "#10"},
				"west": {"uv": [4.5, 3, 3, 4.5], "texture": "#10"},
				"up": {"uv": [4.5, 3, 3, 4.5], "texture": "#10"},
				"down": {"uv": [4.5, 3, 3, 4.5], "texture": "#10"}
			}
		},
		{
			"from": [-0.75, 17.625, 7.75],
			"to": [0, 20.375, 8.25],
			"faces": {
				"north": {"uv": [4.5, 3, 3, 4.5], "texture": "#10"},
				"east": {"uv": [4.5, 3, 3, 4.5], "texture": "#10"},
				"south": {"uv": [4.5, 3, 3, 4.5], "texture": "#10"},
				"west": {"uv": [4.5, 3, 3, 4.5], "texture": "#10"},
				"up": {"uv": [4.5, 3, 3, 4.5], "texture": "#10"},
				"down": {"uv": [4.5, 3, 3, 4.5], "texture": "#10"}
			}
		},
		{
			"from": [1.875, 17, 7.75],
			"to": [2.75, 19.375, 8.25],
			"faces": {
				"north": {"uv": [4.5, 3, 3, 4.5], "texture": "#10"},
				"east": {"uv": [4.5, 3, 3, 4.5], "texture": "#10"},
				"south": {"uv": [4.5, 3, 3, 4.5], "texture": "#10"},
				"west": {"uv": [4.5, 3, 3, 4.5], "texture": "#10"},
				"up": {"uv": [4.5, 3, 3, 4.5], "texture": "#10"},
				"down": {"uv": [4.5, 3, 3, 4.5], "texture": "#10"}
			}
		},
		{
			"from": [-2, 10.5, 7.75],
			"to": [-0.5, 13.375, 8.25],
			"faces": {
				"north": {"uv": [4.5, 3, 3, 4.5], "texture": "#10"},
				"east": {"uv": [4.5, 3, 3, 4.5], "texture": "#10"},
				"south": {"uv": [4.5, 3, 3, 4.5], "texture": "#10"},
				"west": {"uv": [4.5, 3, 3, 4.5], "texture": "#10"},
				"up": {"uv": [4.5, 3, 3, 4.5], "texture": "#10"},
				"down": {"uv": [4.5, 3, 3, 4.5], "texture": "#10"}
			}
		},
		{
			"from": [-3.125, 10.5, 7.75],
			"to": [-1.625, 13.75, 8.25],
			"faces": {
				"north": {"uv": [4.5, 3, 3, 4.5], "texture": "#10"},
				"east": {"uv": [4.5, 3, 3, 4.5], "texture": "#10"},
				"south": {"uv": [4.5, 3, 3, 4.5], "texture": "#10"},
				"west": {"uv": [4.5, 3, 3, 4.5], "texture": "#10"},
				"up": {"uv": [4.5, 3, 3, 4.5], "texture": "#10"},
				"down": {"uv": [4.5, 3, 3, 4.5], "texture": "#10"}
			}
		},
		{
			"from": [-3.125, 17.625, 7.75],
			"to": [-1.75, 20.875, 8.25],
			"faces": {
				"north": {"uv": [4.5, 3, 3, 4.5], "texture": "#10"},
				"east": {"uv": [4.5, 3, 3, 4.5], "texture": "#10"},
				"south": {"uv": [4.5, 3, 3, 4.5], "texture": "#10"},
				"west": {"uv": [4.5, 3, 3, 4.5], "texture": "#10"},
				"up": {"uv": [4.5, 3, 3, 4.5], "texture": "#10"},
				"down": {"uv": [4.5, 3, 3, 4.5], "texture": "#10"}
			}
		}
	],
	"display": {
		"thirdperson_righthand": {
			"rotation": [16, 0, 0],
			"translation": [0, -1, 0.5],
			"scale": [0.3, 0.3, 0.3]
		},
		"thirdperson_lefthand": {
			"rotation": [16, 0, 0],
			"translation": [0, -1, 0.5],
			"scale": [0.3, 0.3, 0.3]
		},
		"firstperson_righthand": {
			"rotation": [-20, 152, -9],
			"translation": [3, 0.75, 0],
			"scale": [0.3, 0.3, 0.3]
		},
		"firstperson_lefthand": {
			"rotation": [-20, 152, -9],
			"translation": [3, 0.75, 0],
			"scale": [0.3, 0.3, 0.3]
		},
		"ground": {
			"translation": [0, 2, 0],
			"scale": [0.3, 0.3, 0.3]
		},
		"gui": {
			"rotation": [11, 29, 12],
			"translation": [0.5, -1.75, 0],
			"scale": [0.5, 0.5, 0.5]
		},
		"head": {
			"translation": [0, -0.25, 0],
			"scale": [0.85, 0.85, 0.85]
		},
		"fixed": {
			"translation": [0, 0, -1.75],
			"scale": [0.4, 0.4, 0.4]
		}
	},
	"groups": [
		{
			"name": "band",
			"origin": [8, 8, 8],
			"children": [0, 1, 2]
		},
		{
			"name": "ears",
			"origin": [9, 8, 8],
			"children": [3, 4, 5, 6, 7, 8, 9, 10, 11, 12, 13, 14, 15, 16, 17, 18, 19, 20, 21, 22, 23, 24, 25, 26, 27, 28, 29, 30, 31, 32, 33, 34, 35, 36, 37, 38, 39, 40, 41, 42, 43, 44, 45, 46, 47, 48, 49, 50, 51, 52, 53, 54, 55, 56, 57, 58, 59, 60, 61, 62, 63, 64, 65, 66, 67, 68]
		}
	]
}