{
	"credit": "Credit:  Ontvlambaar",
	"textures": {
		"0": "block/lime_concrete",
		"1": "block/black_concrete",
		"particle": "block/lime_concrete"
	},
	"elements": [
		{
			"from": [2, 3, 2],
			"to": [14, 10, 14],
			"rotation": {"angle": 0, "axis": "y", "origin": [10, 11, 10]},
			"faces": {
				"north": {"uv": [0, 0, 12, 7], "texture": "#0"},
				"east": {"uv": [0, 0, 12, 7], "texture": "#0"},
				"south": {"uv": [0, 0, 12, 7], "texture": "#0"},
				"west": {"uv": [0, 0, 12, 7], "texture": "#0"},
				"up": {"uv": [0, 0, 12, 12], "texture": "#0"},
				"down": {"uv": [0, 0, 12, 12], "texture": "#0"}
			}
		},
		{
			"from": [4, 3, 14],
			"to": [12, 10, 15],
			"rotation": {"angle": 0, "axis": "y", "origin": [10, 11, 22]},
			"faces": {
				"north": {"uv": [0, 0, 8, 7], "texture": "#0"},
				"east": {"uv": [0, 0, 1, 7], "texture": "#0"},
				"south": {"uv": [0, 0, 8, 7], "texture": "#0"},
				"west": {"uv": [0, 0, 1, 7], "texture": "#0"},
				"up": {"uv": [0, 0, 8, 1], "texture": "#0"},
				"down": {"uv": [0, 0, 8, 1], "texture": "#0"}
			}
		},
		{
			"from": [4, 3, 1],
			"to": [12, 10, 2],
			"rotation": {"angle": 0, "axis": "y", "origin": [10, 11, 9]},
			"faces": {
				"north": {"uv": [0, 0, 8, 7], "texture": "#0"},
				"east": {"uv": [0, 0, 1, 7], "texture": "#0"},
				"south": {"uv": [0, 0, 8, 7], "texture": "#0"},
				"west": {"uv": [0, 0, 1, 7], "texture": "#0"},
				"up": {"uv": [0, 0, 8, 1], "texture": "#0"},
				"down": {"uv": [0, 0, 8, 1], "texture": "#0"}
			}
		},
		{
			"from": [6, 3, 15],
			"to": [10, 10, 16],
			"rotation": {"angle": 0, "axis": "y", "origin": [10, 11, 23]},
			"faces": {
				"north": {"uv": [0, 0, 4, 7], "texture": "#0"},
				"east": {"uv": [0, 0, 1, 7], "texture": "#0"},
				"south": {"uv": [0, 0, 4, 7], "texture": "#0"},
				"west": {"uv": [0, 0, 1, 7], "texture": "#0"},
				"up": {"uv": [0, 0, 4, 1], "texture": "#0"},
				"down": {"uv": [0, 0, 4, 1], "texture": "#0"}
			}
		},
		{
			"from": [6, 3, 0],
			"to": [10, 10, 1],
			"rotation": {"angle": 0, "axis": "y", "origin": [10, 11, 8]},
			"faces": {
				"north": {"uv": [0, 0, 4, 7], "texture": "#0"},
				"east": {"uv": [0, 0, 1, 7], "texture": "#0"},
				"south": {"uv": [0, 0, 4, 7], "texture": "#0"},
				"west": {"uv": [0, 0, 1, 7], "texture": "#0"},
				"up": {"uv": [0, 0, 4, 1], "texture": "#0"},
				"down": {"uv": [0, 0, 4, 1], "texture": "#0"}
			}
		},
		{
			"from": [15, 3, 6],
			"to": [16, 10, 10],
			"rotation": {"angle": 0, "axis": "y", "origin": [8, 11, 10]},
			"faces": {
				"north": {"uv": [0, 0, 1, 7], "texture": "#0"},
				"east": {"uv": [0, 0, 4, 7], "texture": "#0"},
				"south": {"uv": [0, 0, 1, 7], "texture": "#0"},
				"west": {"uv": [0, 0, 4, 7], "texture": "#0"},
				"up": {"uv": [0, 0, 4, 1], "rotation": 90, "texture": "#0"},
				"down": {"uv": [0, 0, 4, 1], "rotation": 270, "texture": "#0"}
			}
		},
		{
			"from": [1, 3, 4],
			"to": [2, 10, 12],
			"rotation": {"angle": 0, "axis": "y", "origin": [-6, 11, 10]},
			"faces": {
				"north": {"uv": [0, 0, 1, 7], "texture": "#0"},
				"east": {"uv": [0, 0, 8, 7], "texture": "#0"},
				"south": {"uv": [0, 0, 1, 7], "texture": "#0"},
				"west": {"uv": [0, 0, 8, 7], "texture": "#0"},
				"up": {"uv": [0, 0, 8, 1], "rotation": 90, "texture": "#0"},
				"down": {"uv": [0, 0, 8, 1], "rotation": 270, "texture": "#0"}
			}
		},
		{
			"from": [0, 3, 6],
			"to": [1, 10, 10],
			"rotation": {"angle": 0, "axis": "y", "origin": [-7, 11, 10]},
			"faces": {
				"north": {"uv": [0, 0, 1, 7], "texture": "#0"},
				"east": {"uv": [0, 0, 4, 7], "texture": "#0"},
				"south": {"uv": [0, 0, 1, 7], "texture": "#0"},
				"west": {"uv": [0, 0, 4, 7], "texture": "#0"},
				"up": {"uv": [0, 0, 4, 1], "rotation": 90, "texture": "#0"},
				"down": {"uv": [0, 0, 4, 1], "rotation": 270, "texture": "#0"}
			}
		},
		{
			"from": [14, 3, 4],
			"to": [15, 10, 12],
			"rotation": {"angle": 0, "axis": "y", "origin": [7, 11, 10]},
			"faces": {
				"north": {"uv": [0, 0, 1, 7], "texture": "#0"},
				"east": {"uv": [0, 0, 8, 7], "texture": "#0"},
				"south": {"uv": [0, 0, 1, 7], "texture": "#0"},
				"west": {"uv": [0, 0, 8, 7], "texture": "#0"},
				"up": {"uv": [0, 0, 8, 1], "rotation": 90, "texture": "#0"},
				"down": {"uv": [0, 0, 8, 1], "rotation": 270, "texture": "#0"}
			}
		},
		{
			"from": [1, 9.8, 0.4],
			"to": [15.4, 12.2, 14.8],
			"rotation": {"angle": 0, "axis": "y", "origin": [10.6, 19.4, 10]},
			"faces": {
				"north": {"uv": [0, 0, 12, 2], "texture": "#0"},
				"east": {"uv": [0, 0, 12, 2], "texture": "#0"},
				"south": {"uv": [0, 0, 12, 2], "texture": "#0"},
				"west": {"uv": [0, 0, 12, 2], "texture": "#0"},
				"up": {"uv": [0, 0, 12, 12], "texture": "#0"},
				"down": {"uv": [0, 0, 12, 12], "texture": "#0"}
			}
		},
		{
			"from": [3.4, 9.8, 14.8],
			"to": [13, 12.2, 16],
			"rotation": {"angle": 0, "axis": "y", "origin": [10.6, 19.4, 24.4]},
			"faces": {
				"north": {"uv": [0, 0, 8, 2], "texture": "#0"},
				"east": {"uv": [0, 0, 1, 2], "texture": "#0"},
				"south": {"uv": [0, 0, 8, 2], "texture": "#0"},
				"west": {"uv": [0, 0, 1, 2], "texture": "#0"},
				"up": {"uv": [0, 0, 8, 1], "texture": "#0"},
				"down": {"uv": [0, 0, 8, 1], "texture": "#0"}
			}
		},
		{
			"from": [3.4, 9.8, -0.8],
			"to": [13, 12.2, 0.4],
			"rotation": {"angle": 0, "axis": "y", "origin": [10.6, 19.4, 8.8]},
			"faces": {
				"north": {"uv": [0, 0, 8, 2], "texture": "#0"},
				"east": {"uv": [0, 0, 1, 2], "texture": "#0"},
				"south": {"uv": [0, 0, 8, 2], "texture": "#0"},
				"west": {"uv": [0, 0, 1, 2], "texture": "#0"},
				"up": {"uv": [0, 0, 8, 1], "texture": "#0"},
				"down": {"uv": [0, 0, 8, 1], "texture": "#0"}
			}
		},
		{
			"from": [5.8, 9.8, 16],
			"to": [10.6, 12.2, 17.2],
			"rotation": {"angle": 0, "axis": "y", "origin": [10.6, 19.4, 25.6]},
			"faces": {
				"north": {"uv": [0, 0, 4, 2], "texture": "#0"},
				"east": {"uv": [0, 0, 1, 2], "texture": "#0"},
				"south": {"uv": [0, 0, 4, 2], "texture": "#0"},
				"west": {"uv": [0, 0, 1, 2], "texture": "#0"},
				"up": {"uv": [0, 0, 4, 1], "texture": "#0"},
				"down": {"uv": [0, 0, 4, 1], "texture": "#0"}
			}
		},
		{
			"from": [5.8, 9.8, -2],
			"to": [10.6, 12.2, -0.8],
			"rotation": {"angle": 0, "axis": "y", "origin": [10.6, 19.4, 7.6]},
			"faces": {
				"north": {"uv": [0, 0, 4, 2], "texture": "#0"},
				"east": {"uv": [0, 0, 1, 2], "texture": "#0"},
				"south": {"uv": [0, 0, 4, 2], "texture": "#0"},
				"west": {"uv": [0, 0, 1, 2], "texture": "#0"},
				"up": {"uv": [0, 0, 4, 1], "texture": "#0"},
				"down": {"uv": [0, 0, 4, 1], "texture": "#0"}
			}
		},
		{
			"from": [16.6, 9.8, 5.2],
			"to": [17.8, 12.2, 10],
			"rotation": {"angle": 0, "axis": "y", "origin": [8.2, 19.4, 10]},
			"faces": {
				"north": {"uv": [0, 0, 1, 2], "texture": "#0"},
				"east": {"uv": [0, 0, 4, 2], "texture": "#0"},
				"south": {"uv": [0, 0, 1, 2], "texture": "#0"},
				"west": {"uv": [0, 0, 4, 2], "texture": "#0"},
				"up": {"uv": [0, 0, 4, 1], "rotation": 90, "texture": "#0"},
				"down": {"uv": [0, 0, 4, 1], "rotation": 270, "texture": "#0"}
			}
		},
		{
			"from": [-0.2, 9.8, 2.8],
			"to": [1, 12.2, 12.4],
			"rotation": {"angle": 0, "axis": "y", "origin": [-8.6, 19.4, 10]},
			"faces": {
				"north": {"uv": [0, 0, 1, 2], "texture": "#0"},
				"east": {"uv": [0, 0, 8, 2], "texture": "#0"},
				"south": {"uv": [0, 0, 1, 2], "texture": "#0"},
				"west": {"uv": [0, 0, 8, 2], "texture": "#0"},
				"up": {"uv": [0, 0, 8, 1], "rotation": 90, "texture": "#0"},
				"down": {"uv": [0, 0, 8, 1], "rotation": 270, "texture": "#0"}
			}
		},
		{
			"from": [-1.4, 9.8, 5.2],
			"to": [-0.2, 12.2, 10],
			"rotation": {"angle": 0, "axis": "y", "origin": [-9.8, 19.4, 10]},
			"faces": {
				"north": {"uv": [0, 0, 1, 2], "texture": "#0"},
				"east": {"uv": [0, 0, 4, 2], "texture": "#0"},
				"south": {"uv": [0, 0, 1, 2], "texture": "#0"},
				"west": {"uv": [0, 0, 4, 2], "texture": "#0"},
				"up": {"uv": [0, 0, 4, 1], "rotation": 90, "texture": "#0"},
				"down": {"uv": [0, 0, 4, 1], "rotation": 270, "texture": "#0"}
			}
		},
		{
			"from": [15.4, 9.8, 2.8],
			"to": [16.6, 12.2, 12.4],
			"rotation": {"angle": 0, "axis": "y", "origin": [7, 19.4, 10]},
			"faces": {
				"north": {"uv": [0, 0, 1, 2], "texture": "#0"},
				"east": {"uv": [0, 0, 8, 2], "texture": "#0"},
				"south": {"uv": [0, 0, 1, 2], "texture": "#0"},
				"west": {"uv": [0, 0, 8, 2], "texture": "#0"},
				"up": {"uv": [0, 0, 8, 1], "rotation": 90, "texture": "#0"},
				"down": {"uv": [0, 0, 8, 1], "rotation": 270, "texture": "#0"}
			}
		},
		{
			"from": [2.5, 12.3, 2.8],
			"to": [13.3, 15.3, 13.6],
			"rotation": {"angle": 0, "axis": "y", "origin": [9.7, 19.5, 10]},
			"faces": {
				"north": {"uv": [0, 0, 12, 7], "texture": "#1"},
				"east": {"uv": [0, 0, 12, 7], "texture": "#1"},
				"south": {"uv": [0, 0, 12, 7], "texture": "#1"},
				"west": {"uv": [0, 0, 12, 7], "texture": "#1"},
				"up": {"uv": [0, 0, 12, 12], "texture": "#1"},
				"down": {"uv": [0, 0, 12, 12], "texture": "#1"}
			}
		},
		{
			"from": [4.3, 12.3, 13.6],
			"to": [11.5, 15.3, 14.5],
			"rotation": {"angle": 0, "axis": "y", "origin": [9.7, 19.5, 20.8]},
			"faces": {
				"north": {"uv": [0, 0, 8, 7], "texture": "#1"},
				"east": {"uv": [0, 0, 1, 7], "texture": "#1"},
				"south": {"uv": [0, 0, 8, 7], "texture": "#1"},
				"west": {"uv": [0, 0, 1, 7], "texture": "#1"},
				"up": {"uv": [0, 0, 8, 1], "texture": "#1"},
				"down": {"uv": [0, 0, 8, 1], "texture": "#1"}
			}
		},
		{
			"from": [4.3, 12.3, 1.9],
			"to": [11.5, 15.3, 2.8],
			"rotation": {"angle": 0, "axis": "y", "origin": [9.7, 19.5, 9.1]},
			"faces": {
				"north": {"uv": [0, 0, 8, 7], "texture": "#1"},
				"east": {"uv": [0, 0, 1, 7], "texture": "#1"},
				"south": {"uv": [0, 0, 8, 7], "texture": "#1"},
				"west": {"uv": [0, 0, 1, 7], "texture": "#1"},
				"up": {"uv": [0, 0, 8, 1], "texture": "#1"},
				"down": {"uv": [0, 0, 8, 1], "texture": "#1"}
			}
		},
		{
			"from": [6.1, 12.3, 14.5],
			"to": [9.7, 15.3, 15.4],
			"rotation": {"angle": 0, "axis": "y", "origin": [9.7, 19.5, 21.7]},
			"faces": {
				"north": {"uv": [0, 0, 4, 7], "texture": "#1"},
				"east": {"uv": [0, 0, 1, 7], "texture": "#1"},
				"south": {"uv": [0, 0, 4, 7], "texture": "#1"},
				"west": {"uv": [0, 0, 1, 7], "texture": "#1"},
				"up": {"uv": [0, 0, 4, 1], "texture": "#1"},
				"down": {"uv": [0, 0, 4, 1], "texture": "#1"}
			}
		},
		{
			"from": [6.1, 12.3, 1],
			"to": [9.7, 15.3, 1.9],
			"rotation": {"angle": 0, "axis": "y", "origin": [9.7, 19.5, 8.2]},
			"faces": {
				"north": {"uv": [0, 0, 4, 7], "texture": "#1"},
				"east": {"uv": [0, 0, 1, 7], "texture": "#1"},
				"south": {"uv": [0, 0, 4, 7], "texture": "#1"},
				"west": {"uv": [0, 0, 1, 7], "texture": "#1"},
				"up": {"uv": [0, 0, 4, 1], "texture": "#1"},
				"down": {"uv": [0, 0, 4, 1], "texture": "#1"}
			}
		},
		{
			"from": [14.2, 12.3, 6.4],
			"to": [15.1, 15.3, 10],
			"rotation": {"angle": 0, "axis": "y", "origin": [7.9, 19.5, 10]},
			"faces": {
				"north": {"uv": [0, 0, 1, 7], "texture": "#1"},
				"east": {"uv": [0, 0, 4, 7], "texture": "#1"},
				"south": {"uv": [0, 0, 1, 7], "texture": "#1"},
				"west": {"uv": [0, 0, 4, 7], "texture": "#1"},
				"up": {"uv": [0, 0, 4, 1], "rotation": 90, "texture": "#1"},
				"down": {"uv": [0, 0, 4, 1], "rotation": 270, "texture": "#1"}
			}
		},
		{
			"from": [1.6, 12.3, 4.6],
			"to": [2.5, 15.3, 11.8],
			"rotation": {"angle": 0, "axis": "y", "origin": [-4.7, 19.5, 10]},
			"faces": {
				"north": {"uv": [0, 0, 1, 7], "texture": "#1"},
				"east": {"uv": [0, 0, 8, 7], "texture": "#1"},
				"south": {"uv": [0, 0, 1, 7], "texture": "#1"},
				"west": {"uv": [0, 0, 8, 7], "texture": "#1"},
				"up": {"uv": [0, 0, 8, 1], "rotation": 90, "texture": "#1"},
				"down": {"uv": [0, 0, 8, 1], "rotation": 270, "texture": "#1"}
			}
		},
		{
			"from": [0.7, 12.3, 6.4],
			"to": [1.6, 15.3, 10],
			"rotation": {"angle": 0, "axis": "y", "origin": [-5.6, 19.5, 10]},
			"faces": {
				"north": {"uv": [0, 0, 1, 7], "texture": "#1"},
				"east": {"uv": [0, 0, 4, 7], "texture": "#1"},
				"south": {"uv": [0, 0, 1, 7], "texture": "#1"},
				"west": {"uv": [0, 0, 4, 7], "texture": "#1"},
				"up": {"uv": [0, 0, 4, 1], "rotation": 90, "texture": "#1"},
				"down": {"uv": [0, 0, 4, 1], "rotation": 270, "texture": "#1"}
			}
		},
		{
			"from": [13.3, 12.3, 4.6],
			"to": [14.2, 15.3, 11.8],
			"rotation": {"angle": 0, "axis": "y", "origin": [7, 19.5, 10]},
			"faces": {
				"north": {"uv": [0, 0, 1, 7], "texture": "#1"},
				"east": {"uv": [0, 0, 8, 7], "texture": "#1"},
				"south": {"uv": [0, 0, 1, 7], "texture": "#1"},
				"west": {"uv": [0, 0, 8, 7], "texture": "#1"},
				"up": {"uv": [0, 0, 8, 1], "rotation": 90, "texture": "#1"},
				"down": {"uv": [0, 0, 8, 1], "rotation": 270, "texture": "#1"}
			}
		},
		{
			"from": [2.23, 15.318, 2.368],
			"to": [13.678, 17.756, 13.816],
			"rotation": {"angle": 0, "axis": "y", "origin": [9.862, 22.95, 10]},
			"faces": {
				"north": {"uv": [0, 0, 12, 7], "texture": "#0"},
				"east": {"uv": [0, 0, 12, 7], "texture": "#0"},
				"south": {"uv": [0, 0, 12, 7], "texture": "#0"},
				"west": {"uv": [0, 0, 12, 7], "texture": "#0"},
				"up": {"uv": [0, 0, 12, 12], "texture": "#0"},
				"down": {"uv": [0, 0, 12, 12], "texture": "#0"}
			}
		},
		{
			"from": [1.23, 17.318, -0.632],
			"to": [14.678, 19.756, 16.816],
			"rotation": {"angle": 0, "axis": "y", "origin": [9.862, 24.95, 5]},
			"faces": {
				"north": {"uv": [0, 0, 12, 7], "texture": "#0"},
				"east": {"uv": [0, 0, 12, 7], "texture": "#0"},
				"south": {"uv": [0, 0, 12, 7], "texture": "#0"},
				"west": {"uv": [0, 0, 12, 7], "texture": "#0"},
				"up": {"uv": [0, 0, 12, 12], "texture": "#0"},
				"down": {"uv": [0, 0, 12, 12], "texture": "#0"}
			}
		},
		{
			"from": [1.23, 19.318, -1.632],
			"to": [14.678, 23.756, 4.816],
			"rotation": {"angle": 0, "axis": "y", "origin": [9.862, 26.95, 4]},
			"faces": {
				"north": {"uv": [0, 0, 12, 7], "texture": "#0"},
				"east": {"uv": [0, 0, 12, 7], "texture": "#0"},
				"south": {"uv": [0, 0, 12, 7], "texture": "#0"},
				"west": {"uv": [0, 0, 12, 7], "texture": "#0"},
				"up": {"uv": [0, 0, 12, 12], "texture": "#0"},
				"down": {"uv": [0, 0, 12, 12], "texture": "#0"}
			}
		},
		{
			"from": [3.23, 19.318, -2.632],
			"to": [12.678, 22.756, -1.184],
			"rotation": {"angle": 0, "axis": "y", "origin": [9.862, 26.95, -2]},
			"faces": {
				"north": {"uv": [0, 0, 12, 7], "texture": "#0"},
				"east": {"uv": [0, 0, 12, 7], "texture": "#0"},
				"south": {"uv": [0, 0, 12, 7], "texture": "#0"},
				"west": {"uv": [0, 0, 12, 7], "texture": "#0"},
				"up": {"uv": [0, 0, 12, 12], "texture": "#0"},
				"down": {"uv": [0, 0, 12, 12], "texture": "#0"}
			}
		},
		{
			"from": [3.23, 19.318, 17.368],
			"to": [12.678, 22.756, 18.816],
			"rotation": {"angle": 0, "axis": "y", "origin": [9.862, 26.95, 18]},
			"faces": {
				"north": {"uv": [0, 0, 12, 7], "texture": "#0"},
				"east": {"uv": [0, 0, 12, 7], "texture": "#0"},
				"south": {"uv": [0, 0, 12, 7], "texture": "#0"},
				"west": {"uv": [0, 0, 12, 7], "texture": "#0"},
				"up": {"uv": [0, 0, 12, 12], "texture": "#0"},
				"down": {"uv": [0, 0, 12, 12], "texture": "#0"}
			}
		},
		{
			"from": [-0.77, 19.318, 0.368],
			"to": [1.678, 23.018, 4.816],
			"rotation": {"angle": 0, "axis": "y", "origin": [-3.138, 26.95, 4]},
			"faces": {
				"north": {"uv": [0, 0, 12, 7], "texture": "#0"},
				"east": {"uv": [0, 0, 12, 7], "texture": "#0"},
				"south": {"uv": [0, 0, 12, 7], "texture": "#0"},
				"west": {"uv": [0, 0, 12, 7], "texture": "#0"},
				"up": {"uv": [0, 0, 12, 12], "texture": "#0"},
				"down": {"uv": [0, 0, 12, 12], "texture": "#0"}
			}
		},
		{
			"from": [14.23, 19.318, 0.368],
			"to": [16.678, 23.018, 4.816],
			"rotation": {"angle": 0, "axis": "y", "origin": [11.862, 26.95, 4]},
			"faces": {
				"north": {"uv": [0, 0, 12, 7], "texture": "#0"},
				"east": {"uv": [0, 0, 12, 7], "texture": "#0"},
				"south": {"uv": [0, 0, 12, 7], "texture": "#0"},
				"west": {"uv": [0, 0, 12, 7], "texture": "#0"},
				"up": {"uv": [0, 0, 12, 12], "texture": "#0"},
				"down": {"uv": [0, 0, 12, 12], "texture": "#0"}
			}
		},
		{
			"from": [-0.77, 19.318, 11.368],
			"to": [1.678, 23.018, 15.816],
			"rotation": {"angle": 0, "axis": "y", "origin": [-3.138, 26.95, 15]},
			"faces": {
				"north": {"uv": [0, 0, 12, 7], "texture": "#0"},
				"east": {"uv": [0, 0, 12, 7], "texture": "#0"},
				"south": {"uv": [0, 0, 12, 7], "texture": "#0"},
				"west": {"uv": [0, 0, 12, 7], "texture": "#0"},
				"up": {"uv": [0, 0, 12, 12], "texture": "#0"},
				"down": {"uv": [0, 0, 12, 12], "texture": "#0"}
			}
		},
		{
			"from": [14.23, 19.318, 11.368],
			"to": [16.678, 23.018, 15.816],
			"rotation": {"angle": 0, "axis": "y", "origin": [11.862, 26.95, 15]},
			"faces": {
				"north": {"uv": [0, 0, 12, 7], "texture": "#0"},
				"east": {"uv": [0, 0, 12, 7], "texture": "#0"},
				"south": {"uv": [0, 0, 12, 7], "texture": "#0"},
				"west": {"uv": [0, 0, 12, 7], "texture": "#0"},
				"up": {"uv": [0, 0, 12, 12], "texture": "#0"},
				"down": {"uv": [0, 0, 12, 12], "texture": "#0"}
			}
		},
		{
			"from": [-0.77, 19.318, 4.368],
			"to": [16.678, 22.118, 11.816],
			"rotation": {"angle": 0, "axis": "y", "origin": [9.862, 26.95, 11]},
			"faces": {
				"north": {"uv": [0, 0, 12, 7], "texture": "#0"},
				"east": {"uv": [0, 0, 12, 7], "texture": "#0"},
				"south": {"uv": [0, 0, 12, 7], "texture": "#0"},
				"west": {"uv": [0, 0, 12, 7], "texture": "#0"},
				"up": {"uv": [0, 0, 12, 12], "texture": "#0"},
				"down": {"uv": [0, 0, 12, 12], "texture": "#0"}
			}
		},
		{
			"from": [2.23, 22.318, 4.368],
			"to": [13.678, 23.118, 11.816],
			"rotation": {"angle": 0, "axis": "y", "origin": [9.862, 27.95, 11]},
			"faces": {
				"north": {"uv": [0, 0, 12, 7], "texture": "#0"},
				"east": {"uv": [0, 0, 12, 7], "texture": "#0"},
				"south": {"uv": [0, 0, 12, 7], "texture": "#0"},
				"west": {"uv": [0, 0, 12, 7], "texture": "#0"},
				"up": {"uv": [0, 0, 12, 12], "texture": "#0"},
				"down": {"uv": [0, 0, 12, 12], "texture": "#0"}
			}
		},
		{
			"from": [0.23, 22.318, 4.368],
			"to": [2.678, 22.918, 11.816],
			"rotation": {"angle": 0, "axis": "y", "origin": [-1.138, 27.95, 11]},
			"faces": {
				"north": {"uv": [0, 0, 12, 7], "texture": "#0"},
				"east": {"uv": [0, 0, 12, 7], "texture": "#0"},
				"south": {"uv": [0, 0, 12, 7], "texture": "#0"},
				"west": {"uv": [0, 0, 12, 7], "texture": "#0"},
				"up": {"uv": [0, 0, 12, 12], "texture": "#0"},
				"down": {"uv": [0, 0, 12, 12], "texture": "#0"}
			}
		},
		{
			"from": [1.23, 19.318, 11.368],
			"to": [14.678, 23.756, 17.816],
			"rotation": {"angle": 0, "axis": "y", "origin": [9.862, 26.95, 18]},
			"faces": {
				"north": {"uv": [0, 0, 12, 7], "texture": "#0"},
				"east": {"uv": [0, 0, 12, 7], "texture": "#0"},
				"south": {"uv": [0, 0, 12, 7], "texture": "#0"},
				"west": {"uv": [0, 0, 12, 7], "texture": "#0"},
				"up": {"uv": [0, 0, 12, 12], "texture": "#0"},
				"down": {"uv": [0, 0, 12, 12], "texture": "#0"}
			}
		},
		{
			"from": [-0.77, 17.318, 1.368],
			"to": [1.678, 19.756, 14.816],
			"rotation": {"angle": 0, "axis": "y", "origin": [-3.138, 24.95, 5]},
			"faces": {
				"north": {"uv": [0, 0, 12, 7], "texture": "#0"},
				"east": {"uv": [0, 0, 12, 7], "texture": "#0"},
				"south": {"uv": [0, 0, 12, 7], "texture": "#0"},
				"west": {"uv": [0, 0, 12, 7], "texture": "#0"},
				"up": {"uv": [0, 0, 12, 12], "texture": "#0"},
				"down": {"uv": [0, 0, 12, 12], "texture": "#0"}
			}
		},
		{
			"from": [14.23, 17.318, 1.368],
			"to": [16.678, 19.756, 14.816],
			"rotation": {"angle": 0, "axis": "y", "origin": [11.862, 24.95, 5]},
			"faces": {
				"north": {"uv": [0, 0, 12, 7], "texture": "#0"},
				"east": {"uv": [0, 0, 12, 7], "texture": "#0"},
				"south": {"uv": [0, 0, 12, 7], "texture": "#0"},
				"west": {"uv": [0, 0, 12, 7], "texture": "#0"},
				"up": {"uv": [0, 0, 12, 12], "texture": "#0"},
				"down": {"uv": [0, 0, 12, 12], "texture": "#0"}
			}
		},
		{
			"from": [4.138, 15.318, 13.816],
			"to": [11.77, 17.756, 14.77],
			"rotation": {"angle": 0, "axis": "y", "origin": [9.862, 22.95, 21.448]},
			"faces": {
				"north": {"uv": [0, 0, 8, 7], "texture": "#0"},
				"east": {"uv": [0, 0, 1, 7], "texture": "#0"},
				"south": {"uv": [0, 0, 8, 7], "texture": "#0"},
				"west": {"uv": [0, 0, 1, 7], "texture": "#0"},
				"up": {"uv": [0, 0, 8, 1], "texture": "#0"},
				"down": {"uv": [0, 0, 8, 1], "texture": "#0"}
			}
		},
		{
			"from": [4.138, 15.318, 1.414],
			"to": [11.77, 17.756, 2.368],
			"rotation": {"angle": 0, "axis": "y", "origin": [9.862, 22.95, 9.046]},
			"faces": {
				"north": {"uv": [0, 0, 8, 7], "texture": "#0"},
				"east": {"uv": [0, 0, 1, 7], "texture": "#0"},
				"south": {"uv": [0, 0, 8, 7], "texture": "#0"},
				"west": {"uv": [0, 0, 1, 7], "texture": "#0"},
				"up": {"uv": [0, 0, 8, 1], "texture": "#0"},
				"down": {"uv": [0, 0, 8, 1], "texture": "#0"}
			}
		},
		{
			"from": [6.046, 15.318, 14.77],
			"to": [9.862, 17.756, 15.724],
			"rotation": {"angle": 0, "axis": "y", "origin": [9.862, 22.95, 22.402]},
			"faces": {
				"north": {"uv": [0, 0, 4, 7], "texture": "#0"},
				"east": {"uv": [0, 0, 1, 7], "texture": "#0"},
				"south": {"uv": [0, 0, 4, 7], "texture": "#0"},
				"west": {"uv": [0, 0, 1, 7], "texture": "#0"},
				"up": {"uv": [0, 0, 4, 1], "texture": "#0"},
				"down": {"uv": [0, 0, 4, 1], "texture": "#0"}
			}
		},
		{
			"from": [6.046, 15.318, 0.46],
			"to": [9.862, 17.756, 1.414],
			"rotation": {"angle": 0, "axis": "y", "origin": [9.862, 22.95, 8.092]},
			"faces": {
				"north": {"uv": [0, 0, 4, 7], "texture": "#0"},
				"east": {"uv": [0, 0, 1, 7], "texture": "#0"},
				"south": {"uv": [0, 0, 4, 7], "texture": "#0"},
				"west": {"uv": [0, 0, 1, 7], "texture": "#0"},
				"up": {"uv": [0, 0, 4, 1], "texture": "#0"},
				"down": {"uv": [0, 0, 4, 1], "texture": "#0"}
			}
		},
		{
			"from": [14.632, 15.318, 6.184],
			"to": [15.586, 17.756, 10],
			"rotation": {"angle": 0, "axis": "y", "origin": [7.954, 22.95, 10]},
			"faces": {
				"north": {"uv": [0, 0, 1, 7], "texture": "#0"},
				"east": {"uv": [0, 0, 4, 7], "texture": "#0"},
				"south": {"uv": [0, 0, 1, 7], "texture": "#0"},
				"west": {"uv": [0, 0, 4, 7], "texture": "#0"},
				"up": {"uv": [0, 0, 4, 1], "rotation": 90, "texture": "#0"},
				"down": {"uv": [0, 0, 4, 1], "rotation": 270, "texture": "#0"}
			}
		},
		{
			"from": [1.276, 15.318, 4.276],
			"to": [2.23, 17.756, 11.908],
			"rotation": {"angle": 0, "axis": "y", "origin": [-5.402, 22.95, 10]},
			"faces": {
				"north": {"uv": [0, 0, 1, 7], "texture": "#0"},
				"east": {"uv": [0, 0, 8, 7], "texture": "#0"},
				"south": {"uv": [0, 0, 1, 7], "texture": "#0"},
				"west": {"uv": [0, 0, 8, 7], "texture": "#0"},
				"up": {"uv": [0, 0, 8, 1], "rotation": 90, "texture": "#0"},
				"down": {"uv": [0, 0, 8, 1], "rotation": 270, "texture": "#0"}
			}
		},
		{
			"from": [0.322, 15.318, 6.184],
			"to": [1.276, 17.756, 10],
			"rotation": {"angle": 0, "axis": "y", "origin": [-6.356, 22.95, 10]},
			"faces": {
				"north": {"uv": [0, 0, 1, 7], "texture": "#0"},
				"east": {"uv": [0, 0, 4, 7], "texture": "#0"},
				"south": {"uv": [0, 0, 1, 7], "texture": "#0"},
				"west": {"uv": [0, 0, 4, 7], "texture": "#0"},
				"up": {"uv": [0, 0, 4, 1], "rotation": 90, "texture": "#0"},
				"down": {"uv": [0, 0, 4, 1], "rotation": 270, "texture": "#0"}
			}
		},
		{
			"from": [13.678, 15.318, 4.276],
			"to": [14.632, 17.756, 11.908],
			"rotation": {"angle": 0, "axis": "y", "origin": [7, 22.95, 10]},
			"faces": {
				"north": {"uv": [0, 0, 1, 7], "texture": "#0"},
				"east": {"uv": [0, 0, 8, 7], "texture": "#0"},
				"south": {"uv": [0, 0, 1, 7], "texture": "#0"},
				"west": {"uv": [0, 0, 8, 7], "texture": "#0"},
				"up": {"uv": [0, 0, 8, 1], "rotation": 90, "texture": "#0"},
				"down": {"uv": [0, 0, 8, 1], "rotation": 270, "texture": "#0"}
			}
		},
		{
			"from": [1.6, 8.52, 1.36],
			"to": [14.56, 12.68, 14.32],
			"rotation": {"angle": 0, "axis": "y", "origin": [10.24, 17.16, 10]},
			"faces": {
				"north": {"uv": [0, 0, 12, 2], "texture": "#0"},
				"east": {"uv": [0, 0, 12, 2], "texture": "#0"},
				"south": {"uv": [0, 0, 12, 2], "texture": "#0"},
				"west": {"uv": [0, 0, 12, 2], "texture": "#0"},
				"up": {"uv": [0, 0, 12, 12], "texture": "#0"},
				"down": {"uv": [0, 0, 12, 12], "texture": "#0"}
			}
		},
		{
			"from": [3.76, 8.52, 14.32],
			"to": [12.4, 12.68, 15.4],
			"rotation": {"angle": 0, "axis": "y", "origin": [10.24, 17.16, 22.96]},
			"faces": {
				"north": {"uv": [0, 0, 8, 2], "texture": "#0"},
				"east": {"uv": [0, 0, 1, 2], "texture": "#0"},
				"south": {"uv": [0, 0, 8, 2], "texture": "#0"},
				"west": {"uv": [0, 0, 1, 2], "texture": "#0"},
				"up": {"uv": [0, 0, 8, 1], "texture": "#0"},
				"down": {"uv": [0, 0, 8, 1], "texture": "#0"}
			}
		},
		{
			"from": [3.76, 8.52, 0.28],
			"to": [12.4, 12.68, 1.36],
			"rotation": {"angle": 0, "axis": "y", "origin": [10.24, 17.16, 8.92]},
			"faces": {
				"north": {"uv": [0, 0, 8, 2], "texture": "#0"},
				"east": {"uv": [0, 0, 1, 2], "texture": "#0"},
				"south": {"uv": [0, 0, 8, 2], "texture": "#0"},
				"west": {"uv": [0, 0, 1, 2], "texture": "#0"},
				"up": {"uv": [0, 0, 8, 1], "texture": "#0"},
				"down": {"uv": [0, 0, 8, 1], "texture": "#0"}
			}
		},
		{
			"from": [5.92, 8.52, 15.4],
			"to": [10.24, 12.68, 16.48],
			"rotation": {"angle": 0, "axis": "y", "origin": [10.24, 17.16, 24.04]},
			"faces": {
				"north": {"uv": [0, 0, 4, 2], "texture": "#0"},
				"east": {"uv": [0, 0, 1, 2], "texture": "#0"},
				"south": {"uv": [0, 0, 4, 2], "texture": "#0"},
				"west": {"uv": [0, 0, 1, 2], "texture": "#0"},
				"up": {"uv": [0, 0, 4, 1], "texture": "#0"},
				"down": {"uv": [0, 0, 4, 1], "texture": "#0"}
			}
		},
		{
			"from": [5.92, 8.52, -0.8],
			"to": [10.24, 12.68, 0.28],
			"rotation": {"angle": 0, "axis": "y", "origin": [10.24, 17.16, 7.84]},
			"faces": {
				"north": {"uv": [0, 0, 4, 2], "texture": "#0"},
				"east": {"uv": [0, 0, 1, 2], "texture": "#0"},
				"south": {"uv": [0, 0, 4, 2], "texture": "#0"},
				"west": {"uv": [0, 0, 1, 2], "texture": "#0"},
				"up": {"uv": [0, 0, 4, 1], "texture": "#0"},
				"down": {"uv": [0, 0, 4, 1], "texture": "#0"}
			}
		},
		{
			"from": [15.64, 8.52, 5.68],
			"to": [16.72, 12.68, 10],
			"rotation": {"angle": 0, "axis": "y", "origin": [8.08, 17.16, 10]},
			"faces": {
				"north": {"uv": [0, 0, 1, 2], "texture": "#0"},
				"east": {"uv": [0, 0, 4, 2], "texture": "#0"},
				"south": {"uv": [0, 0, 1, 2], "texture": "#0"},
				"west": {"uv": [0, 0, 4, 2], "texture": "#0"},
				"up": {"uv": [0, 0, 4, 1], "rotation": 90, "texture": "#0"},
				"down": {"uv": [0, 0, 4, 1], "rotation": 270, "texture": "#0"}
			}
		},
		{
			"from": [0.52, 8.52, 3.52],
			"to": [1.6, 12.68, 12.16],
			"rotation": {"angle": 0, "axis": "y", "origin": [-7.04, 17.16, 10]},
			"faces": {
				"north": {"uv": [0, 0, 1, 2], "texture": "#0"},
				"east": {"uv": [0, 0, 8, 2], "texture": "#0"},
				"south": {"uv": [0, 0, 1, 2], "texture": "#0"},
				"west": {"uv": [0, 0, 8, 2], "texture": "#0"},
				"up": {"uv": [0, 0, 8, 1], "rotation": 90, "texture": "#0"},
				"down": {"uv": [0, 0, 8, 1], "rotation": 270, "texture": "#0"}
			}
		},
		{
			"from": [-0.56, 8.52, 5.68],
			"to": [0.52, 12.68, 10],
			"rotation": {"angle": 0, "axis": "y", "origin": [-8.12, 17.16, 10]},
			"faces": {
				"north": {"uv": [0, 0, 1, 2], "texture": "#0"},
				"east": {"uv": [0, 0, 4, 2], "texture": "#0"},
				"south": {"uv": [0, 0, 1, 2], "texture": "#0"},
				"west": {"uv": [0, 0, 4, 2], "texture": "#0"},
				"up": {"uv": [0, 0, 4, 1], "rotation": 90, "texture": "#0"},
				"down": {"uv": [0, 0, 4, 1], "rotation": 270, "texture": "#0"}
			}
		},
		{
			"from": [14.56, 8.52, 3.52],
			"to": [15.64, 12.68, 12.16],
			"rotation": {"angle": 0, "axis": "y", "origin": [7, 17.16, 10]},
			"faces": {
				"north": {"uv": [0, 0, 1, 2], "texture": "#0"},
				"east": {"uv": [0, 0, 8, 2], "texture": "#0"},
				"south": {"uv": [0, 0, 1, 2], "texture": "#0"},
				"west": {"uv": [0, 0, 8, 2], "texture": "#0"},
				"up": {"uv": [0, 0, 8, 1], "rotation": 90, "texture": "#0"},
				"down": {"uv": [0, 0, 8, 1], "rotation": 270, "texture": "#0"}
			}
		},
		{
			"from": [2, 2, 12],
			"to": [14, 3, 16],
			"rotation": {"angle": 0, "axis": "y", "origin": [10, 11, 20]},
			"faces": {
				"north": {"uv": [0, 0, 12, 1], "texture": "#1"},
				"east": {"uv": [0, 0, 4, 1], "texture": "#1"},
				"south": {"uv": [0, 0, 12, 1], "texture": "#1"},
				"west": {"uv": [0, 0, 4, 1], "texture": "#1"},
				"up": {"uv": [0, 0, 12, 4], "texture": "#1"},
				"down": {"uv": [0, 0, 12, 4], "texture": "#1"}
			}
		},
		{
			"from": [3, 0.5, 16],
			"to": [13, 2.5, 17],
			"rotation": {"angle": 0, "axis": "y", "origin": [10, 11, 24]},
			"faces": {
				"north": {"uv": [0, 0, 10, 2], "texture": "#1"},
				"east": {"uv": [0, 0, 1, 2], "texture": "#1"},
				"south": {"uv": [0, 0, 10, 2], "texture": "#1"},
				"west": {"uv": [0, 0, 1, 2], "texture": "#1"},
				"up": {"uv": [0, 0, 10, 1], "texture": "#1"},
				"down": {"uv": [0, 0, 10, 1], "texture": "#1"}
			}
		},
		{
			"from": [3, -5, 17],
			"to": [13, 1.5, 18],
			"rotation": {"angle": 0, "axis": "y", "origin": [10, 10, 25]},
			"faces": {
				"north": {"uv": [0, 0, 10, 6.5], "texture": "#1"},
				"east": {"uv": [0, 0, 1, 6.5], "texture": "#1"},
				"south": {"uv": [0, 0, 10, 6.5], "texture": "#1"},
				"west": {"uv": [0, 0, 1, 6.5], "texture": "#1"},
				"up": {"uv": [0, 0, 10, 1], "texture": "#1"},
				"down": {"uv": [0, 0, 10, 1], "texture": "#1"}
			}
		},
		{
			"from": [3, -14, 18],
			"to": [13, -3.5, 19],
			"rotation": {"angle": 0, "axis": "y", "origin": [10, 5, 26]},
			"faces": {
				"north": {"uv": [0, 0, 10, 10.5], "texture": "#1"},
				"east": {"uv": [0, 0, 1, 10.5], "texture": "#1"},
				"south": {"uv": [0, 0, 10, 10.5], "texture": "#1"},
				"west": {"uv": [0, 0, 1, 10.5], "texture": "#1"},
				"up": {"uv": [0, 0, 10, 1], "texture": "#1"},
				"down": {"uv": [0, 0, 10, 1], "texture": "#1"}
			}
		},
		{
			"from": [5, -16, 18],
			"to": [11, -13.5, 19],
			"rotation": {"angle": 0, "axis": "y", "origin": [10, 3, 26]},
			"faces": {
				"north": {"uv": [0, 0, 6, 2.5], "texture": "#1"},
				"east": {"uv": [0, 0, 1, 2.5], "texture": "#1"},
				"south": {"uv": [0, 0, 6, 2.5], "texture": "#1"},
				"west": {"uv": [0, 0, 1, 2.5], "texture": "#1"},
				"up": {"uv": [0, 0, 6, 1], "texture": "#1"},
				"down": {"uv": [0, 0, 6, 1], "texture": "#1"}
			}
		},
		{
			"from": [2, 2, 0],
			"to": [14, 3, 4],
			"rotation": {"angle": 0, "axis": "y", "origin": [10, 11, -4]},
			"faces": {
				"north": {"uv": [12, 0, 0, 1], "texture": "#1"},
				"east": {"uv": [4, 0, 0, 1], "texture": "#1"},
				"south": {"uv": [12, 0, 0, 1], "texture": "#1"},
				"west": {"uv": [4, 0, 0, 1], "texture": "#1"},
				"up": {"uv": [0, 4, 12, 0], "texture": "#1"},
				"down": {"uv": [0, 4, 12, 0], "texture": "#1"}
			}
		},
		{
			"from": [3, 0.5, -1],
			"to": [13, 2.5, 0],
			"rotation": {"angle": 0, "axis": "y", "origin": [10, 11, -8]},
			"faces": {
				"north": {"uv": [10, 0, 0, 2], "texture": "#1"},
				"east": {"uv": [1, 0, 0, 2], "texture": "#1"},
				"south": {"uv": [10, 0, 0, 2], "texture": "#1"},
				"west": {"uv": [1, 0, 0, 2], "texture": "#1"},
				"up": {"uv": [0, 1, 10, 0], "texture": "#1"},
				"down": {"uv": [0, 1, 10, 0], "texture": "#1"}
			}
		},
		{
			"from": [3, -5, -2],
			"to": [13, 1.5, -1],
			"rotation": {"angle": 0, "axis": "y", "origin": [10, 10, -9]},
			"faces": {
				"north": {"uv": [10, 0, 0, 6.5], "texture": "#1"},
				"east": {"uv": [1, 0, 0, 6.5], "texture": "#1"},
				"south": {"uv": [10, 0, 0, 6.5], "texture": "#1"},
				"west": {"uv": [1, 0, 0, 6.5], "texture": "#1"},
				"up": {"uv": [0, 1, 10, 0], "texture": "#1"},
				"down": {"uv": [0, 1, 10, 0], "texture": "#1"}
			}
		},
		{
			"from": [3, -14, -3],
			"to": [13, -3.5, -2],
			"rotation": {"angle": 0, "axis": "y", "origin": [10, 5, -10]},
			"faces": {
				"north": {"uv": [10, 0, 0, 10.5], "texture": "#1"},
				"east": {"uv": [1, 0, 0, 10.5], "texture": "#1"},
				"south": {"uv": [10, 0, 0, 10.5], "texture": "#1"},
				"west": {"uv": [1, 0, 0, 10.5], "texture": "#1"},
				"up": {"uv": [0, 1, 10, 0], "texture": "#1"},
				"down": {"uv": [0, 1, 10, 0], "texture": "#1"}
			}
		},
		{
			"from": [5, -16, -3],
			"to": [11, -13.5, -2],
			"rotation": {"angle": 0, "axis": "y", "origin": [10, 3, -10]},
			"faces": {
				"north": {"uv": [6, 0, 0, 2.5], "texture": "#1"},
				"east": {"uv": [1, 0, 0, 2.5], "texture": "#1"},
				"south": {"uv": [6, 0, 0, 2.5], "texture": "#1"},
				"west": {"uv": [1, 0, 0, 2.5], "texture": "#1"},
				"up": {"uv": [0, 1, 6, 0], "texture": "#1"},
				"down": {"uv": [0, 1, 6, 0], "texture": "#1"}
			}
		}
	],
	"display": {
		"thirdperson_righthand": {
			"translation": [0, 3.5, 0],
			"scale": [0.4, 0.4, 0.4]
		},
		"thirdperson_lefthand": {
			"translation": [0, 3.5, 0],
			"scale": [0.4, 0.4, 0.4]
		},
		"firstperson_righthand": {
			"translation": [0, 2.25, 0],
			"scale": [0.4, 0.4, 0.4]
		},
		"firstperson_lefthand": {
			"translation": [0, 2.25, 0],
			"scale": [0.4, 0.4, 0.4]
		},
		"ground": {
			"translation": [0, 3.5, 0],
			"scale": [0.6, 0.6, 0.6]
		},
		"gui": {
			"rotation": [18, -116, 0],
			"translation": [0, 2, 0],
			"scale": [0.4, 0.34727, 0.47813]
		},
		"head": {
			"rotation": [0, 90, 0],
			"translation": [0, 9.75, 0],
			"scale": [0.6, 0.6, 0.71719]
		},
		"fixed": {
			"rotation": [-90, -90, 0],
			"translation": [0, 0, -5]
		}
	},
	"groups": [
		{
			"name": "group",
			"origin": [7, 8, 10],
			"children": [0, 1, 2, 3, 4, 5, 6, 7, 8]
		},
		{
			"name": "group",
			"origin": [7, 8, 10],
			"children": [9, 10, 11, 12, 13, 14, 15, 16, 17]
		},
		{
			"name": "group",
			"origin": [7, 8, 10],
			"children": [18, 19, 20, 21, 22, 23, 24, 25, 26]
		},
		{
			"name": "group",
			"origin": [7, 8, 10],
			"children": [27, 28, 29, 30, 31, 32, 33, 34, 35, 36, 37, 38, 39, 40, 41, 42, 43, 44, 45, 46, 47, 48, 49]
		},
		{
			"name": "group",
			"origin": [7, 8, 10],
			"children": [50, 51, 52, 53, 54, 55, 56, 57, 58]
		},
		{
			"name": "ears",
			"origin": [10, 2, 20],
			"children": [59, 60, 61, 62, 63]
		},
		{
			"name": "ears",
			"origin": [10, 2, 20],
			"children": [64, 65, 66, 67, 68]
		}
	]
}